{"order_customer_id":11503,"order_id":20916,"order_status":"CLOSED"}
{"order_customer_id":10441,"order_id":20917,"order_status":"PENDING_PAYMENT"}
{"order_customer_id":1664,"order_id":20918,"order_status":"PENDING"}
{"order_customer_id":383,"order_id":20919,"order_status":"COMPLETE"}
{"order_customer_id":4799,"order_id":20920,"order_status":"PROCESSING"}
{"order_customer_id":4712,"order_id":20921,"order_status":"PROCESSING"}
{"order_customer_id":9720,"order_id":20922,"order_status":"COMPLETE"}
{"order_customer_id":10118,"order_id":20923,"order_status":"COMPLETE"}
{"order_customer_id":417,"order_id":20924,"order_status":"PENDING"}
{"order_customer_id":6416,"order_id":20925,"order_status":"PAYMENT_REVIEW"}
{"order_customer_id":12321,"order_id":20926,"order_status":"COMPLETE"}
{"order_customer_id":9015,"order_id":20927,"order_status":"PROCESSING"}
{"order_customer_id":1516,"order_id":20928,"order_status":"COMPLETE"}
{"order_customer_id":8747,"order_id":20929,"order_status":"PROCESSING"}
{"order_customer_id":6833,"order_id":20930,"order_status":"PROCESSING"}
{"order_customer_id":11664,"order_id":20931,"order_status":"PENDING"}
{"order_customer_id":4850,"order_id":20932,"order_status":"PENDING"}
{"order_customer_id":5490,"order_id":20933,"order_status":"COMPLETE"}
{"order_customer_id":249,"order_id":20934,"order_status":"COMPLETE"}
{"order_customer_id":12301,"order_id":20935,"order_status":"COMPLETE"}
{"order_customer_id":8589,"order_id":20936,"order_status":"PROCESSING"}
{"order_customer_id":10142,"order_id":20937,"order_status":"ON_HOLD"}
{"order_customer_id":12148,"order_id":20938,"order_status":"PENDING_PAYMENT"}
{"order_customer_id":343,"order_id":20939,"order_status":"PROCESSING"}
{"order_customer_id":12072,"order_id":20940,"order_status":"PROCESSING"}
{"order_customer_id":7749,"order_id":20941,"order_status":"COMPLETE"}
{"order_customer_id":2435,"order_id":20942,"order_status":"COMPLETE"}
{"order_customer_id":9058,"order_id":20943,"order_status":"PENDING_PAYMENT"}
{"order_customer_id":1478,"order_id":20944,"order_status":"PENDING"}
{"order_customer_id":522,"order_id":20945,"order_status":"COMPLETE"}
{"order_customer_id":5839,"order_id":20946,"order_status":"CANCELED"}
{"order_customer_id":8663,"order_id":20947,"order_status":"COMPLETE"}
{"order_customer_id":11032,"order_id":20948,"order_status":"CLOSED"}
{"order_customer_id":8874,"order_id":20949,"order_status":"SUSPECTED_FRAUD"}
{"order_customer_id":9734,"order_id":20950,"order_status":"CANCELED"}
{"order_customer_id":9937,"order_id":20951,"order_status":"PENDING_PAYMENT"}
{"order_customer_id":10541,"order_id":20952,"order_status":"PENDING_PAYMENT"}
{"order_customer_id":8554,"order_id":20953,"order_status":"COMPLETE"}
{"order_customer_id":7854,"order_id":20954,"order_status":"CLOSED"}
{"order_customer_id":5243,"order_id":20955,"order_status":"PROCESSING"}
{"order_customer_id":12291,"order_id":20956,"order_status":"COMPLETE"}
{"order_customer_id":9407,"order_id":20957,"order_status":"COMPLETE"}
{"order_customer_id":2462,"order_id":20958,"order_status":"CANCELED"}
{"order_customer_id":2252,"order_id":20959,"order_status":"PAYMENT_REVIEW"}
{"order_customer_id":7304,"order_id":20960,"order_status":"COMPLETE"}
{"order_customer_id":8885,"order_id":20961,"order_status":"PENDING_PAYMENT"}
{"order_customer_id":8489,"order_id":20962,"order_status":"COMPLETE"}
{"order_customer_id":2207,"order_id":20963,"order_status":"PENDING_PAYMENT"}
{"order_customer_id":821,"order_id":20964,"order_status":"ON_HOLD"}
{"order_customer_id":7632,"order_id":20965,"order_status":"COMPLETE"}
{"order_customer_id":10952,"order_id":20966,"order_status":"PROCESSING"}
{"order_customer_id":2735,"order_id":20967,"order_status":"PAYMENT_REVIEW"}
{"order_customer_id":1002,"order_id":20968,"order_status":"SUSPECTED_FRAUD"}
{"order_customer_id":1880,"order_id":20969,"order_status":"PROCESSING"}
{"order_customer_id":7371,"order_id":20970,"order_status":"PENDING"}
{"order_customer_id":7929,"order_id":20971,"order_status":"PENDING_PAYMENT"}
{"order_customer_id":11584,"order_id":20972,"order_status":"CLOSED"}
{"order_customer_id":11239,"order_id":20973,"order_status":"PENDING_PAYMENT"}
{"order_customer_id":3282,"order_id":20974,"order_status":"PENDING"}
{"order_customer_id":8291,"order_id":20975,"order_status":"PENDING_PAYMENT"}
{"order_customer_id":4005,"order_id":20976,"order_status":"COMPLETE"}
{"order_customer_id":2406,"order_id":20977,"order_status":"COMPLETE"}
{"order_customer_id":8639,"order_id":20978,"order_status":"CANCELED"}
{"order_customer_id":9485,"order_id":20979,"order_status":"PENDING_PAYMENT"}
{"order_customer_id":8953,"order_id":20980,"order_status":"COMPLETE"}
{"order_customer_id":12285,"order_id":20981,"order_status":"PROCESSING"}
{"order_customer_id":12361,"order_id":20982,"order_status":"PENDING_PAYMENT"}
{"order_customer_id":5710,"order_id":20983,"order_status":"COMPLETE"}
{"order_customer_id":1937,"order_id":20984,"order_status":"CLOSED"}
{"order_customer_id":7893,"order_id":20985,"order_status":"COMPLETE"}
{"order_customer_id":3343,"order_id":20986,"order_status":"PENDING"}
{"order_customer_id":5095,"order_id":20987,"order_status":"PENDING_PAYMENT"}
{"order_customer_id":4283,"order_id":20988,"order_status":"CLOSED"}
{"order_customer_id":5461,"order_id":20989,"order_status":"PENDING_PAYMENT"}
{"order_customer_id":8939,"order_id":20990,"order_status":"PENDING_PAYMENT"}
{"order_customer_id":11290,"order_id":20991,"order_status":"CLOSED"}
{"order_customer_id":12345,"order_id":20992,"order_status":"PROCESSING"}
{"order_customer_id":6618,"order_id":20993,"order_status":"COMPLETE"}
{"order_customer_id":7546,"order_id":20994,"order_status":"COMPLETE"}
{"order_customer_id":8152,"order_id":20995,"order_status":"PENDING_PAYMENT"}
{"order_customer_id":8119,"order_id":20996,"order_status":"SUSPECTED_FRAUD"}
{"order_customer_id":10428,"order_id":20997,"order_status":"COMPLETE"}
{"order_customer_id":6586,"order_id":20998,"order_status":"COMPLETE"}
{"order_customer_id":9502,"order_id":20999,"order_status":"COMPLETE"}
{"order_customer_id":3515,"order_id":21000,"order_status":"PROCESSING"}
{"order_customer_id":5784,"order_id":21001,"order_status":"PENDING"}
{"order_customer_id":8318,"order_id":21002,"order_status":"SUSPECTED_FRAUD"}
{"order_customer_id":488,"order_id":21003,"order_status":"CLOSED"}
{"order_customer_id":3038,"order_id":21004,"order_status":"PENDING"}
{"order_customer_id":203,"order_id":21005,"order_status":"COMPLETE"}
{"order_customer_id":2434,"order_id":21006,"order_status":"PENDING"}
{"order_customer_id":8351,"order_id":21007,"order_status":"PENDING_PAYMENT"}
{"order_customer_id":10485,"order_id":21008,"order_status":"PENDING"}
{"order_customer_id":1144,"order_id":21009,"order_status":"CLOSED"}
{"order_customer_id":5612,"order_id":21010,"order_status":"COMPLETE"}
{"order_customer_id":2607,"order_id":21011,"order_status":"PROCESSING"}
{"order_customer_id":8206,"order_id":21012,"order_status":"PENDING"}
{"order_customer_id":8029,"order_id":21013,"order_status":"PENDING"}
{"order_customer_id":6761,"order_id":21014,"order_status":"PENDING_PAYMENT"}
{"order_customer_id":7926,"order_id":21015,"order_status":"PENDING"}
{"order_customer_id":3153,"order_id":21016,"order_status":"PROCESSING"}
{"order_customer_id":8012,"order_id":21017,"order_status":"PENDING"}
{"order_customer_id":9440,"order_id":21018,"order_status":"COMPLETE"}
{"order_customer_id":8369,"order_id":21019,"order_status":"PENDING_PAYMENT"}
{"order_customer_id":7490,"order_id":21020,"order_status":"PENDING_PAYMENT"}
{"order_customer_id":5559,"order_id":21021,"order_status":"PENDING_PAYMENT"}
{"order_customer_id":10208,"order_id":21022,"order_status":"PENDING"}
{"order_customer_id":8666,"order_id":21023,"order_status":"SUSPECTED_FRAUD"}
{"order_customer_id":824,"order_id":21024,"order_status":"CLOSED"}
{"order_customer_id":224,"order_id":21025,"order_status":"COMPLETE"}
{"order_customer_id":2537,"order_id":21026,"order_status":"PENDING"}
{"order_customer_id":4659,"order_id":21027,"order_status":"CLOSED"}
{"order_customer_id":1651,"order_id":21028,"order_status":"CLOSED"}
{"order_customer_id":10270,"order_id":21029,"order_status":"PENDING_PAYMENT"}
{"order_customer_id":9914,"order_id":21030,"order_status":"CANCELED"}
{"order_customer_id":2150,"order_id":21031,"order_status":"PENDING_PAYMENT"}
{"order_customer_id":8490,"order_id":21032,"order_status":"PENDING_PAYMENT"}
{"order_customer_id":7049,"order_id":21033,"order_status":"COMPLETE"}
{"order_customer_id":7829,"order_id":21034,"order_status":"CLOSED"}
{"order_customer_id":3956,"order_id":21035,"order_status":"PROCESSING"}
{"order_customer_id":5537,"order_id":21036,"order_status":"COMPLETE"}
{"order_customer_id":454,"order_id":21037,"order_status":"PENDING_PAYMENT"}
{"order_customer_id":1856,"order_id":21038,"order_status":"CLOSED"}
{"order_customer_id":7172,"order_id":21039,"order_status":"PENDING"}
{"order_customer_id":2087,"order_id":21040,"order_status":"PENDING_PAYMENT"}
{"order_customer_id":10162,"order_id":21041,"order_status":"SUSPECTED_FRAUD"}
{"order_customer_id":4102,"order_id":21042,"order_status":"CANCELED"}
{"order_customer_id":5682,"order_id":21043,"order_status":"COMPLETE"}
{"order_customer_id":6083,"order_id":21044,"order_status":"COMPLETE"}
{"order_customer_id":12058,"order_id":21045,"order_status":"PENDING_PAYMENT"}
{"order_customer_id":328,"order_id":21046,"order_status":"COMPLETE"}
{"order_customer_id":9813,"order_id":21047,"order_status":"ON_HOLD"}
{"order_customer_id":12419,"order_id":21048,"order_status":"PENDING_PAYMENT"}
{"order_customer_id":10308,"order_id":21049,"order_status":"COMPLETE"}
{"order_customer_id":4627,"order_id":21050,"order_status":"PENDING_PAYMENT"}
{"order_customer_id":9770,"order_id":21051,"order_status":"COMPLETE"}
{"order_customer_id":1976,"order_id":21052,"order_status":"PENDING_PAYMENT"}
{"order_customer_id":4812,"order_id":21053,"order_status":"PENDING_PAYMENT"}
{"order_customer_id":1744,"order_id":21054,"order_status":"PENDING_PAYMENT"}
{"order_customer_id":12364,"order_id":21055,"order_status":"PENDING"}
{"order_customer_id":7437,"order_id":21056,"order_status":"PENDING_PAYMENT"}
{"order_customer_id":5414,"order_id":21057,"order_status":"COMPLETE"}
{"order_customer_id":12249,"order_id":21058,"order_status":"PENDING_PAYMENT"}
{"order_customer_id":12312,"order_id":21059,"order_status":"COMPLETE"}
{"order_customer_id":12102,"order_id":21060,"order_status":"PROCESSING"}
{"order_customer_id":10166,"order_id":21061,"order_status":"COMPLETE"}
{"order_customer_id":10023,"order_id":21062,"order_status":"PROCESSING"}
{"order_customer_id":1388,"order_id":21063,"order_status":"PENDING_PAYMENT"}
{"order_customer_id":7036,"order_id":21064,"order_status":"ON_HOLD"}
{"order_customer_id":4781,"order_id":21065,"order_status":"PROCESSING"}
{"order_customer_id":1297,"order_id":21066,"order_status":"COMPLETE"}
{"order_customer_id":8661,"order_id":21067,"order_status":"PENDING"}
{"order_customer_id":7218,"order_id":21068,"order_status":"COMPLETE"}
{"order_customer_id":11547,"order_id":21069,"order_status":"PENDING"}
{"order_customer_id":10116,"order_id":21070,"order_status":"PENDING_PAYMENT"}
{"order_customer_id":12384,"order_id":21071,"order_status":"PENDING_PAYMENT"}
{"order_customer_id":3048,"order_id":21072,"order_status":"PENDING_PAYMENT"}
{"order_customer_id":3163,"order_id":21073,"order_status":"CANCELED"}
{"order_customer_id":420,"order_id":21074,"order_status":"PENDING_PAYMENT"}
{"order_customer_id":1490,"order_id":21075,"order_status":"COMPLETE"}
{"order_customer_id":9326,"order_id":21076,"order_status":"PROCESSING"}
{"order_customer_id":14,"order_id":21077,"order_status":"CLOSED"}
{"order_customer_id":7458,"order_id":21078,"order_status":"PENDING_PAYMENT"}
{"order_customer_id":2325,"order_id":21079,"order_status":"PROCESSING"}
{"order_customer_id":8240,"order_id":21080,"order_status":"COMPLETE"}
{"order_customer_id":6898,"order_id":21081,"order_status":"COMPLETE"}
{"order_customer_id":6465,"order_id":21082,"order_status":"CLOSED"}
{"order_customer_id":4637,"order_id":21083,"order_status":"PENDING_PAYMENT"}
{"order_customer_id":10226,"order_id":21084,"order_status":"PENDING_PAYMENT"}
{"order_customer_id":8825,"order_id":21085,"order_status":"PROCESSING"}
{"order_customer_id":5063,"order_id":21086,"order_status":"PENDING_PAYMENT"}
{"order_customer_id":9519,"order_id":21087,"order_status":"COMPLETE"}
{"order_customer_id":9859,"order_id":21088,"order_status":"COMPLETE"}
{"order_customer_id":2204,"order_id":21089,"order_status":"CANCELED"}
{"order_customer_id":2727,"order_id":21090,"order_status":"COMPLETE"}
{"order_customer_id":8861,"order_id":21091,"order_status":"COMPLETE"}
{"order_customer_id":8795,"order_id":21092,"order_status":"PENDING_PAYMENT"}
{"order_customer_id":2665,"order_id":21093,"order_status":"PENDING_PAYMENT"}
{"order_customer_id":5844,"order_id":21094,"order_status":"PROCESSING"}
{"order_customer_id":2790,"order_id":21095,"order_status":"PENDING_PAYMENT"}
{"order_customer_id":4482,"order_id":21096,"order_status":"COMPLETE"}
{"order_customer_id":7942,"order_id":21097,"order_status":"PENDING_PAYMENT"}
{"order_customer_id":5290,"order_id":21098,"order_status":"COMPLETE"}
{"order_customer_id":5775,"order_id":21099,"order_status":"ON_HOLD"}
{"order_customer_id":4884,"order_id":21100,"order_status":"PROCESSING"}
{"order_customer_id":11481,"order_id":21101,"order_status":"CLOSED"}
{"order_customer_id":10181,"order_id":21102,"order_status":"PENDING"}
{"order_customer_id":5519,"order_id":21103,"order_status":"COMPLETE"}
{"order_customer_id":7192,"order_id":21104,"order_status":"ON_HOLD"}
{"order_customer_id":6948,"order_id":21105,"order_status":"PROCESSING"}
{"order_customer_id":10609,"order_id":21106,"order_status":"ON_HOLD"}
{"order_customer_id":6749,"order_id":21107,"order_status":"PROCESSING"}
{"order_customer_id":10978,"order_id":21108,"order_status":"PENDING_PAYMENT"}
{"order_customer_id":10215,"order_id":21109,"order_status":"COMPLETE"}
{"order_customer_id":11281,"order_id":21110,"order_status":"COMPLETE"}
{"order_customer_id":5454,"order_id":21111,"order_status":"PROCESSING"}
{"order_customer_id":2809,"order_id":21112,"order_status":"COMPLETE"}
{"order_customer_id":11988,"order_id":21113,"order_status":"COMPLETE"}
{"order_customer_id":2844,"order_id":21114,"order_status":"COMPLETE"}
{"order_customer_id":3901,"order_id":21115,"order_status":"CLOSED"}
{"order_customer_id":3109,"order_id":21116,"order_status":"COMPLETE"}
{"order_customer_id":5845,"order_id":21117,"order_status":"PENDING"}
{"order_customer_id":3498,"order_id":21118,"order_status":"PENDING_PAYMENT"}
{"order_customer_id":11588,"order_id":21119,"order_status":"PAYMENT_REVIEW"}
{"order_customer_id":5655,"order_id":21120,"order_status":"COMPLETE"}
{"order_customer_id":5145,"order_id":21121,"order_status":"COMPLETE"}
{"order_customer_id":7986,"order_id":21122,"order_status":"COMPLETE"}
{"order_customer_id":7291,"order_id":61090,"order_status":"PROCESSING"}
{"order_customer_id":10137,"order_id":61091,"order_status":"PENDING_PAYMENT"}
{"order_customer_id":4604,"order_id":61092,"order_status":"PROCESSING"}
{"order_customer_id":2091,"order_id":61093,"order_status":"COMPLETE"}
{"order_customer_id":9139,"order_id":61094,"order_status":"PROCESSING"}
{"order_customer_id":6219,"order_id":61095,"order_status":"SUSPECTED_FRAUD"}
{"order_customer_id":11499,"order_id":61096,"order_status":"CLOSED"}
{"order_customer_id":321,"order_id":61097,"order_status":"ON_HOLD"}
{"order_customer_id":12056,"order_id":61098,"order_status":"SUSPECTED_FRAUD"}
{"order_customer_id":5625,"order_id":61099,"order_status":"PENDING_PAYMENT"}
{"order_customer_id":5278,"order_id":61100,"order_status":"COMPLETE"}
{"order_customer_id":10094,"order_id":61101,"order_status":"CANCELED"}
{"order_customer_id":2997,"order_id":61102,"order_status":"PENDING"}
{"order_customer_id":11589,"order_id":61103,"order_status":"PENDING_PAYMENT"}
{"order_customer_id":7754,"order_id":61104,"order_status":"COMPLETE"}
{"order_customer_id":10239,"order_id":61105,"order_status":"PENDING"}
{"order_customer_id":11117,"order_id":61106,"order_status":"CLOSED"}
{"order_customer_id":2089,"order_id":61107,"order_status":"COMPLETE"}
{"order_customer_id":4173,"order_id":61108,"order_status":"PENDING"}
{"order_customer_id":4731,"order_id":61109,"order_status":"PENDING_PAYMENT"}
{"order_customer_id":8386,"order_id":61110,"order_status":"COMPLETE"}
{"order_customer_id":8005,"order_id":61111,"order_status":"PENDING_PAYMENT"}
{"order_customer_id":9686,"order_id":61112,"order_status":"COMPLETE"}
{"order_customer_id":5106,"order_id":61113,"order_status":"PENDING"}
{"order_customer_id":869,"order_id":61114,"order_status":"PENDING"}
{"order_customer_id":11411,"order_id":61115,"order_status":"PENDING"}
{"order_customer_id":5467,"order_id":61116,"order_status":"COMPLETE"}
{"order_customer_id":6313,"order_id":61117,"order_status":"CLOSED"}
{"order_customer_id":5781,"order_id":61118,"order_status":"PROCESSING"}
{"order_customer_id":9041,"order_id":61119,"order_status":"PROCESSING"}
{"order_customer_id":9393,"order_id":67864,"order_status":"PENDING_PAYMENT"}
{"order_customer_id":10974,"order_id":67865,"order_status":"PROCESSING"}
