{"order_customer_id":8842,"order_id":11315,"order_status":"CLOSED"}
{"order_customer_id":6724,"order_id":11316,"order_status":"COMPLETE"}
{"order_customer_id":23,"order_id":11317,"order_status":"PENDING_PAYMENT"}
{"order_customer_id":5624,"order_id":11318,"order_status":"COMPLETE"}
{"order_customer_id":7896,"order_id":11319,"order_status":"PENDING_PAYMENT"}
{"order_customer_id":7881,"order_id":11320,"order_status":"PENDING_PAYMENT"}
{"order_customer_id":9415,"order_id":11321,"order_status":"PENDING_PAYMENT"}
{"order_customer_id":12288,"order_id":11322,"order_status":"PENDING"}
{"order_customer_id":1769,"order_id":11323,"order_status":"PENDING"}
{"order_customer_id":9775,"order_id":11324,"order_status":"COMPLETE"}
{"order_customer_id":3465,"order_id":11325,"order_status":"PROCESSING"}
{"order_customer_id":3670,"order_id":11326,"order_status":"CLOSED"}
{"order_customer_id":8658,"order_id":11327,"order_status":"COMPLETE"}
{"order_customer_id":4106,"order_id":11328,"order_status":"COMPLETE"}
{"order_customer_id":1859,"order_id":11329,"order_status":"PENDING_PAYMENT"}
{"order_customer_id":5013,"order_id":11330,"order_status":"PROCESSING"}
{"order_customer_id":11637,"order_id":11331,"order_status":"SUSPECTED_FRAUD"}
{"order_customer_id":5032,"order_id":11332,"order_status":"PENDING_PAYMENT"}
{"order_customer_id":11522,"order_id":11333,"order_status":"COMPLETE"}
{"order_customer_id":900,"order_id":11334,"order_status":"COMPLETE"}
{"order_customer_id":5353,"order_id":11335,"order_status":"PENDING_PAYMENT"}
{"order_customer_id":6975,"order_id":11336,"order_status":"PENDING_PAYMENT"}
{"order_customer_id":662,"order_id":11337,"order_status":"CLOSED"}
{"order_customer_id":8697,"order_id":11338,"order_status":"PAYMENT_REVIEW"}
{"order_customer_id":11653,"order_id":11339,"order_status":"COMPLETE"}
{"order_customer_id":11780,"order_id":11340,"order_status":"PROCESSING"}
{"order_customer_id":10653,"order_id":11341,"order_status":"PENDING_PAYMENT"}
{"order_customer_id":5780,"order_id":11342,"order_status":"SUSPECTED_FRAUD"}
{"order_customer_id":648,"order_id":11343,"order_status":"COMPLETE"}
{"order_customer_id":2052,"order_id":11344,"order_status":"COMPLETE"}
{"order_customer_id":6734,"order_id":11345,"order_status":"COMPLETE"}
{"order_customer_id":9941,"order_id":11346,"order_status":"PROCESSING"}
{"order_customer_id":8640,"order_id":11347,"order_status":"PENDING"}
{"order_customer_id":9105,"order_id":11348,"order_status":"COMPLETE"}
{"order_customer_id":7147,"order_id":11349,"order_status":"ON_HOLD"}
{"order_customer_id":7385,"order_id":11350,"order_status":"PENDING"}
{"order_customer_id":929,"order_id":11351,"order_status":"CLOSED"}
{"order_customer_id":4711,"order_id":11352,"order_status":"COMPLETE"}
{"order_customer_id":2769,"order_id":11353,"order_status":"COMPLETE"}
{"order_customer_id":1450,"order_id":11354,"order_status":"PENDING_PAYMENT"}
{"order_customer_id":4557,"order_id":11355,"order_status":"PENDING"}
{"order_customer_id":1371,"order_id":11356,"order_status":"PROCESSING"}
{"order_customer_id":1385,"order_id":11357,"order_status":"PROCESSING"}
{"order_customer_id":5943,"order_id":11358,"order_status":"PENDING_PAYMENT"}
{"order_customer_id":2540,"order_id":11359,"order_status":"PENDING_PAYMENT"}
{"order_customer_id":5149,"order_id":11360,"order_status":"PENDING_PAYMENT"}
{"order_customer_id":11760,"order_id":11361,"order_status":"COMPLETE"}
{"order_customer_id":5081,"order_id":11362,"order_status":"PENDING"}
{"order_customer_id":10905,"order_id":11363,"order_status":"PENDING_PAYMENT"}
{"order_customer_id":11716,"order_id":11364,"order_status":"COMPLETE"}
{"order_customer_id":7469,"order_id":11365,"order_status":"PENDING_PAYMENT"}
{"order_customer_id":2251,"order_id":11366,"order_status":"COMPLETE"}
{"order_customer_id":370,"order_id":11367,"order_status":"PENDING"}
{"order_customer_id":2654,"order_id":11368,"order_status":"PROCESSING"}
{"order_customer_id":10145,"order_id":11369,"order_status":"CLOSED"}
{"order_customer_id":6411,"order_id":11370,"order_status":"ON_HOLD"}
{"order_customer_id":5076,"order_id":11371,"order_status":"PROCESSING"}
{"order_customer_id":1100,"order_id":11372,"order_status":"ON_HOLD"}
{"order_customer_id":9883,"order_id":11373,"order_status":"COMPLETE"}
{"order_customer_id":2869,"order_id":11374,"order_status":"PENDING_PAYMENT"}
{"order_customer_id":12260,"order_id":11375,"order_status":"PENDING_PAYMENT"}
{"order_customer_id":7522,"order_id":11376,"order_status":"CLOSED"}
{"order_customer_id":12022,"order_id":11377,"order_status":"COMPLETE"}
{"order_customer_id":1261,"order_id":11378,"order_status":"COMPLETE"}
{"order_customer_id":5871,"order_id":11379,"order_status":"COMPLETE"}
{"order_customer_id":11132,"order_id":11380,"order_status":"COMPLETE"}
{"order_customer_id":9388,"order_id":11381,"order_status":"PENDING"}
{"order_customer_id":2823,"order_id":11382,"order_status":"PROCESSING"}
{"order_customer_id":6230,"order_id":11383,"order_status":"CLOSED"}
{"order_customer_id":11134,"order_id":11384,"order_status":"PENDING_PAYMENT"}
{"order_customer_id":11963,"order_id":11385,"order_status":"PENDING_PAYMENT"}
{"order_customer_id":4116,"order_id":11386,"order_status":"COMPLETE"}
{"order_customer_id":4365,"order_id":11387,"order_status":"CLOSED"}
{"order_customer_id":3256,"order_id":11388,"order_status":"PENDING_PAYMENT"}
{"order_customer_id":8467,"order_id":11389,"order_status":"PENDING"}
{"order_customer_id":9571,"order_id":11390,"order_status":"ON_HOLD"}
{"order_customer_id":558,"order_id":11391,"order_status":"COMPLETE"}
{"order_customer_id":1119,"order_id":11392,"order_status":"COMPLETE"}
{"order_customer_id":1833,"order_id":11393,"order_status":"CLOSED"}
{"order_customer_id":1641,"order_id":11394,"order_status":"COMPLETE"}
{"order_customer_id":2038,"order_id":11395,"order_status":"PENDING_PAYMENT"}
{"order_customer_id":1858,"order_id":11396,"order_status":"PENDING_PAYMENT"}
{"order_customer_id":11599,"order_id":11397,"order_status":"COMPLETE"}
{"order_customer_id":5461,"order_id":11398,"order_status":"PENDING"}
{"order_customer_id":8088,"order_id":11399,"order_status":"COMPLETE"}
{"order_customer_id":4567,"order_id":11400,"order_status":"PENDING"}
{"order_customer_id":3308,"order_id":11401,"order_status":"CLOSED"}
{"order_customer_id":2601,"order_id":11402,"order_status":"CLOSED"}
{"order_customer_id":9243,"order_id":11403,"order_status":"CLOSED"}
{"order_customer_id":9952,"order_id":11404,"order_status":"PENDING"}
{"order_customer_id":2263,"order_id":11405,"order_status":"SUSPECTED_FRAUD"}
{"order_customer_id":8501,"order_id":11406,"order_status":"PENDING"}
{"order_customer_id":531,"order_id":11407,"order_status":"PENDING_PAYMENT"}
{"order_customer_id":9442,"order_id":11408,"order_status":"PENDING"}
{"order_customer_id":2830,"order_id":11409,"order_status":"PENDING_PAYMENT"}
{"order_customer_id":8454,"order_id":11410,"order_status":"COMPLETE"}
{"order_customer_id":452,"order_id":11411,"order_status":"COMPLETE"}
{"order_customer_id":11124,"order_id":11412,"order_status":"PENDING_PAYMENT"}
{"order_customer_id":3432,"order_id":11413,"order_status":"PENDING_PAYMENT"}
{"order_customer_id":6056,"order_id":11414,"order_status":"COMPLETE"}
{"order_customer_id":1677,"order_id":11415,"order_status":"COMPLETE"}
{"order_customer_id":9671,"order_id":11416,"order_status":"PENDING_PAYMENT"}
{"order_customer_id":7906,"order_id":11417,"order_status":"COMPLETE"}
{"order_customer_id":7030,"order_id":11418,"order_status":"PENDING"}
{"order_customer_id":11170,"order_id":11419,"order_status":"COMPLETE"}
{"order_customer_id":5795,"order_id":11420,"order_status":"COMPLETE"}
{"order_customer_id":8381,"order_id":11421,"order_status":"PENDING_PAYMENT"}
{"order_customer_id":7619,"order_id":11422,"order_status":"COMPLETE"}
{"order_customer_id":2591,"order_id":11423,"order_status":"COMPLETE"}
{"order_customer_id":12296,"order_id":11424,"order_status":"PENDING"}
{"order_customer_id":3341,"order_id":11425,"order_status":"COMPLETE"}
{"order_customer_id":9313,"order_id":11426,"order_status":"COMPLETE"}
{"order_customer_id":5480,"order_id":11427,"order_status":"COMPLETE"}
{"order_customer_id":6603,"order_id":11428,"order_status":"COMPLETE"}
{"order_customer_id":1778,"order_id":11429,"order_status":"CLOSED"}
{"order_customer_id":12341,"order_id":11430,"order_status":"PENDING"}
{"order_customer_id":4570,"order_id":11431,"order_status":"COMPLETE"}
{"order_customer_id":2422,"order_id":11432,"order_status":"COMPLETE"}
{"order_customer_id":11086,"order_id":11433,"order_status":"COMPLETE"}
{"order_customer_id":2201,"order_id":11434,"order_status":"CLOSED"}
{"order_customer_id":2910,"order_id":11435,"order_status":"CLOSED"}
{"order_customer_id":4720,"order_id":11436,"order_status":"PROCESSING"}
{"order_customer_id":8997,"order_id":11437,"order_status":"PENDING"}
{"order_customer_id":1018,"order_id":59552,"order_status":"PENDING"}
{"order_customer_id":9208,"order_id":59553,"order_status":"COMPLETE"}
{"order_customer_id":1973,"order_id":59554,"order_status":"COMPLETE"}
{"order_customer_id":4177,"order_id":59555,"order_status":"CLOSED"}
{"order_customer_id":2692,"order_id":59556,"order_status":"COMPLETE"}
{"order_customer_id":9688,"order_id":59557,"order_status":"PENDING_PAYMENT"}
{"order_customer_id":7244,"order_id":59558,"order_status":"PENDING_PAYMENT"}
{"order_customer_id":4397,"order_id":59559,"order_status":"PENDING"}
{"order_customer_id":1692,"order_id":59560,"order_status":"COMPLETE"}
{"order_customer_id":4875,"order_id":59561,"order_status":"COMPLETE"}
{"order_customer_id":8664,"order_id":59562,"order_status":"PROCESSING"}
{"order_customer_id":2013,"order_id":59563,"order_status":"CLOSED"}
{"order_customer_id":2475,"order_id":59564,"order_status":"COMPLETE"}
{"order_customer_id":7760,"order_id":59565,"order_status":"PAYMENT_REVIEW"}
{"order_customer_id":7551,"order_id":59566,"order_status":"PENDING"}
{"order_customer_id":11769,"order_id":59567,"order_status":"PENDING_PAYMENT"}
{"order_customer_id":2664,"order_id":59568,"order_status":"COMPLETE"}
{"order_customer_id":148,"order_id":59569,"order_status":"COMPLETE"}
{"order_customer_id":12166,"order_id":59570,"order_status":"CLOSED"}
{"order_customer_id":11919,"order_id":59571,"order_status":"COMPLETE"}
{"order_customer_id":1750,"order_id":59572,"order_status":"PROCESSING"}
{"order_customer_id":5556,"order_id":59573,"order_status":"COMPLETE"}
{"order_customer_id":2389,"order_id":59574,"order_status":"PENDING"}
{"order_customer_id":1810,"order_id":59575,"order_status":"COMPLETE"}
{"order_customer_id":4213,"order_id":59576,"order_status":"CANCELED"}
{"order_customer_id":12390,"order_id":59577,"order_status":"PENDING"}
{"order_customer_id":6696,"order_id":59578,"order_status":"COMPLETE"}
{"order_customer_id":3447,"order_id":59579,"order_status":"COMPLETE"}
{"order_customer_id":1982,"order_id":59580,"order_status":"COMPLETE"}
{"order_customer_id":7344,"order_id":59581,"order_status":"PENDING_PAYMENT"}
{"order_customer_id":6719,"order_id":67671,"order_status":"CLOSED"}
