{"order_customer_id":856,"order_id":40660,"order_status":"PROCESSING"}
{"order_customer_id":4001,"order_id":40661,"order_status":"PENDING_PAYMENT"}
{"order_customer_id":7160,"order_id":40662,"order_status":"PROCESSING"}
{"order_customer_id":9103,"order_id":40663,"order_status":"COMPLETE"}
{"order_customer_id":1805,"order_id":40664,"order_status":"COMPLETE"}
{"order_customer_id":2477,"order_id":40665,"order_status":"COMPLETE"}
{"order_customer_id":3196,"order_id":40666,"order_status":"COMPLETE"}
{"order_customer_id":10715,"order_id":40667,"order_status":"PENDING"}
{"order_customer_id":6659,"order_id":40668,"order_status":"PENDING"}
{"order_customer_id":2828,"order_id":40669,"order_status":"COMPLETE"}
{"order_customer_id":12087,"order_id":40670,"order_status":"COMPLETE"}
{"order_customer_id":3226,"order_id":40671,"order_status":"PROCESSING"}
{"order_customer_id":8275,"order_id":40672,"order_status":"COMPLETE"}
{"order_customer_id":6262,"order_id":40673,"order_status":"COMPLETE"}
{"order_customer_id":6767,"order_id":40674,"order_status":"PROCESSING"}
{"order_customer_id":1250,"order_id":40675,"order_status":"PENDING_PAYMENT"}
{"order_customer_id":8935,"order_id":40676,"order_status":"PENDING_PAYMENT"}
{"order_customer_id":4160,"order_id":40677,"order_status":"PENDING_PAYMENT"}
{"order_customer_id":9411,"order_id":40678,"order_status":"CLOSED"}
{"order_customer_id":7684,"order_id":40679,"order_status":"COMPLETE"}
{"order_customer_id":9095,"order_id":40680,"order_status":"PROCESSING"}
{"order_customer_id":456,"order_id":40681,"order_status":"PENDING"}
{"order_customer_id":8021,"order_id":40682,"order_status":"PROCESSING"}
{"order_customer_id":3983,"order_id":40683,"order_status":"COMPLETE"}
{"order_customer_id":3599,"order_id":40684,"order_status":"COMPLETE"}
{"order_customer_id":3317,"order_id":40685,"order_status":"CLOSED"}
{"order_customer_id":262,"order_id":40686,"order_status":"CLOSED"}
{"order_customer_id":6143,"order_id":40687,"order_status":"PENDING"}
{"order_customer_id":10406,"order_id":40688,"order_status":"PENDING_PAYMENT"}
{"order_customer_id":10276,"order_id":40689,"order_status":"COMPLETE"}
{"order_customer_id":3833,"order_id":40690,"order_status":"PENDING"}
{"order_customer_id":7457,"order_id":40691,"order_status":"PENDING_PAYMENT"}
{"order_customer_id":10573,"order_id":40692,"order_status":"COMPLETE"}
{"order_customer_id":4315,"order_id":40693,"order_status":"COMPLETE"}
{"order_customer_id":1332,"order_id":40694,"order_status":"COMPLETE"}
{"order_customer_id":10905,"order_id":40695,"order_status":"CANCELED"}
{"order_customer_id":5552,"order_id":40696,"order_status":"PROCESSING"}
{"order_customer_id":12263,"order_id":40697,"order_status":"COMPLETE"}
{"order_customer_id":2634,"order_id":40698,"order_status":"PROCESSING"}
{"order_customer_id":1592,"order_id":40699,"order_status":"COMPLETE"}
{"order_customer_id":89,"order_id":40700,"order_status":"PROCESSING"}
{"order_customer_id":4374,"order_id":40701,"order_status":"PROCESSING"}
{"order_customer_id":376,"order_id":40702,"order_status":"COMPLETE"}
{"order_customer_id":2861,"order_id":40703,"order_status":"COMPLETE"}
{"order_customer_id":6053,"order_id":40704,"order_status":"PENDING_PAYMENT"}
{"order_customer_id":12403,"order_id":40705,"order_status":"PROCESSING"}
{"order_customer_id":5107,"order_id":40706,"order_status":"PENDING_PAYMENT"}
{"order_customer_id":1148,"order_id":40707,"order_status":"PENDING"}
{"order_customer_id":1532,"order_id":40708,"order_status":"COMPLETE"}
{"order_customer_id":3266,"order_id":40709,"order_status":"PENDING_PAYMENT"}
{"order_customer_id":2539,"order_id":40710,"order_status":"COMPLETE"}
{"order_customer_id":3720,"order_id":40711,"order_status":"CLOSED"}
{"order_customer_id":7178,"order_id":40712,"order_status":"PENDING"}
{"order_customer_id":9467,"order_id":40713,"order_status":"CLOSED"}
{"order_customer_id":11539,"order_id":40714,"order_status":"COMPLETE"}
{"order_customer_id":4374,"order_id":40715,"order_status":"PENDING_PAYMENT"}
{"order_customer_id":712,"order_id":40716,"order_status":"PROCESSING"}
{"order_customer_id":12281,"order_id":40717,"order_status":"CLOSED"}
{"order_customer_id":8061,"order_id":40718,"order_status":"PENDING_PAYMENT"}
{"order_customer_id":2844,"order_id":40719,"order_status":"PENDING"}
{"order_customer_id":10371,"order_id":40720,"order_status":"COMPLETE"}
{"order_customer_id":10114,"order_id":40721,"order_status":"ON_HOLD"}
{"order_customer_id":4974,"order_id":40722,"order_status":"COMPLETE"}
{"order_customer_id":6751,"order_id":40723,"order_status":"COMPLETE"}
{"order_customer_id":10211,"order_id":40724,"order_status":"PENDING_PAYMENT"}
{"order_customer_id":2874,"order_id":40725,"order_status":"COMPLETE"}
{"order_customer_id":9093,"order_id":40726,"order_status":"ON_HOLD"}
{"order_customer_id":7721,"order_id":40727,"order_status":"COMPLETE"}
{"order_customer_id":2810,"order_id":40728,"order_status":"PENDING_PAYMENT"}
{"order_customer_id":7290,"order_id":40729,"order_status":"ON_HOLD"}
{"order_customer_id":10809,"order_id":40730,"order_status":"PROCESSING"}
{"order_customer_id":12345,"order_id":40731,"order_status":"PENDING_PAYMENT"}
{"order_customer_id":8012,"order_id":40732,"order_status":"SUSPECTED_FRAUD"}
{"order_customer_id":4731,"order_id":40733,"order_status":"PROCESSING"}
{"order_customer_id":7937,"order_id":40734,"order_status":"PENDING"}
{"order_customer_id":7723,"order_id":40735,"order_status":"PENDING_PAYMENT"}
{"order_customer_id":12369,"order_id":40736,"order_status":"PENDING_PAYMENT"}
{"order_customer_id":3706,"order_id":40737,"order_status":"PENDING"}
{"order_customer_id":5405,"order_id":40738,"order_status":"CLOSED"}
{"order_customer_id":3118,"order_id":40739,"order_status":"PENDING_PAYMENT"}
{"order_customer_id":2612,"order_id":40740,"order_status":"COMPLETE"}
{"order_customer_id":3309,"order_id":40741,"order_status":"COMPLETE"}
{"order_customer_id":9971,"order_id":40742,"order_status":"COMPLETE"}
{"order_customer_id":4009,"order_id":40743,"order_status":"PENDING_PAYMENT"}
{"order_customer_id":2706,"order_id":40744,"order_status":"PENDING_PAYMENT"}
{"order_customer_id":10006,"order_id":40745,"order_status":"PROCESSING"}
{"order_customer_id":8489,"order_id":40746,"order_status":"CLOSED"}
{"order_customer_id":5100,"order_id":40747,"order_status":"CLOSED"}
{"order_customer_id":4752,"order_id":40748,"order_status":"PENDING_PAYMENT"}
{"order_customer_id":8233,"order_id":40749,"order_status":"COMPLETE"}
{"order_customer_id":7444,"order_id":40750,"order_status":"PENDING_PAYMENT"}
{"order_customer_id":11690,"order_id":40751,"order_status":"PENDING"}
{"order_customer_id":4946,"order_id":40752,"order_status":"PENDING_PAYMENT"}
{"order_customer_id":7856,"order_id":40753,"order_status":"CLOSED"}
{"order_customer_id":2680,"order_id":40754,"order_status":"COMPLETE"}
{"order_customer_id":8563,"order_id":40755,"order_status":"PENDING_PAYMENT"}
{"order_customer_id":7999,"order_id":40756,"order_status":"PROCESSING"}
{"order_customer_id":7921,"order_id":40757,"order_status":"COMPLETE"}
{"order_customer_id":9550,"order_id":40758,"order_status":"PROCESSING"}
{"order_customer_id":369,"order_id":40759,"order_status":"CLOSED"}
{"order_customer_id":86,"order_id":40760,"order_status":"COMPLETE"}
{"order_customer_id":525,"order_id":40761,"order_status":"COMPLETE"}
{"order_customer_id":11939,"order_id":40762,"order_status":"COMPLETE"}
{"order_customer_id":5502,"order_id":40763,"order_status":"CLOSED"}
{"order_customer_id":4238,"order_id":40764,"order_status":"CLOSED"}
{"order_customer_id":8824,"order_id":40765,"order_status":"PENDING"}
{"order_customer_id":3249,"order_id":40766,"order_status":"PENDING"}
{"order_customer_id":10313,"order_id":40767,"order_status":"COMPLETE"}
{"order_customer_id":9490,"order_id":40768,"order_status":"CLOSED"}
{"order_customer_id":10184,"order_id":40769,"order_status":"CLOSED"}
{"order_customer_id":12377,"order_id":40770,"order_status":"PROCESSING"}
{"order_customer_id":1114,"order_id":40771,"order_status":"CLOSED"}
{"order_customer_id":5152,"order_id":40772,"order_status":"PENDING_PAYMENT"}
{"order_customer_id":11122,"order_id":40773,"order_status":"PENDING"}
{"order_customer_id":7687,"order_id":40774,"order_status":"PROCESSING"}
{"order_customer_id":9788,"order_id":40775,"order_status":"COMPLETE"}
{"order_customer_id":7200,"order_id":40776,"order_status":"CANCELED"}
{"order_customer_id":2480,"order_id":40777,"order_status":"COMPLETE"}
{"order_customer_id":7839,"order_id":40778,"order_status":"COMPLETE"}
{"order_customer_id":3731,"order_id":40779,"order_status":"PENDING_PAYMENT"}
{"order_customer_id":2509,"order_id":40780,"order_status":"PROCESSING"}
{"order_customer_id":10905,"order_id":40781,"order_status":"ON_HOLD"}
{"order_customer_id":9529,"order_id":40782,"order_status":"PENDING_PAYMENT"}
{"order_customer_id":827,"order_id":40783,"order_status":"PENDING"}
{"order_customer_id":8502,"order_id":40784,"order_status":"PENDING_PAYMENT"}
{"order_customer_id":734,"order_id":40785,"order_status":"PENDING_PAYMENT"}
{"order_customer_id":3444,"order_id":40786,"order_status":"COMPLETE"}
{"order_customer_id":353,"order_id":40787,"order_status":"CANCELED"}
{"order_customer_id":5447,"order_id":40788,"order_status":"PENDING_PAYMENT"}
{"order_customer_id":4915,"order_id":40789,"order_status":"PROCESSING"}
{"order_customer_id":8904,"order_id":40790,"order_status":"PROCESSING"}
{"order_customer_id":2549,"order_id":40791,"order_status":"PENDING"}
{"order_customer_id":10264,"order_id":40792,"order_status":"PROCESSING"}
{"order_customer_id":10011,"order_id":40793,"order_status":"PROCESSING"}
{"order_customer_id":6696,"order_id":40794,"order_status":"PENDING"}
{"order_customer_id":8520,"order_id":40795,"order_status":"PENDING_PAYMENT"}
{"order_customer_id":2091,"order_id":40796,"order_status":"SUSPECTED_FRAUD"}
{"order_customer_id":11511,"order_id":40797,"order_status":"PENDING"}
{"order_customer_id":11887,"order_id":40798,"order_status":"ON_HOLD"}
{"order_customer_id":12051,"order_id":40799,"order_status":"ON_HOLD"}
{"order_customer_id":7478,"order_id":40800,"order_status":"PROCESSING"}
{"order_customer_id":554,"order_id":40801,"order_status":"PENDING_PAYMENT"}
{"order_customer_id":9513,"order_id":40802,"order_status":"COMPLETE"}
{"order_customer_id":7783,"order_id":40803,"order_status":"PENDING_PAYMENT"}
{"order_customer_id":762,"order_id":40804,"order_status":"PENDING_PAYMENT"}
{"order_customer_id":4108,"order_id":40805,"order_status":"PROCESSING"}
{"order_customer_id":9149,"order_id":40806,"order_status":"CANCELED"}
{"order_customer_id":9663,"order_id":40807,"order_status":"PROCESSING"}
{"order_customer_id":4109,"order_id":40808,"order_status":"COMPLETE"}
{"order_customer_id":7998,"order_id":40809,"order_status":"ON_HOLD"}
{"order_customer_id":9962,"order_id":40810,"order_status":"PENDING_PAYMENT"}
{"order_customer_id":12081,"order_id":40811,"order_status":"PROCESSING"}
{"order_customer_id":10226,"order_id":40812,"order_status":"PENDING_PAYMENT"}
{"order_customer_id":1836,"order_id":40813,"order_status":"PROCESSING"}
{"order_customer_id":10369,"order_id":40814,"order_status":"CLOSED"}
{"order_customer_id":5899,"order_id":40815,"order_status":"COMPLETE"}
{"order_customer_id":1718,"order_id":40816,"order_status":"PENDING_PAYMENT"}
{"order_customer_id":782,"order_id":40817,"order_status":"PENDING_PAYMENT"}
{"order_customer_id":3707,"order_id":40818,"order_status":"CLOSED"}
{"order_customer_id":5503,"order_id":40819,"order_status":"PENDING"}
{"order_customer_id":3415,"order_id":40820,"order_status":"ON_HOLD"}
{"order_customer_id":9258,"order_id":40821,"order_status":"PENDING_PAYMENT"}
{"order_customer_id":6977,"order_id":40822,"order_status":"COMPLETE"}
{"order_customer_id":4116,"order_id":40823,"order_status":"PENDING"}
{"order_customer_id":7969,"order_id":40824,"order_status":"CLOSED"}
{"order_customer_id":1427,"order_id":40825,"order_status":"CLOSED"}
{"order_customer_id":4602,"order_id":40826,"order_status":"PENDING"}
{"order_customer_id":9282,"order_id":40827,"order_status":"CLOSED"}
{"order_customer_id":9207,"order_id":40828,"order_status":"PENDING_PAYMENT"}
{"order_customer_id":3968,"order_id":40829,"order_status":"ON_HOLD"}
{"order_customer_id":11063,"order_id":40830,"order_status":"COMPLETE"}
{"order_customer_id":1345,"order_id":40831,"order_status":"CLOSED"}
{"order_customer_id":8554,"order_id":40832,"order_status":"COMPLETE"}
{"order_customer_id":11891,"order_id":40833,"order_status":"PENDING"}
{"order_customer_id":3341,"order_id":40834,"order_status":"COMPLETE"}
{"order_customer_id":9353,"order_id":40835,"order_status":"PENDING_PAYMENT"}
{"order_customer_id":3998,"order_id":40836,"order_status":"COMPLETE"}
{"order_customer_id":9524,"order_id":40837,"order_status":"PROCESSING"}
{"order_customer_id":6268,"order_id":40838,"order_status":"COMPLETE"}
{"order_customer_id":10881,"order_id":40839,"order_status":"PENDING_PAYMENT"}
{"order_customer_id":11458,"order_id":40840,"order_status":"PROCESSING"}
{"order_customer_id":8234,"order_id":40841,"order_status":"COMPLETE"}
{"order_customer_id":6165,"order_id":40842,"order_status":"CLOSED"}
{"order_customer_id":6655,"order_id":40843,"order_status":"PROCESSING"}
{"order_customer_id":2464,"order_id":40844,"order_status":"CLOSED"}
{"order_customer_id":2319,"order_id":40845,"order_status":"PENDING"}
{"order_customer_id":2405,"order_id":40846,"order_status":"CLOSED"}
{"order_customer_id":2593,"order_id":40847,"order_status":"COMPLETE"}
{"order_customer_id":1459,"order_id":40848,"order_status":"COMPLETE"}
{"order_customer_id":1143,"order_id":40849,"order_status":"CLOSED"}
{"order_customer_id":11777,"order_id":40850,"order_status":"PROCESSING"}
{"order_customer_id":1527,"order_id":40851,"order_status":"CANCELED"}
{"order_customer_id":11787,"order_id":40852,"order_status":"PROCESSING"}
{"order_customer_id":5546,"order_id":40853,"order_status":"ON_HOLD"}
{"order_customer_id":4930,"order_id":40854,"order_status":"PENDING_PAYMENT"}
{"order_customer_id":4334,"order_id":40855,"order_status":"SUSPECTED_FRAUD"}
{"order_customer_id":1539,"order_id":40856,"order_status":"CLOSED"}
{"order_customer_id":11311,"order_id":40857,"order_status":"PENDING_PAYMENT"}
{"order_customer_id":2802,"order_id":40858,"order_status":"PENDING"}
{"order_customer_id":9528,"order_id":40859,"order_status":"SUSPECTED_FRAUD"}
{"order_customer_id":10003,"order_id":40860,"order_status":"PENDING_PAYMENT"}
{"order_customer_id":12012,"order_id":40861,"order_status":"COMPLETE"}
{"order_customer_id":608,"order_id":40862,"order_status":"PENDING_PAYMENT"}
{"order_customer_id":10255,"order_id":40863,"order_status":"PROCESSING"}
{"order_customer_id":2428,"order_id":40864,"order_status":"COMPLETE"}
{"order_customer_id":2687,"order_id":40865,"order_status":"PENDING_PAYMENT"}
{"order_customer_id":5238,"order_id":40866,"order_status":"PENDING_PAYMENT"}
{"order_customer_id":2238,"order_id":40867,"order_status":"COMPLETE"}
{"order_customer_id":1826,"order_id":40868,"order_status":"PENDING_PAYMENT"}
{"order_customer_id":4404,"order_id":40869,"order_status":"COMPLETE"}
{"order_customer_id":11250,"order_id":40870,"order_status":"PENDING"}
{"order_customer_id":5778,"order_id":40871,"order_status":"COMPLETE"}
{"order_customer_id":11061,"order_id":40872,"order_status":"COMPLETE"}
{"order_customer_id":5356,"order_id":40873,"order_status":"PROCESSING"}
{"order_customer_id":436,"order_id":40874,"order_status":"COMPLETE"}
{"order_customer_id":6960,"order_id":40875,"order_status":"PROCESSING"}
{"order_customer_id":2565,"order_id":40876,"order_status":"COMPLETE"}
{"order_customer_id":3189,"order_id":40877,"order_status":"PENDING"}
{"order_customer_id":4399,"order_id":40878,"order_status":"COMPLETE"}
{"order_customer_id":6778,"order_id":40879,"order_status":"PENDING_PAYMENT"}
{"order_customer_id":12313,"order_id":40880,"order_status":"ON_HOLD"}
{"order_customer_id":3505,"order_id":40881,"order_status":"COMPLETE"}
{"order_customer_id":4304,"order_id":40882,"order_status":"PENDING"}
{"order_customer_id":9892,"order_id":40883,"order_status":"COMPLETE"}
{"order_customer_id":1657,"order_id":40884,"order_status":"COMPLETE"}
{"order_customer_id":4014,"order_id":40885,"order_status":"COMPLETE"}
{"order_customer_id":6090,"order_id":40886,"order_status":"PAYMENT_REVIEW"}
{"order_customer_id":1113,"order_id":40887,"order_status":"COMPLETE"}
{"order_customer_id":4528,"order_id":40888,"order_status":"CLOSED"}
{"order_customer_id":186,"order_id":40889,"order_status":"PENDING_PAYMENT"}
{"order_customer_id":1865,"order_id":40890,"order_status":"PENDING"}
{"order_customer_id":3470,"order_id":40891,"order_status":"COMPLETE"}
{"order_customer_id":2025,"order_id":40892,"order_status":"PENDING_PAYMENT"}
{"order_customer_id":5261,"order_id":40893,"order_status":"COMPLETE"}
{"order_customer_id":4212,"order_id":64289,"order_status":"COMPLETE"}
{"order_customer_id":8574,"order_id":64290,"order_status":"PENDING_PAYMENT"}
{"order_customer_id":6043,"order_id":64291,"order_status":"PENDING_PAYMENT"}
{"order_customer_id":5120,"order_id":64292,"order_status":"COMPLETE"}
{"order_customer_id":9107,"order_id":64293,"order_status":"PROCESSING"}
{"order_customer_id":2713,"order_id":64294,"order_status":"PENDING_PAYMENT"}
{"order_customer_id":2352,"order_id":64295,"order_status":"PENDING_PAYMENT"}
{"order_customer_id":2962,"order_id":64296,"order_status":"COMPLETE"}
{"order_customer_id":6756,"order_id":64297,"order_status":"PENDING"}
{"order_customer_id":6789,"order_id":64298,"order_status":"CLOSED"}
{"order_customer_id":8725,"order_id":64299,"order_status":"CLOSED"}
{"order_customer_id":395,"order_id":64300,"order_status":"COMPLETE"}
{"order_customer_id":9974,"order_id":64301,"order_status":"PENDING"}
{"order_customer_id":179,"order_id":64302,"order_status":"COMPLETE"}
{"order_customer_id":7420,"order_id":64303,"order_status":"COMPLETE"}
{"order_customer_id":10479,"order_id":64304,"order_status":"COMPLETE"}
{"order_customer_id":1028,"order_id":64305,"order_status":"COMPLETE"}
{"order_customer_id":9553,"order_id":64306,"order_status":"COMPLETE"}
{"order_customer_id":1759,"order_id":64307,"order_status":"COMPLETE"}
{"order_customer_id":4201,"order_id":64308,"order_status":"COMPLETE"}
{"order_customer_id":5724,"order_id":64309,"order_status":"COMPLETE"}
{"order_customer_id":2061,"order_id":64310,"order_status":"PROCESSING"}
{"order_customer_id":3425,"order_id":64311,"order_status":"PENDING"}
{"order_customer_id":1932,"order_id":64312,"order_status":"PROCESSING"}
{"order_customer_id":7858,"order_id":64313,"order_status":"PENDING_PAYMENT"}
{"order_customer_id":9273,"order_id":64314,"order_status":"PENDING_PAYMENT"}
{"order_customer_id":1420,"order_id":68299,"order_status":"CLOSED"}
{"order_customer_id":457,"order_id":68300,"order_status":"COMPLETE"}
{"order_customer_id":3946,"order_id":68301,"order_status":"COMPLETE"}
{"order_customer_id":10166,"order_id":68302,"order_status":"PENDING"}
{"order_customer_id":9856,"order_id":68303,"order_status":"COMPLETE"}
{"order_customer_id":3637,"order_id":68304,"order_status":"COMPLETE"}
