{"order_customer_id":5824,"order_id":19233,"order_status":"PENDING"}
{"order_customer_id":1577,"order_id":19234,"order_status":"PROCESSING"}
{"order_customer_id":1152,"order_id":19235,"order_status":"PENDING_PAYMENT"}
{"order_customer_id":330,"order_id":19236,"order_status":"PENDING"}
{"order_customer_id":7794,"order_id":19237,"order_status":"CLOSED"}
{"order_customer_id":7555,"order_id":19238,"order_status":"SUSPECTED_FRAUD"}
{"order_customer_id":11859,"order_id":19239,"order_status":"COMPLETE"}
{"order_customer_id":9195,"order_id":19240,"order_status":"PENDING_PAYMENT"}
{"order_customer_id":7785,"order_id":19241,"order_status":"COMPLETE"}
{"order_customer_id":11690,"order_id":19242,"order_status":"COMPLETE"}
{"order_customer_id":10522,"order_id":19243,"order_status":"PENDING_PAYMENT"}
{"order_customer_id":3395,"order_id":19244,"order_status":"PENDING_PAYMENT"}
{"order_customer_id":1795,"order_id":19245,"order_status":"CANCELED"}
{"order_customer_id":4634,"order_id":19246,"order_status":"PENDING_PAYMENT"}
{"order_customer_id":236,"order_id":19247,"order_status":"PENDING_PAYMENT"}
{"order_customer_id":10067,"order_id":19248,"order_status":"PENDING_PAYMENT"}
{"order_customer_id":5457,"order_id":19249,"order_status":"PENDING_PAYMENT"}
{"order_customer_id":6070,"order_id":19250,"order_status":"PENDING_PAYMENT"}
{"order_customer_id":9764,"order_id":19251,"order_status":"COMPLETE"}
{"order_customer_id":1498,"order_id":19252,"order_status":"CLOSED"}
{"order_customer_id":2316,"order_id":19253,"order_status":"CLOSED"}
{"order_customer_id":10260,"order_id":19254,"order_status":"PENDING_PAYMENT"}
{"order_customer_id":4574,"order_id":19255,"order_status":"PROCESSING"}
{"order_customer_id":5311,"order_id":19256,"order_status":"COMPLETE"}
{"order_customer_id":1502,"order_id":19257,"order_status":"PENDING"}
{"order_customer_id":947,"order_id":19258,"order_status":"COMPLETE"}
{"order_customer_id":979,"order_id":19259,"order_status":"PENDING_PAYMENT"}
{"order_customer_id":3733,"order_id":19260,"order_status":"PENDING_PAYMENT"}
{"order_customer_id":4035,"order_id":19261,"order_status":"CLOSED"}
{"order_customer_id":6067,"order_id":19262,"order_status":"PAYMENT_REVIEW"}
{"order_customer_id":4843,"order_id":19263,"order_status":"CLOSED"}
{"order_customer_id":12196,"order_id":19264,"order_status":"CLOSED"}
{"order_customer_id":5345,"order_id":19265,"order_status":"PENDING_PAYMENT"}
{"order_customer_id":2141,"order_id":19266,"order_status":"PENDING_PAYMENT"}
{"order_customer_id":5306,"order_id":19267,"order_status":"PENDING_PAYMENT"}
{"order_customer_id":12180,"order_id":19268,"order_status":"PROCESSING"}
{"order_customer_id":8352,"order_id":19269,"order_status":"COMPLETE"}
{"order_customer_id":11436,"order_id":19270,"order_status":"COMPLETE"}
{"order_customer_id":5146,"order_id":19271,"order_status":"PENDING_PAYMENT"}
{"order_customer_id":4557,"order_id":19272,"order_status":"COMPLETE"}
{"order_customer_id":2447,"order_id":19273,"order_status":"COMPLETE"}
{"order_customer_id":8823,"order_id":19274,"order_status":"COMPLETE"}
{"order_customer_id":9829,"order_id":19275,"order_status":"PENDING_PAYMENT"}
{"order_customer_id":8919,"order_id":19276,"order_status":"COMPLETE"}
{"order_customer_id":5058,"order_id":19277,"order_status":"PENDING_PAYMENT"}
{"order_customer_id":9010,"order_id":19278,"order_status":"COMPLETE"}
{"order_customer_id":7484,"order_id":19279,"order_status":"PENDING_PAYMENT"}
{"order_customer_id":7676,"order_id":19280,"order_status":"PENDING_PAYMENT"}
{"order_customer_id":4136,"order_id":19281,"order_status":"COMPLETE"}
{"order_customer_id":2668,"order_id":19282,"order_status":"COMPLETE"}
{"order_customer_id":8945,"order_id":19283,"order_status":"COMPLETE"}
{"order_customer_id":8656,"order_id":19284,"order_status":"PENDING_PAYMENT"}
{"order_customer_id":376,"order_id":19285,"order_status":"COMPLETE"}
{"order_customer_id":8682,"order_id":19286,"order_status":"PENDING"}
{"order_customer_id":9557,"order_id":19287,"order_status":"COMPLETE"}
{"order_customer_id":6307,"order_id":19288,"order_status":"PENDING_PAYMENT"}
{"order_customer_id":9052,"order_id":19289,"order_status":"PENDING_PAYMENT"}
{"order_customer_id":5542,"order_id":19290,"order_status":"PENDING_PAYMENT"}
{"order_customer_id":8374,"order_id":19291,"order_status":"CANCELED"}
{"order_customer_id":5826,"order_id":19292,"order_status":"PENDING_PAYMENT"}
{"order_customer_id":4303,"order_id":19293,"order_status":"PENDING"}
{"order_customer_id":7342,"order_id":19294,"order_status":"PROCESSING"}
{"order_customer_id":3287,"order_id":19295,"order_status":"COMPLETE"}
{"order_customer_id":1053,"order_id":19296,"order_status":"COMPLETE"}
{"order_customer_id":2160,"order_id":19297,"order_status":"SUSPECTED_FRAUD"}
{"order_customer_id":6618,"order_id":19298,"order_status":"PENDING"}
{"order_customer_id":12368,"order_id":19299,"order_status":"COMPLETE"}
{"order_customer_id":4417,"order_id":19300,"order_status":"PENDING_PAYMENT"}
{"order_customer_id":2049,"order_id":19301,"order_status":"COMPLETE"}
{"order_customer_id":2166,"order_id":19302,"order_status":"COMPLETE"}
{"order_customer_id":8381,"order_id":19303,"order_status":"PROCESSING"}
{"order_customer_id":10523,"order_id":19304,"order_status":"CLOSED"}
{"order_customer_id":9070,"order_id":19305,"order_status":"COMPLETE"}
{"order_customer_id":3438,"order_id":19306,"order_status":"COMPLETE"}
{"order_customer_id":4348,"order_id":19307,"order_status":"CLOSED"}
{"order_customer_id":198,"order_id":19308,"order_status":"PENDING_PAYMENT"}
{"order_customer_id":5621,"order_id":19309,"order_status":"COMPLETE"}
{"order_customer_id":4051,"order_id":19310,"order_status":"COMPLETE"}
{"order_customer_id":6257,"order_id":19311,"order_status":"PROCESSING"}
{"order_customer_id":1566,"order_id":19312,"order_status":"PENDING"}
{"order_customer_id":12132,"order_id":19313,"order_status":"PROCESSING"}
{"order_customer_id":7489,"order_id":19314,"order_status":"PENDING_PAYMENT"}
{"order_customer_id":11326,"order_id":19315,"order_status":"CLOSED"}
{"order_customer_id":1891,"order_id":19316,"order_status":"COMPLETE"}
{"order_customer_id":10273,"order_id":19317,"order_status":"PENDING"}
{"order_customer_id":3984,"order_id":19318,"order_status":"PENDING_PAYMENT"}
{"order_customer_id":9046,"order_id":19319,"order_status":"COMPLETE"}
{"order_customer_id":1129,"order_id":19320,"order_status":"PENDING_PAYMENT"}
{"order_customer_id":7795,"order_id":19321,"order_status":"COMPLETE"}
{"order_customer_id":10743,"order_id":19322,"order_status":"COMPLETE"}
{"order_customer_id":6008,"order_id":19323,"order_status":"PROCESSING"}
{"order_customer_id":8135,"order_id":19324,"order_status":"PENDING"}
{"order_customer_id":7136,"order_id":19325,"order_status":"PENDING_PAYMENT"}
{"order_customer_id":2402,"order_id":19326,"order_status":"PENDING_PAYMENT"}
{"order_customer_id":9426,"order_id":19327,"order_status":"SUSPECTED_FRAUD"}
{"order_customer_id":758,"order_id":19328,"order_status":"PENDING_PAYMENT"}
{"order_customer_id":4579,"order_id":19329,"order_status":"COMPLETE"}
{"order_customer_id":6660,"order_id":19330,"order_status":"PENDING"}
{"order_customer_id":4562,"order_id":19331,"order_status":"PENDING"}
{"order_customer_id":5830,"order_id":19332,"order_status":"PENDING_PAYMENT"}
{"order_customer_id":9813,"order_id":19333,"order_status":"COMPLETE"}
{"order_customer_id":960,"order_id":19334,"order_status":"PENDING"}
{"order_customer_id":10070,"order_id":19335,"order_status":"PENDING_PAYMENT"}
{"order_customer_id":9430,"order_id":19336,"order_status":"PENDING"}
{"order_customer_id":3417,"order_id":19337,"order_status":"PENDING_PAYMENT"}
{"order_customer_id":8991,"order_id":19338,"order_status":"PENDING_PAYMENT"}
{"order_customer_id":10719,"order_id":19339,"order_status":"PENDING"}
{"order_customer_id":7113,"order_id":19340,"order_status":"PENDING_PAYMENT"}
{"order_customer_id":2165,"order_id":19341,"order_status":"COMPLETE"}
{"order_customer_id":1969,"order_id":19342,"order_status":"COMPLETE"}
{"order_customer_id":6652,"order_id":19343,"order_status":"ON_HOLD"}
{"order_customer_id":2381,"order_id":19344,"order_status":"COMPLETE"}
{"order_customer_id":7086,"order_id":19345,"order_status":"COMPLETE"}
{"order_customer_id":7988,"order_id":19346,"order_status":"PENDING_PAYMENT"}
{"order_customer_id":8021,"order_id":19347,"order_status":"ON_HOLD"}
{"order_customer_id":6271,"order_id":19348,"order_status":"PENDING_PAYMENT"}
{"order_customer_id":1788,"order_id":19349,"order_status":"PENDING_PAYMENT"}
{"order_customer_id":5284,"order_id":19350,"order_status":"CLOSED"}
{"order_customer_id":3290,"order_id":19351,"order_status":"COMPLETE"}
{"order_customer_id":134,"order_id":19352,"order_status":"COMPLETE"}
{"order_customer_id":10521,"order_id":19353,"order_status":"COMPLETE"}
{"order_customer_id":4522,"order_id":19354,"order_status":"PENDING_PAYMENT"}
{"order_customer_id":8008,"order_id":19355,"order_status":"COMPLETE"}
{"order_customer_id":11443,"order_id":19356,"order_status":"PENDING_PAYMENT"}
{"order_customer_id":3196,"order_id":19357,"order_status":"PENDING_PAYMENT"}
{"order_customer_id":161,"order_id":19358,"order_status":"CLOSED"}
{"order_customer_id":6946,"order_id":19359,"order_status":"COMPLETE"}
{"order_customer_id":6906,"order_id":19360,"order_status":"PROCESSING"}
{"order_customer_id":4477,"order_id":19361,"order_status":"CANCELED"}
{"order_customer_id":9523,"order_id":19362,"order_status":"COMPLETE"}
{"order_customer_id":7450,"order_id":19363,"order_status":"PENDING_PAYMENT"}
{"order_customer_id":5419,"order_id":19364,"order_status":"COMPLETE"}
{"order_customer_id":4597,"order_id":19365,"order_status":"PROCESSING"}
{"order_customer_id":5413,"order_id":19366,"order_status":"SUSPECTED_FRAUD"}
{"order_customer_id":4290,"order_id":19367,"order_status":"CLOSED"}
{"order_customer_id":6973,"order_id":19368,"order_status":"COMPLETE"}
{"order_customer_id":5985,"order_id":19369,"order_status":"ON_HOLD"}
{"order_customer_id":5181,"order_id":19370,"order_status":"CLOSED"}
{"order_customer_id":5502,"order_id":19371,"order_status":"COMPLETE"}
{"order_customer_id":4930,"order_id":19372,"order_status":"PENDING"}
{"order_customer_id":6209,"order_id":19373,"order_status":"CLOSED"}
{"order_customer_id":1740,"order_id":19374,"order_status":"COMPLETE"}
{"order_customer_id":8272,"order_id":19375,"order_status":"PENDING"}
{"order_customer_id":1886,"order_id":19376,"order_status":"COMPLETE"}
{"order_customer_id":2885,"order_id":19377,"order_status":"PROCESSING"}
{"order_customer_id":12414,"order_id":19378,"order_status":"PENDING_PAYMENT"}
{"order_customer_id":1260,"order_id":19379,"order_status":"CLOSED"}
{"order_customer_id":482,"order_id":19380,"order_status":"COMPLETE"}
{"order_customer_id":7038,"order_id":19381,"order_status":"ON_HOLD"}
{"order_customer_id":8364,"order_id":19382,"order_status":"PROCESSING"}
{"order_customer_id":5117,"order_id":19383,"order_status":"PENDING"}
{"order_customer_id":6131,"order_id":19384,"order_status":"PENDING_PAYMENT"}
{"order_customer_id":11910,"order_id":19385,"order_status":"PENDING_PAYMENT"}
{"order_customer_id":6819,"order_id":19386,"order_status":"COMPLETE"}
{"order_customer_id":10240,"order_id":19387,"order_status":"PENDING_PAYMENT"}
{"order_customer_id":10829,"order_id":19388,"order_status":"COMPLETE"}
{"order_customer_id":5606,"order_id":19389,"order_status":"COMPLETE"}
{"order_customer_id":9285,"order_id":19390,"order_status":"COMPLETE"}
{"order_customer_id":9980,"order_id":19391,"order_status":"COMPLETE"}
{"order_customer_id":7402,"order_id":19392,"order_status":"PENDING_PAYMENT"}
{"order_customer_id":10705,"order_id":19393,"order_status":"COMPLETE"}
{"order_customer_id":9721,"order_id":19394,"order_status":"PENDING_PAYMENT"}
{"order_customer_id":11645,"order_id":19395,"order_status":"COMPLETE"}
{"order_customer_id":1503,"order_id":19396,"order_status":"PENDING_PAYMENT"}
{"order_customer_id":11913,"order_id":19397,"order_status":"COMPLETE"}
{"order_customer_id":3804,"order_id":19398,"order_status":"CLOSED"}
{"order_customer_id":10750,"order_id":19399,"order_status":"COMPLETE"}
{"order_customer_id":2351,"order_id":19400,"order_status":"COMPLETE"}
{"order_customer_id":1643,"order_id":19401,"order_status":"PENDING_PAYMENT"}
{"order_customer_id":3962,"order_id":19402,"order_status":"PROCESSING"}
{"order_customer_id":5145,"order_id":19403,"order_status":"COMPLETE"}
{"order_customer_id":6898,"order_id":19404,"order_status":"CLOSED"}
{"order_customer_id":2468,"order_id":19405,"order_status":"PENDING_PAYMENT"}
{"order_customer_id":11875,"order_id":19406,"order_status":"COMPLETE"}
{"order_customer_id":9698,"order_id":19407,"order_status":"COMPLETE"}
{"order_customer_id":1045,"order_id":19408,"order_status":"PENDING"}
{"order_customer_id":2232,"order_id":19409,"order_status":"PENDING"}
{"order_customer_id":12132,"order_id":19410,"order_status":"PENDING_PAYMENT"}
{"order_customer_id":4319,"order_id":19411,"order_status":"PROCESSING"}
{"order_customer_id":3178,"order_id":19412,"order_status":"CLOSED"}
{"order_customer_id":8090,"order_id":19413,"order_status":"COMPLETE"}
{"order_customer_id":8969,"order_id":19414,"order_status":"COMPLETE"}
{"order_customer_id":2339,"order_id":19415,"order_status":"PENDING_PAYMENT"}
{"order_customer_id":4675,"order_id":19416,"order_status":"COMPLETE"}
{"order_customer_id":12079,"order_id":19417,"order_status":"PENDING_PAYMENT"}
{"order_customer_id":10594,"order_id":19418,"order_status":"COMPLETE"}
{"order_customer_id":1473,"order_id":19419,"order_status":"PAYMENT_REVIEW"}
{"order_customer_id":5155,"order_id":19420,"order_status":"PENDING"}
{"order_customer_id":12371,"order_id":19421,"order_status":"CLOSED"}
{"order_customer_id":9702,"order_id":19422,"order_status":"PENDING_PAYMENT"}
{"order_customer_id":11419,"order_id":19423,"order_status":"PENDING"}
{"order_customer_id":486,"order_id":19424,"order_status":"PENDING_PAYMENT"}
{"order_customer_id":10059,"order_id":19425,"order_status":"COMPLETE"}
{"order_customer_id":10521,"order_id":19426,"order_status":"COMPLETE"}
{"order_customer_id":2066,"order_id":19427,"order_status":"PROCESSING"}
{"order_customer_id":3322,"order_id":19428,"order_status":"COMPLETE"}
{"order_customer_id":3185,"order_id":19429,"order_status":"PENDING"}
{"order_customer_id":10733,"order_id":19430,"order_status":"CLOSED"}
{"order_customer_id":8217,"order_id":19431,"order_status":"PENDING_PAYMENT"}
{"order_customer_id":9762,"order_id":19432,"order_status":"PROCESSING"}
{"order_customer_id":7800,"order_id":19433,"order_status":"PENDING_PAYMENT"}
{"order_customer_id":9819,"order_id":19434,"order_status":"SUSPECTED_FRAUD"}
{"order_customer_id":1618,"order_id":19435,"order_status":"COMPLETE"}
{"order_customer_id":1141,"order_id":19436,"order_status":"COMPLETE"}
{"order_customer_id":10339,"order_id":60837,"order_status":"ON_HOLD"}
{"order_customer_id":1451,"order_id":60838,"order_status":"PROCESSING"}
{"order_customer_id":2145,"order_id":60839,"order_status":"PENDING_PAYMENT"}
{"order_customer_id":5438,"order_id":60840,"order_status":"PENDING_PAYMENT"}
{"order_customer_id":2241,"order_id":60841,"order_status":"PROCESSING"}
{"order_customer_id":11185,"order_id":60842,"order_status":"COMPLETE"}
{"order_customer_id":3073,"order_id":60843,"order_status":"COMPLETE"}
{"order_customer_id":4440,"order_id":60844,"order_status":"ON_HOLD"}
{"order_customer_id":1886,"order_id":60845,"order_status":"PENDING_PAYMENT"}
{"order_customer_id":7013,"order_id":60846,"order_status":"COMPLETE"}
{"order_customer_id":12372,"order_id":60847,"order_status":"PENDING"}
{"order_customer_id":8277,"order_id":60848,"order_status":"COMPLETE"}
{"order_customer_id":806,"order_id":60849,"order_status":"PENDING"}
{"order_customer_id":8037,"order_id":60850,"order_status":"PENDING"}
{"order_customer_id":2980,"order_id":60851,"order_status":"PENDING"}
{"order_customer_id":1653,"order_id":60852,"order_status":"ON_HOLD"}
{"order_customer_id":6027,"order_id":60853,"order_status":"COMPLETE"}
{"order_customer_id":590,"order_id":60854,"order_status":"COMPLETE"}
{"order_customer_id":8016,"order_id":60855,"order_status":"PENDING_PAYMENT"}
{"order_customer_id":4889,"order_id":60856,"order_status":"PENDING_PAYMENT"}
{"order_customer_id":9983,"order_id":60857,"order_status":"PENDING_PAYMENT"}
{"order_customer_id":9415,"order_id":60858,"order_status":"PAYMENT_REVIEW"}
{"order_customer_id":11120,"order_id":60859,"order_status":"COMPLETE"}
{"order_customer_id":933,"order_id":60860,"order_status":"COMPLETE"}
{"order_customer_id":1853,"order_id":60861,"order_status":"PENDING_PAYMENT"}
{"order_customer_id":2306,"order_id":60862,"order_status":"PENDING"}
{"order_customer_id":1981,"order_id":60863,"order_status":"SUSPECTED_FRAUD"}
{"order_customer_id":7768,"order_id":60864,"order_status":"CLOSED"}
{"order_customer_id":6594,"order_id":60865,"order_status":"PROCESSING"}
{"order_customer_id":2520,"order_id":60866,"order_status":"PROCESSING"}
{"order_customer_id":3579,"order_id":60867,"order_status":"PENDING_PAYMENT"}
{"order_customer_id":11753,"order_id":60868,"order_status":"PROCESSING"}
{"order_customer_id":4119,"order_id":60869,"order_status":"CLOSED"}
{"order_customer_id":5057,"order_id":60870,"order_status":"PROCESSING"}
{"order_customer_id":6236,"order_id":60871,"order_status":"COMPLETE"}
{"order_customer_id":1545,"order_id":60872,"order_status":"PROCESSING"}
{"order_customer_id":5278,"order_id":60873,"order_status":"PROCESSING"}
{"order_customer_id":8624,"order_id":60874,"order_status":"COMPLETE"}
{"order_customer_id":1657,"order_id":60875,"order_status":"COMPLETE"}
{"order_customer_id":1194,"order_id":60876,"order_status":"COMPLETE"}
{"order_customer_id":8638,"order_id":60877,"order_status":"PENDING_PAYMENT"}
{"order_customer_id":5058,"order_id":67834,"order_status":"COMPLETE"}
{"order_customer_id":4755,"order_id":67835,"order_status":"ON_HOLD"}
{"order_customer_id":5658,"order_id":67836,"order_status":"COMPLETE"}
{"order_customer_id":820,"order_id":67837,"order_status":"PENDING"}
