{"order_customer_id":7083,"order_id":9194,"order_status":"COMPLETE"}
{"order_customer_id":6742,"order_id":9195,"order_status":"PENDING"}
{"order_customer_id":9743,"order_id":9196,"order_status":"PROCESSING"}
{"order_customer_id":5680,"order_id":9197,"order_status":"PENDING_PAYMENT"}
{"order_customer_id":7721,"order_id":9198,"order_status":"CLOSED"}
{"order_customer_id":1374,"order_id":9199,"order_status":"PENDING_PAYMENT"}
{"order_customer_id":9970,"order_id":9200,"order_status":"PROCESSING"}
{"order_customer_id":988,"order_id":9201,"order_status":"PENDING_PAYMENT"}
{"order_customer_id":2172,"order_id":9202,"order_status":"PENDING_PAYMENT"}
{"order_customer_id":3785,"order_id":9203,"order_status":"COMPLETE"}
{"order_customer_id":4200,"order_id":9204,"order_status":"PENDING_PAYMENT"}
{"order_customer_id":4500,"order_id":9205,"order_status":"PROCESSING"}
{"order_customer_id":7404,"order_id":9206,"order_status":"COMPLETE"}
{"order_customer_id":4754,"order_id":9207,"order_status":"COMPLETE"}
{"order_customer_id":4376,"order_id":9208,"order_status":"PROCESSING"}
{"order_customer_id":10044,"order_id":9209,"order_status":"CLOSED"}
{"order_customer_id":10333,"order_id":9210,"order_status":"CANCELED"}
{"order_customer_id":4446,"order_id":9211,"order_status":"COMPLETE"}
{"order_customer_id":10842,"order_id":9212,"order_status":"COMPLETE"}
{"order_customer_id":6488,"order_id":9213,"order_status":"COMPLETE"}
{"order_customer_id":7366,"order_id":9214,"order_status":"PENDING_PAYMENT"}
{"order_customer_id":474,"order_id":9215,"order_status":"COMPLETE"}
{"order_customer_id":6064,"order_id":9216,"order_status":"PENDING_PAYMENT"}
{"order_customer_id":7251,"order_id":9217,"order_status":"COMPLETE"}
{"order_customer_id":6381,"order_id":9218,"order_status":"PENDING_PAYMENT"}
{"order_customer_id":4331,"order_id":9219,"order_status":"CLOSED"}
{"order_customer_id":320,"order_id":9220,"order_status":"COMPLETE"}
{"order_customer_id":6190,"order_id":9221,"order_status":"PENDING_PAYMENT"}
{"order_customer_id":8060,"order_id":9222,"order_status":"SUSPECTED_FRAUD"}
{"order_customer_id":9282,"order_id":9223,"order_status":"PROCESSING"}
{"order_customer_id":1335,"order_id":9224,"order_status":"COMPLETE"}
{"order_customer_id":12208,"order_id":9225,"order_status":"COMPLETE"}
{"order_customer_id":6877,"order_id":9226,"order_status":"COMPLETE"}
{"order_customer_id":408,"order_id":9227,"order_status":"COMPLETE"}
{"order_customer_id":1648,"order_id":9228,"order_status":"COMPLETE"}
{"order_customer_id":10141,"order_id":9229,"order_status":"ON_HOLD"}
{"order_customer_id":8988,"order_id":9230,"order_status":"PENDING"}
{"order_customer_id":6288,"order_id":9231,"order_status":"COMPLETE"}
{"order_customer_id":5724,"order_id":9232,"order_status":"PENDING_PAYMENT"}
{"order_customer_id":959,"order_id":9233,"order_status":"CLOSED"}
{"order_customer_id":4101,"order_id":9234,"order_status":"PROCESSING"}
{"order_customer_id":11801,"order_id":9235,"order_status":"PROCESSING"}
{"order_customer_id":3710,"order_id":9236,"order_status":"COMPLETE"}
{"order_customer_id":3644,"order_id":9237,"order_status":"ON_HOLD"}
{"order_customer_id":11778,"order_id":9238,"order_status":"PROCESSING"}
{"order_customer_id":2070,"order_id":9239,"order_status":"COMPLETE"}
{"order_customer_id":5788,"order_id":9240,"order_status":"COMPLETE"}
{"order_customer_id":2895,"order_id":9241,"order_status":"PROCESSING"}
{"order_customer_id":2994,"order_id":9242,"order_status":"COMPLETE"}
{"order_customer_id":5940,"order_id":9243,"order_status":"CLOSED"}
{"order_customer_id":3868,"order_id":9244,"order_status":"ON_HOLD"}
{"order_customer_id":10817,"order_id":9245,"order_status":"PENDING_PAYMENT"}
{"order_customer_id":11672,"order_id":9246,"order_status":"PENDING_PAYMENT"}
{"order_customer_id":7861,"order_id":9247,"order_status":"PENDING"}
{"order_customer_id":9383,"order_id":9248,"order_status":"COMPLETE"}
{"order_customer_id":8850,"order_id":9249,"order_status":"PENDING_PAYMENT"}
{"order_customer_id":12279,"order_id":9250,"order_status":"PENDING_PAYMENT"}
{"order_customer_id":6905,"order_id":9251,"order_status":"CANCELED"}
{"order_customer_id":7524,"order_id":9252,"order_status":"PENDING_PAYMENT"}
{"order_customer_id":12141,"order_id":9253,"order_status":"PENDING"}
{"order_customer_id":4309,"order_id":9254,"order_status":"PENDING_PAYMENT"}
{"order_customer_id":3121,"order_id":9255,"order_status":"COMPLETE"}
{"order_customer_id":2891,"order_id":9256,"order_status":"PENDING"}
{"order_customer_id":11285,"order_id":9257,"order_status":"PENDING_PAYMENT"}
{"order_customer_id":4342,"order_id":9258,"order_status":"SUSPECTED_FRAUD"}
{"order_customer_id":11441,"order_id":9259,"order_status":"COMPLETE"}
{"order_customer_id":10841,"order_id":9260,"order_status":"PENDING_PAYMENT"}
{"order_customer_id":4508,"order_id":9261,"order_status":"PROCESSING"}
{"order_customer_id":3440,"order_id":9262,"order_status":"PROCESSING"}
{"order_customer_id":9578,"order_id":9263,"order_status":"PROCESSING"}
{"order_customer_id":4949,"order_id":9264,"order_status":"ON_HOLD"}
{"order_customer_id":10014,"order_id":9265,"order_status":"ON_HOLD"}
{"order_customer_id":8716,"order_id":9266,"order_status":"COMPLETE"}
{"order_customer_id":1406,"order_id":9267,"order_status":"CLOSED"}
{"order_customer_id":11302,"order_id":9268,"order_status":"CLOSED"}
{"order_customer_id":1082,"order_id":9269,"order_status":"PENDING_PAYMENT"}
{"order_customer_id":9207,"order_id":9270,"order_status":"PENDING_PAYMENT"}
{"order_customer_id":4786,"order_id":9271,"order_status":"PROCESSING"}
{"order_customer_id":11422,"order_id":9272,"order_status":"PROCESSING"}
{"order_customer_id":7606,"order_id":9273,"order_status":"PENDING_PAYMENT"}
{"order_customer_id":4668,"order_id":9274,"order_status":"PENDING"}
{"order_customer_id":11634,"order_id":9275,"order_status":"PENDING"}
{"order_customer_id":6389,"order_id":9276,"order_status":"PROCESSING"}
{"order_customer_id":8253,"order_id":9277,"order_status":"PENDING_PAYMENT"}
{"order_customer_id":6455,"order_id":9278,"order_status":"CLOSED"}
{"order_customer_id":12281,"order_id":9279,"order_status":"PENDING_PAYMENT"}
{"order_customer_id":7452,"order_id":9280,"order_status":"PENDING_PAYMENT"}
{"order_customer_id":6457,"order_id":9281,"order_status":"CLOSED"}
{"order_customer_id":6782,"order_id":9282,"order_status":"PAYMENT_REVIEW"}
{"order_customer_id":9353,"order_id":9283,"order_status":"SUSPECTED_FRAUD"}
{"order_customer_id":7298,"order_id":9284,"order_status":"COMPLETE"}
{"order_customer_id":8825,"order_id":9285,"order_status":"COMPLETE"}
{"order_customer_id":5395,"order_id":9286,"order_status":"ON_HOLD"}
{"order_customer_id":12265,"order_id":9287,"order_status":"PENDING"}
{"order_customer_id":11036,"order_id":9288,"order_status":"PENDING_PAYMENT"}
{"order_customer_id":2711,"order_id":9289,"order_status":"CLOSED"}
{"order_customer_id":11879,"order_id":9290,"order_status":"COMPLETE"}
{"order_customer_id":4342,"order_id":9291,"order_status":"PROCESSING"}
{"order_customer_id":9002,"order_id":9292,"order_status":"COMPLETE"}
{"order_customer_id":6618,"order_id":9293,"order_status":"COMPLETE"}
{"order_customer_id":5627,"order_id":9294,"order_status":"PENDING_PAYMENT"}
{"order_customer_id":7601,"order_id":9295,"order_status":"COMPLETE"}
{"order_customer_id":1242,"order_id":9296,"order_status":"COMPLETE"}
{"order_customer_id":5676,"order_id":9297,"order_status":"ON_HOLD"}
{"order_customer_id":9243,"order_id":9298,"order_status":"PENDING_PAYMENT"}
{"order_customer_id":11630,"order_id":9299,"order_status":"COMPLETE"}
{"order_customer_id":1348,"order_id":9300,"order_status":"COMPLETE"}
{"order_customer_id":5167,"order_id":9301,"order_status":"COMPLETE"}
{"order_customer_id":2960,"order_id":9302,"order_status":"COMPLETE"}
{"order_customer_id":3344,"order_id":9303,"order_status":"COMPLETE"}
{"order_customer_id":11756,"order_id":9304,"order_status":"ON_HOLD"}
{"order_customer_id":5681,"order_id":9305,"order_status":"COMPLETE"}
{"order_customer_id":7218,"order_id":9306,"order_status":"COMPLETE"}
{"order_customer_id":10346,"order_id":9307,"order_status":"PROCESSING"}
{"order_customer_id":8634,"order_id":9308,"order_status":"PENDING"}
{"order_customer_id":5981,"order_id":9309,"order_status":"PROCESSING"}
{"order_customer_id":11388,"order_id":9310,"order_status":"PENDING"}
{"order_customer_id":8719,"order_id":9311,"order_status":"PROCESSING"}
{"order_customer_id":6812,"order_id":9312,"order_status":"PENDING_PAYMENT"}
{"order_customer_id":4348,"order_id":9313,"order_status":"PROCESSING"}
{"order_customer_id":8918,"order_id":9314,"order_status":"ON_HOLD"}
{"order_customer_id":5871,"order_id":9315,"order_status":"PENDING"}
{"order_customer_id":4753,"order_id":9316,"order_status":"COMPLETE"}
{"order_customer_id":7197,"order_id":9317,"order_status":"ON_HOLD"}
{"order_customer_id":6996,"order_id":9318,"order_status":"CLOSED"}
{"order_customer_id":3705,"order_id":9319,"order_status":"COMPLETE"}
{"order_customer_id":6510,"order_id":9320,"order_status":"COMPLETE"}
{"order_customer_id":1355,"order_id":9321,"order_status":"CLOSED"}
{"order_customer_id":3302,"order_id":9322,"order_status":"PENDING_PAYMENT"}
{"order_customer_id":10350,"order_id":9323,"order_status":"ON_HOLD"}
{"order_customer_id":6071,"order_id":9324,"order_status":"PENDING_PAYMENT"}
{"order_customer_id":1407,"order_id":9325,"order_status":"COMPLETE"}
{"order_customer_id":12191,"order_id":9326,"order_status":"PENDING"}
{"order_customer_id":9283,"order_id":9327,"order_status":"CANCELED"}
{"order_customer_id":7152,"order_id":9328,"order_status":"COMPLETE"}
{"order_customer_id":1997,"order_id":9329,"order_status":"PENDING"}
{"order_customer_id":9967,"order_id":9330,"order_status":"PROCESSING"}
{"order_customer_id":8002,"order_id":9331,"order_status":"PROCESSING"}
{"order_customer_id":176,"order_id":9332,"order_status":"PAYMENT_REVIEW"}
{"order_customer_id":4460,"order_id":59213,"order_status":"COMPLETE"}
{"order_customer_id":3226,"order_id":59214,"order_status":"PENDING_PAYMENT"}
{"order_customer_id":1506,"order_id":59215,"order_status":"CANCELED"}
{"order_customer_id":4621,"order_id":59216,"order_status":"COMPLETE"}
{"order_customer_id":4194,"order_id":59217,"order_status":"CLOSED"}
{"order_customer_id":5063,"order_id":59218,"order_status":"COMPLETE"}
{"order_customer_id":1790,"order_id":59219,"order_status":"PENDING"}
{"order_customer_id":11172,"order_id":59220,"order_status":"COMPLETE"}
{"order_customer_id":7830,"order_id":59221,"order_status":"COMPLETE"}
{"order_customer_id":6212,"order_id":59222,"order_status":"PROCESSING"}
{"order_customer_id":7710,"order_id":59223,"order_status":"COMPLETE"}
{"order_customer_id":11858,"order_id":59224,"order_status":"COMPLETE"}
{"order_customer_id":5146,"order_id":59225,"order_status":"PENDING_PAYMENT"}
{"order_customer_id":155,"order_id":59226,"order_status":"PROCESSING"}
{"order_customer_id":12135,"order_id":59227,"order_status":"PROCESSING"}
{"order_customer_id":2310,"order_id":67638,"order_status":"PAYMENT_REVIEW"}
{"order_customer_id":3520,"order_id":67639,"order_status":"CLOSED"}
{"order_customer_id":5899,"order_id":67640,"order_status":"PROCESSING"}
{"order_customer_id":11423,"order_id":67641,"order_status":"CLOSED"}
