{"order_customer_id":2638,"order_id":5096,"order_status":"PENDING"}
{"order_customer_id":8362,"order_id":5097,"order_status":"COMPLETE"}
{"order_customer_id":8758,"order_id":5098,"order_status":"COMPLETE"}
{"order_customer_id":11386,"order_id":5099,"order_status":"COMPLETE"}
{"order_customer_id":1415,"order_id":5100,"order_status":"PROCESSING"}
{"order_customer_id":20,"order_id":5101,"order_status":"COMPLETE"}
{"order_customer_id":4170,"order_id":5102,"order_status":"COMPLETE"}
{"order_customer_id":5458,"order_id":5103,"order_status":"COMPLETE"}
{"order_customer_id":12347,"order_id":5104,"order_status":"COMPLETE"}
{"order_customer_id":4456,"order_id":5105,"order_status":"PROCESSING"}
{"order_customer_id":7490,"order_id":5106,"order_status":"PENDING_PAYMENT"}
{"order_customer_id":4593,"order_id":5107,"order_status":"PENDING_PAYMENT"}
{"order_customer_id":11993,"order_id":5108,"order_status":"PENDING_PAYMENT"}
{"order_customer_id":8484,"order_id":5109,"order_status":"COMPLETE"}
{"order_customer_id":2355,"order_id":5110,"order_status":"SUSPECTED_FRAUD"}
{"order_customer_id":1207,"order_id":5111,"order_status":"PROCESSING"}
{"order_customer_id":4108,"order_id":5112,"order_status":"PENDING_PAYMENT"}
{"order_customer_id":7789,"order_id":5113,"order_status":"PENDING"}
{"order_customer_id":3014,"order_id":5114,"order_status":"PENDING_PAYMENT"}
{"order_customer_id":10269,"order_id":5115,"order_status":"PROCESSING"}
{"order_customer_id":2596,"order_id":5116,"order_status":"ON_HOLD"}
{"order_customer_id":440,"order_id":5117,"order_status":"PROCESSING"}
{"order_customer_id":4537,"order_id":5118,"order_status":"COMPLETE"}
{"order_customer_id":5049,"order_id":5119,"order_status":"PENDING"}
{"order_customer_id":3098,"order_id":5120,"order_status":"PENDING"}
{"order_customer_id":7299,"order_id":5121,"order_status":"CLOSED"}
{"order_customer_id":9740,"order_id":5122,"order_status":"CLOSED"}
{"order_customer_id":2422,"order_id":5123,"order_status":"PENDING_PAYMENT"}
{"order_customer_id":7753,"order_id":5124,"order_status":"PENDING"}
{"order_customer_id":11387,"order_id":5125,"order_status":"PROCESSING"}
{"order_customer_id":2833,"order_id":5126,"order_status":"SUSPECTED_FRAUD"}
{"order_customer_id":5533,"order_id":5127,"order_status":"PAYMENT_REVIEW"}
{"order_customer_id":10023,"order_id":5128,"order_status":"COMPLETE"}
{"order_customer_id":9144,"order_id":5129,"order_status":"PENDING_PAYMENT"}
{"order_customer_id":8610,"order_id":5130,"order_status":"CLOSED"}
{"order_customer_id":11515,"order_id":5131,"order_status":"COMPLETE"}
{"order_customer_id":11047,"order_id":5132,"order_status":"PAYMENT_REVIEW"}
{"order_customer_id":12422,"order_id":5133,"order_status":"PROCESSING"}
{"order_customer_id":2414,"order_id":5134,"order_status":"PENDING_PAYMENT"}
{"order_customer_id":10791,"order_id":5135,"order_status":"SUSPECTED_FRAUD"}
{"order_customer_id":11689,"order_id":5136,"order_status":"COMPLETE"}
{"order_customer_id":9448,"order_id":5137,"order_status":"CLOSED"}
{"order_customer_id":1901,"order_id":5138,"order_status":"COMPLETE"}
{"order_customer_id":7989,"order_id":5139,"order_status":"PENDING"}
{"order_customer_id":3634,"order_id":5140,"order_status":"COMPLETE"}
{"order_customer_id":5165,"order_id":5141,"order_status":"PENDING_PAYMENT"}
{"order_customer_id":10194,"order_id":5142,"order_status":"CLOSED"}
{"order_customer_id":1736,"order_id":5143,"order_status":"PROCESSING"}
{"order_customer_id":1072,"order_id":5144,"order_status":"COMPLETE"}
{"order_customer_id":2258,"order_id":5145,"order_status":"PENDING"}
{"order_customer_id":10210,"order_id":5146,"order_status":"PENDING_PAYMENT"}
{"order_customer_id":10356,"order_id":5147,"order_status":"PENDING_PAYMENT"}
{"order_customer_id":12075,"order_id":5148,"order_status":"COMPLETE"}
{"order_customer_id":4049,"order_id":5149,"order_status":"CLOSED"}
{"order_customer_id":6410,"order_id":5150,"order_status":"PENDING"}
{"order_customer_id":9190,"order_id":5151,"order_status":"COMPLETE"}
{"order_customer_id":8395,"order_id":5152,"order_status":"PENDING_PAYMENT"}
{"order_customer_id":2673,"order_id":5153,"order_status":"CANCELED"}
{"order_customer_id":12310,"order_id":5154,"order_status":"PROCESSING"}
{"order_customer_id":11479,"order_id":5155,"order_status":"SUSPECTED_FRAUD"}
{"order_customer_id":7119,"order_id":5156,"order_status":"CLOSED"}
{"order_customer_id":4832,"order_id":5157,"order_status":"PENDING_PAYMENT"}
{"order_customer_id":6458,"order_id":5158,"order_status":"CLOSED"}
{"order_customer_id":10002,"order_id":5159,"order_status":"PROCESSING"}
{"order_customer_id":3420,"order_id":5160,"order_status":"SUSPECTED_FRAUD"}
{"order_customer_id":4836,"order_id":5161,"order_status":"PENDING"}
{"order_customer_id":4471,"order_id":5162,"order_status":"CLOSED"}
{"order_customer_id":9149,"order_id":5163,"order_status":"COMPLETE"}
{"order_customer_id":12357,"order_id":5164,"order_status":"CLOSED"}
{"order_customer_id":2370,"order_id":5165,"order_status":"PENDING_PAYMENT"}
{"order_customer_id":9308,"order_id":5166,"order_status":"COMPLETE"}
{"order_customer_id":6132,"order_id":5167,"order_status":"COMPLETE"}
{"order_customer_id":5830,"order_id":5168,"order_status":"COMPLETE"}
{"order_customer_id":5016,"order_id":5169,"order_status":"PROCESSING"}
{"order_customer_id":8132,"order_id":5170,"order_status":"COMPLETE"}
{"order_customer_id":8225,"order_id":5171,"order_status":"CLOSED"}
{"order_customer_id":4045,"order_id":5172,"order_status":"COMPLETE"}
{"order_customer_id":8821,"order_id":5173,"order_status":"COMPLETE"}
{"order_customer_id":4729,"order_id":5174,"order_status":"SUSPECTED_FRAUD"}
{"order_customer_id":3077,"order_id":5175,"order_status":"PENDING_PAYMENT"}
{"order_customer_id":784,"order_id":5176,"order_status":"COMPLETE"}
{"order_customer_id":4876,"order_id":5177,"order_status":"PENDING"}
{"order_customer_id":8143,"order_id":5178,"order_status":"PROCESSING"}
{"order_customer_id":8451,"order_id":5179,"order_status":"PENDING_PAYMENT"}
{"order_customer_id":6881,"order_id":5180,"order_status":"COMPLETE"}
{"order_customer_id":6965,"order_id":5181,"order_status":"PENDING_PAYMENT"}
{"order_customer_id":7507,"order_id":5182,"order_status":"ON_HOLD"}
{"order_customer_id":10512,"order_id":5183,"order_status":"ON_HOLD"}
{"order_customer_id":11598,"order_id":5184,"order_status":"PENDING"}
{"order_customer_id":11343,"order_id":5185,"order_status":"SUSPECTED_FRAUD"}
{"order_customer_id":5865,"order_id":5186,"order_status":"ON_HOLD"}
{"order_customer_id":4424,"order_id":5187,"order_status":"PAYMENT_REVIEW"}
{"order_customer_id":8645,"order_id":5188,"order_status":"COMPLETE"}
{"order_customer_id":1524,"order_id":5189,"order_status":"SUSPECTED_FRAUD"}
{"order_customer_id":10492,"order_id":5190,"order_status":"PENDING_PAYMENT"}
{"order_customer_id":109,"order_id":5191,"order_status":"COMPLETE"}
{"order_customer_id":3303,"order_id":5192,"order_status":"PROCESSING"}
{"order_customer_id":9496,"order_id":5193,"order_status":"SUSPECTED_FRAUD"}
{"order_customer_id":7549,"order_id":5194,"order_status":"PENDING_PAYMENT"}
{"order_customer_id":1182,"order_id":5195,"order_status":"ON_HOLD"}
{"order_customer_id":9899,"order_id":5196,"order_status":"PENDING_PAYMENT"}
{"order_customer_id":10850,"order_id":5197,"order_status":"SUSPECTED_FRAUD"}
{"order_customer_id":6589,"order_id":5198,"order_status":"PENDING_PAYMENT"}
{"order_customer_id":10684,"order_id":5199,"order_status":"PENDING_PAYMENT"}
{"order_customer_id":7041,"order_id":5200,"order_status":"PENDING"}
{"order_customer_id":9005,"order_id":5201,"order_status":"PROCESSING"}
{"order_customer_id":10570,"order_id":5202,"order_status":"PENDING"}
{"order_customer_id":11196,"order_id":5203,"order_status":"COMPLETE"}
{"order_customer_id":4579,"order_id":5204,"order_status":"CLOSED"}
{"order_customer_id":11781,"order_id":5205,"order_status":"SUSPECTED_FRAUD"}
{"order_customer_id":9364,"order_id":5206,"order_status":"CLOSED"}
{"order_customer_id":6119,"order_id":5207,"order_status":"CANCELED"}
{"order_customer_id":5781,"order_id":5208,"order_status":"PENDING_PAYMENT"}
{"order_customer_id":9565,"order_id":5209,"order_status":"ON_HOLD"}
{"order_customer_id":1399,"order_id":5210,"order_status":"COMPLETE"}
{"order_customer_id":11117,"order_id":5211,"order_status":"COMPLETE"}
{"order_customer_id":1571,"order_id":5212,"order_status":"ON_HOLD"}
{"order_customer_id":5026,"order_id":5213,"order_status":"PROCESSING"}
{"order_customer_id":3021,"order_id":5214,"order_status":"PENDING_PAYMENT"}
{"order_customer_id":4568,"order_id":5215,"order_status":"COMPLETE"}
{"order_customer_id":6095,"order_id":5216,"order_status":"PROCESSING"}
{"order_customer_id":2613,"order_id":5217,"order_status":"PROCESSING"}
{"order_customer_id":7136,"order_id":5218,"order_status":"PENDING_PAYMENT"}
{"order_customer_id":6155,"order_id":5219,"order_status":"PENDING"}
{"order_customer_id":7134,"order_id":5220,"order_status":"COMPLETE"}
{"order_customer_id":8652,"order_id":5221,"order_status":"ON_HOLD"}
{"order_customer_id":7893,"order_id":5222,"order_status":"COMPLETE"}
{"order_customer_id":9761,"order_id":5223,"order_status":"COMPLETE"}
{"order_customer_id":966,"order_id":5224,"order_status":"PENDING_PAYMENT"}
{"order_customer_id":10818,"order_id":5225,"order_status":"COMPLETE"}
{"order_customer_id":1745,"order_id":5226,"order_status":"COMPLETE"}
{"order_customer_id":6215,"order_id":5227,"order_status":"PENDING"}
{"order_customer_id":10735,"order_id":5228,"order_status":"PENDING"}
{"order_customer_id":2060,"order_id":5229,"order_status":"PENDING_PAYMENT"}
{"order_customer_id":10096,"order_id":5230,"order_status":"ON_HOLD"}
{"order_customer_id":1612,"order_id":5231,"order_status":"COMPLETE"}
{"order_customer_id":12215,"order_id":5232,"order_status":"COMPLETE"}
{"order_customer_id":1283,"order_id":5233,"order_status":"PENDING_PAYMENT"}
{"order_customer_id":7710,"order_id":5234,"order_status":"PENDING_PAYMENT"}
{"order_customer_id":9916,"order_id":5235,"order_status":"COMPLETE"}
{"order_customer_id":11176,"order_id":5236,"order_status":"CLOSED"}
{"order_customer_id":4265,"order_id":5237,"order_status":"CLOSED"}
{"order_customer_id":5741,"order_id":5238,"order_status":"COMPLETE"}
{"order_customer_id":5573,"order_id":5239,"order_status":"ON_HOLD"}
{"order_customer_id":5151,"order_id":5240,"order_status":"COMPLETE"}
{"order_customer_id":7594,"order_id":5241,"order_status":"PROCESSING"}
{"order_customer_id":3853,"order_id":5242,"order_status":"PENDING_PAYMENT"}
{"order_customer_id":5388,"order_id":5243,"order_status":"COMPLETE"}
{"order_customer_id":1216,"order_id":5244,"order_status":"COMPLETE"}
{"order_customer_id":11361,"order_id":5245,"order_status":"COMPLETE"}
{"order_customer_id":8427,"order_id":5246,"order_status":"ON_HOLD"}
{"order_customer_id":9549,"order_id":5247,"order_status":"COMPLETE"}
{"order_customer_id":865,"order_id":5248,"order_status":"CLOSED"}
{"order_customer_id":11703,"order_id":5249,"order_status":"PENDING_PAYMENT"}
{"order_customer_id":1443,"order_id":5250,"order_status":"COMPLETE"}
{"order_customer_id":3975,"order_id":5251,"order_status":"ON_HOLD"}
{"order_customer_id":7618,"order_id":5252,"order_status":"COMPLETE"}
{"order_customer_id":4081,"order_id":5253,"order_status":"PENDING"}
{"order_customer_id":1634,"order_id":5254,"order_status":"PENDING_PAYMENT"}
{"order_customer_id":5993,"order_id":5255,"order_status":"SUSPECTED_FRAUD"}
{"order_customer_id":4391,"order_id":5256,"order_status":"CANCELED"}
{"order_customer_id":7621,"order_id":5257,"order_status":"PENDING_PAYMENT"}
{"order_customer_id":4067,"order_id":5258,"order_status":"COMPLETE"}
{"order_customer_id":3738,"order_id":5259,"order_status":"PROCESSING"}
{"order_customer_id":2032,"order_id":5260,"order_status":"ON_HOLD"}
{"order_customer_id":9159,"order_id":5261,"order_status":"COMPLETE"}
{"order_customer_id":7925,"order_id":5262,"order_status":"COMPLETE"}
{"order_customer_id":4333,"order_id":5263,"order_status":"PENDING_PAYMENT"}
{"order_customer_id":6631,"order_id":5264,"order_status":"PENDING_PAYMENT"}
{"order_customer_id":8447,"order_id":5265,"order_status":"PENDING_PAYMENT"}
{"order_customer_id":11947,"order_id":5266,"order_status":"COMPLETE"}
{"order_customer_id":11575,"order_id":5267,"order_status":"PROCESSING"}
{"order_customer_id":1782,"order_id":5268,"order_status":"CLOSED"}
{"order_customer_id":11930,"order_id":5269,"order_status":"PENDING_PAYMENT"}
{"order_customer_id":1012,"order_id":5270,"order_status":"CANCELED"}
{"order_customer_id":5656,"order_id":5271,"order_status":"PENDING_PAYMENT"}
{"order_customer_id":5451,"order_id":5272,"order_status":"CLOSED"}
{"order_customer_id":3787,"order_id":5273,"order_status":"PENDING_PAYMENT"}
{"order_customer_id":10441,"order_id":5274,"order_status":"CLOSED"}
{"order_customer_id":8248,"order_id":5275,"order_status":"COMPLETE"}
{"order_customer_id":8209,"order_id":58571,"order_status":"CANCELED"}
{"order_customer_id":319,"order_id":58572,"order_status":"PROCESSING"}
{"order_customer_id":3236,"order_id":58573,"order_status":"PROCESSING"}
{"order_customer_id":11882,"order_id":58574,"order_status":"PENDING_PAYMENT"}
{"order_customer_id":8518,"order_id":58575,"order_status":"COMPLETE"}
{"order_customer_id":8767,"order_id":58576,"order_status":"COMPLETE"}
{"order_customer_id":867,"order_id":58577,"order_status":"PROCESSING"}
{"order_customer_id":10448,"order_id":58578,"order_status":"PENDING"}
{"order_customer_id":6215,"order_id":58579,"order_status":"PROCESSING"}
{"order_customer_id":10787,"order_id":58580,"order_status":"PENDING_PAYMENT"}
{"order_customer_id":7775,"order_id":58581,"order_status":"COMPLETE"}
{"order_customer_id":8097,"order_id":58582,"order_status":"PENDING"}
{"order_customer_id":10964,"order_id":58583,"order_status":"PROCESSING"}
{"order_customer_id":12226,"order_id":58584,"order_status":"PENDING"}
{"order_customer_id":1379,"order_id":58585,"order_status":"CANCELED"}
{"order_customer_id":7831,"order_id":58586,"order_status":"COMPLETE"}
{"order_customer_id":4600,"order_id":58587,"order_status":"PENDING_PAYMENT"}
{"order_customer_id":3394,"order_id":67533,"order_status":"PENDING"}
{"order_customer_id":9413,"order_id":67534,"order_status":"PENDING_PAYMENT"}
{"order_customer_id":10780,"order_id":67535,"order_status":"PENDING"}
