{"order_customer_id":2349,"order_id":33718,"order_status":"PENDING_PAYMENT"}
{"order_customer_id":1913,"order_id":33719,"order_status":"COMPLETE"}
{"order_customer_id":12199,"order_id":33720,"order_status":"PENDING"}
{"order_customer_id":4899,"order_id":33721,"order_status":"CLOSED"}
{"order_customer_id":12427,"order_id":33722,"order_status":"COMPLETE"}
{"order_customer_id":3706,"order_id":33723,"order_status":"ON_HOLD"}
{"order_customer_id":5217,"order_id":33724,"order_status":"CLOSED"}
{"order_customer_id":1973,"order_id":33725,"order_status":"PENDING_PAYMENT"}
{"order_customer_id":11906,"order_id":33726,"order_status":"PENDING_PAYMENT"}
{"order_customer_id":2144,"order_id":33727,"order_status":"PENDING_PAYMENT"}
{"order_customer_id":935,"order_id":33728,"order_status":"COMPLETE"}
{"order_customer_id":5085,"order_id":33729,"order_status":"PENDING_PAYMENT"}
{"order_customer_id":10305,"order_id":33730,"order_status":"SUSPECTED_FRAUD"}
{"order_customer_id":565,"order_id":33731,"order_status":"PROCESSING"}
{"order_customer_id":6496,"order_id":33732,"order_status":"COMPLETE"}
{"order_customer_id":11309,"order_id":33733,"order_status":"PROCESSING"}
{"order_customer_id":9607,"order_id":33734,"order_status":"PENDING_PAYMENT"}
{"order_customer_id":154,"order_id":33735,"order_status":"PENDING"}
{"order_customer_id":2680,"order_id":33736,"order_status":"PENDING_PAYMENT"}
{"order_customer_id":7931,"order_id":33737,"order_status":"CLOSED"}
{"order_customer_id":7040,"order_id":33738,"order_status":"COMPLETE"}
{"order_customer_id":6405,"order_id":33739,"order_status":"PENDING_PAYMENT"}
{"order_customer_id":1070,"order_id":33740,"order_status":"PENDING"}
{"order_customer_id":11430,"order_id":33741,"order_status":"PENDING_PAYMENT"}
{"order_customer_id":3422,"order_id":33742,"order_status":"PENDING_PAYMENT"}
{"order_customer_id":8150,"order_id":33743,"order_status":"COMPLETE"}
{"order_customer_id":3815,"order_id":33744,"order_status":"PROCESSING"}
{"order_customer_id":6501,"order_id":33745,"order_status":"PENDING_PAYMENT"}
{"order_customer_id":10736,"order_id":33746,"order_status":"CLOSED"}
{"order_customer_id":2088,"order_id":33747,"order_status":"COMPLETE"}
{"order_customer_id":425,"order_id":33748,"order_status":"COMPLETE"}
{"order_customer_id":5160,"order_id":33749,"order_status":"PENDING_PAYMENT"}
{"order_customer_id":3265,"order_id":33750,"order_status":"PENDING_PAYMENT"}
{"order_customer_id":3403,"order_id":33751,"order_status":"CLOSED"}
{"order_customer_id":7152,"order_id":33752,"order_status":"COMPLETE"}
{"order_customer_id":1671,"order_id":33753,"order_status":"CLOSED"}
{"order_customer_id":10352,"order_id":33754,"order_status":"PENDING"}
{"order_customer_id":8461,"order_id":33755,"order_status":"CANCELED"}
{"order_customer_id":12028,"order_id":33756,"order_status":"PROCESSING"}
{"order_customer_id":2888,"order_id":33757,"order_status":"COMPLETE"}
{"order_customer_id":1993,"order_id":33758,"order_status":"COMPLETE"}
{"order_customer_id":2803,"order_id":33759,"order_status":"COMPLETE"}
{"order_customer_id":9273,"order_id":33760,"order_status":"COMPLETE"}
{"order_customer_id":11763,"order_id":33761,"order_status":"PENDING_PAYMENT"}
{"order_customer_id":6007,"order_id":33762,"order_status":"PROCESSING"}
{"order_customer_id":5502,"order_id":33763,"order_status":"COMPLETE"}
{"order_customer_id":3082,"order_id":33764,"order_status":"ON_HOLD"}
{"order_customer_id":10363,"order_id":33765,"order_status":"PENDING"}
{"order_customer_id":11979,"order_id":33766,"order_status":"PROCESSING"}
{"order_customer_id":12232,"order_id":33767,"order_status":"PENDING_PAYMENT"}
{"order_customer_id":5767,"order_id":33768,"order_status":"ON_HOLD"}
{"order_customer_id":4300,"order_id":33769,"order_status":"PENDING"}
{"order_customer_id":4456,"order_id":33770,"order_status":"PENDING"}
{"order_customer_id":1463,"order_id":33771,"order_status":"CLOSED"}
{"order_customer_id":6097,"order_id":33772,"order_status":"PENDING"}
{"order_customer_id":2942,"order_id":33773,"order_status":"CLOSED"}
{"order_customer_id":10912,"order_id":33774,"order_status":"PENDING"}
{"order_customer_id":2536,"order_id":33775,"order_status":"PENDING_PAYMENT"}
{"order_customer_id":3380,"order_id":33776,"order_status":"COMPLETE"}
{"order_customer_id":6611,"order_id":33777,"order_status":"PROCESSING"}
{"order_customer_id":6184,"order_id":33778,"order_status":"PROCESSING"}
{"order_customer_id":5509,"order_id":33779,"order_status":"CLOSED"}
{"order_customer_id":3409,"order_id":33780,"order_status":"PENDING"}
{"order_customer_id":5090,"order_id":33781,"order_status":"CANCELED"}
{"order_customer_id":8999,"order_id":33782,"order_status":"PENDING_PAYMENT"}
{"order_customer_id":6719,"order_id":33783,"order_status":"CLOSED"}
{"order_customer_id":7938,"order_id":33784,"order_status":"COMPLETE"}
{"order_customer_id":5857,"order_id":33785,"order_status":"COMPLETE"}
{"order_customer_id":9517,"order_id":33786,"order_status":"PENDING"}
{"order_customer_id":9284,"order_id":33787,"order_status":"COMPLETE"}
{"order_customer_id":11417,"order_id":33788,"order_status":"PENDING_PAYMENT"}
{"order_customer_id":10098,"order_id":33789,"order_status":"PENDING"}
{"order_customer_id":12241,"order_id":33790,"order_status":"ON_HOLD"}
{"order_customer_id":4105,"order_id":33791,"order_status":"COMPLETE"}
{"order_customer_id":12329,"order_id":33792,"order_status":"COMPLETE"}
{"order_customer_id":4935,"order_id":33793,"order_status":"CLOSED"}
{"order_customer_id":10171,"order_id":33794,"order_status":"COMPLETE"}
{"order_customer_id":5883,"order_id":33795,"order_status":"CLOSED"}
{"order_customer_id":10392,"order_id":33796,"order_status":"COMPLETE"}
{"order_customer_id":11961,"order_id":33797,"order_status":"PENDING_PAYMENT"}
{"order_customer_id":9873,"order_id":33798,"order_status":"PENDING_PAYMENT"}
{"order_customer_id":805,"order_id":33799,"order_status":"COMPLETE"}
{"order_customer_id":3523,"order_id":33800,"order_status":"CANCELED"}
{"order_customer_id":7151,"order_id":33801,"order_status":"COMPLETE"}
{"order_customer_id":6626,"order_id":33802,"order_status":"COMPLETE"}
{"order_customer_id":487,"order_id":33803,"order_status":"PROCESSING"}
{"order_customer_id":3876,"order_id":33804,"order_status":"PENDING_PAYMENT"}
{"order_customer_id":4219,"order_id":33805,"order_status":"PENDING"}
{"order_customer_id":7260,"order_id":33806,"order_status":"CLOSED"}
{"order_customer_id":9260,"order_id":33807,"order_status":"COMPLETE"}
{"order_customer_id":9526,"order_id":33808,"order_status":"COMPLETE"}
{"order_customer_id":11358,"order_id":33809,"order_status":"CLOSED"}
{"order_customer_id":4810,"order_id":33810,"order_status":"COMPLETE"}
{"order_customer_id":7226,"order_id":33811,"order_status":"PENDING_PAYMENT"}
{"order_customer_id":3493,"order_id":33812,"order_status":"PENDING"}
{"order_customer_id":5515,"order_id":33813,"order_status":"CANCELED"}
{"order_customer_id":9823,"order_id":33814,"order_status":"PROCESSING"}
{"order_customer_id":6876,"order_id":33815,"order_status":"COMPLETE"}
{"order_customer_id":1282,"order_id":33816,"order_status":"COMPLETE"}
{"order_customer_id":83,"order_id":33817,"order_status":"PENDING_PAYMENT"}
{"order_customer_id":5423,"order_id":33818,"order_status":"COMPLETE"}
{"order_customer_id":1722,"order_id":33819,"order_status":"PROCESSING"}
{"order_customer_id":4576,"order_id":33820,"order_status":"PENDING_PAYMENT"}
{"order_customer_id":6852,"order_id":33821,"order_status":"COMPLETE"}
{"order_customer_id":7458,"order_id":33822,"order_status":"PENDING_PAYMENT"}
{"order_customer_id":2364,"order_id":33823,"order_status":"PENDING_PAYMENT"}
{"order_customer_id":1509,"order_id":33824,"order_status":"SUSPECTED_FRAUD"}
{"order_customer_id":11017,"order_id":33825,"order_status":"PENDING_PAYMENT"}
{"order_customer_id":9730,"order_id":33826,"order_status":"COMPLETE"}
{"order_customer_id":10500,"order_id":33827,"order_status":"PENDING_PAYMENT"}
{"order_customer_id":6702,"order_id":33828,"order_status":"COMPLETE"}
{"order_customer_id":9138,"order_id":33829,"order_status":"CANCELED"}
{"order_customer_id":11504,"order_id":33830,"order_status":"COMPLETE"}
{"order_customer_id":101,"order_id":33831,"order_status":"PROCESSING"}
{"order_customer_id":11613,"order_id":33832,"order_status":"PENDING"}
{"order_customer_id":4514,"order_id":33833,"order_status":"COMPLETE"}
{"order_customer_id":8139,"order_id":33834,"order_status":"COMPLETE"}
{"order_customer_id":3736,"order_id":33835,"order_status":"PENDING_PAYMENT"}
{"order_customer_id":5381,"order_id":33836,"order_status":"COMPLETE"}
{"order_customer_id":6536,"order_id":33837,"order_status":"PENDING"}
{"order_customer_id":6811,"order_id":33838,"order_status":"PROCESSING"}
{"order_customer_id":4233,"order_id":33839,"order_status":"COMPLETE"}
{"order_customer_id":2042,"order_id":33840,"order_status":"PENDING_PAYMENT"}
{"order_customer_id":1071,"order_id":33841,"order_status":"PENDING_PAYMENT"}
{"order_customer_id":4929,"order_id":33842,"order_status":"PENDING"}
{"order_customer_id":249,"order_id":33843,"order_status":"PROCESSING"}
{"order_customer_id":5569,"order_id":33844,"order_status":"PROCESSING"}
{"order_customer_id":2507,"order_id":33845,"order_status":"PENDING_PAYMENT"}
{"order_customer_id":2615,"order_id":33846,"order_status":"COMPLETE"}
{"order_customer_id":6817,"order_id":33847,"order_status":"PENDING_PAYMENT"}
{"order_customer_id":10834,"order_id":33848,"order_status":"PENDING"}
{"order_customer_id":10591,"order_id":33849,"order_status":"PROCESSING"}
{"order_customer_id":5173,"order_id":33850,"order_status":"PENDING"}
{"order_customer_id":2473,"order_id":33851,"order_status":"COMPLETE"}
{"order_customer_id":10493,"order_id":33852,"order_status":"PENDING_PAYMENT"}
{"order_customer_id":9969,"order_id":33853,"order_status":"COMPLETE"}
{"order_customer_id":4279,"order_id":33854,"order_status":"CLOSED"}
{"order_customer_id":3198,"order_id":33855,"order_status":"ON_HOLD"}
{"order_customer_id":12048,"order_id":33856,"order_status":"CLOSED"}
{"order_customer_id":2234,"order_id":33857,"order_status":"ON_HOLD"}
{"order_customer_id":12110,"order_id":33858,"order_status":"PROCESSING"}
{"order_customer_id":10343,"order_id":33859,"order_status":"PAYMENT_REVIEW"}
{"order_customer_id":454,"order_id":33860,"order_status":"COMPLETE"}
{"order_customer_id":8586,"order_id":33861,"order_status":"PROCESSING"}
{"order_customer_id":7056,"order_id":33862,"order_status":"ON_HOLD"}
{"order_customer_id":2507,"order_id":33863,"order_status":"PENDING"}
{"order_customer_id":8421,"order_id":33864,"order_status":"ON_HOLD"}
{"order_customer_id":2,"order_id":33865,"order_status":"COMPLETE"}
{"order_customer_id":9933,"order_id":33866,"order_status":"PENDING_PAYMENT"}
{"order_customer_id":5578,"order_id":33867,"order_status":"COMPLETE"}
{"order_customer_id":8785,"order_id":33868,"order_status":"PENDING"}
{"order_customer_id":10561,"order_id":33869,"order_status":"COMPLETE"}
{"order_customer_id":10529,"order_id":33870,"order_status":"COMPLETE"}
{"order_customer_id":3354,"order_id":33871,"order_status":"PROCESSING"}
{"order_customer_id":11378,"order_id":33872,"order_status":"COMPLETE"}
{"order_customer_id":11365,"order_id":33873,"order_status":"CLOSED"}
{"order_customer_id":7627,"order_id":33874,"order_status":"COMPLETE"}
{"order_customer_id":4433,"order_id":33875,"order_status":"COMPLETE"}
{"order_customer_id":9412,"order_id":33876,"order_status":"COMPLETE"}
{"order_customer_id":11774,"order_id":33877,"order_status":"PENDING_PAYMENT"}
{"order_customer_id":5671,"order_id":33878,"order_status":"COMPLETE"}
{"order_customer_id":2192,"order_id":33879,"order_status":"COMPLETE"}
{"order_customer_id":1787,"order_id":33880,"order_status":"COMPLETE"}
{"order_customer_id":12385,"order_id":33881,"order_status":"COMPLETE"}
{"order_customer_id":6714,"order_id":33882,"order_status":"COMPLETE"}
{"order_customer_id":8556,"order_id":33883,"order_status":"PROCESSING"}
{"order_customer_id":6199,"order_id":33884,"order_status":"PENDING"}
{"order_customer_id":9055,"order_id":33885,"order_status":"PENDING_PAYMENT"}
{"order_customer_id":10152,"order_id":33886,"order_status":"COMPLETE"}
{"order_customer_id":8040,"order_id":33887,"order_status":"PENDING"}
{"order_customer_id":5989,"order_id":33888,"order_status":"PENDING_PAYMENT"}
{"order_customer_id":8799,"order_id":33889,"order_status":"SUSPECTED_FRAUD"}
{"order_customer_id":9200,"order_id":33890,"order_status":"PAYMENT_REVIEW"}
{"order_customer_id":10705,"order_id":33891,"order_status":"PROCESSING"}
{"order_customer_id":4560,"order_id":33892,"order_status":"PENDING_PAYMENT"}
{"order_customer_id":8272,"order_id":33893,"order_status":"COMPLETE"}
{"order_customer_id":9340,"order_id":33894,"order_status":"PENDING_PAYMENT"}
{"order_customer_id":7770,"order_id":33895,"order_status":"COMPLETE"}
{"order_customer_id":1012,"order_id":33896,"order_status":"COMPLETE"}
{"order_customer_id":5688,"order_id":33897,"order_status":"PENDING"}
{"order_customer_id":10707,"order_id":33898,"order_status":"COMPLETE"}
{"order_customer_id":5682,"order_id":33899,"order_status":"COMPLETE"}
{"order_customer_id":935,"order_id":33900,"order_status":"PROCESSING"}
{"order_customer_id":6487,"order_id":33901,"order_status":"PENDING"}
{"order_customer_id":7129,"order_id":33902,"order_status":"PENDING_PAYMENT"}
{"order_customer_id":11800,"order_id":33903,"order_status":"COMPLETE"}
{"order_customer_id":4541,"order_id":33904,"order_status":"COMPLETE"}
{"order_customer_id":5863,"order_id":33905,"order_status":"PENDING_PAYMENT"}
{"order_customer_id":4192,"order_id":33906,"order_status":"PROCESSING"}
{"order_customer_id":3075,"order_id":33907,"order_status":"COMPLETE"}
{"order_customer_id":8952,"order_id":33908,"order_status":"PENDING_PAYMENT"}
{"order_customer_id":6008,"order_id":33909,"order_status":"PENDING_PAYMENT"}
{"order_customer_id":9214,"order_id":33910,"order_status":"PENDING_PAYMENT"}
{"order_customer_id":7619,"order_id":33911,"order_status":"COMPLETE"}
{"order_customer_id":1711,"order_id":33912,"order_status":"PENDING_PAYMENT"}
{"order_customer_id":11399,"order_id":33913,"order_status":"COMPLETE"}
{"order_customer_id":2126,"order_id":33914,"order_status":"PAYMENT_REVIEW"}
{"order_customer_id":7712,"order_id":33915,"order_status":"COMPLETE"}
{"order_customer_id":2187,"order_id":33916,"order_status":"COMPLETE"}
{"order_customer_id":6866,"order_id":33917,"order_status":"PENDING"}
{"order_customer_id":11317,"order_id":33918,"order_status":"PENDING"}
{"order_customer_id":330,"order_id":33919,"order_status":"PENDING"}
{"order_customer_id":8932,"order_id":63250,"order_status":"PROCESSING"}
{"order_customer_id":10255,"order_id":63251,"order_status":"COMPLETE"}
{"order_customer_id":12391,"order_id":63252,"order_status":"PENDING"}
{"order_customer_id":566,"order_id":63253,"order_status":"COMPLETE"}
{"order_customer_id":5015,"order_id":63254,"order_status":"PENDING_PAYMENT"}
{"order_customer_id":11496,"order_id":63255,"order_status":"COMPLETE"}
{"order_customer_id":3902,"order_id":63256,"order_status":"COMPLETE"}
{"order_customer_id":10774,"order_id":63257,"order_status":"PENDING_PAYMENT"}
{"order_customer_id":12089,"order_id":63258,"order_status":"PENDING_PAYMENT"}
{"order_customer_id":1409,"order_id":63259,"order_status":"COMPLETE"}
{"order_customer_id":6718,"order_id":63260,"order_status":"COMPLETE"}
{"order_customer_id":12001,"order_id":63261,"order_status":"CLOSED"}
{"order_customer_id":5870,"order_id":68151,"order_status":"COMPLETE"}
{"order_customer_id":2015,"order_id":68152,"order_status":"CLOSED"}
{"order_customer_id":9215,"order_id":68153,"order_status":"PENDING"}
{"order_customer_id":2120,"order_id":68154,"order_status":"CANCELED"}
{"order_customer_id":2079,"order_id":68801,"order_status":"PENDING_PAYMENT"}
