{"order_customer_id":498,"order_id":25381,"order_status":"COMPLETE"}
{"order_customer_id":3310,"order_id":25382,"order_status":"PENDING_PAYMENT"}
{"order_customer_id":3613,"order_id":25383,"order_status":"CLOSED"}
{"order_customer_id":9302,"order_id":25384,"order_status":"PENDING"}
{"order_customer_id":8083,"order_id":25385,"order_status":"COMPLETE"}
{"order_customer_id":6532,"order_id":25386,"order_status":"PROCESSING"}
{"order_customer_id":10213,"order_id":25387,"order_status":"PENDING_PAYMENT"}
{"order_customer_id":11145,"order_id":25388,"order_status":"COMPLETE"}
{"order_customer_id":5321,"order_id":25389,"order_status":"COMPLETE"}
{"order_customer_id":6939,"order_id":25390,"order_status":"PENDING"}
{"order_customer_id":11247,"order_id":25391,"order_status":"PENDING_PAYMENT"}
{"order_customer_id":10564,"order_id":25392,"order_status":"COMPLETE"}
{"order_customer_id":7858,"order_id":25393,"order_status":"SUSPECTED_FRAUD"}
{"order_customer_id":6140,"order_id":25394,"order_status":"PROCESSING"}
{"order_customer_id":12238,"order_id":25395,"order_status":"COMPLETE"}
{"order_customer_id":1954,"order_id":25396,"order_status":"PENDING"}
{"order_customer_id":7976,"order_id":25397,"order_status":"PENDING_PAYMENT"}
{"order_customer_id":12082,"order_id":25398,"order_status":"COMPLETE"}
{"order_customer_id":5367,"order_id":25399,"order_status":"CLOSED"}
{"order_customer_id":3554,"order_id":25400,"order_status":"COMPLETE"}
{"order_customer_id":6557,"order_id":25401,"order_status":"COMPLETE"}
{"order_customer_id":2799,"order_id":25402,"order_status":"ON_HOLD"}
{"order_customer_id":7602,"order_id":25403,"order_status":"PROCESSING"}
{"order_customer_id":6990,"order_id":25404,"order_status":"PROCESSING"}
{"order_customer_id":227,"order_id":25405,"order_status":"COMPLETE"}
{"order_customer_id":5099,"order_id":25406,"order_status":"COMPLETE"}
{"order_customer_id":1249,"order_id":25407,"order_status":"COMPLETE"}
{"order_customer_id":10459,"order_id":25408,"order_status":"ON_HOLD"}
{"order_customer_id":4693,"order_id":25409,"order_status":"PENDING_PAYMENT"}
{"order_customer_id":5575,"order_id":25410,"order_status":"PENDING_PAYMENT"}
{"order_customer_id":11183,"order_id":25411,"order_status":"PENDING"}
{"order_customer_id":12046,"order_id":25412,"order_status":"COMPLETE"}
{"order_customer_id":2625,"order_id":25413,"order_status":"PROCESSING"}
{"order_customer_id":11012,"order_id":25414,"order_status":"CLOSED"}
{"order_customer_id":8409,"order_id":25415,"order_status":"PROCESSING"}
{"order_customer_id":11522,"order_id":25416,"order_status":"PENDING_PAYMENT"}
{"order_customer_id":684,"order_id":25417,"order_status":"PENDING_PAYMENT"}
{"order_customer_id":11438,"order_id":25418,"order_status":"PENDING"}
{"order_customer_id":5767,"order_id":25419,"order_status":"PENDING_PAYMENT"}
{"order_customer_id":4473,"order_id":25420,"order_status":"COMPLETE"}
{"order_customer_id":11128,"order_id":25421,"order_status":"PENDING_PAYMENT"}
{"order_customer_id":622,"order_id":25422,"order_status":"PROCESSING"}
{"order_customer_id":2951,"order_id":25423,"order_status":"COMPLETE"}
{"order_customer_id":318,"order_id":25424,"order_status":"COMPLETE"}
{"order_customer_id":12236,"order_id":25425,"order_status":"CLOSED"}
{"order_customer_id":1171,"order_id":25426,"order_status":"COMPLETE"}
{"order_customer_id":5401,"order_id":25427,"order_status":"PENDING_PAYMENT"}
{"order_customer_id":8389,"order_id":25428,"order_status":"COMPLETE"}
{"order_customer_id":2859,"order_id":25429,"order_status":"COMPLETE"}
{"order_customer_id":2813,"order_id":25430,"order_status":"COMPLETE"}
{"order_customer_id":5283,"order_id":25431,"order_status":"CLOSED"}
{"order_customer_id":7423,"order_id":25432,"order_status":"COMPLETE"}
{"order_customer_id":1868,"order_id":25433,"order_status":"COMPLETE"}
{"order_customer_id":7910,"order_id":25434,"order_status":"PENDING_PAYMENT"}
{"order_customer_id":10343,"order_id":25435,"order_status":"COMPLETE"}
{"order_customer_id":4263,"order_id":25436,"order_status":"ON_HOLD"}
{"order_customer_id":11951,"order_id":25437,"order_status":"CLOSED"}
{"order_customer_id":11523,"order_id":25438,"order_status":"COMPLETE"}
{"order_customer_id":6969,"order_id":25439,"order_status":"PROCESSING"}
{"order_customer_id":10055,"order_id":25440,"order_status":"PENDING"}
{"order_customer_id":4419,"order_id":25441,"order_status":"SUSPECTED_FRAUD"}
{"order_customer_id":6020,"order_id":25442,"order_status":"COMPLETE"}
{"order_customer_id":11723,"order_id":25443,"order_status":"CANCELED"}
{"order_customer_id":8930,"order_id":25444,"order_status":"COMPLETE"}
{"order_customer_id":10042,"order_id":25445,"order_status":"COMPLETE"}
{"order_customer_id":11134,"order_id":25446,"order_status":"PENDING_PAYMENT"}
{"order_customer_id":2893,"order_id":25447,"order_status":"PENDING_PAYMENT"}
{"order_customer_id":10229,"order_id":25448,"order_status":"COMPLETE"}
{"order_customer_id":5563,"order_id":25449,"order_status":"PENDING_PAYMENT"}
{"order_customer_id":8166,"order_id":25450,"order_status":"PROCESSING"}
{"order_customer_id":1030,"order_id":25451,"order_status":"COMPLETE"}
{"order_customer_id":6793,"order_id":25452,"order_status":"COMPLETE"}
{"order_customer_id":4246,"order_id":25453,"order_status":"PROCESSING"}
{"order_customer_id":8680,"order_id":25454,"order_status":"CLOSED"}
{"order_customer_id":5111,"order_id":25455,"order_status":"CLOSED"}
{"order_customer_id":7529,"order_id":25456,"order_status":"COMPLETE"}
{"order_customer_id":12167,"order_id":25457,"order_status":"PROCESSING"}
{"order_customer_id":2181,"order_id":25458,"order_status":"COMPLETE"}
{"order_customer_id":8729,"order_id":25459,"order_status":"PENDING"}
{"order_customer_id":11875,"order_id":25460,"order_status":"COMPLETE"}
{"order_customer_id":1774,"order_id":25461,"order_status":"COMPLETE"}
{"order_customer_id":11106,"order_id":25462,"order_status":"PENDING"}
{"order_customer_id":2930,"order_id":25463,"order_status":"COMPLETE"}
{"order_customer_id":7039,"order_id":25464,"order_status":"CLOSED"}
{"order_customer_id":2946,"order_id":25465,"order_status":"COMPLETE"}
{"order_customer_id":9509,"order_id":25466,"order_status":"COMPLETE"}
{"order_customer_id":12267,"order_id":25467,"order_status":"CLOSED"}
{"order_customer_id":3785,"order_id":61845,"order_status":"CLOSED"}
{"order_customer_id":2068,"order_id":61846,"order_status":"COMPLETE"}
{"order_customer_id":8609,"order_id":61847,"order_status":"PENDING"}
{"order_customer_id":6397,"order_id":61848,"order_status":"SUSPECTED_FRAUD"}
{"order_customer_id":8762,"order_id":61849,"order_status":"PENDING_PAYMENT"}
{"order_customer_id":6207,"order_id":61850,"order_status":"COMPLETE"}
{"order_customer_id":10124,"order_id":61851,"order_status":"PROCESSING"}
{"order_customer_id":11741,"order_id":61852,"order_status":"SUSPECTED_FRAUD"}
{"order_customer_id":4682,"order_id":61853,"order_status":"SUSPECTED_FRAUD"}
{"order_customer_id":7505,"order_id":61854,"order_status":"COMPLETE"}
{"order_customer_id":9557,"order_id":61855,"order_status":"COMPLETE"}
{"order_customer_id":10309,"order_id":61856,"order_status":"CLOSED"}
{"order_customer_id":9701,"order_id":67964,"order_status":"CANCELED"}
{"order_customer_id":3843,"order_id":67965,"order_status":"PROCESSING"}
{"order_customer_id":10891,"order_id":67966,"order_status":"COMPLETE"}
{"order_customer_id":3396,"order_id":67967,"order_status":"CLOSED"}
{"order_customer_id":1638,"order_id":68776,"order_status":"CLOSED"}
