{"order_customer_id":4523,"order_id":12101,"order_status":"PENDING"}
{"order_customer_id":9448,"order_id":12102,"order_status":"CANCELED"}
{"order_customer_id":430,"order_id":12103,"order_status":"PENDING_PAYMENT"}
{"order_customer_id":8844,"order_id":12104,"order_status":"PROCESSING"}
{"order_customer_id":5550,"order_id":12105,"order_status":"PROCESSING"}
{"order_customer_id":9811,"order_id":12106,"order_status":"PENDING"}
{"order_customer_id":6961,"order_id":12107,"order_status":"PROCESSING"}
{"order_customer_id":4631,"order_id":12108,"order_status":"PENDING_PAYMENT"}
{"order_customer_id":11806,"order_id":12109,"order_status":"COMPLETE"}
{"order_customer_id":3022,"order_id":12110,"order_status":"COMPLETE"}
{"order_customer_id":5593,"order_id":12111,"order_status":"PENDING_PAYMENT"}
{"order_customer_id":1534,"order_id":12112,"order_status":"PENDING"}
{"order_customer_id":9788,"order_id":12113,"order_status":"PENDING_PAYMENT"}
{"order_customer_id":4900,"order_id":12114,"order_status":"PENDING_PAYMENT"}
{"order_customer_id":8731,"order_id":12115,"order_status":"COMPLETE"}
{"order_customer_id":7841,"order_id":12116,"order_status":"PENDING_PAYMENT"}
{"order_customer_id":1829,"order_id":12117,"order_status":"PENDING"}
{"order_customer_id":9704,"order_id":12118,"order_status":"PROCESSING"}
{"order_customer_id":1013,"order_id":12119,"order_status":"PENDING"}
{"order_customer_id":4039,"order_id":12120,"order_status":"PENDING_PAYMENT"}
{"order_customer_id":3859,"order_id":12121,"order_status":"PENDING_PAYMENT"}
{"order_customer_id":1253,"order_id":12122,"order_status":"PENDING"}
{"order_customer_id":7532,"order_id":12123,"order_status":"ON_HOLD"}
{"order_customer_id":12203,"order_id":12124,"order_status":"PENDING_PAYMENT"}
{"order_customer_id":7735,"order_id":12125,"order_status":"PENDING_PAYMENT"}
{"order_customer_id":7034,"order_id":12126,"order_status":"PENDING"}
{"order_customer_id":8308,"order_id":12127,"order_status":"COMPLETE"}
{"order_customer_id":564,"order_id":12128,"order_status":"COMPLETE"}
{"order_customer_id":6954,"order_id":12129,"order_status":"PENDING_PAYMENT"}
{"order_customer_id":6710,"order_id":12130,"order_status":"CLOSED"}
{"order_customer_id":3938,"order_id":12131,"order_status":"PENDING_PAYMENT"}
{"order_customer_id":10687,"order_id":12132,"order_status":"COMPLETE"}
{"order_customer_id":6195,"order_id":12133,"order_status":"COMPLETE"}
{"order_customer_id":5042,"order_id":12134,"order_status":"COMPLETE"}
{"order_customer_id":1094,"order_id":12135,"order_status":"COMPLETE"}
{"order_customer_id":9266,"order_id":12136,"order_status":"CLOSED"}
{"order_customer_id":1461,"order_id":12137,"order_status":"CLOSED"}
{"order_customer_id":2538,"order_id":12138,"order_status":"COMPLETE"}
{"order_customer_id":3021,"order_id":12139,"order_status":"PENDING_PAYMENT"}
{"order_customer_id":6869,"order_id":12140,"order_status":"COMPLETE"}
{"order_customer_id":9057,"order_id":12141,"order_status":"COMPLETE"}
{"order_customer_id":6795,"order_id":12142,"order_status":"PROCESSING"}
{"order_customer_id":7186,"order_id":12143,"order_status":"PENDING_PAYMENT"}
{"order_customer_id":614,"order_id":12144,"order_status":"PENDING_PAYMENT"}
{"order_customer_id":1094,"order_id":12145,"order_status":"COMPLETE"}
{"order_customer_id":3350,"order_id":12146,"order_status":"PAYMENT_REVIEW"}
{"order_customer_id":1316,"order_id":12147,"order_status":"COMPLETE"}
{"order_customer_id":3138,"order_id":12148,"order_status":"PROCESSING"}
{"order_customer_id":2169,"order_id":12149,"order_status":"PENDING_PAYMENT"}
{"order_customer_id":6366,"order_id":12150,"order_status":"COMPLETE"}
{"order_customer_id":11940,"order_id":12151,"order_status":"CLOSED"}
{"order_customer_id":10997,"order_id":12152,"order_status":"COMPLETE"}
{"order_customer_id":6116,"order_id":12153,"order_status":"CLOSED"}
{"order_customer_id":11343,"order_id":12154,"order_status":"COMPLETE"}
{"order_customer_id":10185,"order_id":12155,"order_status":"ON_HOLD"}
{"order_customer_id":5446,"order_id":12156,"order_status":"COMPLETE"}
{"order_customer_id":11642,"order_id":12157,"order_status":"COMPLETE"}
{"order_customer_id":9253,"order_id":12158,"order_status":"PROCESSING"}
{"order_customer_id":2608,"order_id":12159,"order_status":"PROCESSING"}
{"order_customer_id":11491,"order_id":12160,"order_status":"PAYMENT_REVIEW"}
{"order_customer_id":3482,"order_id":12161,"order_status":"PENDING_PAYMENT"}
{"order_customer_id":7165,"order_id":12162,"order_status":"COMPLETE"}
{"order_customer_id":7679,"order_id":12163,"order_status":"CLOSED"}
{"order_customer_id":10254,"order_id":12164,"order_status":"PENDING_PAYMENT"}
{"order_customer_id":8772,"order_id":12165,"order_status":"CLOSED"}
{"order_customer_id":5873,"order_id":12166,"order_status":"COMPLETE"}
{"order_customer_id":11757,"order_id":12167,"order_status":"COMPLETE"}
{"order_customer_id":12276,"order_id":12168,"order_status":"PROCESSING"}
{"order_customer_id":2113,"order_id":12169,"order_status":"ON_HOLD"}
{"order_customer_id":8995,"order_id":12170,"order_status":"COMPLETE"}
{"order_customer_id":4911,"order_id":12171,"order_status":"COMPLETE"}
{"order_customer_id":1680,"order_id":12172,"order_status":"ON_HOLD"}
{"order_customer_id":7651,"order_id":12173,"order_status":"COMPLETE"}
{"order_customer_id":10119,"order_id":12174,"order_status":"COMPLETE"}
{"order_customer_id":7916,"order_id":12175,"order_status":"PENDING"}
{"order_customer_id":9073,"order_id":12176,"order_status":"COMPLETE"}
{"order_customer_id":2433,"order_id":12177,"order_status":"PENDING_PAYMENT"}
{"order_customer_id":1793,"order_id":12178,"order_status":"PENDING_PAYMENT"}
{"order_customer_id":6310,"order_id":12179,"order_status":"PENDING_PAYMENT"}
{"order_customer_id":7118,"order_id":12180,"order_status":"ON_HOLD"}
{"order_customer_id":19,"order_id":12181,"order_status":"COMPLETE"}
{"order_customer_id":7418,"order_id":12182,"order_status":"PENDING"}
{"order_customer_id":7850,"order_id":12183,"order_status":"PENDING_PAYMENT"}
{"order_customer_id":5665,"order_id":12184,"order_status":"PENDING"}
{"order_customer_id":11157,"order_id":59660,"order_status":"CLOSED"}
{"order_customer_id":5858,"order_id":59661,"order_status":"PROCESSING"}
{"order_customer_id":6467,"order_id":59662,"order_status":"ON_HOLD"}
{"order_customer_id":7544,"order_id":59663,"order_status":"PENDING_PAYMENT"}
{"order_customer_id":5134,"order_id":59664,"order_status":"CLOSED"}
{"order_customer_id":7150,"order_id":59665,"order_status":"COMPLETE"}
{"order_customer_id":4749,"order_id":59666,"order_status":"COMPLETE"}
{"order_customer_id":9206,"order_id":59667,"order_status":"COMPLETE"}
{"order_customer_id":9084,"order_id":59668,"order_status":"PENDING"}
{"order_customer_id":3894,"order_id":59669,"order_status":"ON_HOLD"}
{"order_customer_id":5728,"order_id":59670,"order_status":"COMPLETE"}
{"order_customer_id":9669,"order_id":59671,"order_status":"CLOSED"}
{"order_customer_id":6106,"order_id":59672,"order_status":"CLOSED"}
{"order_customer_id":3495,"order_id":59673,"order_status":"PROCESSING"}
{"order_customer_id":4620,"order_id":67681,"order_status":"PENDING_PAYMENT"}
{"order_customer_id":8768,"order_id":67682,"order_status":"CLOSED"}
{"order_customer_id":7267,"order_id":68728,"order_status":"COMPLETE"}
