{"order_customer_id":4290,"order_id":7806,"order_status":"ON_HOLD"}
{"order_customer_id":4188,"order_id":7807,"order_status":"COMPLETE"}
{"order_customer_id":739,"order_id":7808,"order_status":"CLOSED"}
{"order_customer_id":11786,"order_id":7809,"order_status":"COMPLETE"}
{"order_customer_id":5743,"order_id":7810,"order_status":"COMPLETE"}
{"order_customer_id":10256,"order_id":7811,"order_status":"COMPLETE"}
{"order_customer_id":7631,"order_id":7812,"order_status":"COMPLETE"}
{"order_customer_id":9023,"order_id":7813,"order_status":"PENDING_PAYMENT"}
{"order_customer_id":5007,"order_id":7814,"order_status":"PENDING_PAYMENT"}
{"order_customer_id":74,"order_id":7815,"order_status":"ON_HOLD"}
{"order_customer_id":6291,"order_id":7816,"order_status":"PENDING_PAYMENT"}
{"order_customer_id":6720,"order_id":7817,"order_status":"COMPLETE"}
{"order_customer_id":10589,"order_id":7818,"order_status":"PENDING_PAYMENT"}
{"order_customer_id":12254,"order_id":7819,"order_status":"CLOSED"}
{"order_customer_id":10804,"order_id":7820,"order_status":"CLOSED"}
{"order_customer_id":5220,"order_id":7821,"order_status":"PENDING"}
{"order_customer_id":11159,"order_id":7822,"order_status":"CLOSED"}
{"order_customer_id":9501,"order_id":7823,"order_status":"ON_HOLD"}
{"order_customer_id":10679,"order_id":7824,"order_status":"PENDING_PAYMENT"}
{"order_customer_id":6177,"order_id":7825,"order_status":"CLOSED"}
{"order_customer_id":2862,"order_id":7826,"order_status":"COMPLETE"}
{"order_customer_id":2669,"order_id":7827,"order_status":"PROCESSING"}
{"order_customer_id":9106,"order_id":7828,"order_status":"PENDING_PAYMENT"}
{"order_customer_id":6393,"order_id":7829,"order_status":"COMPLETE"}
{"order_customer_id":340,"order_id":7830,"order_status":"PROCESSING"}
{"order_customer_id":4661,"order_id":7831,"order_status":"PENDING_PAYMENT"}
{"order_customer_id":8265,"order_id":7832,"order_status":"PENDING_PAYMENT"}
{"order_customer_id":2551,"order_id":7833,"order_status":"PROCESSING"}
{"order_customer_id":8652,"order_id":7834,"order_status":"CLOSED"}
{"order_customer_id":9266,"order_id":7835,"order_status":"PENDING"}
{"order_customer_id":10404,"order_id":7836,"order_status":"PENDING"}
{"order_customer_id":11769,"order_id":7837,"order_status":"PROCESSING"}
{"order_customer_id":4550,"order_id":7838,"order_status":"PENDING_PAYMENT"}
{"order_customer_id":7999,"order_id":7839,"order_status":"ON_HOLD"}
{"order_customer_id":11146,"order_id":7840,"order_status":"CLOSED"}
{"order_customer_id":10591,"order_id":7841,"order_status":"PENDING_PAYMENT"}
{"order_customer_id":5787,"order_id":7842,"order_status":"PENDING_PAYMENT"}
{"order_customer_id":4066,"order_id":7843,"order_status":"PENDING_PAYMENT"}
{"order_customer_id":5354,"order_id":7844,"order_status":"PENDING_PAYMENT"}
{"order_customer_id":9800,"order_id":7845,"order_status":"COMPLETE"}
{"order_customer_id":7336,"order_id":7846,"order_status":"CLOSED"}
{"order_customer_id":592,"order_id":7847,"order_status":"COMPLETE"}
{"order_customer_id":402,"order_id":7848,"order_status":"PENDING_PAYMENT"}
{"order_customer_id":2259,"order_id":7849,"order_status":"CLOSED"}
{"order_customer_id":6732,"order_id":7850,"order_status":"COMPLETE"}
{"order_customer_id":10319,"order_id":7851,"order_status":"COMPLETE"}
{"order_customer_id":6089,"order_id":7852,"order_status":"COMPLETE"}
{"order_customer_id":2106,"order_id":7853,"order_status":"CLOSED"}
{"order_customer_id":11058,"order_id":7854,"order_status":"PENDING_PAYMENT"}
{"order_customer_id":6004,"order_id":7855,"order_status":"CANCELED"}
{"order_customer_id":1625,"order_id":7856,"order_status":"ON_HOLD"}
{"order_customer_id":5185,"order_id":7857,"order_status":"COMPLETE"}
{"order_customer_id":9095,"order_id":7858,"order_status":"PENDING"}
{"order_customer_id":5766,"order_id":7859,"order_status":"COMPLETE"}
{"order_customer_id":11971,"order_id":7860,"order_status":"PENDING"}
{"order_customer_id":8310,"order_id":7861,"order_status":"COMPLETE"}
{"order_customer_id":10769,"order_id":7862,"order_status":"CLOSED"}
{"order_customer_id":5843,"order_id":7863,"order_status":"PENDING_PAYMENT"}
{"order_customer_id":6454,"order_id":7864,"order_status":"COMPLETE"}
{"order_customer_id":6375,"order_id":7865,"order_status":"COMPLETE"}
{"order_customer_id":3641,"order_id":7866,"order_status":"COMPLETE"}
{"order_customer_id":12420,"order_id":7867,"order_status":"COMPLETE"}
{"order_customer_id":3202,"order_id":7868,"order_status":"CLOSED"}
{"order_customer_id":12234,"order_id":7869,"order_status":"COMPLETE"}
{"order_customer_id":10664,"order_id":7870,"order_status":"PENDING_PAYMENT"}
{"order_customer_id":11660,"order_id":7871,"order_status":"PENDING_PAYMENT"}
{"order_customer_id":5680,"order_id":7872,"order_status":"COMPLETE"}
{"order_customer_id":4568,"order_id":7873,"order_status":"ON_HOLD"}
{"order_customer_id":11424,"order_id":7874,"order_status":"PENDING_PAYMENT"}
{"order_customer_id":4178,"order_id":7875,"order_status":"PENDING_PAYMENT"}
{"order_customer_id":11084,"order_id":7876,"order_status":"PENDING"}
{"order_customer_id":12376,"order_id":7877,"order_status":"PENDING_PAYMENT"}
{"order_customer_id":1793,"order_id":7878,"order_status":"CLOSED"}
{"order_customer_id":3169,"order_id":7879,"order_status":"PENDING"}
{"order_customer_id":8525,"order_id":7880,"order_status":"PENDING_PAYMENT"}
{"order_customer_id":6673,"order_id":7881,"order_status":"PENDING_PAYMENT"}
{"order_customer_id":10641,"order_id":7882,"order_status":"COMPLETE"}
{"order_customer_id":2844,"order_id":7883,"order_status":"CANCELED"}
{"order_customer_id":4899,"order_id":7884,"order_status":"COMPLETE"}
{"order_customer_id":7910,"order_id":7885,"order_status":"PENDING_PAYMENT"}
{"order_customer_id":10225,"order_id":7886,"order_status":"CLOSED"}
{"order_customer_id":5355,"order_id":7887,"order_status":"PENDING_PAYMENT"}
{"order_customer_id":5417,"order_id":7888,"order_status":"PENDING_PAYMENT"}
{"order_customer_id":960,"order_id":58986,"order_status":"PENDING_PAYMENT"}
{"order_customer_id":12066,"order_id":58987,"order_status":"CLOSED"}
{"order_customer_id":6154,"order_id":58988,"order_status":"ON_HOLD"}
{"order_customer_id":3314,"order_id":58989,"order_status":"PENDING_PAYMENT"}
{"order_customer_id":3828,"order_id":58990,"order_status":"COMPLETE"}
{"order_customer_id":6331,"order_id":58991,"order_status":"PENDING"}
{"order_customer_id":4849,"order_id":58992,"order_status":"COMPLETE"}
{"order_customer_id":1999,"order_id":58993,"order_status":"CLOSED"}
{"order_customer_id":7896,"order_id":58994,"order_status":"COMPLETE"}
{"order_customer_id":8464,"order_id":58995,"order_status":"PROCESSING"}
{"order_customer_id":7880,"order_id":58996,"order_status":"COMPLETE"}
{"order_customer_id":5196,"order_id":58997,"order_status":"PROCESSING"}
{"order_customer_id":1112,"order_id":58998,"order_status":"PENDING_PAYMENT"}
{"order_customer_id":11855,"order_id":58999,"order_status":"CLOSED"}
{"order_customer_id":3829,"order_id":59000,"order_status":"PENDING"}
{"order_customer_id":6346,"order_id":59001,"order_status":"PENDING_PAYMENT"}
{"order_customer_id":4143,"order_id":59002,"order_status":"COMPLETE"}
{"order_customer_id":11095,"order_id":59003,"order_status":"COMPLETE"}
{"order_customer_id":10553,"order_id":59004,"order_status":"PENDING"}
{"order_customer_id":846,"order_id":59005,"order_status":"CLOSED"}
{"order_customer_id":5053,"order_id":67603,"order_status":"COMPLETE"}
{"order_customer_id":5543,"order_id":67604,"order_status":"PENDING"}
{"order_customer_id":1352,"order_id":67605,"order_status":"CANCELED"}
{"order_customer_id":1207,"order_id":67606,"order_status":"PROCESSING"}
{"order_customer_id":1271,"order_id":67607,"order_status":"PROCESSING"}
{"order_customer_id":1459,"order_id":67608,"order_status":"CANCELED"}
