{"order_customer_id":9085,"order_id":51290,"order_status":"COMPLETE"}
{"order_customer_id":5282,"order_id":51291,"order_status":"COMPLETE"}
{"order_customer_id":7254,"order_id":51292,"order_status":"CLOSED"}
{"order_customer_id":7353,"order_id":51293,"order_status":"COMPLETE"}
{"order_customer_id":5554,"order_id":51294,"order_status":"PENDING"}
{"order_customer_id":7482,"order_id":51295,"order_status":"PROCESSING"}
{"order_customer_id":1251,"order_id":51296,"order_status":"COMPLETE"}
{"order_customer_id":8528,"order_id":51297,"order_status":"PENDING"}
{"order_customer_id":9272,"order_id":51298,"order_status":"PENDING_PAYMENT"}
{"order_customer_id":6406,"order_id":51299,"order_status":"PROCESSING"}
{"order_customer_id":853,"order_id":51300,"order_status":"CANCELED"}
{"order_customer_id":8625,"order_id":51301,"order_status":"ON_HOLD"}
{"order_customer_id":2172,"order_id":51302,"order_status":"PAYMENT_REVIEW"}
{"order_customer_id":8235,"order_id":51303,"order_status":"COMPLETE"}
{"order_customer_id":4334,"order_id":51304,"order_status":"PAYMENT_REVIEW"}
{"order_customer_id":2680,"order_id":51305,"order_status":"PROCESSING"}
{"order_customer_id":7779,"order_id":51306,"order_status":"CLOSED"}
{"order_customer_id":10853,"order_id":51307,"order_status":"PROCESSING"}
{"order_customer_id":1852,"order_id":51308,"order_status":"COMPLETE"}
{"order_customer_id":9094,"order_id":51309,"order_status":"PROCESSING"}
{"order_customer_id":4291,"order_id":51310,"order_status":"CLOSED"}
{"order_customer_id":1869,"order_id":51311,"order_status":"COMPLETE"}
{"order_customer_id":254,"order_id":51312,"order_status":"ON_HOLD"}
{"order_customer_id":4899,"order_id":51313,"order_status":"PROCESSING"}
{"order_customer_id":5117,"order_id":51314,"order_status":"COMPLETE"}
{"order_customer_id":4986,"order_id":51315,"order_status":"PENDING_PAYMENT"}
{"order_customer_id":9834,"order_id":51316,"order_status":"CLOSED"}
{"order_customer_id":10986,"order_id":51317,"order_status":"PROCESSING"}
{"order_customer_id":7004,"order_id":51318,"order_status":"PENDING_PAYMENT"}
{"order_customer_id":8833,"order_id":51319,"order_status":"PROCESSING"}
{"order_customer_id":8535,"order_id":51320,"order_status":"CLOSED"}
{"order_customer_id":91,"order_id":51321,"order_status":"ON_HOLD"}
{"order_customer_id":7220,"order_id":51322,"order_status":"PENDING"}
{"order_customer_id":2645,"order_id":51323,"order_status":"PENDING"}
{"order_customer_id":9607,"order_id":51324,"order_status":"COMPLETE"}
{"order_customer_id":4013,"order_id":51325,"order_status":"PENDING"}
{"order_customer_id":11192,"order_id":51326,"order_status":"PENDING_PAYMENT"}
{"order_customer_id":7723,"order_id":51327,"order_status":"PENDING"}
{"order_customer_id":11960,"order_id":51328,"order_status":"PENDING_PAYMENT"}
{"order_customer_id":1240,"order_id":51329,"order_status":"PROCESSING"}
{"order_customer_id":861,"order_id":51330,"order_status":"COMPLETE"}
{"order_customer_id":8321,"order_id":51331,"order_status":"COMPLETE"}
{"order_customer_id":3369,"order_id":51332,"order_status":"CLOSED"}
{"order_customer_id":9303,"order_id":51333,"order_status":"COMPLETE"}
{"order_customer_id":4728,"order_id":51334,"order_status":"CLOSED"}
{"order_customer_id":9896,"order_id":51335,"order_status":"COMPLETE"}
{"order_customer_id":11194,"order_id":51336,"order_status":"PENDING_PAYMENT"}
{"order_customer_id":8193,"order_id":51337,"order_status":"COMPLETE"}
{"order_customer_id":8613,"order_id":51338,"order_status":"COMPLETE"}
{"order_customer_id":6504,"order_id":51339,"order_status":"PENDING"}
{"order_customer_id":8938,"order_id":51340,"order_status":"PROCESSING"}
{"order_customer_id":11307,"order_id":51341,"order_status":"PENDING"}
{"order_customer_id":12172,"order_id":51342,"order_status":"COMPLETE"}
{"order_customer_id":2917,"order_id":51343,"order_status":"COMPLETE"}
{"order_customer_id":9954,"order_id":51344,"order_status":"COMPLETE"}
{"order_customer_id":12127,"order_id":51345,"order_status":"COMPLETE"}
{"order_customer_id":4512,"order_id":51346,"order_status":"PENDING"}
{"order_customer_id":531,"order_id":51347,"order_status":"COMPLETE"}
{"order_customer_id":4798,"order_id":51348,"order_status":"PENDING_PAYMENT"}
{"order_customer_id":3925,"order_id":51349,"order_status":"COMPLETE"}
{"order_customer_id":10667,"order_id":51350,"order_status":"PENDING_PAYMENT"}
{"order_customer_id":5704,"order_id":51351,"order_status":"ON_HOLD"}
{"order_customer_id":6054,"order_id":51352,"order_status":"COMPLETE"}
{"order_customer_id":11559,"order_id":51353,"order_status":"PENDING_PAYMENT"}
{"order_customer_id":2043,"order_id":51354,"order_status":"COMPLETE"}
{"order_customer_id":6034,"order_id":51355,"order_status":"COMPLETE"}
{"order_customer_id":82,"order_id":51356,"order_status":"PENDING_PAYMENT"}
{"order_customer_id":7333,"order_id":51357,"order_status":"PENDING_PAYMENT"}
{"order_customer_id":7975,"order_id":51358,"order_status":"CANCELED"}
{"order_customer_id":1284,"order_id":51359,"order_status":"PENDING_PAYMENT"}
{"order_customer_id":10579,"order_id":51360,"order_status":"PENDING_PAYMENT"}
{"order_customer_id":3177,"order_id":51361,"order_status":"ON_HOLD"}
{"order_customer_id":4827,"order_id":51362,"order_status":"PENDING_PAYMENT"}
{"order_customer_id":576,"order_id":51363,"order_status":"CLOSED"}
{"order_customer_id":8227,"order_id":51364,"order_status":"COMPLETE"}
{"order_customer_id":7791,"order_id":51365,"order_status":"COMPLETE"}
{"order_customer_id":6131,"order_id":51366,"order_status":"CLOSED"}
{"order_customer_id":843,"order_id":51367,"order_status":"PENDING_PAYMENT"}
{"order_customer_id":6482,"order_id":51368,"order_status":"PROCESSING"}
{"order_customer_id":3085,"order_id":51369,"order_status":"CLOSED"}
{"order_customer_id":7338,"order_id":51370,"order_status":"COMPLETE"}
{"order_customer_id":10340,"order_id":51371,"order_status":"PENDING"}
{"order_customer_id":11635,"order_id":51372,"order_status":"COMPLETE"}
{"order_customer_id":6067,"order_id":51373,"order_status":"COMPLETE"}
{"order_customer_id":10652,"order_id":51374,"order_status":"PROCESSING"}
{"order_customer_id":2534,"order_id":51375,"order_status":"PENDING"}
{"order_customer_id":3571,"order_id":51376,"order_status":"COMPLETE"}
{"order_customer_id":4711,"order_id":51377,"order_status":"COMPLETE"}
{"order_customer_id":8015,"order_id":51378,"order_status":"COMPLETE"}
{"order_customer_id":3324,"order_id":51379,"order_status":"COMPLETE"}
{"order_customer_id":3659,"order_id":51380,"order_status":"COMPLETE"}
{"order_customer_id":1008,"order_id":51381,"order_status":"PENDING_PAYMENT"}
{"order_customer_id":3975,"order_id":51382,"order_status":"PENDING_PAYMENT"}
{"order_customer_id":5592,"order_id":51383,"order_status":"COMPLETE"}
{"order_customer_id":4618,"order_id":51384,"order_status":"COMPLETE"}
{"order_customer_id":752,"order_id":51385,"order_status":"CLOSED"}
{"order_customer_id":5971,"order_id":51386,"order_status":"CLOSED"}
{"order_customer_id":10108,"order_id":51387,"order_status":"COMPLETE"}
{"order_customer_id":8972,"order_id":51388,"order_status":"PENDING_PAYMENT"}
{"order_customer_id":9426,"order_id":51389,"order_status":"COMPLETE"}
{"order_customer_id":5686,"order_id":51390,"order_status":"PENDING_PAYMENT"}
{"order_customer_id":1404,"order_id":51391,"order_status":"PENDING_PAYMENT"}
{"order_customer_id":9457,"order_id":51392,"order_status":"CLOSED"}
{"order_customer_id":8437,"order_id":51393,"order_status":"CLOSED"}
{"order_customer_id":3384,"order_id":51394,"order_status":"CLOSED"}
{"order_customer_id":5336,"order_id":51395,"order_status":"COMPLETE"}
{"order_customer_id":2741,"order_id":51396,"order_status":"PROCESSING"}
{"order_customer_id":11125,"order_id":51397,"order_status":"COMPLETE"}
{"order_customer_id":1173,"order_id":51398,"order_status":"COMPLETE"}
{"order_customer_id":12075,"order_id":51399,"order_status":"PENDING_PAYMENT"}
{"order_customer_id":930,"order_id":51400,"order_status":"COMPLETE"}
{"order_customer_id":6435,"order_id":51401,"order_status":"COMPLETE"}
{"order_customer_id":6342,"order_id":51402,"order_status":"PENDING_PAYMENT"}
{"order_customer_id":7913,"order_id":51403,"order_status":"COMPLETE"}
{"order_customer_id":5828,"order_id":51404,"order_status":"COMPLETE"}
{"order_customer_id":2751,"order_id":51405,"order_status":"ON_HOLD"}
{"order_customer_id":8520,"order_id":51406,"order_status":"PENDING"}
{"order_customer_id":11527,"order_id":51407,"order_status":"PROCESSING"}
{"order_customer_id":8188,"order_id":51408,"order_status":"COMPLETE"}
{"order_customer_id":3147,"order_id":51409,"order_status":"PENDING"}
{"order_customer_id":1853,"order_id":51410,"order_status":"PENDING_PAYMENT"}
{"order_customer_id":3621,"order_id":51411,"order_status":"COMPLETE"}
{"order_customer_id":3538,"order_id":51412,"order_status":"PENDING_PAYMENT"}
{"order_customer_id":9298,"order_id":51413,"order_status":"PENDING_PAYMENT"}
{"order_customer_id":2033,"order_id":66232,"order_status":"ON_HOLD"}
{"order_customer_id":11791,"order_id":66233,"order_status":"PENDING_PAYMENT"}
{"order_customer_id":3079,"order_id":66234,"order_status":"PENDING_PAYMENT"}
{"order_customer_id":8763,"order_id":66235,"order_status":"COMPLETE"}
{"order_customer_id":6586,"order_id":66236,"order_status":"COMPLETE"}
{"order_customer_id":11555,"order_id":66237,"order_status":"COMPLETE"}
{"order_customer_id":7943,"order_id":66238,"order_status":"SUSPECTED_FRAUD"}
{"order_customer_id":8984,"order_id":66239,"order_status":"COMPLETE"}
{"order_customer_id":1135,"order_id":66240,"order_status":"PENDING_PAYMENT"}
{"order_customer_id":4071,"order_id":66241,"order_status":"CLOSED"}
{"order_customer_id":4906,"order_id":66242,"order_status":"COMPLETE"}
{"order_customer_id":5785,"order_id":66243,"order_status":"PENDING"}
{"order_customer_id":12413,"order_id":66244,"order_status":"PENDING"}
{"order_customer_id":1540,"order_id":66245,"order_status":"PROCESSING"}
{"order_customer_id":8944,"order_id":66246,"order_status":"PENDING_PAYMENT"}
{"order_customer_id":7459,"order_id":66247,"order_status":"CLOSED"}
{"order_customer_id":3043,"order_id":66248,"order_status":"COMPLETE"}
{"order_customer_id":2020,"order_id":66249,"order_status":"COMPLETE"}
{"order_customer_id":9236,"order_id":66250,"order_status":"COMPLETE"}
{"order_customer_id":6567,"order_id":66251,"order_status":"ON_HOLD"}
{"order_customer_id":9786,"order_id":66252,"order_status":"PROCESSING"}
{"order_customer_id":8153,"order_id":66253,"order_status":"PENDING"}
{"order_customer_id":6924,"order_id":66254,"order_status":"PENDING"}
{"order_customer_id":7386,"order_id":66255,"order_status":"COMPLETE"}
{"order_customer_id":6079,"order_id":66256,"order_status":"PENDING"}
{"order_customer_id":200,"order_id":66257,"order_status":"COMPLETE"}
{"order_customer_id":10605,"order_id":68544,"order_status":"PROCESSING"}
{"order_customer_id":3582,"order_id":68545,"order_status":"PENDING_PAYMENT"}
{"order_customer_id":6405,"order_id":68546,"order_status":"PENDING_PAYMENT"}
{"order_customer_id":8457,"order_id":68547,"order_status":"PENDING"}
{"order_customer_id":9245,"order_id":68548,"order_status":"COMPLETE"}
{"order_customer_id":3733,"order_id":68549,"order_status":"COMPLETE"}
{"order_customer_id":4229,"order_id":68860,"order_status":"PENDING"}
