{"order_customer_id":3223,"order_id":18520,"order_status":"SUSPECTED_FRAUD"}
{"order_customer_id":8252,"order_id":18521,"order_status":"SUSPECTED_FRAUD"}
{"order_customer_id":11516,"order_id":18522,"order_status":"CLOSED"}
{"order_customer_id":207,"order_id":18523,"order_status":"COMPLETE"}
{"order_customer_id":218,"order_id":18524,"order_status":"PROCESSING"}
{"order_customer_id":8170,"order_id":18525,"order_status":"COMPLETE"}
{"order_customer_id":8365,"order_id":18526,"order_status":"CLOSED"}
{"order_customer_id":10084,"order_id":18527,"order_status":"COMPLETE"}
{"order_customer_id":2107,"order_id":18528,"order_status":"CANCELED"}
{"order_customer_id":4468,"order_id":18529,"order_status":"CLOSED"}
{"order_customer_id":7248,"order_id":18530,"order_status":"COMPLETE"}
{"order_customer_id":6453,"order_id":18531,"order_status":"ON_HOLD"}
{"order_customer_id":731,"order_id":18532,"order_status":"PROCESSING"}
{"order_customer_id":10417,"order_id":18533,"order_status":"PENDING_PAYMENT"}
{"order_customer_id":9586,"order_id":18534,"order_status":"COMPLETE"}
{"order_customer_id":5275,"order_id":18535,"order_status":"CLOSED"}
{"order_customer_id":2988,"order_id":18536,"order_status":"PROCESSING"}
{"order_customer_id":4663,"order_id":18537,"order_status":"PENDING_PAYMENT"}
{"order_customer_id":8158,"order_id":18538,"order_status":"COMPLETE"}
{"order_customer_id":1576,"order_id":18539,"order_status":"PENDING_PAYMENT"}
{"order_customer_id":2992,"order_id":18540,"order_status":"COMPLETE"}
{"order_customer_id":2676,"order_id":18541,"order_status":"CLOSED"}
{"order_customer_id":7354,"order_id":18542,"order_status":"COMPLETE"}
{"order_customer_id":10562,"order_id":18543,"order_status":"PENDING_PAYMENT"}
{"order_customer_id":575,"order_id":18544,"order_status":"COMPLETE"}
{"order_customer_id":7513,"order_id":18545,"order_status":"PROCESSING"}
{"order_customer_id":4337,"order_id":18546,"order_status":"PENDING_PAYMENT"}
{"order_customer_id":4035,"order_id":18547,"order_status":"PENDING_PAYMENT"}
{"order_customer_id":3221,"order_id":18548,"order_status":"PENDING_PAYMENT"}
{"order_customer_id":6337,"order_id":18549,"order_status":"COMPLETE"}
{"order_customer_id":6430,"order_id":18550,"order_status":"PENDING_PAYMENT"}
{"order_customer_id":2201,"order_id":18551,"order_status":"PENDING"}
{"order_customer_id":6977,"order_id":18552,"order_status":"PENDING_PAYMENT"}
{"order_customer_id":2885,"order_id":18553,"order_status":"COMPLETE"}
{"order_customer_id":1233,"order_id":18554,"order_status":"PROCESSING"}
{"order_customer_id":4374,"order_id":18555,"order_status":"PENDING"}
{"order_customer_id":11649,"order_id":18556,"order_status":"CLOSED"}
{"order_customer_id":6250,"order_id":18557,"order_status":"PENDING_PAYMENT"}
{"order_customer_id":11055,"order_id":18558,"order_status":"CLOSED"}
{"order_customer_id":4939,"order_id":18559,"order_status":"PENDING_PAYMENT"}
{"order_customer_id":10642,"order_id":18560,"order_status":"COMPLETE"}
{"order_customer_id":5565,"order_id":18561,"order_status":"PENDING_PAYMENT"}
{"order_customer_id":8570,"order_id":18562,"order_status":"SUSPECTED_FRAUD"}
{"order_customer_id":9656,"order_id":18563,"order_status":"COMPLETE"}
{"order_customer_id":9352,"order_id":18564,"order_status":"COMPLETE"}
{"order_customer_id":3874,"order_id":18565,"order_status":"ON_HOLD"}
{"order_customer_id":2335,"order_id":18566,"order_status":"COMPLETE"}
{"order_customer_id":6556,"order_id":18567,"order_status":"CLOSED"}
{"order_customer_id":7316,"order_id":18568,"order_status":"PENDING_PAYMENT"}
{"order_customer_id":8403,"order_id":18569,"order_status":"PENDING_PAYMENT"}
{"order_customer_id":516,"order_id":18570,"order_status":"COMPLETE"}
{"order_customer_id":1165,"order_id":18571,"order_status":"COMPLETE"}
{"order_customer_id":7456,"order_id":18572,"order_status":"COMPLETE"}
{"order_customer_id":5558,"order_id":18573,"order_status":"ON_HOLD"}
{"order_customer_id":5949,"order_id":18574,"order_status":"ON_HOLD"}
{"order_customer_id":7908,"order_id":18575,"order_status":"COMPLETE"}
{"order_customer_id":8908,"order_id":18576,"order_status":"COMPLETE"}
{"order_customer_id":4696,"order_id":18577,"order_status":"COMPLETE"}
{"order_customer_id":8791,"order_id":18578,"order_status":"CLOSED"}
{"order_customer_id":5148,"order_id":18579,"order_status":"COMPLETE"}
{"order_customer_id":7112,"order_id":18580,"order_status":"CLOSED"}
{"order_customer_id":8775,"order_id":18581,"order_status":"COMPLETE"}
{"order_customer_id":9401,"order_id":18582,"order_status":"PROCESSING"}
{"order_customer_id":2784,"order_id":18583,"order_status":"SUSPECTED_FRAUD"}
{"order_customer_id":9986,"order_id":18584,"order_status":"PENDING"}
{"order_customer_id":7569,"order_id":18585,"order_status":"COMPLETE"}
{"order_customer_id":4324,"order_id":18586,"order_status":"PENDING_PAYMENT"}
{"order_customer_id":3986,"order_id":18587,"order_status":"PENDING_PAYMENT"}
{"order_customer_id":7868,"order_id":18588,"order_status":"CANCELED"}
{"order_customer_id":902,"order_id":18589,"order_status":"COMPLETE"}
{"order_customer_id":12309,"order_id":18590,"order_status":"PENDING_PAYMENT"}
{"order_customer_id":1859,"order_id":18591,"order_status":"PENDING_PAYMENT"}
{"order_customer_id":3280,"order_id":18592,"order_status":"PROCESSING"}
{"order_customer_id":1275,"order_id":18593,"order_status":"COMPLETE"}
{"order_customer_id":2773,"order_id":18594,"order_status":"PROCESSING"}
{"order_customer_id":4300,"order_id":18595,"order_status":"COMPLETE"}
{"order_customer_id":818,"order_id":18596,"order_status":"PENDING_PAYMENT"}
{"order_customer_id":5390,"order_id":18597,"order_status":"CLOSED"}
{"order_customer_id":4409,"order_id":18598,"order_status":"PROCESSING"}
{"order_customer_id":5388,"order_id":18599,"order_status":"PENDING_PAYMENT"}
{"order_customer_id":6906,"order_id":18600,"order_status":"PROCESSING"}
{"order_customer_id":6147,"order_id":18601,"order_status":"PENDING_PAYMENT"}
{"order_customer_id":8015,"order_id":18602,"order_status":"COMPLETE"}
{"order_customer_id":9104,"order_id":18603,"order_status":"COMPLETE"}
{"order_customer_id":9121,"order_id":18604,"order_status":"PROCESSING"}
{"order_customer_id":48,"order_id":18605,"order_status":"SUSPECTED_FRAUD"}
{"order_customer_id":4518,"order_id":18606,"order_status":"CLOSED"}
{"order_customer_id":8989,"order_id":18607,"order_status":"PROCESSING"}
{"order_customer_id":314,"order_id":18608,"order_status":"COMPLETE"}
{"order_customer_id":12399,"order_id":18609,"order_status":"PENDING_PAYMENT"}
{"order_customer_id":4040,"order_id":18610,"order_status":"COMPLETE"}
{"order_customer_id":12021,"order_id":18611,"order_status":"PENDING_PAYMENT"}
{"order_customer_id":10820,"order_id":18612,"order_status":"CLOSED"}
{"order_customer_id":6013,"order_id":18613,"order_status":"PENDING"}
{"order_customer_id":8268,"order_id":18614,"order_status":"COMPLETE"}
{"order_customer_id":9528,"order_id":18615,"order_status":"PENDING_PAYMENT"}
{"order_customer_id":2568,"order_id":18616,"order_status":"PENDING"}
{"order_customer_id":4044,"order_id":18617,"order_status":"SUSPECTED_FRAUD"}
{"order_customer_id":3925,"order_id":18618,"order_status":"CLOSED"}
{"order_customer_id":3503,"order_id":18619,"order_status":"PROCESSING"}
{"order_customer_id":5946,"order_id":18620,"order_status":"PENDING_PAYMENT"}
{"order_customer_id":2205,"order_id":18621,"order_status":"PROCESSING"}
{"order_customer_id":3740,"order_id":18622,"order_status":"PENDING_PAYMENT"}
{"order_customer_id":9465,"order_id":18623,"order_status":"PENDING_PAYMENT"}
{"order_customer_id":9762,"order_id":18624,"order_status":"CLOSED"}
{"order_customer_id":6828,"order_id":18625,"order_status":"PENDING_PAYMENT"}
{"order_customer_id":7950,"order_id":18626,"order_status":"COMPLETE"}
{"order_customer_id":12067,"order_id":18627,"order_status":"CLOSED"}
{"order_customer_id":12230,"order_id":18628,"order_status":"PENDING_PAYMENT"}
{"order_customer_id":8674,"order_id":18629,"order_status":"PENDING_PAYMENT"}
{"order_customer_id":2376,"order_id":18630,"order_status":"ON_HOLD"}
{"order_customer_id":6068,"order_id":18631,"order_status":"PENDING_PAYMENT"}
{"order_customer_id":2531,"order_id":18632,"order_status":"PENDING_PAYMENT"}
{"order_customer_id":84,"order_id":18633,"order_status":"COMPLETE"}
{"order_customer_id":11077,"order_id":18634,"order_status":"COMPLETE"}
{"order_customer_id":2841,"order_id":18635,"order_status":"CLOSED"}
{"order_customer_id":6071,"order_id":18636,"order_status":"COMPLETE"}
{"order_customer_id":2517,"order_id":18637,"order_status":"COMPLETE"}
{"order_customer_id":2188,"order_id":18638,"order_status":"COMPLETE"}
{"order_customer_id":531,"order_id":18639,"order_status":"CANCELED"}
{"order_customer_id":7658,"order_id":18640,"order_status":"COMPLETE"}
{"order_customer_id":6424,"order_id":18641,"order_status":"COMPLETE"}
{"order_customer_id":2881,"order_id":18642,"order_status":"PENDING_PAYMENT"}
{"order_customer_id":5130,"order_id":18643,"order_status":"PENDING"}
{"order_customer_id":6416,"order_id":60682,"order_status":"CLOSED"}
{"order_customer_id":257,"order_id":60683,"order_status":"ON_HOLD"}
{"order_customer_id":8053,"order_id":60684,"order_status":"COMPLETE"}
{"order_customer_id":11534,"order_id":60685,"order_status":"COMPLETE"}
{"order_customer_id":3298,"order_id":60686,"order_status":"PENDING_PAYMENT"}
{"order_customer_id":11029,"order_id":60687,"order_status":"PENDING_PAYMENT"}
{"order_customer_id":9552,"order_id":60688,"order_status":"PROCESSING"}
{"order_customer_id":3570,"order_id":60689,"order_status":"PENDING_PAYMENT"}
{"order_customer_id":351,"order_id":60690,"order_status":"PENDING"}
{"order_customer_id":4470,"order_id":60691,"order_status":"PENDING"}
{"order_customer_id":2323,"order_id":60692,"order_status":"CLOSED"}
{"order_customer_id":6205,"order_id":60693,"order_status":"PENDING_PAYMENT"}
{"order_customer_id":10542,"order_id":60694,"order_status":"PENDING_PAYMENT"}
{"order_customer_id":2429,"order_id":60695,"order_status":"PROCESSING"}
{"order_customer_id":10108,"order_id":60696,"order_status":"COMPLETE"}
{"order_customer_id":4344,"order_id":60697,"order_status":"PROCESSING"}
{"order_customer_id":2898,"order_id":60698,"order_status":"COMPLETE"}
{"order_customer_id":1579,"order_id":60699,"order_status":"COMPLETE"}
{"order_customer_id":8484,"order_id":60700,"order_status":"ON_HOLD"}
{"order_customer_id":7605,"order_id":60701,"order_status":"COMPLETE"}
{"order_customer_id":1027,"order_id":60702,"order_status":"PENDING_PAYMENT"}
{"order_customer_id":1271,"order_id":60703,"order_status":"COMPLETE"}
{"order_customer_id":7302,"order_id":60704,"order_status":"CLOSED"}
{"order_customer_id":9358,"order_id":60705,"order_status":"PROCESSING"}
{"order_customer_id":2616,"order_id":60706,"order_status":"PENDING_PAYMENT"}
{"order_customer_id":2438,"order_id":60707,"order_status":"PENDING_PAYMENT"}
{"order_customer_id":7696,"order_id":60708,"order_status":"PENDING_PAYMENT"}
{"order_customer_id":6926,"order_id":60709,"order_status":"COMPLETE"}
{"order_customer_id":6837,"order_id":60710,"order_status":"COMPLETE"}
{"order_customer_id":8643,"order_id":67817,"order_status":"PROCESSING"}
{"order_customer_id":2644,"order_id":68755,"order_status":"COMPLETE"}
