{"order_customer_id":5478,"order_id":45444,"order_status":"COMPLETE"}
{"order_customer_id":1443,"order_id":45445,"order_status":"CLOSED"}
{"order_customer_id":1756,"order_id":45446,"order_status":"COMPLETE"}
{"order_customer_id":4646,"order_id":45447,"order_status":"PROCESSING"}
{"order_customer_id":10235,"order_id":45448,"order_status":"COMPLETE"}
{"order_customer_id":5141,"order_id":45449,"order_status":"COMPLETE"}
{"order_customer_id":9971,"order_id":45450,"order_status":"PROCESSING"}
{"order_customer_id":4870,"order_id":45451,"order_status":"PENDING_PAYMENT"}
{"order_customer_id":11672,"order_id":45452,"order_status":"PROCESSING"}
{"order_customer_id":3430,"order_id":45453,"order_status":"COMPLETE"}
{"order_customer_id":2260,"order_id":45454,"order_status":"PENDING_PAYMENT"}
{"order_customer_id":7390,"order_id":45455,"order_status":"PROCESSING"}
{"order_customer_id":4341,"order_id":45456,"order_status":"COMPLETE"}
{"order_customer_id":5273,"order_id":45457,"order_status":"PENDING"}
{"order_customer_id":12176,"order_id":45458,"order_status":"COMPLETE"}
{"order_customer_id":1116,"order_id":45459,"order_status":"PENDING_PAYMENT"}
{"order_customer_id":5473,"order_id":45460,"order_status":"PENDING_PAYMENT"}
{"order_customer_id":4741,"order_id":45461,"order_status":"PENDING_PAYMENT"}
{"order_customer_id":2035,"order_id":45462,"order_status":"PROCESSING"}
{"order_customer_id":268,"order_id":45463,"order_status":"SUSPECTED_FRAUD"}
{"order_customer_id":6366,"order_id":45464,"order_status":"CLOSED"}
{"order_customer_id":6485,"order_id":45465,"order_status":"COMPLETE"}
{"order_customer_id":2104,"order_id":45466,"order_status":"PENDING_PAYMENT"}
{"order_customer_id":11881,"order_id":45467,"order_status":"SUSPECTED_FRAUD"}
{"order_customer_id":10019,"order_id":45468,"order_status":"COMPLETE"}
{"order_customer_id":7343,"order_id":45469,"order_status":"COMPLETE"}
{"order_customer_id":9264,"order_id":45470,"order_status":"ON_HOLD"}
{"order_customer_id":5651,"order_id":45471,"order_status":"COMPLETE"}
{"order_customer_id":1632,"order_id":45472,"order_status":"PROCESSING"}
{"order_customer_id":6692,"order_id":45473,"order_status":"PROCESSING"}
{"order_customer_id":11564,"order_id":45474,"order_status":"PROCESSING"}
{"order_customer_id":7714,"order_id":45475,"order_status":"COMPLETE"}
{"order_customer_id":6237,"order_id":45476,"order_status":"PROCESSING"}
{"order_customer_id":11060,"order_id":45477,"order_status":"PENDING_PAYMENT"}
{"order_customer_id":11942,"order_id":45478,"order_status":"COMPLETE"}
{"order_customer_id":9400,"order_id":45479,"order_status":"PENDING_PAYMENT"}
{"order_customer_id":5115,"order_id":45480,"order_status":"PROCESSING"}
{"order_customer_id":5978,"order_id":45481,"order_status":"PENDING_PAYMENT"}
{"order_customer_id":2005,"order_id":45482,"order_status":"PENDING_PAYMENT"}
{"order_customer_id":4944,"order_id":45483,"order_status":"CLOSED"}
{"order_customer_id":2292,"order_id":45484,"order_status":"PENDING"}
{"order_customer_id":6953,"order_id":45485,"order_status":"PROCESSING"}
{"order_customer_id":11193,"order_id":45486,"order_status":"COMPLETE"}
{"order_customer_id":5272,"order_id":45487,"order_status":"PROCESSING"}
{"order_customer_id":10742,"order_id":45488,"order_status":"PENDING"}
{"order_customer_id":8675,"order_id":45489,"order_status":"PENDING_PAYMENT"}
{"order_customer_id":4962,"order_id":45490,"order_status":"PENDING_PAYMENT"}
{"order_customer_id":3652,"order_id":45491,"order_status":"PENDING_PAYMENT"}
{"order_customer_id":6587,"order_id":45492,"order_status":"CLOSED"}
{"order_customer_id":3028,"order_id":45493,"order_status":"PENDING"}
{"order_customer_id":7391,"order_id":45494,"order_status":"COMPLETE"}
{"order_customer_id":5283,"order_id":45495,"order_status":"CLOSED"}
{"order_customer_id":11513,"order_id":45496,"order_status":"COMPLETE"}
{"order_customer_id":2272,"order_id":45497,"order_status":"PENDING_PAYMENT"}
{"order_customer_id":9131,"order_id":45498,"order_status":"PROCESSING"}
{"order_customer_id":11601,"order_id":45499,"order_status":"COMPLETE"}
{"order_customer_id":9642,"order_id":45500,"order_status":"PENDING_PAYMENT"}
{"order_customer_id":8088,"order_id":45501,"order_status":"PENDING_PAYMENT"}
{"order_customer_id":1946,"order_id":45502,"order_status":"ON_HOLD"}
{"order_customer_id":1695,"order_id":45503,"order_status":"COMPLETE"}
{"order_customer_id":10483,"order_id":45504,"order_status":"COMPLETE"}
{"order_customer_id":11755,"order_id":45505,"order_status":"PENDING"}
{"order_customer_id":5687,"order_id":45506,"order_status":"COMPLETE"}
{"order_customer_id":5308,"order_id":45507,"order_status":"COMPLETE"}
{"order_customer_id":754,"order_id":45508,"order_status":"COMPLETE"}
{"order_customer_id":10639,"order_id":45509,"order_status":"COMPLETE"}
{"order_customer_id":1600,"order_id":45510,"order_status":"CLOSED"}
{"order_customer_id":11007,"order_id":45511,"order_status":"PROCESSING"}
{"order_customer_id":5508,"order_id":45512,"order_status":"PENDING_PAYMENT"}
{"order_customer_id":10164,"order_id":45513,"order_status":"PENDING_PAYMENT"}
{"order_customer_id":8603,"order_id":45514,"order_status":"CLOSED"}
{"order_customer_id":9162,"order_id":45515,"order_status":"PENDING_PAYMENT"}
{"order_customer_id":5197,"order_id":45516,"order_status":"COMPLETE"}
{"order_customer_id":11783,"order_id":45517,"order_status":"CLOSED"}
{"order_customer_id":10652,"order_id":45518,"order_status":"ON_HOLD"}
{"order_customer_id":1951,"order_id":45519,"order_status":"PENDING"}
{"order_customer_id":10807,"order_id":45520,"order_status":"COMPLETE"}
{"order_customer_id":529,"order_id":45521,"order_status":"CLOSED"}
{"order_customer_id":10482,"order_id":45522,"order_status":"PENDING_PAYMENT"}
{"order_customer_id":2367,"order_id":45523,"order_status":"ON_HOLD"}
{"order_customer_id":8779,"order_id":45524,"order_status":"COMPLETE"}
{"order_customer_id":1216,"order_id":45525,"order_status":"CLOSED"}
{"order_customer_id":8254,"order_id":45526,"order_status":"CLOSED"}
{"order_customer_id":8225,"order_id":45527,"order_status":"SUSPECTED_FRAUD"}
{"order_customer_id":2220,"order_id":45528,"order_status":"COMPLETE"}
{"order_customer_id":5268,"order_id":45529,"order_status":"CLOSED"}
{"order_customer_id":8688,"order_id":45530,"order_status":"CLOSED"}
{"order_customer_id":4450,"order_id":45531,"order_status":"PENDING_PAYMENT"}
{"order_customer_id":12101,"order_id":45532,"order_status":"COMPLETE"}
{"order_customer_id":8774,"order_id":45533,"order_status":"CLOSED"}
{"order_customer_id":3755,"order_id":45534,"order_status":"PENDING"}
{"order_customer_id":2853,"order_id":45535,"order_status":"CLOSED"}
{"order_customer_id":5562,"order_id":45536,"order_status":"PROCESSING"}
{"order_customer_id":1747,"order_id":45537,"order_status":"COMPLETE"}
{"order_customer_id":7785,"order_id":45538,"order_status":"COMPLETE"}
{"order_customer_id":6621,"order_id":45539,"order_status":"PENDING_PAYMENT"}
{"order_customer_id":8777,"order_id":45540,"order_status":"CLOSED"}
{"order_customer_id":10175,"order_id":45541,"order_status":"PENDING_PAYMENT"}
{"order_customer_id":5585,"order_id":45542,"order_status":"PROCESSING"}
{"order_customer_id":7271,"order_id":45543,"order_status":"SUSPECTED_FRAUD"}
{"order_customer_id":4019,"order_id":45544,"order_status":"PROCESSING"}
{"order_customer_id":9996,"order_id":45545,"order_status":"PROCESSING"}
{"order_customer_id":185,"order_id":45546,"order_status":"ON_HOLD"}
{"order_customer_id":8024,"order_id":45547,"order_status":"COMPLETE"}
{"order_customer_id":7380,"order_id":45548,"order_status":"PROCESSING"}
{"order_customer_id":12305,"order_id":45549,"order_status":"COMPLETE"}
{"order_customer_id":1340,"order_id":45550,"order_status":"CLOSED"}
{"order_customer_id":11652,"order_id":45551,"order_status":"COMPLETE"}
{"order_customer_id":8358,"order_id":45552,"order_status":"PENDING_PAYMENT"}
{"order_customer_id":7001,"order_id":45553,"order_status":"CLOSED"}
{"order_customer_id":184,"order_id":45554,"order_status":"PENDING_PAYMENT"}
{"order_customer_id":7439,"order_id":45555,"order_status":"SUSPECTED_FRAUD"}
{"order_customer_id":4581,"order_id":45556,"order_status":"PENDING_PAYMENT"}
{"order_customer_id":2179,"order_id":45557,"order_status":"COMPLETE"}
{"order_customer_id":8401,"order_id":45558,"order_status":"ON_HOLD"}
{"order_customer_id":4391,"order_id":45559,"order_status":"COMPLETE"}
{"order_customer_id":12348,"order_id":45560,"order_status":"COMPLETE"}
{"order_customer_id":7757,"order_id":45561,"order_status":"CANCELED"}
{"order_customer_id":11588,"order_id":45562,"order_status":"CLOSED"}
{"order_customer_id":10698,"order_id":45563,"order_status":"PROCESSING"}
{"order_customer_id":4735,"order_id":45564,"order_status":"PENDING_PAYMENT"}
{"order_customer_id":8856,"order_id":45565,"order_status":"PROCESSING"}
{"order_customer_id":3919,"order_id":45566,"order_status":"COMPLETE"}
{"order_customer_id":6945,"order_id":45567,"order_status":"PROCESSING"}
{"order_customer_id":6765,"order_id":45568,"order_status":"ON_HOLD"}
{"order_customer_id":4159,"order_id":45569,"order_status":"CLOSED"}
{"order_customer_id":10438,"order_id":45570,"order_status":"PENDING_PAYMENT"}
{"order_customer_id":10646,"order_id":45571,"order_status":"CLOSED"}
{"order_customer_id":2674,"order_id":45572,"order_status":"COMPLETE"}
{"order_customer_id":9940,"order_id":45573,"order_status":"COMPLETE"}
{"order_customer_id":11312,"order_id":45574,"order_status":"PENDING_PAYMENT"}
{"order_customer_id":3519,"order_id":45575,"order_status":"CLOSED"}
{"order_customer_id":623,"order_id":45576,"order_status":"CLOSED"}
{"order_customer_id":9665,"order_id":45577,"order_status":"PROCESSING"}
{"order_customer_id":6893,"order_id":45578,"order_status":"PENDING_PAYMENT"}
{"order_customer_id":4776,"order_id":45579,"order_status":"COMPLETE"}
{"order_customer_id":1207,"order_id":45580,"order_status":"COMPLETE"}
{"order_customer_id":7997,"order_id":45581,"order_status":"PROCESSING"}
{"order_customer_id":4049,"order_id":45582,"order_status":"PENDING_PAYMENT"}
{"order_customer_id":12221,"order_id":45583,"order_status":"COMPLETE"}
{"order_customer_id":4318,"order_id":45584,"order_status":"PENDING_PAYMENT"}
{"order_customer_id":2442,"order_id":45585,"order_status":"CLOSED"}
{"order_customer_id":5829,"order_id":45586,"order_status":"COMPLETE"}
{"order_customer_id":9628,"order_id":45587,"order_status":"CLOSED"}
{"order_customer_id":11816,"order_id":45588,"order_status":"COMPLETE"}
{"order_customer_id":9554,"order_id":45589,"order_status":"COMPLETE"}
{"order_customer_id":9896,"order_id":45590,"order_status":"CANCELED"}
{"order_customer_id":3324,"order_id":45591,"order_status":"PROCESSING"}
{"order_customer_id":3804,"order_id":45592,"order_status":"CLOSED"}
{"order_customer_id":6060,"order_id":45593,"order_status":"CLOSED"}
{"order_customer_id":4026,"order_id":45594,"order_status":"ON_HOLD"}
{"order_customer_id":5848,"order_id":45595,"order_status":"PENDING"}
{"order_customer_id":4830,"order_id":45596,"order_status":"PROCESSING"}
{"order_customer_id":1664,"order_id":65153,"order_status":"COMPLETE"}
{"order_customer_id":9009,"order_id":65154,"order_status":"COMPLETE"}
{"order_customer_id":8017,"order_id":65155,"order_status":"COMPLETE"}
{"order_customer_id":10237,"order_id":65156,"order_status":"COMPLETE"}
{"order_customer_id":958,"order_id":65157,"order_status":"PENDING_PAYMENT"}
{"order_customer_id":8723,"order_id":65158,"order_status":"COMPLETE"}
{"order_customer_id":7717,"order_id":65159,"order_status":"COMPLETE"}
{"order_customer_id":1007,"order_id":65160,"order_status":"COMPLETE"}
{"order_customer_id":1648,"order_id":65161,"order_status":"CANCELED"}
{"order_customer_id":2742,"order_id":65162,"order_status":"COMPLETE"}
{"order_customer_id":7663,"order_id":65163,"order_status":"COMPLETE"}
{"order_customer_id":12291,"order_id":65164,"order_status":"COMPLETE"}
{"order_customer_id":9209,"order_id":65165,"order_status":"PENDING"}
{"order_customer_id":11510,"order_id":65166,"order_status":"PENDING_PAYMENT"}
{"order_customer_id":11730,"order_id":65167,"order_status":"PENDING"}
{"order_customer_id":2669,"order_id":65168,"order_status":"PROCESSING"}
{"order_customer_id":8380,"order_id":65169,"order_status":"PROCESSING"}
{"order_customer_id":9654,"order_id":65170,"order_status":"PROCESSING"}
{"order_customer_id":12120,"order_id":65171,"order_status":"CLOSED"}
{"order_customer_id":12232,"order_id":65172,"order_status":"PROCESSING"}
{"order_customer_id":11072,"order_id":65173,"order_status":"PROCESSING"}
{"order_customer_id":12045,"order_id":65174,"order_status":"COMPLETE"}
{"order_customer_id":2357,"order_id":65175,"order_status":"PENDING"}
{"order_customer_id":4187,"order_id":65176,"order_status":"PROCESSING"}
{"order_customer_id":1785,"order_id":65177,"order_status":"COMPLETE"}
{"order_customer_id":2869,"order_id":65178,"order_status":"COMPLETE"}
{"order_customer_id":8622,"order_id":65179,"order_status":"PENDING"}
{"order_customer_id":1724,"order_id":65180,"order_status":"PENDING"}
{"order_customer_id":6171,"order_id":65181,"order_status":"COMPLETE"}
{"order_customer_id":2733,"order_id":65182,"order_status":"SUSPECTED_FRAUD"}
{"order_customer_id":2001,"order_id":65183,"order_status":"CLOSED"}
{"order_customer_id":9337,"order_id":65184,"order_status":"COMPLETE"}
{"order_customer_id":4914,"order_id":65185,"order_status":"CLOSED"}
{"order_customer_id":6473,"order_id":65186,"order_status":"COMPLETE"}
{"order_customer_id":9669,"order_id":68412,"order_status":"SUSPECTED_FRAUD"}
{"order_customer_id":11733,"order_id":68413,"order_status":"COMPLETE"}
{"order_customer_id":10967,"order_id":68414,"order_status":"COMPLETE"}
{"order_customer_id":1078,"order_id":68415,"order_status":"COMPLETE"}
{"order_customer_id":8009,"order_id":68836,"order_status":"PENDING_PAYMENT"}
