{"order_customer_id":7151,"order_id":40224,"order_status":"PENDING_PAYMENT"}
{"order_customer_id":9050,"order_id":40225,"order_status":"PENDING_PAYMENT"}
{"order_customer_id":5216,"order_id":40226,"order_status":"COMPLETE"}
{"order_customer_id":4824,"order_id":40227,"order_status":"COMPLETE"}
{"order_customer_id":4556,"order_id":40228,"order_status":"COMPLETE"}
{"order_customer_id":10286,"order_id":40229,"order_status":"PENDING_PAYMENT"}
{"order_customer_id":4635,"order_id":40230,"order_status":"PENDING"}
{"order_customer_id":9416,"order_id":40231,"order_status":"PENDING_PAYMENT"}
{"order_customer_id":4627,"order_id":40232,"order_status":"PENDING_PAYMENT"}
{"order_customer_id":4180,"order_id":40233,"order_status":"COMPLETE"}
{"order_customer_id":7979,"order_id":40234,"order_status":"PENDING"}
{"order_customer_id":789,"order_id":40235,"order_status":"CLOSED"}
{"order_customer_id":7088,"order_id":40236,"order_status":"CLOSED"}
{"order_customer_id":7677,"order_id":40237,"order_status":"COMPLETE"}
{"order_customer_id":662,"order_id":40238,"order_status":"CLOSED"}
{"order_customer_id":3524,"order_id":40239,"order_status":"PROCESSING"}
{"order_customer_id":7753,"order_id":40240,"order_status":"PENDING_PAYMENT"}
{"order_customer_id":3287,"order_id":40241,"order_status":"PENDING_PAYMENT"}
{"order_customer_id":3717,"order_id":40242,"order_status":"CLOSED"}
{"order_customer_id":9728,"order_id":40243,"order_status":"PROCESSING"}
{"order_customer_id":728,"order_id":40244,"order_status":"COMPLETE"}
{"order_customer_id":10740,"order_id":40245,"order_status":"PENDING_PAYMENT"}
{"order_customer_id":10629,"order_id":40246,"order_status":"PENDING_PAYMENT"}
{"order_customer_id":12203,"order_id":40247,"order_status":"PENDING_PAYMENT"}
{"order_customer_id":10269,"order_id":40248,"order_status":"COMPLETE"}
{"order_customer_id":872,"order_id":40249,"order_status":"PENDING_PAYMENT"}
{"order_customer_id":10072,"order_id":40250,"order_status":"PENDING"}
{"order_customer_id":8085,"order_id":40251,"order_status":"PAYMENT_REVIEW"}
{"order_customer_id":3224,"order_id":40252,"order_status":"COMPLETE"}
{"order_customer_id":8039,"order_id":40253,"order_status":"PENDING_PAYMENT"}
{"order_customer_id":9767,"order_id":40254,"order_status":"PENDING_PAYMENT"}
{"order_customer_id":940,"order_id":40255,"order_status":"PENDING_PAYMENT"}
{"order_customer_id":8386,"order_id":40256,"order_status":"COMPLETE"}
{"order_customer_id":7853,"order_id":40257,"order_status":"PENDING_PAYMENT"}
{"order_customer_id":10101,"order_id":40258,"order_status":"ON_HOLD"}
{"order_customer_id":11774,"order_id":40259,"order_status":"CLOSED"}
{"order_customer_id":10404,"order_id":40260,"order_status":"PENDING_PAYMENT"}
{"order_customer_id":9523,"order_id":40261,"order_status":"CLOSED"}
{"order_customer_id":8591,"order_id":40262,"order_status":"COMPLETE"}
{"order_customer_id":2792,"order_id":40263,"order_status":"CLOSED"}
{"order_customer_id":758,"order_id":40264,"order_status":"COMPLETE"}
{"order_customer_id":11928,"order_id":40265,"order_status":"COMPLETE"}
{"order_customer_id":5434,"order_id":40266,"order_status":"COMPLETE"}
{"order_customer_id":3006,"order_id":40267,"order_status":"PENDING_PAYMENT"}
{"order_customer_id":8270,"order_id":40268,"order_status":"COMPLETE"}
{"order_customer_id":4465,"order_id":40269,"order_status":"PENDING"}
{"order_customer_id":6101,"order_id":40270,"order_status":"COMPLETE"}
{"order_customer_id":7578,"order_id":40271,"order_status":"COMPLETE"}
{"order_customer_id":3235,"order_id":40272,"order_status":"PROCESSING"}
{"order_customer_id":4574,"order_id":40273,"order_status":"PENDING_PAYMENT"}
{"order_customer_id":1411,"order_id":40274,"order_status":"PROCESSING"}
{"order_customer_id":6352,"order_id":40275,"order_status":"CLOSED"}
{"order_customer_id":3332,"order_id":40276,"order_status":"COMPLETE"}
{"order_customer_id":984,"order_id":40277,"order_status":"PENDING_PAYMENT"}
{"order_customer_id":7576,"order_id":40278,"order_status":"ON_HOLD"}
{"order_customer_id":1208,"order_id":40279,"order_status":"PENDING"}
{"order_customer_id":10041,"order_id":40280,"order_status":"ON_HOLD"}
{"order_customer_id":3710,"order_id":40281,"order_status":"PENDING_PAYMENT"}
{"order_customer_id":12019,"order_id":40282,"order_status":"PROCESSING"}
{"order_customer_id":8158,"order_id":40283,"order_status":"PENDING"}
{"order_customer_id":3956,"order_id":40284,"order_status":"CLOSED"}
{"order_customer_id":831,"order_id":40285,"order_status":"PENDING_PAYMENT"}
{"order_customer_id":8119,"order_id":40286,"order_status":"PROCESSING"}
{"order_customer_id":974,"order_id":40287,"order_status":"ON_HOLD"}
{"order_customer_id":11543,"order_id":40288,"order_status":"CANCELED"}
{"order_customer_id":107,"order_id":40289,"order_status":"PROCESSING"}
{"order_customer_id":4471,"order_id":40290,"order_status":"COMPLETE"}
{"order_customer_id":5588,"order_id":40291,"order_status":"PROCESSING"}
{"order_customer_id":4639,"order_id":40292,"order_status":"COMPLETE"}
{"order_customer_id":795,"order_id":40293,"order_status":"COMPLETE"}
{"order_customer_id":4581,"order_id":40294,"order_status":"COMPLETE"}
{"order_customer_id":7940,"order_id":40295,"order_status":"PENDING_PAYMENT"}
{"order_customer_id":6569,"order_id":40296,"order_status":"PENDING_PAYMENT"}
{"order_customer_id":2406,"order_id":40297,"order_status":"COMPLETE"}
{"order_customer_id":11383,"order_id":40298,"order_status":"COMPLETE"}
{"order_customer_id":11378,"order_id":40299,"order_status":"PENDING_PAYMENT"}
{"order_customer_id":10992,"order_id":40300,"order_status":"COMPLETE"}
{"order_customer_id":9252,"order_id":40301,"order_status":"PENDING"}
{"order_customer_id":9824,"order_id":40302,"order_status":"COMPLETE"}
{"order_customer_id":9426,"order_id":40303,"order_status":"PENDING_PAYMENT"}
{"order_customer_id":4496,"order_id":40304,"order_status":"PROCESSING"}
{"order_customer_id":10690,"order_id":40305,"order_status":"PENDING_PAYMENT"}
{"order_customer_id":910,"order_id":40306,"order_status":"COMPLETE"}
{"order_customer_id":1890,"order_id":40307,"order_status":"PENDING_PAYMENT"}
{"order_customer_id":11497,"order_id":40308,"order_status":"PENDING_PAYMENT"}
{"order_customer_id":6928,"order_id":40309,"order_status":"PROCESSING"}
{"order_customer_id":4573,"order_id":40310,"order_status":"COMPLETE"}
{"order_customer_id":8463,"order_id":40311,"order_status":"CLOSED"}
{"order_customer_id":10976,"order_id":40312,"order_status":"COMPLETE"}
{"order_customer_id":3897,"order_id":40313,"order_status":"PENDING_PAYMENT"}
{"order_customer_id":4746,"order_id":40314,"order_status":"COMPLETE"}
{"order_customer_id":4098,"order_id":40315,"order_status":"PROCESSING"}
{"order_customer_id":2101,"order_id":40316,"order_status":"PROCESSING"}
{"order_customer_id":5810,"order_id":40317,"order_status":"PENDING"}
{"order_customer_id":2970,"order_id":40318,"order_status":"COMPLETE"}
{"order_customer_id":6530,"order_id":40319,"order_status":"PROCESSING"}
{"order_customer_id":7651,"order_id":40320,"order_status":"COMPLETE"}
{"order_customer_id":1380,"order_id":40321,"order_status":"PENDING"}
{"order_customer_id":6561,"order_id":40322,"order_status":"COMPLETE"}
{"order_customer_id":6168,"order_id":40323,"order_status":"PENDING_PAYMENT"}
{"order_customer_id":10968,"order_id":40324,"order_status":"PENDING_PAYMENT"}
{"order_customer_id":7776,"order_id":40325,"order_status":"CLOSED"}
{"order_customer_id":8326,"order_id":40326,"order_status":"PENDING"}
{"order_customer_id":6759,"order_id":40327,"order_status":"COMPLETE"}
{"order_customer_id":1599,"order_id":40328,"order_status":"COMPLETE"}
{"order_customer_id":888,"order_id":40329,"order_status":"PENDING"}
{"order_customer_id":1818,"order_id":40330,"order_status":"COMPLETE"}
{"order_customer_id":11509,"order_id":40331,"order_status":"COMPLETE"}
{"order_customer_id":10844,"order_id":40332,"order_status":"PENDING_PAYMENT"}
{"order_customer_id":3192,"order_id":40333,"order_status":"COMPLETE"}
{"order_customer_id":2014,"order_id":40334,"order_status":"PENDING_PAYMENT"}
{"order_customer_id":10812,"order_id":40335,"order_status":"CLOSED"}
{"order_customer_id":252,"order_id":40336,"order_status":"COMPLETE"}
{"order_customer_id":6711,"order_id":40337,"order_status":"COMPLETE"}
{"order_customer_id":4650,"order_id":40338,"order_status":"ON_HOLD"}
{"order_customer_id":4119,"order_id":40339,"order_status":"PENDING_PAYMENT"}
{"order_customer_id":7435,"order_id":40340,"order_status":"PENDING"}
{"order_customer_id":11139,"order_id":40341,"order_status":"PENDING"}
{"order_customer_id":9839,"order_id":40342,"order_status":"PENDING_PAYMENT"}
{"order_customer_id":4540,"order_id":40343,"order_status":"PROCESSING"}
{"order_customer_id":7189,"order_id":40344,"order_status":"COMPLETE"}
{"order_customer_id":11706,"order_id":40345,"order_status":"PROCESSING"}
{"order_customer_id":1355,"order_id":40346,"order_status":"PENDING_PAYMENT"}
{"order_customer_id":5795,"order_id":40347,"order_status":"PENDING_PAYMENT"}
{"order_customer_id":11416,"order_id":40348,"order_status":"CLOSED"}
{"order_customer_id":8817,"order_id":40349,"order_status":"COMPLETE"}
{"order_customer_id":12151,"order_id":40350,"order_status":"COMPLETE"}
{"order_customer_id":89,"order_id":40351,"order_status":"PENDING_PAYMENT"}
{"order_customer_id":8268,"order_id":40352,"order_status":"PENDING"}
{"order_customer_id":11940,"order_id":40353,"order_status":"COMPLETE"}
{"order_customer_id":12210,"order_id":40354,"order_status":"COMPLETE"}
{"order_customer_id":2790,"order_id":40355,"order_status":"CLOSED"}
{"order_customer_id":9658,"order_id":40356,"order_status":"COMPLETE"}
{"order_customer_id":3660,"order_id":40357,"order_status":"ON_HOLD"}
{"order_customer_id":7711,"order_id":40358,"order_status":"COMPLETE"}
{"order_customer_id":4149,"order_id":40359,"order_status":"CLOSED"}
{"order_customer_id":4908,"order_id":40360,"order_status":"COMPLETE"}
{"order_customer_id":10957,"order_id":40361,"order_status":"CLOSED"}
{"order_customer_id":7115,"order_id":40362,"order_status":"SUSPECTED_FRAUD"}
{"order_customer_id":5196,"order_id":40363,"order_status":"PENDING_PAYMENT"}
{"order_customer_id":3250,"order_id":40364,"order_status":"COMPLETE"}
{"order_customer_id":8991,"order_id":40365,"order_status":"COMPLETE"}
{"order_customer_id":330,"order_id":40366,"order_status":"PENDING_PAYMENT"}
{"order_customer_id":908,"order_id":40367,"order_status":"COMPLETE"}
{"order_customer_id":10202,"order_id":40368,"order_status":"PAYMENT_REVIEW"}
{"order_customer_id":4406,"order_id":40369,"order_status":"PROCESSING"}
{"order_customer_id":9481,"order_id":40370,"order_status":"PENDING_PAYMENT"}
{"order_customer_id":11434,"order_id":40371,"order_status":"PENDING_PAYMENT"}
{"order_customer_id":370,"order_id":40372,"order_status":"PROCESSING"}
{"order_customer_id":5870,"order_id":40373,"order_status":"PENDING"}
{"order_customer_id":7523,"order_id":40374,"order_status":"PAYMENT_REVIEW"}
{"order_customer_id":1024,"order_id":40375,"order_status":"PENDING"}
{"order_customer_id":1192,"order_id":40376,"order_status":"COMPLETE"}
{"order_customer_id":9517,"order_id":40377,"order_status":"COMPLETE"}
{"order_customer_id":7298,"order_id":40378,"order_status":"COMPLETE"}
{"order_customer_id":7938,"order_id":40379,"order_status":"COMPLETE"}
{"order_customer_id":9925,"order_id":40380,"order_status":"COMPLETE"}
{"order_customer_id":10994,"order_id":40381,"order_status":"PENDING_PAYMENT"}
{"order_customer_id":1276,"order_id":40382,"order_status":"CANCELED"}
{"order_customer_id":8742,"order_id":40383,"order_status":"PROCESSING"}
{"order_customer_id":11326,"order_id":40384,"order_status":"CLOSED"}
{"order_customer_id":7841,"order_id":40385,"order_status":"COMPLETE"}
{"order_customer_id":3735,"order_id":40386,"order_status":"CLOSED"}
{"order_customer_id":9039,"order_id":40387,"order_status":"ON_HOLD"}
{"order_customer_id":4583,"order_id":40388,"order_status":"PENDING"}
{"order_customer_id":5695,"order_id":40389,"order_status":"CANCELED"}
{"order_customer_id":9647,"order_id":40390,"order_status":"COMPLETE"}
{"order_customer_id":5333,"order_id":40391,"order_status":"PENDING_PAYMENT"}
{"order_customer_id":6284,"order_id":40392,"order_status":"PROCESSING"}
{"order_customer_id":137,"order_id":40393,"order_status":"PENDING_PAYMENT"}
{"order_customer_id":9559,"order_id":40394,"order_status":"PENDING_PAYMENT"}
{"order_customer_id":11827,"order_id":40395,"order_status":"PROCESSING"}
{"order_customer_id":11486,"order_id":40396,"order_status":"COMPLETE"}
{"order_customer_id":1073,"order_id":40397,"order_status":"PENDING"}
{"order_customer_id":1066,"order_id":40398,"order_status":"COMPLETE"}
{"order_customer_id":7364,"order_id":40399,"order_status":"ON_HOLD"}
{"order_customer_id":3964,"order_id":40400,"order_status":"PENDING"}
{"order_customer_id":8861,"order_id":40401,"order_status":"COMPLETE"}
{"order_customer_id":1716,"order_id":40402,"order_status":"COMPLETE"}
{"order_customer_id":11264,"order_id":40403,"order_status":"PROCESSING"}
{"order_customer_id":2927,"order_id":40404,"order_status":"PENDING_PAYMENT"}
{"order_customer_id":11432,"order_id":40405,"order_status":"COMPLETE"}
{"order_customer_id":7825,"order_id":40406,"order_status":"SUSPECTED_FRAUD"}
{"order_customer_id":9237,"order_id":40407,"order_status":"PENDING"}
{"order_customer_id":8850,"order_id":40408,"order_status":"PAYMENT_REVIEW"}
{"order_customer_id":6425,"order_id":40409,"order_status":"COMPLETE"}
{"order_customer_id":6652,"order_id":40410,"order_status":"ON_HOLD"}
{"order_customer_id":4510,"order_id":40411,"order_status":"ON_HOLD"}
{"order_customer_id":10643,"order_id":40412,"order_status":"SUSPECTED_FRAUD"}
{"order_customer_id":12105,"order_id":40413,"order_status":"PENDING_PAYMENT"}
{"order_customer_id":8861,"order_id":40414,"order_status":"COMPLETE"}
{"order_customer_id":8015,"order_id":40415,"order_status":"SUSPECTED_FRAUD"}
{"order_customer_id":6359,"order_id":40416,"order_status":"COMPLETE"}
{"order_customer_id":7823,"order_id":40417,"order_status":"ON_HOLD"}
{"order_customer_id":2005,"order_id":40418,"order_status":"PENDING"}
{"order_customer_id":11271,"order_id":40419,"order_status":"COMPLETE"}
{"order_customer_id":7453,"order_id":40420,"order_status":"CANCELED"}
{"order_customer_id":10035,"order_id":40421,"order_status":"ON_HOLD"}
{"order_customer_id":949,"order_id":40422,"order_status":"COMPLETE"}
{"order_customer_id":5762,"order_id":40423,"order_status":"PENDING_PAYMENT"}
{"order_customer_id":4011,"order_id":40424,"order_status":"PENDING_PAYMENT"}
{"order_customer_id":9470,"order_id":40425,"order_status":"COMPLETE"}
{"order_customer_id":9136,"order_id":40426,"order_status":"ON_HOLD"}
{"order_customer_id":2286,"order_id":40427,"order_status":"PENDING_PAYMENT"}
{"order_customer_id":1395,"order_id":40428,"order_status":"COMPLETE"}
{"order_customer_id":7860,"order_id":40429,"order_status":"CLOSED"}
{"order_customer_id":620,"order_id":40430,"order_status":"PENDING_PAYMENT"}
{"order_customer_id":10310,"order_id":40431,"order_status":"PROCESSING"}
{"order_customer_id":1530,"order_id":40432,"order_status":"PROCESSING"}
{"order_customer_id":2603,"order_id":40433,"order_status":"PENDING"}
{"order_customer_id":4358,"order_id":40434,"order_status":"PROCESSING"}
{"order_customer_id":1003,"order_id":40435,"order_status":"ON_HOLD"}
{"order_customer_id":5238,"order_id":40436,"order_status":"PENDING_PAYMENT"}
{"order_customer_id":7362,"order_id":40437,"order_status":"PROCESSING"}
{"order_customer_id":12097,"order_id":40438,"order_status":"CLOSED"}
{"order_customer_id":10202,"order_id":40439,"order_status":"CLOSED"}
{"order_customer_id":10389,"order_id":40440,"order_status":"COMPLETE"}
{"order_customer_id":4752,"order_id":40441,"order_status":"PENDING_PAYMENT"}
{"order_customer_id":8706,"order_id":40442,"order_status":"COMPLETE"}
{"order_customer_id":8081,"order_id":40443,"order_status":"PROCESSING"}
{"order_customer_id":4952,"order_id":40444,"order_status":"PENDING_PAYMENT"}
{"order_customer_id":3012,"order_id":40445,"order_status":"PENDING_PAYMENT"}
{"order_customer_id":6579,"order_id":40446,"order_status":"PENDING_PAYMENT"}
{"order_customer_id":9028,"order_id":40447,"order_status":"ON_HOLD"}
{"order_customer_id":9838,"order_id":40448,"order_status":"COMPLETE"}
{"order_customer_id":3653,"order_id":40449,"order_status":"COMPLETE"}
{"order_customer_id":3873,"order_id":40450,"order_status":"PENDING"}
{"order_customer_id":6314,"order_id":40451,"order_status":"PENDING"}
{"order_customer_id":705,"order_id":40452,"order_status":"PENDING_PAYMENT"}
{"order_customer_id":200,"order_id":40453,"order_status":"PENDING_PAYMENT"}
{"order_customer_id":12416,"order_id":40454,"order_status":"COMPLETE"}
{"order_customer_id":12163,"order_id":40455,"order_status":"CLOSED"}
{"order_customer_id":6677,"order_id":40456,"order_status":"PROCESSING"}
{"order_customer_id":6881,"order_id":40457,"order_status":"PENDING"}
{"order_customer_id":11482,"order_id":40458,"order_status":"COMPLETE"}
{"order_customer_id":3186,"order_id":40459,"order_status":"PENDING_PAYMENT"}
{"order_customer_id":8596,"order_id":40460,"order_status":"SUSPECTED_FRAUD"}
{"order_customer_id":10162,"order_id":40461,"order_status":"CLOSED"}
{"order_customer_id":10124,"order_id":40462,"order_status":"COMPLETE"}
{"order_customer_id":2809,"order_id":40463,"order_status":"PENDING_PAYMENT"}
{"order_customer_id":9718,"order_id":40464,"order_status":"CLOSED"}
{"order_customer_id":4976,"order_id":40465,"order_status":"PENDING_PAYMENT"}
{"order_customer_id":7158,"order_id":40466,"order_status":"COMPLETE"}
{"order_customer_id":1309,"order_id":40467,"order_status":"COMPLETE"}
{"order_customer_id":2556,"order_id":64245,"order_status":"COMPLETE"}
{"order_customer_id":1549,"order_id":64246,"order_status":"PENDING_PAYMENT"}
{"order_customer_id":11911,"order_id":64247,"order_status":"COMPLETE"}
{"order_customer_id":6522,"order_id":64248,"order_status":"PENDING_PAYMENT"}
{"order_customer_id":2553,"order_id":64249,"order_status":"COMPLETE"}
{"order_customer_id":4966,"order_id":64250,"order_status":"COMPLETE"}
{"order_customer_id":524,"order_id":64251,"order_status":"PENDING_PAYMENT"}
{"order_customer_id":6756,"order_id":64252,"order_status":"COMPLETE"}
{"order_customer_id":11311,"order_id":64253,"order_status":"COMPLETE"}
{"order_customer_id":3953,"order_id":64254,"order_status":"COMPLETE"}
{"order_customer_id":2717,"order_id":64255,"order_status":"PENDING_PAYMENT"}
{"order_customer_id":9646,"order_id":64256,"order_status":"COMPLETE"}
{"order_customer_id":9862,"order_id":64257,"order_status":"COMPLETE"}
{"order_customer_id":630,"order_id":64258,"order_status":"ON_HOLD"}
{"order_customer_id":6079,"order_id":64259,"order_status":"COMPLETE"}
{"order_customer_id":11628,"order_id":64260,"order_status":"CLOSED"}
{"order_customer_id":10003,"order_id":68294,"order_status":"PENDING_PAYMENT"}
{"order_customer_id":11949,"order_id":68295,"order_status":"COMPLETE"}
{"order_customer_id":12393,"order_id":68818,"order_status":"PROCESSING"}
