{"order_customer_id":10625,"order_id":54817,"order_status":"COMPLETE"}
{"order_customer_id":10411,"order_id":54818,"order_status":"PENDING_PAYMENT"}
{"order_customer_id":10891,"order_id":54819,"order_status":"PENDING_PAYMENT"}
{"order_customer_id":3456,"order_id":54820,"order_status":"CLOSED"}
{"order_customer_id":192,"order_id":54821,"order_status":"PENDING"}
{"order_customer_id":7971,"order_id":54822,"order_status":"COMPLETE"}
{"order_customer_id":773,"order_id":54823,"order_status":"PENDING"}
{"order_customer_id":7944,"order_id":54824,"order_status":"ON_HOLD"}
{"order_customer_id":11362,"order_id":54825,"order_status":"COMPLETE"}
{"order_customer_id":1901,"order_id":54826,"order_status":"PROCESSING"}
{"order_customer_id":1695,"order_id":54827,"order_status":"SUSPECTED_FRAUD"}
{"order_customer_id":12205,"order_id":54828,"order_status":"PENDING_PAYMENT"}
{"order_customer_id":9499,"order_id":54829,"order_status":"COMPLETE"}
{"order_customer_id":7292,"order_id":54830,"order_status":"PENDING_PAYMENT"}
{"order_customer_id":1959,"order_id":54831,"order_status":"COMPLETE"}
{"order_customer_id":2626,"order_id":54832,"order_status":"PROCESSING"}
{"order_customer_id":1717,"order_id":54833,"order_status":"PENDING"}
{"order_customer_id":511,"order_id":54834,"order_status":"COMPLETE"}
{"order_customer_id":216,"order_id":54835,"order_status":"PENDING_PAYMENT"}
{"order_customer_id":9534,"order_id":54836,"order_status":"COMPLETE"}
{"order_customer_id":32,"order_id":54837,"order_status":"PENDING"}
{"order_customer_id":5563,"order_id":54838,"order_status":"PROCESSING"}
{"order_customer_id":3721,"order_id":54839,"order_status":"CLOSED"}
{"order_customer_id":899,"order_id":54840,"order_status":"PENDING"}
{"order_customer_id":6724,"order_id":54841,"order_status":"COMPLETE"}
{"order_customer_id":7110,"order_id":54842,"order_status":"CLOSED"}
{"order_customer_id":5825,"order_id":54843,"order_status":"PROCESSING"}
{"order_customer_id":1267,"order_id":54844,"order_status":"COMPLETE"}
{"order_customer_id":2320,"order_id":54845,"order_status":"COMPLETE"}
{"order_customer_id":874,"order_id":54846,"order_status":"PROCESSING"}
{"order_customer_id":11400,"order_id":54847,"order_status":"ON_HOLD"}
{"order_customer_id":9639,"order_id":54848,"order_status":"CLOSED"}
{"order_customer_id":1802,"order_id":54849,"order_status":"CANCELED"}
{"order_customer_id":266,"order_id":54850,"order_status":"PROCESSING"}
{"order_customer_id":2012,"order_id":54851,"order_status":"CANCELED"}
{"order_customer_id":12197,"order_id":54852,"order_status":"PROCESSING"}
{"order_customer_id":10779,"order_id":54853,"order_status":"SUSPECTED_FRAUD"}
{"order_customer_id":11381,"order_id":54854,"order_status":"PENDING_PAYMENT"}
{"order_customer_id":3620,"order_id":54855,"order_status":"COMPLETE"}
{"order_customer_id":11853,"order_id":54856,"order_status":"PENDING"}
{"order_customer_id":7557,"order_id":54857,"order_status":"ON_HOLD"}
{"order_customer_id":4600,"order_id":54858,"order_status":"COMPLETE"}
{"order_customer_id":4720,"order_id":54859,"order_status":"COMPLETE"}
{"order_customer_id":2553,"order_id":54860,"order_status":"CLOSED"}
{"order_customer_id":4028,"order_id":54861,"order_status":"COMPLETE"}
{"order_customer_id":8084,"order_id":54862,"order_status":"COMPLETE"}
{"order_customer_id":6208,"order_id":54863,"order_status":"PENDING_PAYMENT"}
{"order_customer_id":10216,"order_id":54864,"order_status":"CLOSED"}
{"order_customer_id":8119,"order_id":54865,"order_status":"PROCESSING"}
{"order_customer_id":9558,"order_id":54866,"order_status":"PENDING_PAYMENT"}
{"order_customer_id":5653,"order_id":54867,"order_status":"PROCESSING"}
{"order_customer_id":10363,"order_id":54868,"order_status":"PENDING"}
{"order_customer_id":1928,"order_id":54869,"order_status":"PROCESSING"}
{"order_customer_id":4544,"order_id":54870,"order_status":"CLOSED"}
{"order_customer_id":7468,"order_id":54871,"order_status":"PENDING"}
{"order_customer_id":5283,"order_id":54872,"order_status":"COMPLETE"}
{"order_customer_id":1387,"order_id":54873,"order_status":"COMPLETE"}
{"order_customer_id":389,"order_id":54874,"order_status":"PENDING"}
{"order_customer_id":783,"order_id":54875,"order_status":"CANCELED"}
{"order_customer_id":5308,"order_id":54876,"order_status":"PENDING"}
{"order_customer_id":10641,"order_id":54877,"order_status":"PENDING_PAYMENT"}
{"order_customer_id":2009,"order_id":54878,"order_status":"CLOSED"}
{"order_customer_id":11975,"order_id":54879,"order_status":"PENDING"}
{"order_customer_id":5105,"order_id":54880,"order_status":"COMPLETE"}
{"order_customer_id":4817,"order_id":54881,"order_status":"CLOSED"}
{"order_customer_id":11437,"order_id":54882,"order_status":"CLOSED"}
{"order_customer_id":9954,"order_id":54883,"order_status":"PENDING_PAYMENT"}
{"order_customer_id":2235,"order_id":54884,"order_status":"COMPLETE"}
{"order_customer_id":5881,"order_id":54885,"order_status":"CLOSED"}
{"order_customer_id":5326,"order_id":54886,"order_status":"PROCESSING"}
{"order_customer_id":11671,"order_id":54887,"order_status":"PENDING"}
{"order_customer_id":1875,"order_id":54888,"order_status":"PENDING"}
{"order_customer_id":6616,"order_id":54889,"order_status":"PENDING_PAYMENT"}
{"order_customer_id":1824,"order_id":54890,"order_status":"CLOSED"}
{"order_customer_id":919,"order_id":54891,"order_status":"PENDING"}
{"order_customer_id":7068,"order_id":54892,"order_status":"COMPLETE"}
{"order_customer_id":1423,"order_id":54893,"order_status":"PENDING"}
{"order_customer_id":9136,"order_id":54894,"order_status":"PENDING_PAYMENT"}
{"order_customer_id":6174,"order_id":54895,"order_status":"PROCESSING"}
{"order_customer_id":7200,"order_id":54896,"order_status":"COMPLETE"}
{"order_customer_id":2648,"order_id":54897,"order_status":"SUSPECTED_FRAUD"}
{"order_customer_id":5156,"order_id":54898,"order_status":"PENDING_PAYMENT"}
{"order_customer_id":198,"order_id":54899,"order_status":"PROCESSING"}
{"order_customer_id":10869,"order_id":54900,"order_status":"CANCELED"}
{"order_customer_id":8203,"order_id":54901,"order_status":"CLOSED"}
{"order_customer_id":7266,"order_id":54902,"order_status":"CLOSED"}
{"order_customer_id":3454,"order_id":54903,"order_status":"SUSPECTED_FRAUD"}
{"order_customer_id":7953,"order_id":54904,"order_status":"COMPLETE"}
{"order_customer_id":6229,"order_id":54905,"order_status":"PROCESSING"}
{"order_customer_id":4822,"order_id":54906,"order_status":"PENDING"}
{"order_customer_id":1852,"order_id":54907,"order_status":"COMPLETE"}
{"order_customer_id":11713,"order_id":54908,"order_status":"COMPLETE"}
{"order_customer_id":10018,"order_id":54909,"order_status":"CLOSED"}
{"order_customer_id":2715,"order_id":54910,"order_status":"CLOSED"}
{"order_customer_id":2981,"order_id":54911,"order_status":"COMPLETE"}
{"order_customer_id":4822,"order_id":54912,"order_status":"COMPLETE"}
{"order_customer_id":9963,"order_id":54913,"order_status":"CANCELED"}
{"order_customer_id":10681,"order_id":54914,"order_status":"COMPLETE"}
{"order_customer_id":5696,"order_id":54915,"order_status":"PENDING_PAYMENT"}
{"order_customer_id":8658,"order_id":54916,"order_status":"COMPLETE"}
{"order_customer_id":7597,"order_id":54917,"order_status":"COMPLETE"}
{"order_customer_id":11097,"order_id":54918,"order_status":"COMPLETE"}
{"order_customer_id":8237,"order_id":54919,"order_status":"CLOSED"}
{"order_customer_id":4893,"order_id":54920,"order_status":"COMPLETE"}
{"order_customer_id":10810,"order_id":54921,"order_status":"ON_HOLD"}
{"order_customer_id":6383,"order_id":54922,"order_status":"CLOSED"}
{"order_customer_id":856,"order_id":54923,"order_status":"PENDING"}
{"order_customer_id":10296,"order_id":54924,"order_status":"COMPLETE"}
{"order_customer_id":2801,"order_id":54925,"order_status":"CLOSED"}
{"order_customer_id":9774,"order_id":54926,"order_status":"PENDING"}
{"order_customer_id":12047,"order_id":54927,"order_status":"PENDING"}
{"order_customer_id":7321,"order_id":54928,"order_status":"ON_HOLD"}
{"order_customer_id":6683,"order_id":54929,"order_status":"CANCELED"}
{"order_customer_id":8549,"order_id":54930,"order_status":"SUSPECTED_FRAUD"}
{"order_customer_id":1596,"order_id":54931,"order_status":"PENDING"}
{"order_customer_id":1762,"order_id":54932,"order_status":"COMPLETE"}
{"order_customer_id":8647,"order_id":54933,"order_status":"PAYMENT_REVIEW"}
{"order_customer_id":3551,"order_id":54934,"order_status":"PENDING_PAYMENT"}
{"order_customer_id":2784,"order_id":54935,"order_status":"COMPLETE"}
{"order_customer_id":11411,"order_id":54936,"order_status":"COMPLETE"}
{"order_customer_id":1412,"order_id":54937,"order_status":"PROCESSING"}
{"order_customer_id":4460,"order_id":54938,"order_status":"COMPLETE"}
{"order_customer_id":8219,"order_id":54939,"order_status":"COMPLETE"}
{"order_customer_id":12268,"order_id":54940,"order_status":"COMPLETE"}
{"order_customer_id":5411,"order_id":54941,"order_status":"COMPLETE"}
{"order_customer_id":2753,"order_id":66931,"order_status":"PENDING_PAYMENT"}
{"order_customer_id":9106,"order_id":66932,"order_status":"PENDING_PAYMENT"}
{"order_customer_id":9915,"order_id":66933,"order_status":"PENDING_PAYMENT"}
{"order_customer_id":10129,"order_id":66934,"order_status":"COMPLETE"}
{"order_customer_id":5780,"order_id":66935,"order_status":"CLOSED"}
{"order_customer_id":3466,"order_id":66936,"order_status":"PROCESSING"}
{"order_customer_id":94,"order_id":66937,"order_status":"CANCELED"}
{"order_customer_id":3972,"order_id":66938,"order_status":"COMPLETE"}
{"order_customer_id":10421,"order_id":66939,"order_status":"COMPLETE"}
{"order_customer_id":1705,"order_id":66940,"order_status":"COMPLETE"}
{"order_customer_id":9851,"order_id":66941,"order_status":"PENDING"}
{"order_customer_id":7000,"order_id":66942,"order_status":"COMPLETE"}
{"order_customer_id":5962,"order_id":66943,"order_status":"PENDING_PAYMENT"}
{"order_customer_id":601,"order_id":66944,"order_status":"PROCESSING"}
{"order_customer_id":465,"order_id":66945,"order_status":"COMPLETE"}
{"order_customer_id":6333,"order_id":66946,"order_status":"PENDING_PAYMENT"}
{"order_customer_id":9687,"order_id":66947,"order_status":"COMPLETE"}
{"order_customer_id":6231,"order_id":66948,"order_status":"PENDING"}
{"order_customer_id":9552,"order_id":66949,"order_status":"CLOSED"}
{"order_customer_id":9176,"order_id":66950,"order_status":"CLOSED"}
{"order_customer_id":301,"order_id":66951,"order_status":"PENDING_PAYMENT"}
{"order_customer_id":6527,"order_id":66952,"order_status":"PENDING_PAYMENT"}
{"order_customer_id":6428,"order_id":66953,"order_status":"COMPLETE"}
{"order_customer_id":2559,"order_id":66954,"order_status":"ON_HOLD"}
{"order_customer_id":3938,"order_id":66955,"order_status":"PENDING_PAYMENT"}
{"order_customer_id":1266,"order_id":66956,"order_status":"PENDING_PAYMENT"}
{"order_customer_id":3746,"order_id":66957,"order_status":"PENDING_PAYMENT"}
{"order_customer_id":467,"order_id":66958,"order_status":"CANCELED"}
{"order_customer_id":2048,"order_id":66959,"order_status":"CANCELED"}
{"order_customer_id":5685,"order_id":66960,"order_status":"ON_HOLD"}
{"order_customer_id":10129,"order_id":66961,"order_status":"PENDING"}
{"order_customer_id":10453,"order_id":66962,"order_status":"PENDING"}
{"order_customer_id":6342,"order_id":66963,"order_status":"PROCESSING"}
{"order_customer_id":5956,"order_id":66964,"order_status":"PENDING_PAYMENT"}
{"order_customer_id":8834,"order_id":66965,"order_status":"COMPLETE"}
{"order_customer_id":7263,"order_id":66966,"order_status":"PENDING"}
{"order_customer_id":11154,"order_id":66967,"order_status":"CANCELED"}
{"order_customer_id":3816,"order_id":66968,"order_status":"PROCESSING"}
{"order_customer_id":8791,"order_id":66969,"order_status":"COMPLETE"}
{"order_customer_id":2529,"order_id":66970,"order_status":"COMPLETE"}
{"order_customer_id":7447,"order_id":68637,"order_status":"PROCESSING"}
{"order_customer_id":11631,"order_id":68638,"order_status":"COMPLETE"}
{"order_customer_id":5091,"order_id":68639,"order_status":"COMPLETE"}
{"order_customer_id":11447,"order_id":68640,"order_status":"PENDING_PAYMENT"}
{"order_customer_id":221,"order_id":68641,"order_status":"PENDING_PAYMENT"}
{"order_customer_id":9692,"order_id":68877,"order_status":"ON_HOLD"}
