{"order_customer_id":12365,"order_id":23439,"order_status":"CLOSED"}
{"order_customer_id":9580,"order_id":23440,"order_status":"ON_HOLD"}
{"order_customer_id":9375,"order_id":23441,"order_status":"PENDING"}
{"order_customer_id":1222,"order_id":23442,"order_status":"COMPLETE"}
{"order_customer_id":2027,"order_id":23443,"order_status":"PENDING"}
{"order_customer_id":45,"order_id":23444,"order_status":"CLOSED"}
{"order_customer_id":8102,"order_id":23445,"order_status":"COMPLETE"}
{"order_customer_id":4965,"order_id":23446,"order_status":"ON_HOLD"}
{"order_customer_id":7247,"order_id":23447,"order_status":"COMPLETE"}
{"order_customer_id":5329,"order_id":23448,"order_status":"SUSPECTED_FRAUD"}
{"order_customer_id":11735,"order_id":23449,"order_status":"CLOSED"}
{"order_customer_id":9568,"order_id":23450,"order_status":"PAYMENT_REVIEW"}
{"order_customer_id":3235,"order_id":23451,"order_status":"PENDING_PAYMENT"}
{"order_customer_id":9704,"order_id":23452,"order_status":"PENDING_PAYMENT"}
{"order_customer_id":1844,"order_id":23453,"order_status":"CLOSED"}
{"order_customer_id":3889,"order_id":23454,"order_status":"PENDING_PAYMENT"}
{"order_customer_id":4545,"order_id":23455,"order_status":"PROCESSING"}
{"order_customer_id":241,"order_id":23456,"order_status":"COMPLETE"}
{"order_customer_id":8834,"order_id":23457,"order_status":"COMPLETE"}
{"order_customer_id":6822,"order_id":23458,"order_status":"CLOSED"}
{"order_customer_id":8309,"order_id":23459,"order_status":"COMPLETE"}
{"order_customer_id":451,"order_id":23460,"order_status":"PENDING_PAYMENT"}
{"order_customer_id":4103,"order_id":23461,"order_status":"COMPLETE"}
{"order_customer_id":2651,"order_id":23462,"order_status":"COMPLETE"}
{"order_customer_id":3379,"order_id":23463,"order_status":"COMPLETE"}
{"order_customer_id":11252,"order_id":23464,"order_status":"PROCESSING"}
{"order_customer_id":8483,"order_id":23465,"order_status":"PENDING_PAYMENT"}
{"order_customer_id":7022,"order_id":23466,"order_status":"CLOSED"}
{"order_customer_id":9465,"order_id":23467,"order_status":"COMPLETE"}
{"order_customer_id":10290,"order_id":23468,"order_status":"COMPLETE"}
{"order_customer_id":4848,"order_id":23469,"order_status":"COMPLETE"}
{"order_customer_id":1433,"order_id":23470,"order_status":"COMPLETE"}
{"order_customer_id":8158,"order_id":23471,"order_status":"CLOSED"}
{"order_customer_id":8187,"order_id":23472,"order_status":"PENDING_PAYMENT"}
{"order_customer_id":11223,"order_id":23473,"order_status":"COMPLETE"}
{"order_customer_id":660,"order_id":23474,"order_status":"COMPLETE"}
{"order_customer_id":8806,"order_id":23475,"order_status":"CANCELED"}
{"order_customer_id":6756,"order_id":23476,"order_status":"CANCELED"}
{"order_customer_id":934,"order_id":23477,"order_status":"COMPLETE"}
{"order_customer_id":11235,"order_id":23478,"order_status":"PENDING_PAYMENT"}
{"order_customer_id":9591,"order_id":23479,"order_status":"COMPLETE"}
{"order_customer_id":3094,"order_id":23480,"order_status":"PENDING"}
{"order_customer_id":2171,"order_id":23481,"order_status":"PENDING_PAYMENT"}
{"order_customer_id":6818,"order_id":23482,"order_status":"PENDING_PAYMENT"}
{"order_customer_id":9290,"order_id":23483,"order_status":"COMPLETE"}
{"order_customer_id":11795,"order_id":23484,"order_status":"PROCESSING"}
{"order_customer_id":5311,"order_id":23485,"order_status":"PROCESSING"}
{"order_customer_id":10462,"order_id":23486,"order_status":"COMPLETE"}
{"order_customer_id":90,"order_id":23487,"order_status":"PENDING_PAYMENT"}
{"order_customer_id":4189,"order_id":23488,"order_status":"COMPLETE"}
{"order_customer_id":5916,"order_id":23489,"order_status":"CLOSED"}
{"order_customer_id":2515,"order_id":23490,"order_status":"COMPLETE"}
{"order_customer_id":8809,"order_id":23491,"order_status":"COMPLETE"}
{"order_customer_id":10520,"order_id":23492,"order_status":"COMPLETE"}
{"order_customer_id":11390,"order_id":23493,"order_status":"PENDING"}
{"order_customer_id":2464,"order_id":23494,"order_status":"PENDING"}
{"order_customer_id":5244,"order_id":23495,"order_status":"CLOSED"}
{"order_customer_id":11448,"order_id":23496,"order_status":"PROCESSING"}
{"order_customer_id":1387,"order_id":23497,"order_status":"PENDING_PAYMENT"}
{"order_customer_id":5657,"order_id":23498,"order_status":"ON_HOLD"}
{"order_customer_id":10906,"order_id":23499,"order_status":"PROCESSING"}
{"order_customer_id":340,"order_id":23500,"order_status":"COMPLETE"}
{"order_customer_id":11356,"order_id":23501,"order_status":"PENDING"}
{"order_customer_id":11362,"order_id":23502,"order_status":"ON_HOLD"}
{"order_customer_id":4326,"order_id":23503,"order_status":"PENDING_PAYMENT"}
{"order_customer_id":713,"order_id":23504,"order_status":"PENDING"}
{"order_customer_id":2296,"order_id":23505,"order_status":"CLOSED"}
{"order_customer_id":11295,"order_id":23506,"order_status":"PROCESSING"}
{"order_customer_id":5061,"order_id":23507,"order_status":"PROCESSING"}
{"order_customer_id":3356,"order_id":23508,"order_status":"PROCESSING"}
{"order_customer_id":4936,"order_id":23509,"order_status":"PENDING_PAYMENT"}
{"order_customer_id":7427,"order_id":23510,"order_status":"ON_HOLD"}
{"order_customer_id":4581,"order_id":23511,"order_status":"COMPLETE"}
{"order_customer_id":10408,"order_id":23512,"order_status":"ON_HOLD"}
{"order_customer_id":4231,"order_id":23513,"order_status":"ON_HOLD"}
{"order_customer_id":1709,"order_id":23514,"order_status":"COMPLETE"}
{"order_customer_id":10441,"order_id":23515,"order_status":"PENDING"}
{"order_customer_id":6575,"order_id":23516,"order_status":"COMPLETE"}
{"order_customer_id":5854,"order_id":23517,"order_status":"SUSPECTED_FRAUD"}
{"order_customer_id":6242,"order_id":23518,"order_status":"CANCELED"}
{"order_customer_id":1727,"order_id":23519,"order_status":"PENDING_PAYMENT"}
{"order_customer_id":1996,"order_id":23520,"order_status":"PENDING_PAYMENT"}
{"order_customer_id":3029,"order_id":23521,"order_status":"PROCESSING"}
{"order_customer_id":7080,"order_id":23522,"order_status":"CLOSED"}
{"order_customer_id":10515,"order_id":23523,"order_status":"COMPLETE"}
{"order_customer_id":9860,"order_id":23524,"order_status":"PENDING"}
{"order_customer_id":3486,"order_id":23525,"order_status":"ON_HOLD"}
{"order_customer_id":1029,"order_id":23526,"order_status":"PENDING"}
{"order_customer_id":818,"order_id":23527,"order_status":"PENDING_PAYMENT"}
{"order_customer_id":8606,"order_id":23528,"order_status":"COMPLETE"}
{"order_customer_id":4895,"order_id":23529,"order_status":"COMPLETE"}
{"order_customer_id":11052,"order_id":23530,"order_status":"CLOSED"}
{"order_customer_id":7613,"order_id":23531,"order_status":"PROCESSING"}
{"order_customer_id":10994,"order_id":23532,"order_status":"PROCESSING"}
{"order_customer_id":1394,"order_id":23533,"order_status":"PROCESSING"}
{"order_customer_id":12024,"order_id":23534,"order_status":"PENDING"}
{"order_customer_id":8917,"order_id":23535,"order_status":"COMPLETE"}
{"order_customer_id":6369,"order_id":23536,"order_status":"PENDING_PAYMENT"}
{"order_customer_id":3716,"order_id":23537,"order_status":"PROCESSING"}
{"order_customer_id":721,"order_id":23538,"order_status":"PENDING_PAYMENT"}
{"order_customer_id":11662,"order_id":23539,"order_status":"PROCESSING"}
{"order_customer_id":10062,"order_id":23540,"order_status":"PENDING_PAYMENT"}
{"order_customer_id":433,"order_id":23541,"order_status":"COMPLETE"}
{"order_customer_id":10639,"order_id":23542,"order_status":"PROCESSING"}
{"order_customer_id":9314,"order_id":23543,"order_status":"ON_HOLD"}
{"order_customer_id":11001,"order_id":23544,"order_status":"CANCELED"}
{"order_customer_id":8414,"order_id":23545,"order_status":"PENDING_PAYMENT"}
{"order_customer_id":1611,"order_id":23546,"order_status":"PROCESSING"}
{"order_customer_id":705,"order_id":23547,"order_status":"COMPLETE"}
{"order_customer_id":8640,"order_id":23548,"order_status":"PENDING_PAYMENT"}
{"order_customer_id":7158,"order_id":23549,"order_status":"CANCELED"}
{"order_customer_id":5471,"order_id":23550,"order_status":"ON_HOLD"}
{"order_customer_id":2610,"order_id":23551,"order_status":"CLOSED"}
{"order_customer_id":11534,"order_id":23552,"order_status":"ON_HOLD"}
{"order_customer_id":3864,"order_id":23553,"order_status":"CLOSED"}
{"order_customer_id":6591,"order_id":23554,"order_status":"CLOSED"}
{"order_customer_id":4165,"order_id":23555,"order_status":"COMPLETE"}
{"order_customer_id":1712,"order_id":23556,"order_status":"PENDING_PAYMENT"}
{"order_customer_id":3755,"order_id":23557,"order_status":"CLOSED"}
{"order_customer_id":7915,"order_id":23558,"order_status":"COMPLETE"}
{"order_customer_id":11059,"order_id":23559,"order_status":"PROCESSING"}
{"order_customer_id":2453,"order_id":23560,"order_status":"PROCESSING"}
{"order_customer_id":3216,"order_id":23561,"order_status":"COMPLETE"}
{"order_customer_id":4370,"order_id":23562,"order_status":"COMPLETE"}
{"order_customer_id":4251,"order_id":23563,"order_status":"PENDING_PAYMENT"}
{"order_customer_id":7394,"order_id":23564,"order_status":"PENDING_PAYMENT"}
{"order_customer_id":3263,"order_id":23565,"order_status":"CLOSED"}
{"order_customer_id":9828,"order_id":23566,"order_status":"COMPLETE"}
{"order_customer_id":8298,"order_id":23567,"order_status":"COMPLETE"}
{"order_customer_id":10230,"order_id":23568,"order_status":"PENDING_PAYMENT"}
{"order_customer_id":2668,"order_id":23569,"order_status":"PENDING_PAYMENT"}
{"order_customer_id":3667,"order_id":23570,"order_status":"COMPLETE"}
{"order_customer_id":10517,"order_id":23571,"order_status":"PROCESSING"}
{"order_customer_id":1613,"order_id":23572,"order_status":"PENDING"}
{"order_customer_id":11629,"order_id":23573,"order_status":"COMPLETE"}
{"order_customer_id":4374,"order_id":23574,"order_status":"COMPLETE"}
{"order_customer_id":7703,"order_id":23575,"order_status":"PENDING_PAYMENT"}
{"order_customer_id":317,"order_id":23576,"order_status":"COMPLETE"}
{"order_customer_id":9884,"order_id":23577,"order_status":"CLOSED"}
{"order_customer_id":1577,"order_id":23578,"order_status":"COMPLETE"}
{"order_customer_id":1906,"order_id":23579,"order_status":"PENDING_PAYMENT"}
{"order_customer_id":3884,"order_id":23580,"order_status":"PROCESSING"}
{"order_customer_id":6728,"order_id":23581,"order_status":"PENDING"}
{"order_customer_id":10178,"order_id":23582,"order_status":"PENDING_PAYMENT"}
{"order_customer_id":8513,"order_id":23583,"order_status":"COMPLETE"}
{"order_customer_id":9972,"order_id":23584,"order_status":"PENDING_PAYMENT"}
{"order_customer_id":2189,"order_id":23585,"order_status":"PENDING"}
{"order_customer_id":12049,"order_id":23586,"order_status":"COMPLETE"}
{"order_customer_id":7358,"order_id":23587,"order_status":"PENDING_PAYMENT"}
{"order_customer_id":2576,"order_id":23588,"order_status":"COMPLETE"}
{"order_customer_id":9057,"order_id":23589,"order_status":"PROCESSING"}
{"order_customer_id":8869,"order_id":23590,"order_status":"PENDING_PAYMENT"}
{"order_customer_id":2639,"order_id":23591,"order_status":"PROCESSING"}
{"order_customer_id":4044,"order_id":23592,"order_status":"COMPLETE"}
{"order_customer_id":8149,"order_id":23593,"order_status":"COMPLETE"}
{"order_customer_id":2833,"order_id":23594,"order_status":"PENDING_PAYMENT"}
{"order_customer_id":9119,"order_id":23595,"order_status":"PENDING_PAYMENT"}
{"order_customer_id":8145,"order_id":23596,"order_status":"PROCESSING"}
{"order_customer_id":4396,"order_id":23597,"order_status":"SUSPECTED_FRAUD"}
{"order_customer_id":2618,"order_id":23598,"order_status":"PENDING_PAYMENT"}
{"order_customer_id":4689,"order_id":23599,"order_status":"COMPLETE"}
{"order_customer_id":597,"order_id":23600,"order_status":"CLOSED"}
{"order_customer_id":6978,"order_id":23601,"order_status":"PROCESSING"}
{"order_customer_id":9913,"order_id":23602,"order_status":"PENDING"}
{"order_customer_id":9552,"order_id":23603,"order_status":"PENDING"}
{"order_customer_id":7606,"order_id":23604,"order_status":"ON_HOLD"}
{"order_customer_id":2983,"order_id":23605,"order_status":"SUSPECTED_FRAUD"}
{"order_customer_id":9732,"order_id":23606,"order_status":"COMPLETE"}
{"order_customer_id":10112,"order_id":23607,"order_status":"PENDING"}
{"order_customer_id":5428,"order_id":23608,"order_status":"PENDING"}
{"order_customer_id":7888,"order_id":23609,"order_status":"PROCESSING"}
{"order_customer_id":6780,"order_id":23610,"order_status":"COMPLETE"}
{"order_customer_id":8632,"order_id":23611,"order_status":"PENDING"}
{"order_customer_id":2307,"order_id":23612,"order_status":"PENDING"}
{"order_customer_id":5677,"order_id":23613,"order_status":"ON_HOLD"}
{"order_customer_id":471,"order_id":23614,"order_status":"COMPLETE"}
{"order_customer_id":2592,"order_id":23615,"order_status":"CLOSED"}
{"order_customer_id":2618,"order_id":23616,"order_status":"PENDING_PAYMENT"}
{"order_customer_id":5180,"order_id":23617,"order_status":"PENDING"}
{"order_customer_id":10720,"order_id":23618,"order_status":"COMPLETE"}
{"order_customer_id":6879,"order_id":23619,"order_status":"PENDING_PAYMENT"}
{"order_customer_id":3979,"order_id":23620,"order_status":"COMPLETE"}
{"order_customer_id":6300,"order_id":23621,"order_status":"PENDING"}
{"order_customer_id":197,"order_id":23622,"order_status":"COMPLETE"}
{"order_customer_id":2851,"order_id":23623,"order_status":"PENDING"}
{"order_customer_id":12357,"order_id":23624,"order_status":"PROCESSING"}
{"order_customer_id":141,"order_id":23625,"order_status":"PENDING_PAYMENT"}
{"order_customer_id":6666,"order_id":23626,"order_status":"SUSPECTED_FRAUD"}
{"order_customer_id":6157,"order_id":23627,"order_status":"PENDING"}
{"order_customer_id":12259,"order_id":23628,"order_status":"SUSPECTED_FRAUD"}
{"order_customer_id":11080,"order_id":23629,"order_status":"PENDING_PAYMENT"}
{"order_customer_id":277,"order_id":23630,"order_status":"COMPLETE"}
{"order_customer_id":3366,"order_id":23631,"order_status":"PROCESSING"}
{"order_customer_id":6113,"order_id":23632,"order_status":"COMPLETE"}
{"order_customer_id":11960,"order_id":61548,"order_status":"COMPLETE"}
{"order_customer_id":12080,"order_id":61549,"order_status":"PENDING_PAYMENT"}
{"order_customer_id":2432,"order_id":61550,"order_status":"PENDING"}
{"order_customer_id":11352,"order_id":61551,"order_status":"COMPLETE"}
{"order_customer_id":5713,"order_id":61552,"order_status":"SUSPECTED_FRAUD"}
{"order_customer_id":8823,"order_id":61553,"order_status":"PROCESSING"}
{"order_customer_id":1159,"order_id":61554,"order_status":"CANCELED"}
{"order_customer_id":5167,"order_id":61555,"order_status":"COMPLETE"}
{"order_customer_id":3070,"order_id":61556,"order_status":"COMPLETE"}
{"order_customer_id":4473,"order_id":61557,"order_status":"PROCESSING"}
{"order_customer_id":568,"order_id":61558,"order_status":"COMPLETE"}
{"order_customer_id":5242,"order_id":61559,"order_status":"PENDING_PAYMENT"}
{"order_customer_id":11858,"order_id":61560,"order_status":"PENDING_PAYMENT"}
{"order_customer_id":1576,"order_id":61561,"order_status":"COMPLETE"}
{"order_customer_id":2347,"order_id":61562,"order_status":"PROCESSING"}
{"order_customer_id":126,"order_id":61563,"order_status":"PENDING"}
{"order_customer_id":7667,"order_id":61564,"order_status":"COMPLETE"}
{"order_customer_id":8061,"order_id":61565,"order_status":"COMPLETE"}
{"order_customer_id":11557,"order_id":61566,"order_status":"CANCELED"}
{"order_customer_id":164,"order_id":61567,"order_status":"PENDING"}
{"order_customer_id":9300,"order_id":61568,"order_status":"COMPLETE"}
{"order_customer_id":796,"order_id":61569,"order_status":"COMPLETE"}
{"order_customer_id":6795,"order_id":61570,"order_status":"COMPLETE"}
{"order_customer_id":12134,"order_id":61571,"order_status":"COMPLETE"}
{"order_customer_id":1347,"order_id":61572,"order_status":"CANCELED"}
{"order_customer_id":6283,"order_id":61573,"order_status":"PENDING_PAYMENT"}
{"order_customer_id":4849,"order_id":61574,"order_status":"COMPLETE"}
{"order_customer_id":11825,"order_id":61575,"order_status":"COMPLETE"}
{"order_customer_id":838,"order_id":61576,"order_status":"PENDING_PAYMENT"}
{"order_customer_id":332,"order_id":61577,"order_status":"COMPLETE"}
{"order_customer_id":9365,"order_id":61578,"order_status":"PENDING_PAYMENT"}
{"order_customer_id":1451,"order_id":61579,"order_status":"PENDING"}
{"order_customer_id":1684,"order_id":61580,"order_status":"COMPLETE"}
{"order_customer_id":8422,"order_id":61581,"order_status":"PENDING_PAYMENT"}
{"order_customer_id":4889,"order_id":67920,"order_status":"PENDING_PAYMENT"}
{"order_customer_id":283,"order_id":68771,"order_status":"PROCESSING"}
