{"order_customer_id":5994,"order_id":28748,"order_status":"CANCELED"}
{"order_customer_id":11963,"order_id":28749,"order_status":"PROCESSING"}
{"order_customer_id":1832,"order_id":28750,"order_status":"PENDING_PAYMENT"}
{"order_customer_id":11467,"order_id":28751,"order_status":"COMPLETE"}
{"order_customer_id":8622,"order_id":28752,"order_status":"CANCELED"}
{"order_customer_id":3118,"order_id":28753,"order_status":"PENDING_PAYMENT"}
{"order_customer_id":3656,"order_id":28754,"order_status":"PENDING"}
{"order_customer_id":3917,"order_id":28755,"order_status":"PAYMENT_REVIEW"}
{"order_customer_id":2555,"order_id":28756,"order_status":"COMPLETE"}
{"order_customer_id":983,"order_id":28757,"order_status":"CLOSED"}
{"order_customer_id":2887,"order_id":28758,"order_status":"CLOSED"}
{"order_customer_id":11702,"order_id":28759,"order_status":"PENDING_PAYMENT"}
{"order_customer_id":12362,"order_id":28760,"order_status":"CLOSED"}
{"order_customer_id":10841,"order_id":28761,"order_status":"PAYMENT_REVIEW"}
{"order_customer_id":12086,"order_id":28762,"order_status":"COMPLETE"}
{"order_customer_id":5573,"order_id":28763,"order_status":"PROCESSING"}
{"order_customer_id":4861,"order_id":28764,"order_status":"PENDING_PAYMENT"}
{"order_customer_id":6188,"order_id":28765,"order_status":"COMPLETE"}
{"order_customer_id":4242,"order_id":28766,"order_status":"CLOSED"}
{"order_customer_id":1600,"order_id":28767,"order_status":"CLOSED"}
{"order_customer_id":851,"order_id":28768,"order_status":"COMPLETE"}
{"order_customer_id":6788,"order_id":28769,"order_status":"COMPLETE"}
{"order_customer_id":1134,"order_id":28770,"order_status":"CLOSED"}
{"order_customer_id":9771,"order_id":28771,"order_status":"COMPLETE"}
{"order_customer_id":1942,"order_id":28772,"order_status":"PENDING_PAYMENT"}
{"order_customer_id":10964,"order_id":28773,"order_status":"PENDING_PAYMENT"}
{"order_customer_id":4825,"order_id":28774,"order_status":"PENDING_PAYMENT"}
{"order_customer_id":12106,"order_id":28775,"order_status":"COMPLETE"}
{"order_customer_id":419,"order_id":28776,"order_status":"PROCESSING"}
{"order_customer_id":11995,"order_id":28777,"order_status":"COMPLETE"}
{"order_customer_id":7786,"order_id":28778,"order_status":"PROCESSING"}
{"order_customer_id":301,"order_id":28779,"order_status":"PENDING_PAYMENT"}
{"order_customer_id":11606,"order_id":28780,"order_status":"PENDING_PAYMENT"}
{"order_customer_id":9019,"order_id":28781,"order_status":"PROCESSING"}
{"order_customer_id":4196,"order_id":28782,"order_status":"PENDING"}
{"order_customer_id":2531,"order_id":28783,"order_status":"PENDING_PAYMENT"}
{"order_customer_id":5795,"order_id":28784,"order_status":"PENDING_PAYMENT"}
{"order_customer_id":9852,"order_id":28785,"order_status":"CLOSED"}
{"order_customer_id":5906,"order_id":28786,"order_status":"PENDING_PAYMENT"}
{"order_customer_id":287,"order_id":28787,"order_status":"COMPLETE"}
{"order_customer_id":320,"order_id":28788,"order_status":"PENDING"}
{"order_customer_id":10164,"order_id":28789,"order_status":"PROCESSING"}
{"order_customer_id":6478,"order_id":28790,"order_status":"PROCESSING"}
{"order_customer_id":12271,"order_id":28791,"order_status":"CLOSED"}
{"order_customer_id":1971,"order_id":28792,"order_status":"PENDING"}
{"order_customer_id":1434,"order_id":28793,"order_status":"CLOSED"}
{"order_customer_id":6553,"order_id":28794,"order_status":"COMPLETE"}
{"order_customer_id":2918,"order_id":28795,"order_status":"ON_HOLD"}
{"order_customer_id":7402,"order_id":28796,"order_status":"COMPLETE"}
{"order_customer_id":9248,"order_id":28797,"order_status":"COMPLETE"}
{"order_customer_id":6086,"order_id":28798,"order_status":"PAYMENT_REVIEW"}
{"order_customer_id":12382,"order_id":28799,"order_status":"COMPLETE"}
{"order_customer_id":2558,"order_id":28800,"order_status":"COMPLETE"}
{"order_customer_id":5889,"order_id":28801,"order_status":"COMPLETE"}
{"order_customer_id":5332,"order_id":28802,"order_status":"CLOSED"}
{"order_customer_id":7294,"order_id":28803,"order_status":"PENDING"}
{"order_customer_id":952,"order_id":28804,"order_status":"PENDING"}
{"order_customer_id":11512,"order_id":28805,"order_status":"CLOSED"}
{"order_customer_id":5121,"order_id":28806,"order_status":"COMPLETE"}
{"order_customer_id":2656,"order_id":28807,"order_status":"CLOSED"}
{"order_customer_id":7160,"order_id":28808,"order_status":"COMPLETE"}
{"order_customer_id":2657,"order_id":28809,"order_status":"COMPLETE"}
{"order_customer_id":6662,"order_id":28810,"order_status":"PROCESSING"}
{"order_customer_id":11154,"order_id":28811,"order_status":"SUSPECTED_FRAUD"}
{"order_customer_id":36,"order_id":28812,"order_status":"PROCESSING"}
{"order_customer_id":3629,"order_id":28813,"order_status":"PROCESSING"}
{"order_customer_id":8814,"order_id":28814,"order_status":"COMPLETE"}
{"order_customer_id":11298,"order_id":28815,"order_status":"PROCESSING"}
{"order_customer_id":1591,"order_id":28816,"order_status":"COMPLETE"}
{"order_customer_id":7268,"order_id":28817,"order_status":"COMPLETE"}
{"order_customer_id":8950,"order_id":28818,"order_status":"CLOSED"}
{"order_customer_id":2387,"order_id":28819,"order_status":"COMPLETE"}
{"order_customer_id":4505,"order_id":28820,"order_status":"PENDING_PAYMENT"}
{"order_customer_id":11895,"order_id":28821,"order_status":"COMPLETE"}
{"order_customer_id":8329,"order_id":28822,"order_status":"CLOSED"}
{"order_customer_id":10358,"order_id":28823,"order_status":"PENDING_PAYMENT"}
{"order_customer_id":10241,"order_id":28824,"order_status":"ON_HOLD"}
{"order_customer_id":3081,"order_id":28825,"order_status":"PENDING_PAYMENT"}
{"order_customer_id":806,"order_id":28826,"order_status":"PROCESSING"}
{"order_customer_id":10461,"order_id":28827,"order_status":"PROCESSING"}
{"order_customer_id":4681,"order_id":28828,"order_status":"COMPLETE"}
{"order_customer_id":12427,"order_id":28829,"order_status":"PENDING_PAYMENT"}
{"order_customer_id":5099,"order_id":28830,"order_status":"PENDING_PAYMENT"}
{"order_customer_id":103,"order_id":28831,"order_status":"COMPLETE"}
{"order_customer_id":4398,"order_id":28832,"order_status":"COMPLETE"}
{"order_customer_id":12097,"order_id":28833,"order_status":"PENDING"}
{"order_customer_id":1174,"order_id":28834,"order_status":"SUSPECTED_FRAUD"}
{"order_customer_id":11217,"order_id":28835,"order_status":"COMPLETE"}
{"order_customer_id":9579,"order_id":28836,"order_status":"CANCELED"}
{"order_customer_id":9972,"order_id":28837,"order_status":"PROCESSING"}
{"order_customer_id":5850,"order_id":28838,"order_status":"PENDING_PAYMENT"}
{"order_customer_id":2484,"order_id":28839,"order_status":"ON_HOLD"}
{"order_customer_id":6922,"order_id":28840,"order_status":"PENDING_PAYMENT"}
{"order_customer_id":9663,"order_id":28841,"order_status":"COMPLETE"}
{"order_customer_id":4936,"order_id":28842,"order_status":"COMPLETE"}
{"order_customer_id":6724,"order_id":28843,"order_status":"ON_HOLD"}
{"order_customer_id":11897,"order_id":28844,"order_status":"CANCELED"}
{"order_customer_id":3740,"order_id":28845,"order_status":"CLOSED"}
{"order_customer_id":4510,"order_id":28846,"order_status":"PENDING"}
{"order_customer_id":39,"order_id":28847,"order_status":"PROCESSING"}
{"order_customer_id":9086,"order_id":28848,"order_status":"PENDING_PAYMENT"}
{"order_customer_id":9056,"order_id":28849,"order_status":"PENDING_PAYMENT"}
{"order_customer_id":8867,"order_id":28850,"order_status":"PENDING"}
{"order_customer_id":149,"order_id":28851,"order_status":"CLOSED"}
{"order_customer_id":261,"order_id":28852,"order_status":"PENDING_PAYMENT"}
{"order_customer_id":1381,"order_id":28853,"order_status":"PENDING"}
{"order_customer_id":4240,"order_id":28854,"order_status":"COMPLETE"}
{"order_customer_id":5837,"order_id":28855,"order_status":"CLOSED"}
{"order_customer_id":9402,"order_id":28856,"order_status":"COMPLETE"}
{"order_customer_id":77,"order_id":28857,"order_status":"PENDING"}
{"order_customer_id":755,"order_id":28858,"order_status":"PENDING"}
{"order_customer_id":1773,"order_id":28859,"order_status":"PENDING_PAYMENT"}
{"order_customer_id":4235,"order_id":28860,"order_status":"PROCESSING"}
{"order_customer_id":11711,"order_id":28861,"order_status":"COMPLETE"}
{"order_customer_id":1780,"order_id":28862,"order_status":"COMPLETE"}
{"order_customer_id":6899,"order_id":28863,"order_status":"PENDING_PAYMENT"}
{"order_customer_id":1715,"order_id":28864,"order_status":"COMPLETE"}
{"order_customer_id":4883,"order_id":28865,"order_status":"ON_HOLD"}
{"order_customer_id":8760,"order_id":28866,"order_status":"PROCESSING"}
{"order_customer_id":6016,"order_id":28867,"order_status":"COMPLETE"}
{"order_customer_id":2437,"order_id":28868,"order_status":"PROCESSING"}
{"order_customer_id":7227,"order_id":28869,"order_status":"COMPLETE"}
{"order_customer_id":7713,"order_id":28870,"order_status":"PENDING_PAYMENT"}
{"order_customer_id":10617,"order_id":28871,"order_status":"PROCESSING"}
{"order_customer_id":6430,"order_id":28872,"order_status":"COMPLETE"}
{"order_customer_id":4391,"order_id":28873,"order_status":"COMPLETE"}
{"order_customer_id":4145,"order_id":28874,"order_status":"COMPLETE"}
{"order_customer_id":9231,"order_id":28875,"order_status":"SUSPECTED_FRAUD"}
{"order_customer_id":8193,"order_id":28876,"order_status":"CLOSED"}
{"order_customer_id":8273,"order_id":28877,"order_status":"PENDING_PAYMENT"}
{"order_customer_id":4191,"order_id":28878,"order_status":"ON_HOLD"}
{"order_customer_id":3907,"order_id":28879,"order_status":"PENDING"}
{"order_customer_id":6879,"order_id":28880,"order_status":"COMPLETE"}
{"order_customer_id":7185,"order_id":28881,"order_status":"COMPLETE"}
{"order_customer_id":3697,"order_id":28882,"order_status":"PENDING_PAYMENT"}
{"order_customer_id":7777,"order_id":28883,"order_status":"PENDING_PAYMENT"}
{"order_customer_id":1987,"order_id":28884,"order_status":"COMPLETE"}
{"order_customer_id":10269,"order_id":28885,"order_status":"PENDING_PAYMENT"}
{"order_customer_id":728,"order_id":28886,"order_status":"ON_HOLD"}
{"order_customer_id":10892,"order_id":28887,"order_status":"PENDING"}
{"order_customer_id":6707,"order_id":28888,"order_status":"ON_HOLD"}
{"order_customer_id":11973,"order_id":28889,"order_status":"COMPLETE"}
{"order_customer_id":9607,"order_id":28890,"order_status":"PROCESSING"}
{"order_customer_id":700,"order_id":28891,"order_status":"PENDING"}
{"order_customer_id":4083,"order_id":28892,"order_status":"PENDING_PAYMENT"}
{"order_customer_id":1867,"order_id":28893,"order_status":"CLOSED"}
{"order_customer_id":8026,"order_id":28894,"order_status":"CLOSED"}
{"order_customer_id":9265,"order_id":28895,"order_status":"PAYMENT_REVIEW"}
{"order_customer_id":5067,"order_id":28896,"order_status":"PENDING_PAYMENT"}
{"order_customer_id":3855,"order_id":28897,"order_status":"PENDING_PAYMENT"}
{"order_customer_id":1897,"order_id":28898,"order_status":"PROCESSING"}
{"order_customer_id":10635,"order_id":28899,"order_status":"COMPLETE"}
{"order_customer_id":9148,"order_id":28900,"order_status":"COMPLETE"}
{"order_customer_id":2908,"order_id":28901,"order_status":"COMPLETE"}
{"order_customer_id":4538,"order_id":28902,"order_status":"CLOSED"}
{"order_customer_id":4629,"order_id":28903,"order_status":"COMPLETE"}
{"order_customer_id":1538,"order_id":28904,"order_status":"CLOSED"}
{"order_customer_id":1375,"order_id":28905,"order_status":"COMPLETE"}
{"order_customer_id":11378,"order_id":28906,"order_status":"PENDING_PAYMENT"}
{"order_customer_id":6341,"order_id":28907,"order_status":"PROCESSING"}
{"order_customer_id":9583,"order_id":28908,"order_status":"PROCESSING"}
{"order_customer_id":11869,"order_id":28909,"order_status":"PENDING_PAYMENT"}
{"order_customer_id":11422,"order_id":28910,"order_status":"PENDING"}
{"order_customer_id":5458,"order_id":28911,"order_status":"COMPLETE"}
{"order_customer_id":12164,"order_id":28912,"order_status":"PENDING_PAYMENT"}
{"order_customer_id":5830,"order_id":28913,"order_status":"PROCESSING"}
{"order_customer_id":12417,"order_id":28914,"order_status":"PENDING"}
{"order_customer_id":166,"order_id":28915,"order_status":"COMPLETE"}
{"order_customer_id":10510,"order_id":28916,"order_status":"COMPLETE"}
{"order_customer_id":3994,"order_id":28917,"order_status":"COMPLETE"}
{"order_customer_id":9224,"order_id":28918,"order_status":"ON_HOLD"}
{"order_customer_id":6605,"order_id":28919,"order_status":"PROCESSING"}
{"order_customer_id":3745,"order_id":28920,"order_status":"PENDING"}
{"order_customer_id":9216,"order_id":62348,"order_status":"CLOSED"}
{"order_customer_id":7729,"order_id":62349,"order_status":"PENDING"}
{"order_customer_id":1453,"order_id":62350,"order_status":"CLOSED"}
{"order_customer_id":3083,"order_id":62351,"order_status":"CLOSED"}
{"order_customer_id":12015,"order_id":62352,"order_status":"PENDING_PAYMENT"}
{"order_customer_id":12211,"order_id":62353,"order_status":"PENDING_PAYMENT"}
{"order_customer_id":9805,"order_id":62354,"order_status":"PENDING_PAYMENT"}
{"order_customer_id":9779,"order_id":62355,"order_status":"PENDING_PAYMENT"}
{"order_customer_id":4791,"order_id":62356,"order_status":"PENDING_PAYMENT"}
{"order_customer_id":8033,"order_id":62357,"order_status":"PENDING_PAYMENT"}
{"order_customer_id":10319,"order_id":62358,"order_status":"COMPLETE"}
{"order_customer_id":9836,"order_id":62359,"order_status":"PENDING"}
{"order_customer_id":3872,"order_id":62360,"order_status":"CLOSED"}
{"order_customer_id":10578,"order_id":62361,"order_status":"PENDING"}
{"order_customer_id":4342,"order_id":62362,"order_status":"PENDING_PAYMENT"}
{"order_customer_id":11077,"order_id":62363,"order_status":"PENDING_PAYMENT"}
{"order_customer_id":6865,"order_id":62364,"order_status":"ON_HOLD"}
{"order_customer_id":8950,"order_id":62365,"order_status":"COMPLETE"}
{"order_customer_id":2434,"order_id":62366,"order_status":"COMPLETE"}
{"order_customer_id":7664,"order_id":62367,"order_status":"ON_HOLD"}
{"order_customer_id":11995,"order_id":62368,"order_status":"PROCESSING"}
{"order_customer_id":2185,"order_id":62369,"order_status":"COMPLETE"}
{"order_customer_id":6696,"order_id":62370,"order_status":"COMPLETE"}
{"order_customer_id":2420,"order_id":62371,"order_status":"COMPLETE"}
{"order_customer_id":12423,"order_id":62372,"order_status":"COMPLETE"}
{"order_customer_id":7482,"order_id":62373,"order_status":"PROCESSING"}
{"order_customer_id":4238,"order_id":62374,"order_status":"COMPLETE"}
{"order_customer_id":1339,"order_id":62375,"order_status":"CLOSED"}
{"order_customer_id":1061,"order_id":62376,"order_status":"PENDING_PAYMENT"}
{"order_customer_id":9170,"order_id":62377,"order_status":"PENDING_PAYMENT"}
{"order_customer_id":5485,"order_id":62378,"order_status":"COMPLETE"}
{"order_customer_id":9883,"order_id":62379,"order_status":"PENDING"}
{"order_customer_id":3946,"order_id":62380,"order_status":"PENDING"}
{"order_customer_id":2916,"order_id":62381,"order_status":"PENDING"}
{"order_customer_id":491,"order_id":62382,"order_status":"COMPLETE"}
{"order_customer_id":11692,"order_id":62383,"order_status":"PENDING"}
{"order_customer_id":4441,"order_id":62384,"order_status":"COMPLETE"}
{"order_customer_id":9467,"order_id":62385,"order_status":"COMPLETE"}
{"order_customer_id":2832,"order_id":62386,"order_status":"PENDING"}
{"order_customer_id":4843,"order_id":68029,"order_status":"COMPLETE"}
{"order_customer_id":7696,"order_id":68030,"order_status":"ON_HOLD"}
{"order_customer_id":5247,"order_id":68031,"order_status":"PENDING_PAYMENT"}
{"order_customer_id":3589,"order_id":68032,"order_status":"PENDING_PAYMENT"}
{"order_customer_id":1847,"order_id":68786,"order_status":"COMPLETE"}
