{"order_customer_id":11599,"order_id":1,"order_status":"CLOSED"}
{"order_customer_id":256,"order_id":2,"order_status":"PENDING_PAYMENT"}
{"order_customer_id":12111,"order_id":3,"order_status":"COMPLETE"}
{"order_customer_id":8827,"order_id":4,"order_status":"CLOSED"}
{"order_customer_id":11318,"order_id":5,"order_status":"COMPLETE"}
{"order_customer_id":7130,"order_id":6,"order_status":"COMPLETE"}
{"order_customer_id":4530,"order_id":7,"order_status":"COMPLETE"}
{"order_customer_id":2911,"order_id":8,"order_status":"PROCESSING"}
{"order_customer_id":5657,"order_id":9,"order_status":"PENDING_PAYMENT"}
{"order_customer_id":5648,"order_id":10,"order_status":"PENDING_PAYMENT"}
{"order_customer_id":918,"order_id":11,"order_status":"PAYMENT_REVIEW"}
{"order_customer_id":1837,"order_id":12,"order_status":"CLOSED"}
{"order_customer_id":9149,"order_id":13,"order_status":"PENDING_PAYMENT"}
{"order_customer_id":9842,"order_id":14,"order_status":"PROCESSING"}
{"order_customer_id":2568,"order_id":15,"order_status":"COMPLETE"}
{"order_customer_id":7276,"order_id":16,"order_status":"PENDING_PAYMENT"}
{"order_customer_id":2667,"order_id":17,"order_status":"COMPLETE"}
{"order_customer_id":1205,"order_id":18,"order_status":"CLOSED"}
{"order_customer_id":9488,"order_id":19,"order_status":"PENDING_PAYMENT"}
{"order_customer_id":9198,"order_id":20,"order_status":"PROCESSING"}
{"order_customer_id":2711,"order_id":21,"order_status":"PENDING"}
{"order_customer_id":333,"order_id":22,"order_status":"COMPLETE"}
{"order_customer_id":4367,"order_id":23,"order_status":"PENDING_PAYMENT"}
{"order_customer_id":11441,"order_id":24,"order_status":"CLOSED"}
{"order_customer_id":9503,"order_id":25,"order_status":"CLOSED"}
{"order_customer_id":7562,"order_id":26,"order_status":"COMPLETE"}
{"order_customer_id":3241,"order_id":27,"order_status":"PENDING_PAYMENT"}
{"order_customer_id":656,"order_id":28,"order_status":"COMPLETE"}
{"order_customer_id":196,"order_id":29,"order_status":"PROCESSING"}
{"order_customer_id":10039,"order_id":30,"order_status":"PENDING_PAYMENT"}
{"order_customer_id":6983,"order_id":31,"order_status":"PAYMENT_REVIEW"}
{"order_customer_id":3960,"order_id":32,"order_status":"COMPLETE"}
{"order_customer_id":5793,"order_id":33,"order_status":"PENDING_PAYMENT"}
{"order_customer_id":4189,"order_id":34,"order_status":"PROCESSING"}
{"order_customer_id":4840,"order_id":35,"order_status":"COMPLETE"}
{"order_customer_id":5649,"order_id":36,"order_status":"PENDING"}
{"order_customer_id":5863,"order_id":37,"order_status":"CLOSED"}
{"order_customer_id":11586,"order_id":38,"order_status":"PROCESSING"}
{"order_customer_id":8214,"order_id":39,"order_status":"PENDING"}
{"order_customer_id":12092,"order_id":40,"order_status":"PENDING_PAYMENT"}
{"order_customer_id":8136,"order_id":41,"order_status":"PENDING_PAYMENT"}
{"order_customer_id":9776,"order_id":42,"order_status":"PENDING"}
{"order_customer_id":7776,"order_id":43,"order_status":"PENDING_PAYMENT"}
{"order_customer_id":10500,"order_id":44,"order_status":"PENDING"}
{"order_customer_id":2636,"order_id":45,"order_status":"COMPLETE"}
{"order_customer_id":1549,"order_id":46,"order_status":"ON_HOLD"}
{"order_customer_id":8487,"order_id":47,"order_status":"PENDING_PAYMENT"}
{"order_customer_id":12186,"order_id":48,"order_status":"PROCESSING"}
{"order_customer_id":1871,"order_id":49,"order_status":"PENDING"}
{"order_customer_id":5225,"order_id":50,"order_status":"CANCELED"}
{"order_customer_id":12271,"order_id":51,"order_status":"CLOSED"}
{"order_customer_id":5126,"order_id":52,"order_status":"PENDING_PAYMENT"}
{"order_customer_id":4701,"order_id":53,"order_status":"PROCESSING"}
{"order_customer_id":10628,"order_id":54,"order_status":"PENDING_PAYMENT"}
{"order_customer_id":2052,"order_id":55,"order_status":"PENDING"}
{"order_customer_id":10519,"order_id":56,"order_status":"COMPLETE"}
{"order_customer_id":7073,"order_id":57,"order_status":"CLOSED"}
{"order_customer_id":9213,"order_id":58,"order_status":"PENDING_PAYMENT"}
{"order_customer_id":11644,"order_id":59,"order_status":"PENDING_PAYMENT"}
{"order_customer_id":8365,"order_id":60,"order_status":"PENDING_PAYMENT"}
{"order_customer_id":4791,"order_id":61,"order_status":"CLOSED"}
{"order_customer_id":9111,"order_id":62,"order_status":"CLOSED"}
{"order_customer_id":1148,"order_id":63,"order_status":"COMPLETE"}
{"order_customer_id":5579,"order_id":64,"order_status":"PENDING_PAYMENT"}
{"order_customer_id":5903,"order_id":65,"order_status":"COMPLETE"}
{"order_customer_id":1792,"order_id":66,"order_status":"ON_HOLD"}
{"order_customer_id":1406,"order_id":67,"order_status":"COMPLETE"}
{"order_customer_id":4320,"order_id":68,"order_status":"PENDING"}
{"order_customer_id":2821,"order_id":69,"order_status":"SUSPECTED_FRAUD"}
{"order_customer_id":11809,"order_id":70,"order_status":"PENDING_PAYMENT"}
{"order_customer_id":8646,"order_id":71,"order_status":"COMPLETE"}
{"order_customer_id":4349,"order_id":72,"order_status":"COMPLETE"}
{"order_customer_id":8504,"order_id":73,"order_status":"PENDING_PAYMENT"}
{"order_customer_id":662,"order_id":74,"order_status":"PENDING_PAYMENT"}
{"order_customer_id":2505,"order_id":75,"order_status":"PENDING_PAYMENT"}
{"order_customer_id":6898,"order_id":76,"order_status":"COMPLETE"}
{"order_customer_id":7915,"order_id":77,"order_status":"PENDING_PAYMENT"}
{"order_customer_id":8619,"order_id":78,"order_status":"PAYMENT_REVIEW"}
{"order_customer_id":7327,"order_id":79,"order_status":"PENDING_PAYMENT"}
{"order_customer_id":3007,"order_id":80,"order_status":"COMPLETE"}
{"order_customer_id":674,"order_id":81,"order_status":"PROCESSING"}
{"order_customer_id":3566,"order_id":82,"order_status":"PENDING_PAYMENT"}
{"order_customer_id":1265,"order_id":83,"order_status":"COMPLETE"}
{"order_customer_id":6789,"order_id":84,"order_status":"PROCESSING"}
{"order_customer_id":1485,"order_id":85,"order_status":"PENDING"}
{"order_customer_id":6680,"order_id":86,"order_status":"PENDING_PAYMENT"}
{"order_customer_id":3065,"order_id":87,"order_status":"CLOSED"}
{"order_customer_id":3809,"order_id":88,"order_status":"COMPLETE"}
{"order_customer_id":824,"order_id":89,"order_status":"ON_HOLD"}
{"order_customer_id":9131,"order_id":90,"order_status":"CLOSED"}
{"order_customer_id":8912,"order_id":91,"order_status":"COMPLETE"}
{"order_customer_id":6932,"order_id":92,"order_status":"COMPLETE"}
{"order_customer_id":2256,"order_id":93,"order_status":"PENDING_PAYMENT"}
{"order_customer_id":11589,"order_id":94,"order_status":"PROCESSING"}
{"order_customer_id":9032,"order_id":95,"order_status":"COMPLETE"}
{"order_customer_id":8683,"order_id":96,"order_status":"PENDING"}
{"order_customer_id":10784,"order_id":97,"order_status":"PENDING"}
{"order_customer_id":5243,"order_id":98,"order_status":"COMPLETE"}
{"order_customer_id":11542,"order_id":99,"order_status":"PENDING_PAYMENT"}
{"order_customer_id":12131,"order_id":100,"order_status":"PROCESSING"}
{"order_customer_id":5116,"order_id":101,"order_status":"CLOSED"}
{"order_customer_id":8027,"order_id":102,"order_status":"COMPLETE"}
{"order_customer_id":12256,"order_id":103,"order_status":"PROCESSING"}
{"order_customer_id":7790,"order_id":104,"order_status":"PENDING_PAYMENT"}
{"order_customer_id":9414,"order_id":57753,"order_status":"PENDING"}
{"order_customer_id":4648,"order_id":57754,"order_status":"CLOSED"}
{"order_customer_id":4009,"order_id":57755,"order_status":"PENDING_PAYMENT"}
{"order_customer_id":9813,"order_id":57756,"order_status":"COMPLETE"}
{"order_customer_id":6875,"order_id":57757,"order_status":"COMPLETE"}
{"order_customer_id":10430,"order_id":57758,"order_status":"COMPLETE"}
{"order_customer_id":216,"order_id":57759,"order_status":"ON_HOLD"}
{"order_customer_id":8330,"order_id":57760,"order_status":"PENDING_PAYMENT"}
{"order_customer_id":2356,"order_id":57761,"order_status":"COMPLETE"}
{"order_customer_id":192,"order_id":57762,"order_status":"COMPLETE"}
{"order_customer_id":5293,"order_id":57763,"order_status":"PENDING_PAYMENT"}
{"order_customer_id":1763,"order_id":57764,"order_status":"COMPLETE"}
{"order_customer_id":2876,"order_id":57765,"order_status":"PROCESSING"}
{"order_customer_id":2376,"order_id":57766,"order_status":"CLOSED"}
{"order_customer_id":1338,"order_id":57767,"order_status":"PENDING_PAYMENT"}
{"order_customer_id":3593,"order_id":57768,"order_status":"COMPLETE"}
{"order_customer_id":9628,"order_id":57769,"order_status":"COMPLETE"}
{"order_customer_id":7451,"order_id":57770,"order_status":"SUSPECTED_FRAUD"}
{"order_customer_id":4354,"order_id":57771,"order_status":"PENDING_PAYMENT"}
{"order_customer_id":2428,"order_id":57772,"order_status":"PENDING_PAYMENT"}
{"order_customer_id":7967,"order_id":57773,"order_status":"COMPLETE"}
{"order_customer_id":11196,"order_id":57774,"order_status":"PENDING_PAYMENT"}
{"order_customer_id":6073,"order_id":57775,"order_status":"PENDING_PAYMENT"}
{"order_customer_id":5675,"order_id":57776,"order_status":"COMPLETE"}
{"order_customer_id":2422,"order_id":57777,"order_status":"ON_HOLD"}
{"order_customer_id":1143,"order_id":57778,"order_status":"PENDING"}
{"order_customer_id":11941,"order_id":57779,"order_status":"COMPLETE"}
{"order_customer_id":4369,"order_id":57780,"order_status":"PENDING_PAYMENT"}
{"order_customer_id":6143,"order_id":57781,"order_status":"CLOSED"}
{"order_customer_id":284,"order_id":57782,"order_status":"CLOSED"}
{"order_customer_id":2884,"order_id":57783,"order_status":"PROCESSING"}
{"order_customer_id":4698,"order_id":57784,"order_status":"COMPLETE"}
{"order_customer_id":12347,"order_id":57785,"order_status":"PROCESSING"}
{"order_customer_id":9231,"order_id":57786,"order_status":"COMPLETE"}
{"order_customer_id":12294,"order_id":57787,"order_status":"PENDING_PAYMENT"}
{"order_customer_id":5711,"order_id":57788,"order_status":"COMPLETE"}
{"order_customer_id":5293,"order_id":57789,"order_status":"COMPLETE"}
{"order_customer_id":10920,"order_id":67416,"order_status":"CLOSED"}
{"order_customer_id":9127,"order_id":68691,"order_status":"CLOSED"}
