{"order_customer_id":1116,"order_id":27927,"order_status":"PENDING"}
{"order_customer_id":95,"order_id":27928,"order_status":"COMPLETE"}
{"order_customer_id":3943,"order_id":27929,"order_status":"COMPLETE"}
{"order_customer_id":282,"order_id":27930,"order_status":"PAYMENT_REVIEW"}
{"order_customer_id":2790,"order_id":27931,"order_status":"PENDING_PAYMENT"}
{"order_customer_id":10910,"order_id":27932,"order_status":"PENDING_PAYMENT"}
{"order_customer_id":10880,"order_id":27933,"order_status":"PENDING_PAYMENT"}
{"order_customer_id":8146,"order_id":27934,"order_status":"PROCESSING"}
{"order_customer_id":6906,"order_id":27935,"order_status":"PROCESSING"}
{"order_customer_id":7707,"order_id":27936,"order_status":"CLOSED"}
{"order_customer_id":11901,"order_id":27937,"order_status":"COMPLETE"}
{"order_customer_id":4255,"order_id":27938,"order_status":"COMPLETE"}
{"order_customer_id":10416,"order_id":27939,"order_status":"PENDING_PAYMENT"}
{"order_customer_id":3632,"order_id":27940,"order_status":"COMPLETE"}
{"order_customer_id":8926,"order_id":27941,"order_status":"PAYMENT_REVIEW"}
{"order_customer_id":2774,"order_id":27942,"order_status":"COMPLETE"}
{"order_customer_id":3347,"order_id":27943,"order_status":"PENDING_PAYMENT"}
{"order_customer_id":9141,"order_id":27944,"order_status":"CANCELED"}
{"order_customer_id":3007,"order_id":27945,"order_status":"PENDING_PAYMENT"}
{"order_customer_id":6200,"order_id":27946,"order_status":"COMPLETE"}
{"order_customer_id":7576,"order_id":27947,"order_status":"PENDING_PAYMENT"}
{"order_customer_id":9603,"order_id":27948,"order_status":"COMPLETE"}
{"order_customer_id":11080,"order_id":27949,"order_status":"CLOSED"}
{"order_customer_id":11713,"order_id":27950,"order_status":"PENDING_PAYMENT"}
{"order_customer_id":7349,"order_id":27951,"order_status":"CANCELED"}
{"order_customer_id":9404,"order_id":27952,"order_status":"SUSPECTED_FRAUD"}
{"order_customer_id":12415,"order_id":27953,"order_status":"CLOSED"}
{"order_customer_id":624,"order_id":27954,"order_status":"COMPLETE"}
{"order_customer_id":9909,"order_id":27955,"order_status":"COMPLETE"}
{"order_customer_id":4190,"order_id":27956,"order_status":"COMPLETE"}
{"order_customer_id":4618,"order_id":27957,"order_status":"COMPLETE"}
{"order_customer_id":9286,"order_id":27958,"order_status":"PENDING_PAYMENT"}
{"order_customer_id":3635,"order_id":27959,"order_status":"COMPLETE"}
{"order_customer_id":12174,"order_id":27960,"order_status":"PENDING"}
{"order_customer_id":10458,"order_id":27961,"order_status":"COMPLETE"}
{"order_customer_id":156,"order_id":27962,"order_status":"PROCESSING"}
{"order_customer_id":9199,"order_id":27963,"order_status":"PENDING_PAYMENT"}
{"order_customer_id":3375,"order_id":27964,"order_status":"PROCESSING"}
{"order_customer_id":5167,"order_id":27965,"order_status":"PENDING"}
{"order_customer_id":9360,"order_id":27966,"order_status":"PROCESSING"}
{"order_customer_id":5133,"order_id":27967,"order_status":"PROCESSING"}
{"order_customer_id":3257,"order_id":27968,"order_status":"COMPLETE"}
{"order_customer_id":8221,"order_id":27969,"order_status":"PENDING"}
{"order_customer_id":1294,"order_id":27970,"order_status":"PROCESSING"}
{"order_customer_id":6395,"order_id":27971,"order_status":"ON_HOLD"}
{"order_customer_id":12289,"order_id":27972,"order_status":"CLOSED"}
{"order_customer_id":12426,"order_id":27973,"order_status":"ON_HOLD"}
{"order_customer_id":3442,"order_id":27974,"order_status":"ON_HOLD"}
{"order_customer_id":2522,"order_id":27975,"order_status":"PENDING_PAYMENT"}
{"order_customer_id":1712,"order_id":27976,"order_status":"COMPLETE"}
{"order_customer_id":3971,"order_id":27977,"order_status":"COMPLETE"}
{"order_customer_id":187,"order_id":27978,"order_status":"CANCELED"}
{"order_customer_id":9373,"order_id":27979,"order_status":"COMPLETE"}
{"order_customer_id":3958,"order_id":27980,"order_status":"CLOSED"}
{"order_customer_id":5322,"order_id":27981,"order_status":"CLOSED"}
{"order_customer_id":6122,"order_id":27982,"order_status":"COMPLETE"}
{"order_customer_id":3828,"order_id":27983,"order_status":"COMPLETE"}
{"order_customer_id":6886,"order_id":27984,"order_status":"COMPLETE"}
{"order_customer_id":6030,"order_id":27985,"order_status":"CLOSED"}
{"order_customer_id":7297,"order_id":27986,"order_status":"CLOSED"}
{"order_customer_id":5016,"order_id":27987,"order_status":"CLOSED"}
{"order_customer_id":10616,"order_id":27988,"order_status":"PENDING_PAYMENT"}
{"order_customer_id":3707,"order_id":27989,"order_status":"COMPLETE"}
{"order_customer_id":8529,"order_id":27990,"order_status":"COMPLETE"}
{"order_customer_id":231,"order_id":27991,"order_status":"ON_HOLD"}
{"order_customer_id":4735,"order_id":27992,"order_status":"COMPLETE"}
{"order_customer_id":11415,"order_id":27993,"order_status":"PENDING_PAYMENT"}
{"order_customer_id":9602,"order_id":27994,"order_status":"PROCESSING"}
{"order_customer_id":1518,"order_id":27995,"order_status":"COMPLETE"}
{"order_customer_id":10445,"order_id":27996,"order_status":"PENDING_PAYMENT"}
{"order_customer_id":2444,"order_id":27997,"order_status":"COMPLETE"}
{"order_customer_id":10455,"order_id":27998,"order_status":"COMPLETE"}
{"order_customer_id":4428,"order_id":27999,"order_status":"CANCELED"}
{"order_customer_id":6756,"order_id":28000,"order_status":"COMPLETE"}
{"order_customer_id":10948,"order_id":28001,"order_status":"CLOSED"}
{"order_customer_id":12070,"order_id":28002,"order_status":"COMPLETE"}
{"order_customer_id":2771,"order_id":28003,"order_status":"COMPLETE"}
{"order_customer_id":6047,"order_id":28004,"order_status":"PROCESSING"}
{"order_customer_id":10219,"order_id":28005,"order_status":"PROCESSING"}
{"order_customer_id":3901,"order_id":28006,"order_status":"PENDING_PAYMENT"}
{"order_customer_id":963,"order_id":28007,"order_status":"COMPLETE"}
{"order_customer_id":3794,"order_id":28008,"order_status":"PENDING_PAYMENT"}
{"order_customer_id":8638,"order_id":28009,"order_status":"PENDING"}
{"order_customer_id":7453,"order_id":28010,"order_status":"PENDING_PAYMENT"}
{"order_customer_id":2533,"order_id":28011,"order_status":"COMPLETE"}
{"order_customer_id":5968,"order_id":28012,"order_status":"COMPLETE"}
{"order_customer_id":11218,"order_id":28013,"order_status":"PROCESSING"}
{"order_customer_id":2335,"order_id":28014,"order_status":"PENDING_PAYMENT"}
{"order_customer_id":12302,"order_id":28015,"order_status":"PENDING_PAYMENT"}
{"order_customer_id":4907,"order_id":28016,"order_status":"PENDING_PAYMENT"}
{"order_customer_id":8845,"order_id":28017,"order_status":"PROCESSING"}
{"order_customer_id":5974,"order_id":28018,"order_status":"PENDING_PAYMENT"}
{"order_customer_id":12356,"order_id":28019,"order_status":"PENDING_PAYMENT"}
{"order_customer_id":10558,"order_id":28020,"order_status":"COMPLETE"}
{"order_customer_id":350,"order_id":28021,"order_status":"PROCESSING"}
{"order_customer_id":12241,"order_id":28022,"order_status":"PENDING_PAYMENT"}
{"order_customer_id":5980,"order_id":28023,"order_status":"COMPLETE"}
{"order_customer_id":7799,"order_id":28024,"order_status":"COMPLETE"}
{"order_customer_id":3421,"order_id":28025,"order_status":"COMPLETE"}
{"order_customer_id":8918,"order_id":28026,"order_status":"ON_HOLD"}
{"order_customer_id":4969,"order_id":28027,"order_status":"COMPLETE"}
{"order_customer_id":11377,"order_id":28028,"order_status":"PAYMENT_REVIEW"}
{"order_customer_id":6995,"order_id":28029,"order_status":"COMPLETE"}
{"order_customer_id":9945,"order_id":28030,"order_status":"PROCESSING"}
{"order_customer_id":222,"order_id":28031,"order_status":"PENDING"}
{"order_customer_id":2460,"order_id":28032,"order_status":"PENDING_PAYMENT"}
{"order_customer_id":5040,"order_id":28033,"order_status":"PENDING_PAYMENT"}
{"order_customer_id":1151,"order_id":28034,"order_status":"PROCESSING"}
{"order_customer_id":6821,"order_id":28035,"order_status":"PENDING_PAYMENT"}
{"order_customer_id":702,"order_id":28036,"order_status":"COMPLETE"}
{"order_customer_id":1203,"order_id":28037,"order_status":"PROCESSING"}
{"order_customer_id":2612,"order_id":28038,"order_status":"PENDING_PAYMENT"}
{"order_customer_id":7331,"order_id":28039,"order_status":"PENDING_PAYMENT"}
{"order_customer_id":6341,"order_id":28040,"order_status":"ON_HOLD"}
{"order_customer_id":11232,"order_id":28041,"order_status":"PROCESSING"}
{"order_customer_id":12025,"order_id":28042,"order_status":"COMPLETE"}
{"order_customer_id":7522,"order_id":28043,"order_status":"COMPLETE"}
{"order_customer_id":11981,"order_id":28044,"order_status":"PENDING"}
{"order_customer_id":1417,"order_id":28045,"order_status":"PAYMENT_REVIEW"}
{"order_customer_id":5382,"order_id":28046,"order_status":"PROCESSING"}
{"order_customer_id":8314,"order_id":28047,"order_status":"PROCESSING"}
{"order_customer_id":3593,"order_id":28048,"order_status":"PENDING"}
{"order_customer_id":6846,"order_id":28049,"order_status":"PROCESSING"}
{"order_customer_id":8262,"order_id":28050,"order_status":"CLOSED"}
{"order_customer_id":5104,"order_id":28051,"order_status":"PROCESSING"}
{"order_customer_id":9750,"order_id":28052,"order_status":"PENDING_PAYMENT"}
{"order_customer_id":6168,"order_id":28053,"order_status":"COMPLETE"}
{"order_customer_id":9167,"order_id":28054,"order_status":"PENDING_PAYMENT"}
{"order_customer_id":8311,"order_id":28055,"order_status":"COMPLETE"}
{"order_customer_id":1809,"order_id":28056,"order_status":"PENDING_PAYMENT"}
{"order_customer_id":9741,"order_id":28057,"order_status":"COMPLETE"}
{"order_customer_id":10792,"order_id":28058,"order_status":"ON_HOLD"}
{"order_customer_id":10883,"order_id":28059,"order_status":"PENDING_PAYMENT"}
{"order_customer_id":10669,"order_id":28060,"order_status":"COMPLETE"}
{"order_customer_id":11198,"order_id":28061,"order_status":"ON_HOLD"}
{"order_customer_id":3763,"order_id":28062,"order_status":"PENDING_PAYMENT"}
{"order_customer_id":548,"order_id":28063,"order_status":"PENDING"}
{"order_customer_id":8327,"order_id":28064,"order_status":"PENDING_PAYMENT"}
{"order_customer_id":1080,"order_id":28065,"order_status":"CLOSED"}
{"order_customer_id":8251,"order_id":28066,"order_status":"COMPLETE"}
{"order_customer_id":11620,"order_id":28067,"order_status":"PENDING_PAYMENT"}
{"order_customer_id":2159,"order_id":28068,"order_status":"ON_HOLD"}
{"order_customer_id":1904,"order_id":28069,"order_status":"PROCESSING"}
{"order_customer_id":12414,"order_id":28070,"order_status":"ON_HOLD"}
{"order_customer_id":9708,"order_id":28071,"order_status":"PENDING_PAYMENT"}
{"order_customer_id":7452,"order_id":28072,"order_status":"COMPLETE"}
{"order_customer_id":2070,"order_id":28073,"order_status":"COMPLETE"}
{"order_customer_id":2786,"order_id":28074,"order_status":"COMPLETE"}
{"order_customer_id":1877,"order_id":28075,"order_status":"COMPLETE"}
{"order_customer_id":671,"order_id":28076,"order_status":"CLOSED"}
{"order_customer_id":376,"order_id":28077,"order_status":"PENDING_PAYMENT"}
{"order_customer_id":9694,"order_id":28078,"order_status":"PENDING"}
{"order_customer_id":192,"order_id":28079,"order_status":"PROCESSING"}
{"order_customer_id":5723,"order_id":28080,"order_status":"PENDING_PAYMENT"}
{"order_customer_id":3881,"order_id":28081,"order_status":"PENDING_PAYMENT"}
{"order_customer_id":1059,"order_id":28082,"order_status":"COMPLETE"}
{"order_customer_id":6884,"order_id":28083,"order_status":"ON_HOLD"}
{"order_customer_id":7270,"order_id":28084,"order_status":"PENDING_PAYMENT"}
{"order_customer_id":5936,"order_id":28085,"order_status":"ON_HOLD"}
{"order_customer_id":1378,"order_id":28086,"order_status":"PENDING_PAYMENT"}
{"order_customer_id":2431,"order_id":28087,"order_status":"SUSPECTED_FRAUD"}
{"order_customer_id":936,"order_id":28088,"order_status":"ON_HOLD"}
{"order_customer_id":11462,"order_id":28089,"order_status":"PENDING"}
{"order_customer_id":9701,"order_id":28090,"order_status":"PROCESSING"}
{"order_customer_id":1864,"order_id":28091,"order_status":"CANCELED"}
{"order_customer_id":377,"order_id":28092,"order_status":"COMPLETE"}
{"order_customer_id":2074,"order_id":28093,"order_status":"COMPLETE"}
{"order_customer_id":12308,"order_id":28094,"order_status":"PENDING"}
{"order_customer_id":10890,"order_id":28095,"order_status":"ON_HOLD"}
{"order_customer_id":11492,"order_id":28096,"order_status":"PENDING_PAYMENT"}
{"order_customer_id":3731,"order_id":28097,"order_status":"PROCESSING"}
{"order_customer_id":11964,"order_id":28098,"order_status":"PROCESSING"}
{"order_customer_id":7619,"order_id":28099,"order_status":"COMPLETE"}
{"order_customer_id":4711,"order_id":28100,"order_status":"CANCELED"}
{"order_customer_id":4831,"order_id":28101,"order_status":"PENDING_PAYMENT"}
{"order_customer_id":2615,"order_id":28102,"order_status":"CLOSED"}
{"order_customer_id":4090,"order_id":28103,"order_status":"PENDING_PAYMENT"}
{"order_customer_id":8146,"order_id":28104,"order_status":"COMPLETE"}
{"order_customer_id":6319,"order_id":28105,"order_status":"PENDING_PAYMENT"}
{"order_customer_id":10327,"order_id":28106,"order_status":"PROCESSING"}
{"order_customer_id":8230,"order_id":28107,"order_status":"COMPLETE"}
{"order_customer_id":9669,"order_id":28108,"order_status":"COMPLETE"}
{"order_customer_id":5764,"order_id":28109,"order_status":"COMPLETE"}
{"order_customer_id":10474,"order_id":28110,"order_status":"CLOSED"}
{"order_customer_id":3308,"order_id":62255,"order_status":"COMPLETE"}
{"order_customer_id":843,"order_id":62256,"order_status":"COMPLETE"}
{"order_customer_id":5347,"order_id":62257,"order_status":"COMPLETE"}
{"order_customer_id":844,"order_id":62258,"order_status":"PENDING_PAYMENT"}
{"order_customer_id":4849,"order_id":62259,"order_status":"COMPLETE"}
{"order_customer_id":9341,"order_id":62260,"order_status":"COMPLETE"}
{"order_customer_id":11703,"order_id":62261,"order_status":"PENDING_PAYMENT"}
{"order_customer_id":1780,"order_id":62262,"order_status":"COMPLETE"}
{"order_customer_id":6965,"order_id":62263,"order_status":"PENDING_PAYMENT"}
{"order_customer_id":12141,"order_id":62264,"order_status":"PROCESSING"}
{"order_customer_id":8590,"order_id":62265,"order_status":"PENDING"}
{"order_customer_id":5383,"order_id":62266,"order_status":"COMPLETE"}
{"order_customer_id":7065,"order_id":62267,"order_status":"PROCESSING"}
{"order_customer_id":502,"order_id":62268,"order_status":"PENDING_PAYMENT"}
{"order_customer_id":2620,"order_id":62269,"order_status":"PENDING"}
{"order_customer_id":10059,"order_id":62270,"order_status":"COMPLETE"}
{"order_customer_id":6542,"order_id":62271,"order_status":"PROCESSING"}
{"order_customer_id":8571,"order_id":62272,"order_status":"PENDING"}
{"order_customer_id":8454,"order_id":62273,"order_status":"PENDING_PAYMENT"}
{"order_customer_id":11503,"order_id":62274,"order_status":"PENDING_PAYMENT"}
{"order_customer_id":5504,"order_id":68011,"order_status":"PENDING"}
{"order_customer_id":12389,"order_id":68012,"order_status":"COMPLETE"}
{"order_customer_id":11369,"order_id":68013,"order_status":"PENDING_PAYMENT"}
{"order_customer_id":3639,"order_id":68014,"order_status":"PENDING_PAYMENT"}
{"order_customer_id":10349,"order_id":68784,"order_status":"COMPLETE"}
