{"order_customer_id":5640,"order_id":51949,"order_status":"CLOSED"}
{"order_customer_id":10971,"order_id":51950,"order_status":"CLOSED"}
{"order_customer_id":10331,"order_id":51951,"order_status":"PROCESSING"}
{"order_customer_id":2170,"order_id":51952,"order_status":"SUSPECTED_FRAUD"}
{"order_customer_id":8800,"order_id":51953,"order_status":"COMPLETE"}
{"order_customer_id":11731,"order_id":51954,"order_status":"ON_HOLD"}
{"order_customer_id":12362,"order_id":51955,"order_status":"COMPLETE"}
{"order_customer_id":11828,"order_id":51956,"order_status":"COMPLETE"}
{"order_customer_id":8948,"order_id":51957,"order_status":"COMPLETE"}
{"order_customer_id":2347,"order_id":51958,"order_status":"COMPLETE"}
{"order_customer_id":1830,"order_id":51959,"order_status":"COMPLETE"}
{"order_customer_id":5632,"order_id":51960,"order_status":"PENDING"}
{"order_customer_id":4318,"order_id":51961,"order_status":"PROCESSING"}
{"order_customer_id":9723,"order_id":51962,"order_status":"PENDING"}
{"order_customer_id":2521,"order_id":51963,"order_status":"PENDING_PAYMENT"}
{"order_customer_id":5168,"order_id":51964,"order_status":"COMPLETE"}
{"order_customer_id":11256,"order_id":51965,"order_status":"PENDING"}
{"order_customer_id":6852,"order_id":51966,"order_status":"PENDING_PAYMENT"}
{"order_customer_id":8383,"order_id":51967,"order_status":"COMPLETE"}
{"order_customer_id":4192,"order_id":51968,"order_status":"PROCESSING"}
{"order_customer_id":977,"order_id":51969,"order_status":"PENDING_PAYMENT"}
{"order_customer_id":4290,"order_id":51970,"order_status":"PROCESSING"}
{"order_customer_id":5525,"order_id":51971,"order_status":"PENDING"}
{"order_customer_id":2183,"order_id":51972,"order_status":"PENDING_PAYMENT"}
{"order_customer_id":12082,"order_id":51973,"order_status":"CLOSED"}
{"order_customer_id":1237,"order_id":51974,"order_status":"PENDING_PAYMENT"}
{"order_customer_id":2956,"order_id":51975,"order_status":"PENDING_PAYMENT"}
{"order_customer_id":9775,"order_id":51976,"order_status":"CLOSED"}
{"order_customer_id":4478,"order_id":51977,"order_status":"CLOSED"}
{"order_customer_id":120,"order_id":51978,"order_status":"PENDING_PAYMENT"}
{"order_customer_id":5989,"order_id":51979,"order_status":"PENDING_PAYMENT"}
{"order_customer_id":12193,"order_id":51980,"order_status":"PROCESSING"}
{"order_customer_id":3240,"order_id":51981,"order_status":"PENDING_PAYMENT"}
{"order_customer_id":10582,"order_id":51982,"order_status":"PENDING_PAYMENT"}
{"order_customer_id":8295,"order_id":51983,"order_status":"ON_HOLD"}
{"order_customer_id":9872,"order_id":51984,"order_status":"PENDING_PAYMENT"}
{"order_customer_id":214,"order_id":51985,"order_status":"COMPLETE"}
{"order_customer_id":6785,"order_id":51986,"order_status":"PROCESSING"}
{"order_customer_id":8201,"order_id":51987,"order_status":"PENDING_PAYMENT"}
{"order_customer_id":7885,"order_id":51988,"order_status":"COMPLETE"}
{"order_customer_id":10825,"order_id":51989,"order_status":"PENDING"}
{"order_customer_id":128,"order_id":51990,"order_status":"PROCESSING"}
{"order_customer_id":5784,"order_id":51991,"order_status":"COMPLETE"}
{"order_customer_id":6122,"order_id":51992,"order_status":"PROCESSING"}
{"order_customer_id":238,"order_id":51993,"order_status":"PENDING_PAYMENT"}
{"order_customer_id":9195,"order_id":51994,"order_status":"PENDING_PAYMENT"}
{"order_customer_id":8381,"order_id":51995,"order_status":"ON_HOLD"}
{"order_customer_id":11497,"order_id":51996,"order_status":"COMPLETE"}
{"order_customer_id":11590,"order_id":51997,"order_status":"COMPLETE"}
{"order_customer_id":7410,"order_id":51998,"order_status":"PENDING"}
{"order_customer_id":12186,"order_id":51999,"order_status":"PROCESSING"}
{"order_customer_id":8094,"order_id":52000,"order_status":"CLOSED"}
{"order_customer_id":6442,"order_id":52001,"order_status":"PENDING_PAYMENT"}
{"order_customer_id":4100,"order_id":52002,"order_status":"PENDING_PAYMENT"}
{"order_customer_id":8192,"order_id":52003,"order_status":"COMPLETE"}
{"order_customer_id":11459,"order_id":52004,"order_status":"COMPLETE"}
{"order_customer_id":2515,"order_id":52005,"order_status":"CLOSED"}
{"order_customer_id":10197,"order_id":52006,"order_status":"COMPLETE"}
{"order_customer_id":424,"order_id":52007,"order_status":"COMPLETE"}
{"order_customer_id":10774,"order_id":52008,"order_status":"CANCELED"}
{"order_customer_id":9511,"order_id":52009,"order_status":"PAYMENT_REVIEW"}
{"order_customer_id":1344,"order_id":52010,"order_status":"PENDING_PAYMENT"}
{"order_customer_id":2430,"order_id":52011,"order_status":"PENDING_PAYMENT"}
{"order_customer_id":2126,"order_id":52012,"order_status":"CLOSED"}
{"order_customer_id":7642,"order_id":52013,"order_status":"COMPLETE"}
{"order_customer_id":11814,"order_id":52014,"order_status":"COMPLETE"}
{"order_customer_id":4693,"order_id":52015,"order_status":"PENDING_PAYMENT"}
{"order_customer_id":139,"order_id":52016,"order_status":"CLOSED"}
{"order_customer_id":1226,"order_id":52017,"order_status":"PENDING_PAYMENT"}
{"order_customer_id":6423,"order_id":52018,"order_status":"PROCESSING"}
{"order_customer_id":8851,"order_id":52019,"order_status":"CLOSED"}
{"order_customer_id":10816,"order_id":52020,"order_status":"CLOSED"}
{"order_customer_id":4449,"order_id":52021,"order_status":"ON_HOLD"}
{"order_customer_id":4867,"order_id":52022,"order_status":"ON_HOLD"}
{"order_customer_id":731,"order_id":52023,"order_status":"CLOSED"}
{"order_customer_id":1731,"order_id":52024,"order_status":"CLOSED"}
{"order_customer_id":10638,"order_id":52025,"order_status":"COMPLETE"}
{"order_customer_id":1467,"order_id":52026,"order_status":"PENDING_PAYMENT"}
{"order_customer_id":1021,"order_id":52027,"order_status":"COMPLETE"}
{"order_customer_id":6737,"order_id":52028,"order_status":"COMPLETE"}
{"order_customer_id":12051,"order_id":52029,"order_status":"COMPLETE"}
{"order_customer_id":2028,"order_id":52030,"order_status":"COMPLETE"}
{"order_customer_id":10514,"order_id":52031,"order_status":"COMPLETE"}
{"order_customer_id":2613,"order_id":52032,"order_status":"COMPLETE"}
{"order_customer_id":196,"order_id":52033,"order_status":"COMPLETE"}
{"order_customer_id":9048,"order_id":52034,"order_status":"CLOSED"}
{"order_customer_id":2103,"order_id":52035,"order_status":"PROCESSING"}
{"order_customer_id":446,"order_id":52036,"order_status":"ON_HOLD"}
{"order_customer_id":12261,"order_id":52037,"order_status":"CANCELED"}
{"order_customer_id":4838,"order_id":52038,"order_status":"PROCESSING"}
{"order_customer_id":8293,"order_id":52039,"order_status":"COMPLETE"}
{"order_customer_id":6288,"order_id":52040,"order_status":"COMPLETE"}
{"order_customer_id":7835,"order_id":52041,"order_status":"CLOSED"}
{"order_customer_id":9362,"order_id":52042,"order_status":"PROCESSING"}
{"order_customer_id":2232,"order_id":52043,"order_status":"PENDING"}
{"order_customer_id":10452,"order_id":52044,"order_status":"COMPLETE"}
{"order_customer_id":9471,"order_id":52045,"order_status":"PENDING_PAYMENT"}
{"order_customer_id":10450,"order_id":52046,"order_status":"COMPLETE"}
{"order_customer_id":11968,"order_id":52047,"order_status":"CLOSED"}
{"order_customer_id":3311,"order_id":52048,"order_status":"CLOSED"}
{"order_customer_id":9515,"order_id":52049,"order_status":"PENDING_PAYMENT"}
{"order_customer_id":642,"order_id":52050,"order_status":"COMPLETE"}
{"order_customer_id":1731,"order_id":52051,"order_status":"CLOSED"}
{"order_customer_id":5061,"order_id":52052,"order_status":"PENDING_PAYMENT"}
{"order_customer_id":9531,"order_id":52053,"order_status":"CLOSED"}
{"order_customer_id":1997,"order_id":52054,"order_status":"ON_HOLD"}
{"order_customer_id":1567,"order_id":52055,"order_status":"COMPLETE"}
{"order_customer_id":848,"order_id":52056,"order_status":"COMPLETE"}
{"order_customer_id":4928,"order_id":52057,"order_status":"PENDING_PAYMENT"}
{"order_customer_id":2784,"order_id":52058,"order_status":"COMPLETE"}
{"order_customer_id":4599,"order_id":52059,"order_status":"PENDING_PAYMENT"}
{"order_customer_id":10977,"order_id":52060,"order_status":"PENDING_PAYMENT"}
{"order_customer_id":5959,"order_id":52061,"order_status":"COMPLETE"}
{"order_customer_id":797,"order_id":52062,"order_status":"PROCESSING"}
{"order_customer_id":7581,"order_id":52063,"order_status":"COMPLETE"}
{"order_customer_id":9057,"order_id":52064,"order_status":"PENDING_PAYMENT"}
{"order_customer_id":8938,"order_id":52065,"order_status":"PENDING_PAYMENT"}
{"order_customer_id":8467,"order_id":52066,"order_status":"COMPLETE"}
{"order_customer_id":10861,"order_id":52067,"order_status":"CANCELED"}
{"order_customer_id":7120,"order_id":52068,"order_status":"CLOSED"}
{"order_customer_id":8655,"order_id":52069,"order_status":"PENDING"}
{"order_customer_id":4483,"order_id":52070,"order_status":"PROCESSING"}
{"order_customer_id":1896,"order_id":52071,"order_status":"PENDING_PAYMENT"}
{"order_customer_id":11694,"order_id":52072,"order_status":"PROCESSING"}
{"order_customer_id":3033,"order_id":52073,"order_status":"COMPLETE"}
{"order_customer_id":381,"order_id":52074,"order_status":"PAYMENT_REVIEW"}
{"order_customer_id":4547,"order_id":52075,"order_status":"CLOSED"}
{"order_customer_id":4661,"order_id":52076,"order_status":"PENDING_PAYMENT"}
{"order_customer_id":7242,"order_id":52077,"order_status":"COMPLETE"}
{"order_customer_id":10934,"order_id":52078,"order_status":"PENDING_PAYMENT"}
{"order_customer_id":7397,"order_id":52079,"order_status":"PROCESSING"}
{"order_customer_id":2239,"order_id":52080,"order_status":"PENDING_PAYMENT"}
{"order_customer_id":9309,"order_id":52081,"order_status":"PROCESSING"}
{"order_customer_id":7707,"order_id":52082,"order_status":"COMPLETE"}
{"order_customer_id":10937,"order_id":52083,"order_status":"PENDING"}
{"order_customer_id":7383,"order_id":52084,"order_status":"ON_HOLD"}
{"order_customer_id":7103,"order_id":52085,"order_status":"ON_HOLD"}
{"order_customer_id":5397,"order_id":52086,"order_status":"PROCESSING"}
{"order_customer_id":12049,"order_id":52087,"order_status":"COMPLETE"}
{"order_customer_id":89,"order_id":52088,"order_status":"PENDING_PAYMENT"}
{"order_customer_id":7747,"order_id":52089,"order_status":"PROCESSING"}
{"order_customer_id":10045,"order_id":52090,"order_status":"PENDING_PAYMENT"}
{"order_customer_id":11861,"order_id":52091,"order_status":"COMPLETE"}
{"order_customer_id":7563,"order_id":52092,"order_status":"PENDING_PAYMENT"}
{"order_customer_id":2877,"order_id":52093,"order_status":"PROCESSING"}
{"order_customer_id":5147,"order_id":52094,"order_status":"PENDING_PAYMENT"}
{"order_customer_id":5637,"order_id":52095,"order_status":"COMPLETE"}
{"order_customer_id":2860,"order_id":52096,"order_status":"PROCESSING"}
{"order_customer_id":9119,"order_id":52097,"order_status":"PENDING"}
{"order_customer_id":8914,"order_id":52098,"order_status":"CANCELED"}
{"order_customer_id":1604,"order_id":52099,"order_status":"CLOSED"}
{"order_customer_id":746,"order_id":52100,"order_status":"PENDING_PAYMENT"}
{"order_customer_id":11809,"order_id":52101,"order_status":"COMPLETE"}
{"order_customer_id":9332,"order_id":52102,"order_status":"PENDING_PAYMENT"}
{"order_customer_id":4144,"order_id":52103,"order_status":"CLOSED"}
{"order_customer_id":10606,"order_id":52104,"order_status":"COMPLETE"}
{"order_customer_id":11265,"order_id":52105,"order_status":"COMPLETE"}
{"order_customer_id":10163,"order_id":52106,"order_status":"PROCESSING"}
{"order_customer_id":640,"order_id":52107,"order_status":"PENDING_PAYMENT"}
{"order_customer_id":10064,"order_id":52108,"order_status":"COMPLETE"}
{"order_customer_id":473,"order_id":52109,"order_status":"COMPLETE"}
{"order_customer_id":6099,"order_id":52110,"order_status":"COMPLETE"}
{"order_customer_id":3556,"order_id":52111,"order_status":"PROCESSING"}
{"order_customer_id":4495,"order_id":52112,"order_status":"COMPLETE"}
{"order_customer_id":6336,"order_id":52113,"order_status":"COMPLETE"}
{"order_customer_id":2349,"order_id":52114,"order_status":"COMPLETE"}
{"order_customer_id":1159,"order_id":52115,"order_status":"COMPLETE"}
{"order_customer_id":10327,"order_id":52116,"order_status":"PENDING_PAYMENT"}
{"order_customer_id":4141,"order_id":52117,"order_status":"COMPLETE"}
{"order_customer_id":11790,"order_id":52118,"order_status":"PROCESSING"}
{"order_customer_id":3816,"order_id":52119,"order_status":"PENDING"}
{"order_customer_id":6770,"order_id":52120,"order_status":"PENDING"}
{"order_customer_id":5648,"order_id":52121,"order_status":"PENDING_PAYMENT"}
{"order_customer_id":10796,"order_id":52122,"order_status":"COMPLETE"}
{"order_customer_id":1213,"order_id":52123,"order_status":"PENDING"}
{"order_customer_id":1625,"order_id":52124,"order_status":"SUSPECTED_FRAUD"}
{"order_customer_id":5260,"order_id":52125,"order_status":"COMPLETE"}
{"order_customer_id":1989,"order_id":52126,"order_status":"COMPLETE"}
{"order_customer_id":1860,"order_id":52127,"order_status":"CLOSED"}
{"order_customer_id":10299,"order_id":52128,"order_status":"COMPLETE"}
{"order_customer_id":8718,"order_id":52129,"order_status":"COMPLETE"}
{"order_customer_id":3756,"order_id":52130,"order_status":"COMPLETE"}
{"order_customer_id":5274,"order_id":52131,"order_status":"COMPLETE"}
{"order_customer_id":4452,"order_id":52132,"order_status":"PENDING_PAYMENT"}
{"order_customer_id":2037,"order_id":52133,"order_status":"PROCESSING"}
{"order_customer_id":666,"order_id":52134,"order_status":"COMPLETE"}
{"order_customer_id":9428,"order_id":52135,"order_status":"PENDING_PAYMENT"}
{"order_customer_id":12318,"order_id":52136,"order_status":"COMPLETE"}
{"order_customer_id":11506,"order_id":52137,"order_status":"PENDING_PAYMENT"}
{"order_customer_id":5472,"order_id":52138,"order_status":"CLOSED"}
{"order_customer_id":329,"order_id":52139,"order_status":"COMPLETE"}
{"order_customer_id":5110,"order_id":52140,"order_status":"COMPLETE"}
{"order_customer_id":107,"order_id":52141,"order_status":"PENDING"}
{"order_customer_id":11102,"order_id":52142,"order_status":"CLOSED"}
{"order_customer_id":9883,"order_id":52143,"order_status":"COMPLETE"}
{"order_customer_id":8332,"order_id":52144,"order_status":"COMPLETE"}
{"order_customer_id":12013,"order_id":52145,"order_status":"PROCESSING"}
{"order_customer_id":7926,"order_id":52146,"order_status":"PENDING"}
{"order_customer_id":461,"order_id":52147,"order_status":"PENDING_PAYMENT"}
{"order_customer_id":8739,"order_id":52148,"order_status":"COMPLETE"}
{"order_customer_id":11102,"order_id":52149,"order_status":"COMPLETE"}
{"order_customer_id":563,"order_id":52150,"order_status":"PENDING_PAYMENT"}
{"order_customer_id":4697,"order_id":66351,"order_status":"COMPLETE"}
{"order_customer_id":10877,"order_id":66352,"order_status":"PENDING_PAYMENT"}
{"order_customer_id":568,"order_id":66353,"order_status":"COMPLETE"}
{"order_customer_id":12145,"order_id":66354,"order_status":"PROCESSING"}
{"order_customer_id":10153,"order_id":66355,"order_status":"PENDING_PAYMENT"}
{"order_customer_id":12169,"order_id":66356,"order_status":"PROCESSING"}
{"order_customer_id":9768,"order_id":66357,"order_status":"CLOSED"}
{"order_customer_id":5585,"order_id":66358,"order_status":"COMPLETE"}
{"order_customer_id":1754,"order_id":66359,"order_status":"PENDING_PAYMENT"}
{"order_customer_id":8949,"order_id":66360,"order_status":"COMPLETE"}
{"order_customer_id":10711,"order_id":66361,"order_status":"COMPLETE"}
{"order_customer_id":530,"order_id":66362,"order_status":"PENDING"}
{"order_customer_id":2217,"order_id":66363,"order_status":"COMPLETE"}
{"order_customer_id":8478,"order_id":66364,"order_status":"PROCESSING"}
{"order_customer_id":7511,"order_id":66365,"order_status":"PROCESSING"}
{"order_customer_id":876,"order_id":66366,"order_status":"PROCESSING"}
{"order_customer_id":10337,"order_id":66367,"order_status":"COMPLETE"}
{"order_customer_id":4378,"order_id":68563,"order_status":"PENDING_PAYMENT"}
{"order_customer_id":3361,"order_id":68863,"order_status":"CLOSED"}
