{"order_customer_id":1219,"order_id":38249,"order_status":"COMPLETE"}
{"order_customer_id":95,"order_id":38250,"order_status":"CLOSED"}
{"order_customer_id":5667,"order_id":38251,"order_status":"ON_HOLD"}
{"order_customer_id":1658,"order_id":38252,"order_status":"COMPLETE"}
{"order_customer_id":11688,"order_id":38253,"order_status":"CLOSED"}
{"order_customer_id":9226,"order_id":38254,"order_status":"COMPLETE"}
{"order_customer_id":8898,"order_id":38255,"order_status":"PROCESSING"}
{"order_customer_id":11757,"order_id":38256,"order_status":"PENDING_PAYMENT"}
{"order_customer_id":9042,"order_id":38257,"order_status":"COMPLETE"}
{"order_customer_id":1880,"order_id":38258,"order_status":"PENDING"}
{"order_customer_id":12344,"order_id":38259,"order_status":"PENDING_PAYMENT"}
{"order_customer_id":11092,"order_id":38260,"order_status":"COMPLETE"}
{"order_customer_id":3759,"order_id":38261,"order_status":"PROCESSING"}
{"order_customer_id":91,"order_id":38262,"order_status":"ON_HOLD"}
{"order_customer_id":8308,"order_id":38263,"order_status":"PENDING_PAYMENT"}
{"order_customer_id":11991,"order_id":38264,"order_status":"PENDING"}
{"order_customer_id":8483,"order_id":38265,"order_status":"PENDING_PAYMENT"}
{"order_customer_id":1264,"order_id":38266,"order_status":"COMPLETE"}
{"order_customer_id":1030,"order_id":38267,"order_status":"CLOSED"}
{"order_customer_id":3817,"order_id":38268,"order_status":"COMPLETE"}
{"order_customer_id":8240,"order_id":38269,"order_status":"COMPLETE"}
{"order_customer_id":215,"order_id":38270,"order_status":"PENDING_PAYMENT"}
{"order_customer_id":5248,"order_id":38271,"order_status":"PENDING_PAYMENT"}
{"order_customer_id":4096,"order_id":38272,"order_status":"COMPLETE"}
{"order_customer_id":6098,"order_id":38273,"order_status":"COMPLETE"}
{"order_customer_id":2084,"order_id":38274,"order_status":"COMPLETE"}
{"order_customer_id":4159,"order_id":38275,"order_status":"PENDING"}
{"order_customer_id":5900,"order_id":38276,"order_status":"COMPLETE"}
{"order_customer_id":10194,"order_id":38277,"order_status":"COMPLETE"}
{"order_customer_id":10818,"order_id":38278,"order_status":"COMPLETE"}
{"order_customer_id":1178,"order_id":38279,"order_status":"PENDING_PAYMENT"}
{"order_customer_id":5358,"order_id":38280,"order_status":"CLOSED"}
{"order_customer_id":3474,"order_id":38281,"order_status":"PENDING_PAYMENT"}
{"order_customer_id":7883,"order_id":38282,"order_status":"COMPLETE"}
{"order_customer_id":3957,"order_id":38283,"order_status":"PROCESSING"}
{"order_customer_id":3724,"order_id":38284,"order_status":"COMPLETE"}
{"order_customer_id":10112,"order_id":38285,"order_status":"COMPLETE"}
{"order_customer_id":7353,"order_id":38286,"order_status":"COMPLETE"}
{"order_customer_id":5900,"order_id":38287,"order_status":"COMPLETE"}
{"order_customer_id":9935,"order_id":38288,"order_status":"PROCESSING"}
{"order_customer_id":8167,"order_id":38289,"order_status":"COMPLETE"}
{"order_customer_id":5868,"order_id":38290,"order_status":"PROCESSING"}
{"order_customer_id":8030,"order_id":38291,"order_status":"CLOSED"}
{"order_customer_id":11358,"order_id":38292,"order_status":"COMPLETE"}
{"order_customer_id":12210,"order_id":38293,"order_status":"COMPLETE"}
{"order_customer_id":6393,"order_id":38294,"order_status":"PENDING"}
{"order_customer_id":7203,"order_id":38295,"order_status":"ON_HOLD"}
{"order_customer_id":5054,"order_id":38296,"order_status":"PENDING"}
{"order_customer_id":9918,"order_id":38297,"order_status":"PENDING"}
{"order_customer_id":5225,"order_id":38298,"order_status":"PROCESSING"}
{"order_customer_id":4924,"order_id":38299,"order_status":"PENDING_PAYMENT"}
{"order_customer_id":7182,"order_id":38300,"order_status":"PENDING_PAYMENT"}
{"order_customer_id":4325,"order_id":38301,"order_status":"PENDING"}
{"order_customer_id":8271,"order_id":38302,"order_status":"COMPLETE"}
{"order_customer_id":9807,"order_id":38303,"order_status":"PROCESSING"}
{"order_customer_id":5757,"order_id":38304,"order_status":"COMPLETE"}
{"order_customer_id":6305,"order_id":38305,"order_status":"SUSPECTED_FRAUD"}
{"order_customer_id":5825,"order_id":38306,"order_status":"CLOSED"}
{"order_customer_id":8482,"order_id":38307,"order_status":"COMPLETE"}
{"order_customer_id":10100,"order_id":38308,"order_status":"COMPLETE"}
{"order_customer_id":3705,"order_id":38309,"order_status":"COMPLETE"}
{"order_customer_id":6198,"order_id":38310,"order_status":"PENDING"}
{"order_customer_id":7045,"order_id":38311,"order_status":"COMPLETE"}
{"order_customer_id":12385,"order_id":38312,"order_status":"COMPLETE"}
{"order_customer_id":2241,"order_id":38313,"order_status":"PENDING"}
{"order_customer_id":10436,"order_id":38314,"order_status":"PROCESSING"}
{"order_customer_id":5897,"order_id":38315,"order_status":"PENDING_PAYMENT"}
{"order_customer_id":4455,"order_id":38316,"order_status":"ON_HOLD"}
{"order_customer_id":11687,"order_id":38317,"order_status":"ON_HOLD"}
{"order_customer_id":10114,"order_id":38318,"order_status":"COMPLETE"}
{"order_customer_id":8122,"order_id":38319,"order_status":"ON_HOLD"}
{"order_customer_id":1902,"order_id":38320,"order_status":"PENDING"}
{"order_customer_id":11171,"order_id":38321,"order_status":"PROCESSING"}
{"order_customer_id":10992,"order_id":38322,"order_status":"CLOSED"}
{"order_customer_id":6445,"order_id":38323,"order_status":"COMPLETE"}
{"order_customer_id":4548,"order_id":38324,"order_status":"PENDING_PAYMENT"}
{"order_customer_id":4108,"order_id":38325,"order_status":"COMPLETE"}
{"order_customer_id":12180,"order_id":38326,"order_status":"PENDING"}
{"order_customer_id":803,"order_id":38327,"order_status":"PENDING_PAYMENT"}
{"order_customer_id":876,"order_id":38328,"order_status":"PROCESSING"}
{"order_customer_id":10352,"order_id":38329,"order_status":"SUSPECTED_FRAUD"}
{"order_customer_id":7185,"order_id":38330,"order_status":"COMPLETE"}
{"order_customer_id":3758,"order_id":38331,"order_status":"CLOSED"}
{"order_customer_id":412,"order_id":38332,"order_status":"COMPLETE"}
{"order_customer_id":5092,"order_id":38333,"order_status":"PENDING"}
{"order_customer_id":2167,"order_id":38334,"order_status":"COMPLETE"}
{"order_customer_id":2726,"order_id":38335,"order_status":"COMPLETE"}
{"order_customer_id":6611,"order_id":38336,"order_status":"COMPLETE"}
{"order_customer_id":6433,"order_id":38337,"order_status":"SUSPECTED_FRAUD"}
{"order_customer_id":1793,"order_id":38338,"order_status":"COMPLETE"}
{"order_customer_id":3730,"order_id":38339,"order_status":"PENDING_PAYMENT"}
{"order_customer_id":11316,"order_id":38340,"order_status":"COMPLETE"}
{"order_customer_id":5719,"order_id":38341,"order_status":"PENDING"}
{"order_customer_id":6459,"order_id":38342,"order_status":"PENDING_PAYMENT"}
{"order_customer_id":7252,"order_id":38343,"order_status":"ON_HOLD"}
{"order_customer_id":7050,"order_id":38344,"order_status":"COMPLETE"}
{"order_customer_id":10799,"order_id":38345,"order_status":"COMPLETE"}
{"order_customer_id":9864,"order_id":38346,"order_status":"PROCESSING"}
{"order_customer_id":3532,"order_id":38347,"order_status":"COMPLETE"}
{"order_customer_id":11272,"order_id":38348,"order_status":"CLOSED"}
{"order_customer_id":4719,"order_id":38349,"order_status":"COMPLETE"}
{"order_customer_id":10687,"order_id":38350,"order_status":"PENDING_PAYMENT"}
{"order_customer_id":861,"order_id":38351,"order_status":"PENDING"}
{"order_customer_id":7603,"order_id":38352,"order_status":"COMPLETE"}
{"order_customer_id":8930,"order_id":38353,"order_status":"COMPLETE"}
{"order_customer_id":2884,"order_id":38354,"order_status":"COMPLETE"}
{"order_customer_id":5328,"order_id":38355,"order_status":"CLOSED"}
{"order_customer_id":2262,"order_id":38356,"order_status":"PENDING_PAYMENT"}
{"order_customer_id":8638,"order_id":38357,"order_status":"COMPLETE"}
{"order_customer_id":4038,"order_id":38358,"order_status":"CANCELED"}
{"order_customer_id":9020,"order_id":38359,"order_status":"ON_HOLD"}
{"order_customer_id":6334,"order_id":38360,"order_status":"PENDING_PAYMENT"}
{"order_customer_id":2673,"order_id":38361,"order_status":"COMPLETE"}
{"order_customer_id":1881,"order_id":38362,"order_status":"PAYMENT_REVIEW"}
{"order_customer_id":1723,"order_id":38363,"order_status":"PENDING"}
{"order_customer_id":7561,"order_id":38364,"order_status":"PENDING_PAYMENT"}
{"order_customer_id":4898,"order_id":38365,"order_status":"CLOSED"}
{"order_customer_id":2965,"order_id":38366,"order_status":"CANCELED"}
{"order_customer_id":11048,"order_id":38367,"order_status":"PROCESSING"}
{"order_customer_id":7825,"order_id":38368,"order_status":"COMPLETE"}
{"order_customer_id":8120,"order_id":38369,"order_status":"PENDING"}
{"order_customer_id":2469,"order_id":38370,"order_status":"PENDING_PAYMENT"}
{"order_customer_id":1873,"order_id":38371,"order_status":"ON_HOLD"}
{"order_customer_id":10390,"order_id":38372,"order_status":"COMPLETE"}
{"order_customer_id":10914,"order_id":38373,"order_status":"ON_HOLD"}
{"order_customer_id":6944,"order_id":38374,"order_status":"PAYMENT_REVIEW"}
{"order_customer_id":11718,"order_id":38375,"order_status":"COMPLETE"}
{"order_customer_id":4697,"order_id":38376,"order_status":"PENDING_PAYMENT"}
{"order_customer_id":11600,"order_id":38377,"order_status":"CLOSED"}
{"order_customer_id":12385,"order_id":38378,"order_status":"SUSPECTED_FRAUD"}
{"order_customer_id":3662,"order_id":38379,"order_status":"PROCESSING"}
{"order_customer_id":5963,"order_id":38380,"order_status":"PENDING"}
{"order_customer_id":9713,"order_id":38381,"order_status":"PENDING"}
{"order_customer_id":6847,"order_id":38382,"order_status":"COMPLETE"}
{"order_customer_id":5845,"order_id":38383,"order_status":"COMPLETE"}
{"order_customer_id":8396,"order_id":38384,"order_status":"PENDING"}
{"order_customer_id":5276,"order_id":38385,"order_status":"PROCESSING"}
{"order_customer_id":6454,"order_id":38386,"order_status":"COMPLETE"}
{"order_customer_id":11572,"order_id":38387,"order_status":"COMPLETE"}
{"order_customer_id":1215,"order_id":38388,"order_status":"PENDING_PAYMENT"}
{"order_customer_id":2645,"order_id":38389,"order_status":"SUSPECTED_FRAUD"}
{"order_customer_id":4153,"order_id":38390,"order_status":"ON_HOLD"}
{"order_customer_id":588,"order_id":38391,"order_status":"COMPLETE"}
{"order_customer_id":10298,"order_id":38392,"order_status":"COMPLETE"}
{"order_customer_id":1220,"order_id":38393,"order_status":"PENDING"}
{"order_customer_id":5195,"order_id":38394,"order_status":"COMPLETE"}
{"order_customer_id":4203,"order_id":38395,"order_status":"PROCESSING"}
{"order_customer_id":9615,"order_id":38396,"order_status":"PENDING_PAYMENT"}
{"order_customer_id":5107,"order_id":38397,"order_status":"COMPLETE"}
{"order_customer_id":4945,"order_id":38398,"order_status":"PENDING_PAYMENT"}
{"order_customer_id":9664,"order_id":38399,"order_status":"PROCESSING"}
{"order_customer_id":10256,"order_id":38400,"order_status":"COMPLETE"}
{"order_customer_id":11350,"order_id":38401,"order_status":"PENDING"}
{"order_customer_id":805,"order_id":38402,"order_status":"ON_HOLD"}
{"order_customer_id":3836,"order_id":38403,"order_status":"PROCESSING"}
{"order_customer_id":8366,"order_id":38404,"order_status":"COMPLETE"}
{"order_customer_id":5271,"order_id":38405,"order_status":"SUSPECTED_FRAUD"}
{"order_customer_id":7572,"order_id":38406,"order_status":"PENDING_PAYMENT"}
{"order_customer_id":11166,"order_id":38407,"order_status":"PROCESSING"}
{"order_customer_id":10035,"order_id":38408,"order_status":"PENDING_PAYMENT"}
{"order_customer_id":4478,"order_id":38409,"order_status":"PROCESSING"}
{"order_customer_id":5739,"order_id":38410,"order_status":"COMPLETE"}
{"order_customer_id":8205,"order_id":38411,"order_status":"PENDING"}
{"order_customer_id":8268,"order_id":38412,"order_status":"PENDING_PAYMENT"}
{"order_customer_id":7108,"order_id":38413,"order_status":"PROCESSING"}
{"order_customer_id":8081,"order_id":38414,"order_status":"COMPLETE"}
{"order_customer_id":748,"order_id":38415,"order_status":"CLOSED"}
{"order_customer_id":174,"order_id":38416,"order_status":"COMPLETE"}
{"order_customer_id":11327,"order_id":38417,"order_status":"COMPLETE"}
{"order_customer_id":4524,"order_id":38418,"order_status":"PENDING"}
{"order_customer_id":10133,"order_id":38419,"order_status":"CLOSED"}
{"order_customer_id":9229,"order_id":38420,"order_status":"ON_HOLD"}
{"order_customer_id":11142,"order_id":38421,"order_status":"COMPLETE"}
{"order_customer_id":187,"order_id":38422,"order_status":"PROCESSING"}
{"order_customer_id":289,"order_id":38423,"order_status":"PENDING"}
{"order_customer_id":5311,"order_id":38424,"order_status":"COMPLETE"}
{"order_customer_id":888,"order_id":38425,"order_status":"PENDING"}
{"order_customer_id":2398,"order_id":38426,"order_status":"COMPLETE"}
{"order_customer_id":1539,"order_id":38427,"order_status":"PENDING"}
{"order_customer_id":1597,"order_id":38428,"order_status":"PENDING_PAYMENT"}
{"order_customer_id":11031,"order_id":38429,"order_status":"PENDING_PAYMENT"}
{"order_customer_id":9327,"order_id":38430,"order_status":"PENDING_PAYMENT"}
{"order_customer_id":809,"order_id":38431,"order_status":"PROCESSING"}
{"order_customer_id":4318,"order_id":38432,"order_status":"PENDING_PAYMENT"}
{"order_customer_id":1658,"order_id":38433,"order_status":"PENDING_PAYMENT"}
{"order_customer_id":10367,"order_id":38434,"order_status":"COMPLETE"}
{"order_customer_id":11811,"order_id":38435,"order_status":"PENDING"}
{"order_customer_id":10943,"order_id":38436,"order_status":"COMPLETE"}
{"order_customer_id":10938,"order_id":38437,"order_status":"COMPLETE"}
{"order_customer_id":5284,"order_id":38438,"order_status":"ON_HOLD"}
{"order_customer_id":12391,"order_id":38439,"order_status":"COMPLETE"}
{"order_customer_id":71,"order_id":38440,"order_status":"PROCESSING"}
{"order_customer_id":1309,"order_id":38441,"order_status":"PENDING_PAYMENT"}
{"order_customer_id":6591,"order_id":38442,"order_status":"CLOSED"}
{"order_customer_id":8958,"order_id":38443,"order_status":"COMPLETE"}
{"order_customer_id":10165,"order_id":38444,"order_status":"PENDING_PAYMENT"}
{"order_customer_id":578,"order_id":38445,"order_status":"COMPLETE"}
{"order_customer_id":6557,"order_id":38446,"order_status":"PENDING_PAYMENT"}
{"order_customer_id":11242,"order_id":38447,"order_status":"PENDING_PAYMENT"}
{"order_customer_id":2065,"order_id":38448,"order_status":"COMPLETE"}
{"order_customer_id":6413,"order_id":38449,"order_status":"CLOSED"}
{"order_customer_id":5787,"order_id":38450,"order_status":"CLOSED"}
{"order_customer_id":4014,"order_id":38451,"order_status":"PENDING_PAYMENT"}
{"order_customer_id":4979,"order_id":38452,"order_status":"SUSPECTED_FRAUD"}
{"order_customer_id":1862,"order_id":38453,"order_status":"COMPLETE"}
{"order_customer_id":11755,"order_id":38454,"order_status":"COMPLETE"}
{"order_customer_id":12366,"order_id":38455,"order_status":"PENDING_PAYMENT"}
{"order_customer_id":7637,"order_id":38456,"order_status":"CANCELED"}
{"order_customer_id":8083,"order_id":63925,"order_status":"ON_HOLD"}
{"order_customer_id":2447,"order_id":63926,"order_status":"CLOSED"}
{"order_customer_id":5841,"order_id":63927,"order_status":"CLOSED"}
{"order_customer_id":9598,"order_id":63928,"order_status":"COMPLETE"}
{"order_customer_id":4619,"order_id":63929,"order_status":"COMPLETE"}
{"order_customer_id":4198,"order_id":63930,"order_status":"PENDING_PAYMENT"}
{"order_customer_id":9216,"order_id":63931,"order_status":"PENDING_PAYMENT"}
{"order_customer_id":1941,"order_id":63932,"order_status":"COMPLETE"}
{"order_customer_id":7433,"order_id":63933,"order_status":"CLOSED"}
{"order_customer_id":5626,"order_id":63934,"order_status":"PENDING_PAYMENT"}
{"order_customer_id":1569,"order_id":63935,"order_status":"PENDING_PAYMENT"}
{"order_customer_id":11329,"order_id":63936,"order_status":"PENDING_PAYMENT"}
{"order_customer_id":6029,"order_id":63937,"order_status":"PENDING_PAYMENT"}
{"order_customer_id":2663,"order_id":63938,"order_status":"PENDING"}
{"order_customer_id":10959,"order_id":63939,"order_status":"PENDING"}
{"order_customer_id":7123,"order_id":63940,"order_status":"PENDING_PAYMENT"}
{"order_customer_id":8280,"order_id":63941,"order_status":"PENDING_PAYMENT"}
{"order_customer_id":9113,"order_id":63942,"order_status":"COMPLETE"}
{"order_customer_id":3823,"order_id":63943,"order_status":"PROCESSING"}
{"order_customer_id":4747,"order_id":63944,"order_status":"COMPLETE"}
{"order_customer_id":8909,"order_id":63945,"order_status":"COMPLETE"}
{"order_customer_id":1352,"order_id":63946,"order_status":"PAYMENT_REVIEW"}
{"order_customer_id":8638,"order_id":63947,"order_status":"COMPLETE"}
{"order_customer_id":3083,"order_id":63948,"order_status":"COMPLETE"}
{"order_customer_id":668,"order_id":63949,"order_status":"PENDING"}
{"order_customer_id":3715,"order_id":63950,"order_status":"PENDING_PAYMENT"}
{"order_customer_id":3136,"order_id":63951,"order_status":"COMPLETE"}
{"order_customer_id":889,"order_id":63952,"order_status":"COMPLETE"}
{"order_customer_id":10824,"order_id":63953,"order_status":"PROCESSING"}
{"order_customer_id":873,"order_id":63954,"order_status":"COMPLETE"}
{"order_customer_id":9222,"order_id":63955,"order_status":"PENDING"}
{"order_customer_id":7018,"order_id":63956,"order_status":"ON_HOLD"}
{"order_customer_id":6392,"order_id":63957,"order_status":"COMPLETE"}
{"order_customer_id":1765,"order_id":63958,"order_status":"SUSPECTED_FRAUD"}
{"order_customer_id":6587,"order_id":63959,"order_status":"ON_HOLD"}
{"order_customer_id":3505,"order_id":63960,"order_status":"ON_HOLD"}
{"order_customer_id":740,"order_id":63961,"order_status":"PROCESSING"}
{"order_customer_id":1549,"order_id":63962,"order_status":"PENDING"}
{"order_customer_id":13,"order_id":63963,"order_status":"ON_HOLD"}
{"order_customer_id":5245,"order_id":63964,"order_status":"PROCESSING"}
{"order_customer_id":4200,"order_id":63965,"order_status":"PENDING_PAYMENT"}
{"order_customer_id":2945,"order_id":68244,"order_status":"PENDING_PAYMENT"}
{"order_customer_id":10862,"order_id":68245,"order_status":"PROCESSING"}
{"order_customer_id":1985,"order_id":68812,"order_status":"PROCESSING"}
