{"order_customer_id":6398,"order_id":52640,"order_status":"PENDING"}
{"order_customer_id":11340,"order_id":52641,"order_status":"COMPLETE"}
{"order_customer_id":9704,"order_id":52642,"order_status":"PENDING"}
{"order_customer_id":9053,"order_id":52643,"order_status":"PENDING_PAYMENT"}
{"order_customer_id":9995,"order_id":52644,"order_status":"COMPLETE"}
{"order_customer_id":11862,"order_id":52645,"order_status":"PENDING"}
{"order_customer_id":8486,"order_id":52646,"order_status":"PENDING"}
{"order_customer_id":11796,"order_id":52647,"order_status":"PENDING_PAYMENT"}
{"order_customer_id":4381,"order_id":52648,"order_status":"COMPLETE"}
{"order_customer_id":4837,"order_id":52649,"order_status":"ON_HOLD"}
{"order_customer_id":5702,"order_id":52650,"order_status":"ON_HOLD"}
{"order_customer_id":10528,"order_id":52651,"order_status":"COMPLETE"}
{"order_customer_id":9639,"order_id":52652,"order_status":"PROCESSING"}
{"order_customer_id":2844,"order_id":52653,"order_status":"PENDING_PAYMENT"}
{"order_customer_id":6529,"order_id":52654,"order_status":"ON_HOLD"}
{"order_customer_id":8254,"order_id":52655,"order_status":"COMPLETE"}
{"order_customer_id":5848,"order_id":52656,"order_status":"PENDING_PAYMENT"}
{"order_customer_id":9966,"order_id":52657,"order_status":"COMPLETE"}
{"order_customer_id":4280,"order_id":52658,"order_status":"COMPLETE"}
{"order_customer_id":4997,"order_id":52659,"order_status":"CLOSED"}
{"order_customer_id":7981,"order_id":52660,"order_status":"CANCELED"}
{"order_customer_id":1363,"order_id":52661,"order_status":"COMPLETE"}
{"order_customer_id":3128,"order_id":52662,"order_status":"COMPLETE"}
{"order_customer_id":8665,"order_id":52663,"order_status":"CLOSED"}
{"order_customer_id":4702,"order_id":52664,"order_status":"PROCESSING"}
{"order_customer_id":462,"order_id":52665,"order_status":"COMPLETE"}
{"order_customer_id":10031,"order_id":52666,"order_status":"COMPLETE"}
{"order_customer_id":616,"order_id":52667,"order_status":"PENDING_PAYMENT"}
{"order_customer_id":1801,"order_id":52668,"order_status":"PROCESSING"}
{"order_customer_id":8453,"order_id":52669,"order_status":"CLOSED"}
{"order_customer_id":5484,"order_id":52670,"order_status":"COMPLETE"}
{"order_customer_id":576,"order_id":52671,"order_status":"COMPLETE"}
{"order_customer_id":11186,"order_id":52672,"order_status":"CLOSED"}
{"order_customer_id":4861,"order_id":52673,"order_status":"PENDING_PAYMENT"}
{"order_customer_id":5117,"order_id":52674,"order_status":"PENDING"}
{"order_customer_id":3606,"order_id":52675,"order_status":"COMPLETE"}
{"order_customer_id":2128,"order_id":52676,"order_status":"PENDING_PAYMENT"}
{"order_customer_id":4950,"order_id":52677,"order_status":"PENDING_PAYMENT"}
{"order_customer_id":5212,"order_id":52678,"order_status":"COMPLETE"}
{"order_customer_id":1695,"order_id":52679,"order_status":"COMPLETE"}
{"order_customer_id":1885,"order_id":52680,"order_status":"CLOSED"}
{"order_customer_id":6198,"order_id":52681,"order_status":"COMPLETE"}
{"order_customer_id":5724,"order_id":52682,"order_status":"ON_HOLD"}
{"order_customer_id":2403,"order_id":52683,"order_status":"COMPLETE"}
{"order_customer_id":12317,"order_id":52684,"order_status":"SUSPECTED_FRAUD"}
{"order_customer_id":197,"order_id":52685,"order_status":"PENDING"}
{"order_customer_id":5203,"order_id":52686,"order_status":"PENDING_PAYMENT"}
{"order_customer_id":3947,"order_id":52687,"order_status":"CLOSED"}
{"order_customer_id":1283,"order_id":52688,"order_status":"PENDING"}
{"order_customer_id":6159,"order_id":52689,"order_status":"PROCESSING"}
{"order_customer_id":3778,"order_id":52690,"order_status":"PROCESSING"}
{"order_customer_id":2610,"order_id":52691,"order_status":"PENDING_PAYMENT"}
{"order_customer_id":6318,"order_id":52692,"order_status":"PROCESSING"}
{"order_customer_id":9206,"order_id":52693,"order_status":"COMPLETE"}
{"order_customer_id":4808,"order_id":52694,"order_status":"COMPLETE"}
{"order_customer_id":11205,"order_id":52695,"order_status":"COMPLETE"}
{"order_customer_id":10176,"order_id":52696,"order_status":"COMPLETE"}
{"order_customer_id":10789,"order_id":52697,"order_status":"PENDING_PAYMENT"}
{"order_customer_id":9612,"order_id":52698,"order_status":"PENDING"}
{"order_customer_id":2048,"order_id":52699,"order_status":"PROCESSING"}
{"order_customer_id":2868,"order_id":52700,"order_status":"CLOSED"}
{"order_customer_id":9278,"order_id":52701,"order_status":"PENDING"}
{"order_customer_id":9342,"order_id":52702,"order_status":"PENDING"}
{"order_customer_id":10079,"order_id":52703,"order_status":"COMPLETE"}
{"order_customer_id":6270,"order_id":52704,"order_status":"CLOSED"}
{"order_customer_id":3713,"order_id":52705,"order_status":"ON_HOLD"}
{"order_customer_id":5698,"order_id":52706,"order_status":"COMPLETE"}
{"order_customer_id":8501,"order_id":52707,"order_status":"CLOSED"}
{"order_customer_id":8803,"order_id":52708,"order_status":"CLOSED"}
{"order_customer_id":10835,"order_id":52709,"order_status":"PENDING_PAYMENT"}
{"order_customer_id":9611,"order_id":52710,"order_status":"COMPLETE"}
{"order_customer_id":6358,"order_id":52711,"order_status":"PAYMENT_REVIEW"}
{"order_customer_id":4529,"order_id":52712,"order_status":"CLOSED"}
{"order_customer_id":6909,"order_id":52713,"order_status":"PENDING_PAYMENT"}
{"order_customer_id":10025,"order_id":52714,"order_status":"COMPLETE"}
{"order_customer_id":11610,"order_id":52715,"order_status":"SUSPECTED_FRAUD"}
{"order_customer_id":4464,"order_id":52716,"order_status":"COMPLETE"}
{"order_customer_id":636,"order_id":52717,"order_status":"COMPLETE"}
{"order_customer_id":9816,"order_id":52718,"order_status":"PENDING_PAYMENT"}
{"order_customer_id":3398,"order_id":52719,"order_status":"SUSPECTED_FRAUD"}
{"order_customer_id":7068,"order_id":52720,"order_status":"PENDING"}
{"order_customer_id":2049,"order_id":52721,"order_status":"COMPLETE"}
{"order_customer_id":1009,"order_id":52722,"order_status":"ON_HOLD"}
{"order_customer_id":2015,"order_id":52723,"order_status":"CLOSED"}
{"order_customer_id":1105,"order_id":52724,"order_status":"COMPLETE"}
{"order_customer_id":12357,"order_id":52725,"order_status":"COMPLETE"}
{"order_customer_id":12154,"order_id":52726,"order_status":"COMPLETE"}
{"order_customer_id":263,"order_id":52727,"order_status":"COMPLETE"}
{"order_customer_id":2334,"order_id":52728,"order_status":"ON_HOLD"}
{"order_customer_id":7240,"order_id":52729,"order_status":"CLOSED"}
{"order_customer_id":2420,"order_id":52730,"order_status":"COMPLETE"}
{"order_customer_id":7149,"order_id":52731,"order_status":"COMPLETE"}
{"order_customer_id":842,"order_id":52732,"order_status":"CLOSED"}
{"order_customer_id":8740,"order_id":52733,"order_status":"ON_HOLD"}
{"order_customer_id":868,"order_id":52734,"order_status":"PENDING_PAYMENT"}
{"order_customer_id":10928,"order_id":52735,"order_status":"PENDING"}
{"order_customer_id":3094,"order_id":52736,"order_status":"COMPLETE"}
{"order_customer_id":10114,"order_id":52737,"order_status":"PENDING_PAYMENT"}
{"order_customer_id":4933,"order_id":66465,"order_status":"PENDING_PAYMENT"}
{"order_customer_id":1647,"order_id":66466,"order_status":"COMPLETE"}
{"order_customer_id":7841,"order_id":66467,"order_status":"PENDING"}
{"order_customer_id":7536,"order_id":66468,"order_status":"CLOSED"}
{"order_customer_id":3619,"order_id":66469,"order_status":"ON_HOLD"}
{"order_customer_id":1336,"order_id":66470,"order_status":"COMPLETE"}
{"order_customer_id":8563,"order_id":66471,"order_status":"PENDING_PAYMENT"}
{"order_customer_id":10111,"order_id":66472,"order_status":"CLOSED"}
{"order_customer_id":8202,"order_id":66473,"order_status":"ON_HOLD"}
{"order_customer_id":9662,"order_id":66474,"order_status":"CLOSED"}
{"order_customer_id":4848,"order_id":66475,"order_status":"PENDING_PAYMENT"}
{"order_customer_id":12315,"order_id":66476,"order_status":"PENDING_PAYMENT"}
{"order_customer_id":5845,"order_id":66477,"order_status":"COMPLETE"}
{"order_customer_id":936,"order_id":66478,"order_status":"PENDING_PAYMENT"}
{"order_customer_id":12293,"order_id":66479,"order_status":"COMPLETE"}
{"order_customer_id":3541,"order_id":66480,"order_status":"PENDING_PAYMENT"}
{"order_customer_id":4440,"order_id":66481,"order_status":"COMPLETE"}
{"order_customer_id":54,"order_id":66482,"order_status":"COMPLETE"}
{"order_customer_id":6375,"order_id":66483,"order_status":"ON_HOLD"}
{"order_customer_id":2856,"order_id":66484,"order_status":"COMPLETE"}
{"order_customer_id":2704,"order_id":66485,"order_status":"CLOSED"}
{"order_customer_id":9831,"order_id":66486,"order_status":"COMPLETE"}
{"order_customer_id":9234,"order_id":66487,"order_status":"COMPLETE"}
{"order_customer_id":7224,"order_id":66488,"order_status":"PROCESSING"}
{"order_customer_id":341,"order_id":66489,"order_status":"PROCESSING"}
{"order_customer_id":5132,"order_id":66490,"order_status":"PENDING_PAYMENT"}
{"order_customer_id":6100,"order_id":66491,"order_status":"PENDING"}
{"order_customer_id":10049,"order_id":66492,"order_status":"COMPLETE"}
{"order_customer_id":10769,"order_id":66493,"order_status":"PROCESSING"}
{"order_customer_id":12425,"order_id":66494,"order_status":"PENDING_PAYMENT"}
{"order_customer_id":9640,"order_id":66495,"order_status":"PENDING_PAYMENT"}
{"order_customer_id":8195,"order_id":66496,"order_status":"COMPLETE"}
{"order_customer_id":9490,"order_id":66497,"order_status":"CLOSED"}
{"order_customer_id":146,"order_id":66498,"order_status":"PENDING_PAYMENT"}
{"order_customer_id":8895,"order_id":66499,"order_status":"PROCESSING"}
{"order_customer_id":5304,"order_id":66500,"order_status":"PENDING"}
{"order_customer_id":1967,"order_id":66501,"order_status":"PENDING_PAYMENT"}
{"order_customer_id":2219,"order_id":68573,"order_status":"COMPLETE"}
{"order_customer_id":1837,"order_id":68574,"order_status":"PENDING"}
{"order_customer_id":3873,"order_id":68575,"order_status":"COMPLETE"}
{"order_customer_id":6184,"order_id":68576,"order_status":"PROCESSING"}
{"order_customer_id":3890,"order_id":68866,"order_status":"PENDING_PAYMENT"}
