{"order_customer_id":8657,"order_id":39639,"order_status":"PENDING_PAYMENT"}
{"order_customer_id":1212,"order_id":39640,"order_status":"COMPLETE"}
{"order_customer_id":4131,"order_id":39641,"order_status":"PROCESSING"}
{"order_customer_id":4922,"order_id":39642,"order_status":"COMPLETE"}
{"order_customer_id":4195,"order_id":39643,"order_status":"COMPLETE"}
{"order_customer_id":7284,"order_id":39644,"order_status":"SUSPECTED_FRAUD"}
{"order_customer_id":5640,"order_id":39645,"order_status":"PENDING_PAYMENT"}
{"order_customer_id":3816,"order_id":39646,"order_status":"CLOSED"}
{"order_customer_id":6363,"order_id":39647,"order_status":"CANCELED"}
{"order_customer_id":10391,"order_id":39648,"order_status":"PENDING"}
{"order_customer_id":8432,"order_id":39649,"order_status":"CANCELED"}
{"order_customer_id":9729,"order_id":39650,"order_status":"PENDING_PAYMENT"}
{"order_customer_id":12097,"order_id":39651,"order_status":"PROCESSING"}
{"order_customer_id":10242,"order_id":39652,"order_status":"CLOSED"}
{"order_customer_id":11264,"order_id":39653,"order_status":"PROCESSING"}
{"order_customer_id":4977,"order_id":39654,"order_status":"COMPLETE"}
{"order_customer_id":171,"order_id":39655,"order_status":"PROCESSING"}
{"order_customer_id":9665,"order_id":39656,"order_status":"PENDING_PAYMENT"}
{"order_customer_id":3701,"order_id":39657,"order_status":"COMPLETE"}
{"order_customer_id":9867,"order_id":39658,"order_status":"PENDING_PAYMENT"}
{"order_customer_id":9637,"order_id":39659,"order_status":"ON_HOLD"}
{"order_customer_id":8221,"order_id":39660,"order_status":"COMPLETE"}
{"order_customer_id":9792,"order_id":39661,"order_status":"COMPLETE"}
{"order_customer_id":4619,"order_id":39662,"order_status":"COMPLETE"}
{"order_customer_id":11976,"order_id":39663,"order_status":"COMPLETE"}
{"order_customer_id":11767,"order_id":39664,"order_status":"CLOSED"}
{"order_customer_id":7557,"order_id":39665,"order_status":"PROCESSING"}
{"order_customer_id":4149,"order_id":39666,"order_status":"PENDING"}
{"order_customer_id":7898,"order_id":39667,"order_status":"COMPLETE"}
{"order_customer_id":9573,"order_id":39668,"order_status":"PROCESSING"}
{"order_customer_id":9118,"order_id":39669,"order_status":"PENDING"}
{"order_customer_id":3825,"order_id":39670,"order_status":"COMPLETE"}
{"order_customer_id":11891,"order_id":39671,"order_status":"PROCESSING"}
{"order_customer_id":11534,"order_id":39672,"order_status":"ON_HOLD"}
{"order_customer_id":1509,"order_id":39673,"order_status":"CLOSED"}
{"order_customer_id":7206,"order_id":39674,"order_status":"COMPLETE"}
{"order_customer_id":11461,"order_id":39675,"order_status":"PROCESSING"}
{"order_customer_id":4132,"order_id":39676,"order_status":"COMPLETE"}
{"order_customer_id":8333,"order_id":39677,"order_status":"COMPLETE"}
{"order_customer_id":3177,"order_id":39678,"order_status":"PROCESSING"}
{"order_customer_id":4643,"order_id":39679,"order_status":"PENDING"}
{"order_customer_id":7414,"order_id":39680,"order_status":"COMPLETE"}
{"order_customer_id":8207,"order_id":39681,"order_status":"COMPLETE"}
{"order_customer_id":8669,"order_id":39682,"order_status":"COMPLETE"}
{"order_customer_id":6055,"order_id":39683,"order_status":"CLOSED"}
{"order_customer_id":1290,"order_id":39684,"order_status":"PENDING"}
{"order_customer_id":5906,"order_id":39685,"order_status":"COMPLETE"}
{"order_customer_id":1749,"order_id":39686,"order_status":"COMPLETE"}
{"order_customer_id":1750,"order_id":39687,"order_status":"PENDING_PAYMENT"}
{"order_customer_id":9400,"order_id":39688,"order_status":"PENDING_PAYMENT"}
{"order_customer_id":6722,"order_id":39689,"order_status":"CLOSED"}
{"order_customer_id":2785,"order_id":39690,"order_status":"COMPLETE"}
{"order_customer_id":8936,"order_id":39691,"order_status":"COMPLETE"}
{"order_customer_id":11033,"order_id":39692,"order_status":"COMPLETE"}
{"order_customer_id":8069,"order_id":39693,"order_status":"PROCESSING"}
{"order_customer_id":3293,"order_id":39694,"order_status":"PROCESSING"}
{"order_customer_id":7495,"order_id":39695,"order_status":"PROCESSING"}
{"order_customer_id":1915,"order_id":39696,"order_status":"PROCESSING"}
{"order_customer_id":11380,"order_id":39697,"order_status":"PENDING"}
{"order_customer_id":9866,"order_id":39698,"order_status":"COMPLETE"}
{"order_customer_id":12291,"order_id":39699,"order_status":"CLOSED"}
{"order_customer_id":9626,"order_id":39700,"order_status":"PENDING"}
{"order_customer_id":872,"order_id":39701,"order_status":"PROCESSING"}
{"order_customer_id":6795,"order_id":39702,"order_status":"PENDING"}
{"order_customer_id":6913,"order_id":39703,"order_status":"PENDING_PAYMENT"}
{"order_customer_id":10372,"order_id":39704,"order_status":"CLOSED"}
{"order_customer_id":7086,"order_id":39705,"order_status":"PENDING"}
{"order_customer_id":468,"order_id":39706,"order_status":"PAYMENT_REVIEW"}
{"order_customer_id":6240,"order_id":39707,"order_status":"PENDING"}
{"order_customer_id":9058,"order_id":39708,"order_status":"PENDING_PAYMENT"}
{"order_customer_id":6775,"order_id":39709,"order_status":"COMPLETE"}
{"order_customer_id":3037,"order_id":39710,"order_status":"COMPLETE"}
{"order_customer_id":10534,"order_id":39711,"order_status":"COMPLETE"}
{"order_customer_id":10860,"order_id":39712,"order_status":"COMPLETE"}
{"order_customer_id":1278,"order_id":39713,"order_status":"CLOSED"}
{"order_customer_id":10359,"order_id":39714,"order_status":"COMPLETE"}
{"order_customer_id":176,"order_id":39715,"order_status":"PENDING"}
{"order_customer_id":5427,"order_id":39716,"order_status":"ON_HOLD"}
{"order_customer_id":6483,"order_id":39717,"order_status":"PENDING"}
{"order_customer_id":10893,"order_id":39718,"order_status":"COMPLETE"}
{"order_customer_id":5307,"order_id":39719,"order_status":"PENDING"}
{"order_customer_id":9997,"order_id":39720,"order_status":"PENDING_PAYMENT"}
{"order_customer_id":5611,"order_id":39721,"order_status":"PENDING"}
{"order_customer_id":11968,"order_id":39722,"order_status":"ON_HOLD"}
{"order_customer_id":8521,"order_id":39723,"order_status":"COMPLETE"}
{"order_customer_id":8356,"order_id":39724,"order_status":"CLOSED"}
{"order_customer_id":6316,"order_id":39725,"order_status":"PENDING_PAYMENT"}
{"order_customer_id":2999,"order_id":39726,"order_status":"PENDING_PAYMENT"}
{"order_customer_id":2353,"order_id":39727,"order_status":"COMPLETE"}
{"order_customer_id":5895,"order_id":39728,"order_status":"PENDING_PAYMENT"}
{"order_customer_id":3250,"order_id":39729,"order_status":"COMPLETE"}
{"order_customer_id":11654,"order_id":39730,"order_status":"PENDING"}
{"order_customer_id":4208,"order_id":39731,"order_status":"PENDING"}
{"order_customer_id":3168,"order_id":39732,"order_status":"CLOSED"}
{"order_customer_id":3888,"order_id":39733,"order_status":"CLOSED"}
{"order_customer_id":5544,"order_id":39734,"order_status":"CLOSED"}
{"order_customer_id":2710,"order_id":39735,"order_status":"COMPLETE"}
{"order_customer_id":11212,"order_id":39736,"order_status":"PENDING"}
{"order_customer_id":2596,"order_id":39737,"order_status":"CLOSED"}
{"order_customer_id":1911,"order_id":39738,"order_status":"PENDING"}
{"order_customer_id":2037,"order_id":39739,"order_status":"PENDING_PAYMENT"}
{"order_customer_id":7531,"order_id":39740,"order_status":"CLOSED"}
{"order_customer_id":2038,"order_id":39741,"order_status":"PENDING"}
{"order_customer_id":958,"order_id":39742,"order_status":"PENDING_PAYMENT"}
{"order_customer_id":3435,"order_id":39743,"order_status":"COMPLETE"}
{"order_customer_id":9887,"order_id":39744,"order_status":"COMPLETE"}
{"order_customer_id":6749,"order_id":39745,"order_status":"PENDING_PAYMENT"}
{"order_customer_id":10029,"order_id":39746,"order_status":"PENDING_PAYMENT"}
{"order_customer_id":3607,"order_id":39747,"order_status":"COMPLETE"}
{"order_customer_id":8108,"order_id":39748,"order_status":"PENDING_PAYMENT"}
{"order_customer_id":505,"order_id":39749,"order_status":"CANCELED"}
{"order_customer_id":5340,"order_id":39750,"order_status":"COMPLETE"}
{"order_customer_id":6380,"order_id":39751,"order_status":"PENDING"}
{"order_customer_id":11730,"order_id":39752,"order_status":"PENDING_PAYMENT"}
{"order_customer_id":3468,"order_id":39753,"order_status":"CLOSED"}
{"order_customer_id":7249,"order_id":39754,"order_status":"COMPLETE"}
{"order_customer_id":11065,"order_id":39755,"order_status":"COMPLETE"}
{"order_customer_id":5640,"order_id":39756,"order_status":"PROCESSING"}
{"order_customer_id":12006,"order_id":39757,"order_status":"PENDING_PAYMENT"}
{"order_customer_id":9552,"order_id":39758,"order_status":"PENDING"}
{"order_customer_id":6755,"order_id":39759,"order_status":"PENDING"}
{"order_customer_id":11932,"order_id":39760,"order_status":"COMPLETE"}
{"order_customer_id":7583,"order_id":39761,"order_status":"PENDING"}
{"order_customer_id":3901,"order_id":39762,"order_status":"PENDING_PAYMENT"}
{"order_customer_id":11170,"order_id":39763,"order_status":"PENDING_PAYMENT"}
{"order_customer_id":3630,"order_id":39764,"order_status":"CLOSED"}
{"order_customer_id":10582,"order_id":39765,"order_status":"PROCESSING"}
{"order_customer_id":9821,"order_id":39766,"order_status":"PENDING"}
{"order_customer_id":4316,"order_id":39767,"order_status":"PROCESSING"}
{"order_customer_id":8145,"order_id":39768,"order_status":"COMPLETE"}
{"order_customer_id":6238,"order_id":39769,"order_status":"CLOSED"}
{"order_customer_id":11941,"order_id":64166,"order_status":"PENDING_PAYMENT"}
{"order_customer_id":11351,"order_id":64167,"order_status":"ON_HOLD"}
{"order_customer_id":10231,"order_id":64168,"order_status":"ON_HOLD"}
{"order_customer_id":11232,"order_id":64169,"order_status":"COMPLETE"}
{"order_customer_id":5881,"order_id":64170,"order_status":"PENDING"}
{"order_customer_id":7216,"order_id":64171,"order_status":"COMPLETE"}
{"order_customer_id":4378,"order_id":64172,"order_status":"PROCESSING"}
{"order_customer_id":12387,"order_id":64173,"order_status":"PENDING_PAYMENT"}
{"order_customer_id":4256,"order_id":64174,"order_status":"PENDING_PAYMENT"}
{"order_customer_id":7131,"order_id":64175,"order_status":"PROCESSING"}
{"order_customer_id":2877,"order_id":64176,"order_status":"COMPLETE"}
{"order_customer_id":1541,"order_id":64177,"order_status":"PENDING_PAYMENT"}
{"order_customer_id":203,"order_id":64178,"order_status":"PROCESSING"}
{"order_customer_id":6542,"order_id":64179,"order_status":"CLOSED"}
{"order_customer_id":8164,"order_id":64180,"order_status":"PAYMENT_REVIEW"}
{"order_customer_id":1899,"order_id":64181,"order_status":"COMPLETE"}
{"order_customer_id":8679,"order_id":64182,"order_status":"COMPLETE"}
{"order_customer_id":2765,"order_id":68281,"order_status":"ON_HOLD"}
{"order_customer_id":11293,"order_id":68282,"order_status":"CLOSED"}
{"order_customer_id":9697,"order_id":68283,"order_status":"PROCESSING"}
{"order_customer_id":6704,"order_id":68817,"order_status":"COMPLETE"}
