{"order_customer_id":4568,"order_id":50664,"order_status":"COMPLETE"}
{"order_customer_id":5903,"order_id":50665,"order_status":"PENDING_PAYMENT"}
{"order_customer_id":11733,"order_id":50666,"order_status":"PENDING_PAYMENT"}
{"order_customer_id":8854,"order_id":50667,"order_status":"COMPLETE"}
{"order_customer_id":6448,"order_id":50668,"order_status":"CLOSED"}
{"order_customer_id":6455,"order_id":50669,"order_status":"COMPLETE"}
{"order_customer_id":6065,"order_id":50670,"order_status":"COMPLETE"}
{"order_customer_id":4953,"order_id":50671,"order_status":"PENDING"}
{"order_customer_id":10463,"order_id":50672,"order_status":"PENDING_PAYMENT"}
{"order_customer_id":8538,"order_id":50673,"order_status":"CLOSED"}
{"order_customer_id":9740,"order_id":50674,"order_status":"CLOSED"}
{"order_customer_id":5956,"order_id":50675,"order_status":"PENDING_PAYMENT"}
{"order_customer_id":7580,"order_id":50676,"order_status":"COMPLETE"}
{"order_customer_id":625,"order_id":50677,"order_status":"PROCESSING"}
{"order_customer_id":3724,"order_id":50678,"order_status":"PROCESSING"}
{"order_customer_id":3147,"order_id":50679,"order_status":"PENDING_PAYMENT"}
{"order_customer_id":5100,"order_id":50680,"order_status":"PROCESSING"}
{"order_customer_id":6858,"order_id":50681,"order_status":"CLOSED"}
{"order_customer_id":8078,"order_id":50682,"order_status":"COMPLETE"}
{"order_customer_id":12083,"order_id":50683,"order_status":"PENDING_PAYMENT"}
{"order_customer_id":3760,"order_id":50684,"order_status":"PROCESSING"}
{"order_customer_id":709,"order_id":50685,"order_status":"PENDING_PAYMENT"}
{"order_customer_id":9717,"order_id":50686,"order_status":"PENDING_PAYMENT"}
{"order_customer_id":11645,"order_id":50687,"order_status":"PENDING_PAYMENT"}
{"order_customer_id":11720,"order_id":50688,"order_status":"PROCESSING"}
{"order_customer_id":10608,"order_id":50689,"order_status":"COMPLETE"}
{"order_customer_id":475,"order_id":50690,"order_status":"ON_HOLD"}
{"order_customer_id":11144,"order_id":50691,"order_status":"PROCESSING"}
{"order_customer_id":10489,"order_id":50692,"order_status":"PENDING_PAYMENT"}
{"order_customer_id":11577,"order_id":50693,"order_status":"PROCESSING"}
{"order_customer_id":2233,"order_id":50694,"order_status":"PENDING_PAYMENT"}
{"order_customer_id":637,"order_id":50695,"order_status":"COMPLETE"}
{"order_customer_id":3636,"order_id":50696,"order_status":"PENDING"}
{"order_customer_id":11337,"order_id":50697,"order_status":"PENDING_PAYMENT"}
{"order_customer_id":3430,"order_id":50698,"order_status":"COMPLETE"}
{"order_customer_id":3521,"order_id":50699,"order_status":"PENDING"}
{"order_customer_id":4282,"order_id":50700,"order_status":"CLOSED"}
{"order_customer_id":11060,"order_id":50701,"order_status":"PENDING"}
{"order_customer_id":11070,"order_id":50702,"order_status":"PENDING_PAYMENT"}
{"order_customer_id":542,"order_id":50703,"order_status":"CLOSED"}
{"order_customer_id":1438,"order_id":50704,"order_status":"COMPLETE"}
{"order_customer_id":8612,"order_id":50705,"order_status":"COMPLETE"}
{"order_customer_id":154,"order_id":50706,"order_status":"CLOSED"}
{"order_customer_id":2608,"order_id":50707,"order_status":"PROCESSING"}
{"order_customer_id":9369,"order_id":50708,"order_status":"PENDING_PAYMENT"}
{"order_customer_id":7014,"order_id":50709,"order_status":"PENDING"}
{"order_customer_id":8455,"order_id":50710,"order_status":"PENDING_PAYMENT"}
{"order_customer_id":7250,"order_id":50711,"order_status":"CLOSED"}
{"order_customer_id":7417,"order_id":50712,"order_status":"CLOSED"}
{"order_customer_id":2577,"order_id":50713,"order_status":"CANCELED"}
{"order_customer_id":7600,"order_id":50714,"order_status":"PENDING_PAYMENT"}
{"order_customer_id":59,"order_id":50715,"order_status":"PENDING_PAYMENT"}
{"order_customer_id":9669,"order_id":50716,"order_status":"COMPLETE"}
{"order_customer_id":7748,"order_id":50717,"order_status":"PENDING"}
{"order_customer_id":1697,"order_id":50718,"order_status":"PENDING"}
{"order_customer_id":12359,"order_id":50719,"order_status":"PENDING_PAYMENT"}
{"order_customer_id":8556,"order_id":50720,"order_status":"PENDING"}
{"order_customer_id":792,"order_id":50721,"order_status":"CLOSED"}
{"order_customer_id":8941,"order_id":50722,"order_status":"PENDING_PAYMENT"}
{"order_customer_id":8174,"order_id":50723,"order_status":"PROCESSING"}
{"order_customer_id":11441,"order_id":50724,"order_status":"SUSPECTED_FRAUD"}
{"order_customer_id":1713,"order_id":50725,"order_status":"COMPLETE"}
{"order_customer_id":5465,"order_id":50726,"order_status":"PENDING_PAYMENT"}
{"order_customer_id":10349,"order_id":50727,"order_status":"COMPLETE"}
{"order_customer_id":10918,"order_id":50728,"order_status":"CLOSED"}
{"order_customer_id":586,"order_id":50729,"order_status":"PENDING_PAYMENT"}
{"order_customer_id":6002,"order_id":50730,"order_status":"SUSPECTED_FRAUD"}
{"order_customer_id":4398,"order_id":50731,"order_status":"PROCESSING"}
{"order_customer_id":9177,"order_id":50732,"order_status":"PENDING_PAYMENT"}
{"order_customer_id":5285,"order_id":50733,"order_status":"PENDING"}
{"order_customer_id":11128,"order_id":50734,"order_status":"PROCESSING"}
{"order_customer_id":10174,"order_id":50735,"order_status":"PROCESSING"}
{"order_customer_id":6514,"order_id":50736,"order_status":"COMPLETE"}
{"order_customer_id":9835,"order_id":50737,"order_status":"PENDING"}
{"order_customer_id":9287,"order_id":50738,"order_status":"COMPLETE"}
{"order_customer_id":1212,"order_id":50739,"order_status":"COMPLETE"}
{"order_customer_id":4709,"order_id":50740,"order_status":"SUSPECTED_FRAUD"}
{"order_customer_id":3706,"order_id":50741,"order_status":"ON_HOLD"}
{"order_customer_id":7272,"order_id":50742,"order_status":"PENDING"}
{"order_customer_id":5739,"order_id":50743,"order_status":"PENDING_PAYMENT"}
{"order_customer_id":1059,"order_id":50744,"order_status":"PENDING_PAYMENT"}
{"order_customer_id":1495,"order_id":50745,"order_status":"PENDING"}
{"order_customer_id":6169,"order_id":50746,"order_status":"PENDING_PAYMENT"}
{"order_customer_id":9591,"order_id":50747,"order_status":"CLOSED"}
{"order_customer_id":5163,"order_id":50748,"order_status":"PENDING"}
{"order_customer_id":10559,"order_id":50749,"order_status":"PENDING_PAYMENT"}
{"order_customer_id":11717,"order_id":50750,"order_status":"PENDING"}
{"order_customer_id":8703,"order_id":50751,"order_status":"COMPLETE"}
{"order_customer_id":12147,"order_id":50752,"order_status":"COMPLETE"}
{"order_customer_id":8090,"order_id":50753,"order_status":"PENDING_PAYMENT"}
{"order_customer_id":5170,"order_id":50754,"order_status":"COMPLETE"}
{"order_customer_id":761,"order_id":50755,"order_status":"ON_HOLD"}
{"order_customer_id":10777,"order_id":50756,"order_status":"COMPLETE"}
{"order_customer_id":2949,"order_id":50757,"order_status":"COMPLETE"}
{"order_customer_id":11772,"order_id":50758,"order_status":"PENDING"}
{"order_customer_id":7030,"order_id":50759,"order_status":"COMPLETE"}
{"order_customer_id":10232,"order_id":50760,"order_status":"CLOSED"}
{"order_customer_id":2738,"order_id":50761,"order_status":"PROCESSING"}
{"order_customer_id":4700,"order_id":50762,"order_status":"COMPLETE"}
{"order_customer_id":3549,"order_id":50763,"order_status":"CLOSED"}
{"order_customer_id":6330,"order_id":50764,"order_status":"PROCESSING"}
{"order_customer_id":954,"order_id":50765,"order_status":"PENDING_PAYMENT"}
{"order_customer_id":8807,"order_id":50766,"order_status":"PROCESSING"}
{"order_customer_id":7455,"order_id":50767,"order_status":"ON_HOLD"}
{"order_customer_id":6649,"order_id":50768,"order_status":"PENDING"}
{"order_customer_id":4959,"order_id":50769,"order_status":"PENDING_PAYMENT"}
{"order_customer_id":315,"order_id":50770,"order_status":"COMPLETE"}
{"order_customer_id":11205,"order_id":50771,"order_status":"PENDING_PAYMENT"}
{"order_customer_id":5109,"order_id":50772,"order_status":"COMPLETE"}
{"order_customer_id":4669,"order_id":50773,"order_status":"COMPLETE"}
{"order_customer_id":1032,"order_id":50774,"order_status":"PROCESSING"}
{"order_customer_id":5535,"order_id":50775,"order_status":"PENDING"}
{"order_customer_id":9820,"order_id":50776,"order_status":"PAYMENT_REVIEW"}
{"order_customer_id":569,"order_id":50777,"order_status":"COMPLETE"}
{"order_customer_id":9659,"order_id":50778,"order_status":"PROCESSING"}
{"order_customer_id":9886,"order_id":50779,"order_status":"PENDING"}
{"order_customer_id":11801,"order_id":50780,"order_status":"PROCESSING"}
{"order_customer_id":6747,"order_id":50781,"order_status":"PENDING_PAYMENT"}
{"order_customer_id":4198,"order_id":50782,"order_status":"CLOSED"}
{"order_customer_id":11021,"order_id":50783,"order_status":"SUSPECTED_FRAUD"}
{"order_customer_id":7025,"order_id":50784,"order_status":"COMPLETE"}
{"order_customer_id":12187,"order_id":50785,"order_status":"PENDING_PAYMENT"}
{"order_customer_id":11597,"order_id":50786,"order_status":"PENDING_PAYMENT"}
{"order_customer_id":10428,"order_id":50787,"order_status":"PENDING_PAYMENT"}
{"order_customer_id":11429,"order_id":50788,"order_status":"PENDING"}
{"order_customer_id":6078,"order_id":50789,"order_status":"COMPLETE"}
{"order_customer_id":7449,"order_id":50790,"order_status":"PROCESSING"}
{"order_customer_id":4611,"order_id":50791,"order_status":"COMPLETE"}
{"order_customer_id":1123,"order_id":50792,"order_status":"PENDING"}
{"order_customer_id":257,"order_id":50793,"order_status":"COMPLETE"}
{"order_customer_id":7436,"order_id":50794,"order_status":"COMPLETE"}
{"order_customer_id":3182,"order_id":50795,"order_status":"ON_HOLD"}
{"order_customer_id":1846,"order_id":50796,"order_status":"PENDING"}
{"order_customer_id":508,"order_id":50797,"order_status":"COMPLETE"}
{"order_customer_id":6798,"order_id":50798,"order_status":"COMPLETE"}
{"order_customer_id":8420,"order_id":50799,"order_status":"PROCESSING"}
{"order_customer_id":2191,"order_id":50800,"order_status":"COMPLETE"}
{"order_customer_id":8971,"order_id":50801,"order_status":"PROCESSING"}
{"order_customer_id":11933,"order_id":50802,"order_status":"COMPLETE"}
{"order_customer_id":1923,"order_id":50803,"order_status":"SUSPECTED_FRAUD"}
{"order_customer_id":256,"order_id":50804,"order_status":"PROCESSING"}
{"order_customer_id":11097,"order_id":50805,"order_status":"PENDING_PAYMENT"}
{"order_customer_id":11711,"order_id":50806,"order_status":"COMPLETE"}
{"order_customer_id":2369,"order_id":50807,"order_status":"ON_HOLD"}
{"order_customer_id":7520,"order_id":50808,"order_status":"COMPLETE"}
{"order_customer_id":3944,"order_id":50809,"order_status":"PENDING_PAYMENT"}
{"order_customer_id":9936,"order_id":50810,"order_status":"ON_HOLD"}
{"order_customer_id":8637,"order_id":50811,"order_status":"COMPLETE"}
{"order_customer_id":2205,"order_id":50812,"order_status":"CLOSED"}
{"order_customer_id":7832,"order_id":50813,"order_status":"COMPLETE"}
{"order_customer_id":12238,"order_id":50814,"order_status":"ON_HOLD"}
{"order_customer_id":10449,"order_id":50815,"order_status":"COMPLETE"}
{"order_customer_id":6627,"order_id":50816,"order_status":"COMPLETE"}
{"order_customer_id":5966,"order_id":50817,"order_status":"COMPLETE"}
{"order_customer_id":4135,"order_id":50818,"order_status":"PROCESSING"}
{"order_customer_id":1235,"order_id":50819,"order_status":"COMPLETE"}
{"order_customer_id":5038,"order_id":50820,"order_status":"COMPLETE"}
{"order_customer_id":8835,"order_id":50821,"order_status":"COMPLETE"}
{"order_customer_id":3264,"order_id":50822,"order_status":"PROCESSING"}
{"order_customer_id":698,"order_id":50823,"order_status":"COMPLETE"}
{"order_customer_id":6830,"order_id":50824,"order_status":"COMPLETE"}
{"order_customer_id":3972,"order_id":50825,"order_status":"PENDING_PAYMENT"}
{"order_customer_id":8361,"order_id":50826,"order_status":"COMPLETE"}
{"order_customer_id":6658,"order_id":50827,"order_status":"PENDING"}
{"order_customer_id":11005,"order_id":50828,"order_status":"PROCESSING"}
{"order_customer_id":9561,"order_id":50829,"order_status":"PENDING_PAYMENT"}
{"order_customer_id":9605,"order_id":50830,"order_status":"COMPLETE"}
{"order_customer_id":6198,"order_id":50831,"order_status":"PENDING_PAYMENT"}
{"order_customer_id":11228,"order_id":50832,"order_status":"COMPLETE"}
{"order_customer_id":5292,"order_id":50833,"order_status":"PENDING_PAYMENT"}
{"order_customer_id":8519,"order_id":50834,"order_status":"PENDING_PAYMENT"}
{"order_customer_id":4742,"order_id":50835,"order_status":"PROCESSING"}
{"order_customer_id":6735,"order_id":50836,"order_status":"PROCESSING"}
{"order_customer_id":10864,"order_id":50837,"order_status":"PROCESSING"}
{"order_customer_id":3495,"order_id":50838,"order_status":"PENDING_PAYMENT"}
{"order_customer_id":11864,"order_id":50839,"order_status":"COMPLETE"}
{"order_customer_id":274,"order_id":50840,"order_status":"CLOSED"}
{"order_customer_id":4863,"order_id":50841,"order_status":"PROCESSING"}
{"order_customer_id":6234,"order_id":50842,"order_status":"PENDING_PAYMENT"}
{"order_customer_id":1014,"order_id":50843,"order_status":"PENDING_PAYMENT"}
{"order_customer_id":3659,"order_id":50844,"order_status":"PENDING"}
{"order_customer_id":10109,"order_id":50845,"order_status":"PENDING_PAYMENT"}
{"order_customer_id":10791,"order_id":50846,"order_status":"CLOSED"}
{"order_customer_id":9589,"order_id":50847,"order_status":"PENDING"}
{"order_customer_id":11653,"order_id":50848,"order_status":"ON_HOLD"}
{"order_customer_id":3673,"order_id":50849,"order_status":"CANCELED"}
{"order_customer_id":1990,"order_id":50850,"order_status":"COMPLETE"}
{"order_customer_id":6162,"order_id":50851,"order_status":"COMPLETE"}
{"order_customer_id":5774,"order_id":50852,"order_status":"SUSPECTED_FRAUD"}
{"order_customer_id":6931,"order_id":50853,"order_status":"COMPLETE"}
{"order_customer_id":10635,"order_id":50854,"order_status":"SUSPECTED_FRAUD"}
{"order_customer_id":12013,"order_id":50855,"order_status":"PENDING"}
{"order_customer_id":4483,"order_id":50856,"order_status":"PENDING"}
{"order_customer_id":7308,"order_id":50857,"order_status":"PENDING_PAYMENT"}
{"order_customer_id":5511,"order_id":50858,"order_status":"CLOSED"}
{"order_customer_id":6520,"order_id":50859,"order_status":"PENDING"}
{"order_customer_id":6430,"order_id":50860,"order_status":"COMPLETE"}
{"order_customer_id":3507,"order_id":50861,"order_status":"COMPLETE"}
{"order_customer_id":11289,"order_id":50862,"order_status":"PENDING_PAYMENT"}
{"order_customer_id":12285,"order_id":50863,"order_status":"PENDING"}
{"order_customer_id":2529,"order_id":50864,"order_status":"PROCESSING"}
{"order_customer_id":10196,"order_id":66106,"order_status":"COMPLETE"}
{"order_customer_id":5897,"order_id":66107,"order_status":"PENDING_PAYMENT"}
{"order_customer_id":4371,"order_id":66108,"order_status":"PENDING_PAYMENT"}
{"order_customer_id":4563,"order_id":66109,"order_status":"PROCESSING"}
{"order_customer_id":11990,"order_id":66110,"order_status":"COMPLETE"}
{"order_customer_id":7170,"order_id":66111,"order_status":"COMPLETE"}
{"order_customer_id":11899,"order_id":66112,"order_status":"ON_HOLD"}
{"order_customer_id":5592,"order_id":66113,"order_status":"PENDING"}
{"order_customer_id":3749,"order_id":66114,"order_status":"PENDING_PAYMENT"}
{"order_customer_id":5618,"order_id":66115,"order_status":"COMPLETE"}
{"order_customer_id":6493,"order_id":66116,"order_status":"COMPLETE"}
{"order_customer_id":3243,"order_id":66117,"order_status":"COMPLETE"}
{"order_customer_id":10683,"order_id":66118,"order_status":"COMPLETE"}
{"order_customer_id":2478,"order_id":66119,"order_status":"COMPLETE"}
{"order_customer_id":5310,"order_id":66120,"order_status":"PROCESSING"}
{"order_customer_id":2762,"order_id":66121,"order_status":"PENDING"}
{"order_customer_id":1239,"order_id":66122,"order_status":"PROCESSING"}
{"order_customer_id":4242,"order_id":66123,"order_status":"COMPLETE"}
{"order_customer_id":187,"order_id":66124,"order_status":"PENDING"}
{"order_customer_id":11495,"order_id":66125,"order_status":"PENDING_PAYMENT"}
{"order_customer_id":5168,"order_id":68534,"order_status":"SUSPECTED_FRAUD"}
{"order_customer_id":8652,"order_id":68535,"order_status":"COMPLETE"}
{"order_customer_id":1231,"order_id":68536,"order_status":"COMPLETE"}
{"order_customer_id":2596,"order_id":68537,"order_status":"PENDING"}
