{"order_customer_id":8685,"order_id":39062,"order_status":"PROCESSING"}
{"order_customer_id":5836,"order_id":39063,"order_status":"COMPLETE"}
{"order_customer_id":5821,"order_id":39064,"order_status":"COMPLETE"}
{"order_customer_id":6435,"order_id":39065,"order_status":"PENDING"}
{"order_customer_id":11252,"order_id":39066,"order_status":"CLOSED"}
{"order_customer_id":5497,"order_id":39067,"order_status":"PENDING"}
{"order_customer_id":101,"order_id":39068,"order_status":"PENDING"}
{"order_customer_id":12396,"order_id":39069,"order_status":"SUSPECTED_FRAUD"}
{"order_customer_id":1460,"order_id":39070,"order_status":"COMPLETE"}
{"order_customer_id":11619,"order_id":39071,"order_status":"PENDING_PAYMENT"}
{"order_customer_id":9103,"order_id":39072,"order_status":"COMPLETE"}
{"order_customer_id":9978,"order_id":39073,"order_status":"COMPLETE"}
{"order_customer_id":5648,"order_id":39074,"order_status":"PENDING_PAYMENT"}
{"order_customer_id":3651,"order_id":39075,"order_status":"COMPLETE"}
{"order_customer_id":5001,"order_id":39076,"order_status":"COMPLETE"}
{"order_customer_id":2863,"order_id":39077,"order_status":"COMPLETE"}
{"order_customer_id":7259,"order_id":39078,"order_status":"PAYMENT_REVIEW"}
{"order_customer_id":10456,"order_id":39079,"order_status":"PAYMENT_REVIEW"}
{"order_customer_id":9965,"order_id":39080,"order_status":"PENDING_PAYMENT"}
{"order_customer_id":9368,"order_id":39081,"order_status":"PROCESSING"}
{"order_customer_id":1974,"order_id":39082,"order_status":"PENDING_PAYMENT"}
{"order_customer_id":1116,"order_id":39083,"order_status":"COMPLETE"}
{"order_customer_id":5008,"order_id":39084,"order_status":"PENDING_PAYMENT"}
{"order_customer_id":8479,"order_id":39085,"order_status":"CLOSED"}
{"order_customer_id":1408,"order_id":39086,"order_status":"COMPLETE"}
{"order_customer_id":4063,"order_id":39087,"order_status":"PENDING"}
{"order_customer_id":3665,"order_id":39088,"order_status":"COMPLETE"}
{"order_customer_id":1524,"order_id":39089,"order_status":"PENDING"}
{"order_customer_id":8309,"order_id":39090,"order_status":"ON_HOLD"}
{"order_customer_id":2119,"order_id":39091,"order_status":"PROCESSING"}
{"order_customer_id":8003,"order_id":39092,"order_status":"COMPLETE"}
{"order_customer_id":222,"order_id":39093,"order_status":"CLOSED"}
{"order_customer_id":11315,"order_id":39094,"order_status":"COMPLETE"}
{"order_customer_id":6229,"order_id":39095,"order_status":"COMPLETE"}
{"order_customer_id":3572,"order_id":39096,"order_status":"COMPLETE"}
{"order_customer_id":3704,"order_id":39097,"order_status":"PENDING_PAYMENT"}
{"order_customer_id":2511,"order_id":39098,"order_status":"PROCESSING"}
{"order_customer_id":10752,"order_id":39099,"order_status":"CLOSED"}
{"order_customer_id":12373,"order_id":39100,"order_status":"PENDING"}
{"order_customer_id":6336,"order_id":39101,"order_status":"COMPLETE"}
{"order_customer_id":2387,"order_id":39102,"order_status":"COMPLETE"}
{"order_customer_id":7590,"order_id":39103,"order_status":"SUSPECTED_FRAUD"}
{"order_customer_id":11804,"order_id":39104,"order_status":"SUSPECTED_FRAUD"}
{"order_customer_id":12321,"order_id":39105,"order_status":"CLOSED"}
{"order_customer_id":12253,"order_id":39106,"order_status":"COMPLETE"}
{"order_customer_id":5527,"order_id":39107,"order_status":"PENDING_PAYMENT"}
{"order_customer_id":590,"order_id":39108,"order_status":"PENDING_PAYMENT"}
{"order_customer_id":3355,"order_id":39109,"order_status":"CLOSED"}
{"order_customer_id":11770,"order_id":39110,"order_status":"PENDING_PAYMENT"}
{"order_customer_id":10685,"order_id":39111,"order_status":"COMPLETE"}
{"order_customer_id":7933,"order_id":39112,"order_status":"PROCESSING"}
{"order_customer_id":1494,"order_id":39113,"order_status":"COMPLETE"}
{"order_customer_id":960,"order_id":39114,"order_status":"COMPLETE"}
{"order_customer_id":9563,"order_id":39115,"order_status":"COMPLETE"}
{"order_customer_id":1863,"order_id":39116,"order_status":"PENDING"}
{"order_customer_id":5442,"order_id":39117,"order_status":"PENDING_PAYMENT"}
{"order_customer_id":5353,"order_id":39118,"order_status":"CLOSED"}
{"order_customer_id":7816,"order_id":39119,"order_status":"COMPLETE"}
{"order_customer_id":3402,"order_id":39120,"order_status":"PENDING"}
{"order_customer_id":4636,"order_id":39121,"order_status":"COMPLETE"}
{"order_customer_id":474,"order_id":39122,"order_status":"COMPLETE"}
{"order_customer_id":3988,"order_id":39123,"order_status":"COMPLETE"}
{"order_customer_id":12253,"order_id":39124,"order_status":"PENDING"}
{"order_customer_id":1105,"order_id":39125,"order_status":"PROCESSING"}
{"order_customer_id":2013,"order_id":39126,"order_status":"COMPLETE"}
{"order_customer_id":2185,"order_id":39127,"order_status":"COMPLETE"}
{"order_customer_id":10821,"order_id":39128,"order_status":"PENDING"}
{"order_customer_id":399,"order_id":39129,"order_status":"PENDING_PAYMENT"}
{"order_customer_id":2781,"order_id":39130,"order_status":"PROCESSING"}
{"order_customer_id":12420,"order_id":39131,"order_status":"COMPLETE"}
{"order_customer_id":3042,"order_id":39132,"order_status":"COMPLETE"}
{"order_customer_id":3812,"order_id":39133,"order_status":"COMPLETE"}
{"order_customer_id":6717,"order_id":39134,"order_status":"PENDING_PAYMENT"}
{"order_customer_id":1732,"order_id":39135,"order_status":"COMPLETE"}
{"order_customer_id":7763,"order_id":39136,"order_status":"PENDING"}
{"order_customer_id":679,"order_id":39137,"order_status":"COMPLETE"}
{"order_customer_id":8920,"order_id":39138,"order_status":"CLOSED"}
{"order_customer_id":804,"order_id":39139,"order_status":"CLOSED"}
{"order_customer_id":11115,"order_id":39140,"order_status":"SUSPECTED_FRAUD"}
{"order_customer_id":5902,"order_id":39141,"order_status":"PENDING"}
{"order_customer_id":5895,"order_id":39142,"order_status":"CLOSED"}
{"order_customer_id":9938,"order_id":39143,"order_status":"PENDING_PAYMENT"}
{"order_customer_id":3568,"order_id":39144,"order_status":"CANCELED"}
{"order_customer_id":2285,"order_id":39145,"order_status":"COMPLETE"}
{"order_customer_id":552,"order_id":39146,"order_status":"ON_HOLD"}
{"order_customer_id":3569,"order_id":39147,"order_status":"SUSPECTED_FRAUD"}
{"order_customer_id":3044,"order_id":39148,"order_status":"CANCELED"}
{"order_customer_id":12273,"order_id":39149,"order_status":"COMPLETE"}
{"order_customer_id":640,"order_id":39150,"order_status":"COMPLETE"}
{"order_customer_id":10058,"order_id":39151,"order_status":"CANCELED"}
{"order_customer_id":6716,"order_id":39152,"order_status":"PENDING_PAYMENT"}
{"order_customer_id":5134,"order_id":39153,"order_status":"CANCELED"}
{"order_customer_id":6583,"order_id":39154,"order_status":"COMPLETE"}
{"order_customer_id":12131,"order_id":39155,"order_status":"COMPLETE"}
{"order_customer_id":11463,"order_id":39156,"order_status":"COMPLETE"}
{"order_customer_id":4124,"order_id":39157,"order_status":"CANCELED"}
{"order_customer_id":11008,"order_id":39158,"order_status":"SUSPECTED_FRAUD"}
{"order_customer_id":11292,"order_id":39159,"order_status":"PAYMENT_REVIEW"}
{"order_customer_id":11053,"order_id":39160,"order_status":"SUSPECTED_FRAUD"}
{"order_customer_id":3589,"order_id":39161,"order_status":"COMPLETE"}
{"order_customer_id":12279,"order_id":39162,"order_status":"PENDING"}
{"order_customer_id":9497,"order_id":39163,"order_status":"ON_HOLD"}
{"order_customer_id":10770,"order_id":39164,"order_status":"CLOSED"}
{"order_customer_id":10655,"order_id":39165,"order_status":"COMPLETE"}
{"order_customer_id":1958,"order_id":39166,"order_status":"PROCESSING"}
{"order_customer_id":990,"order_id":39167,"order_status":"COMPLETE"}
{"order_customer_id":11602,"order_id":39168,"order_status":"CLOSED"}
{"order_customer_id":10237,"order_id":39169,"order_status":"COMPLETE"}
{"order_customer_id":8652,"order_id":39170,"order_status":"COMPLETE"}
{"order_customer_id":231,"order_id":39171,"order_status":"COMPLETE"}
{"order_customer_id":9417,"order_id":39172,"order_status":"COMPLETE"}
{"order_customer_id":2485,"order_id":39173,"order_status":"PROCESSING"}
{"order_customer_id":7656,"order_id":39174,"order_status":"COMPLETE"}
{"order_customer_id":10601,"order_id":39175,"order_status":"COMPLETE"}
{"order_customer_id":9764,"order_id":39176,"order_status":"COMPLETE"}
{"order_customer_id":9147,"order_id":39177,"order_status":"COMPLETE"}
{"order_customer_id":272,"order_id":39178,"order_status":"COMPLETE"}
{"order_customer_id":12050,"order_id":39179,"order_status":"PENDING_PAYMENT"}
{"order_customer_id":11984,"order_id":39180,"order_status":"COMPLETE"}
{"order_customer_id":6664,"order_id":39181,"order_status":"PROCESSING"}
{"order_customer_id":4603,"order_id":39182,"order_status":"COMPLETE"}
{"order_customer_id":8883,"order_id":39183,"order_status":"COMPLETE"}
{"order_customer_id":10741,"order_id":39184,"order_status":"COMPLETE"}
{"order_customer_id":6949,"order_id":39185,"order_status":"PENDING_PAYMENT"}
{"order_customer_id":8271,"order_id":39186,"order_status":"PROCESSING"}
{"order_customer_id":2872,"order_id":39187,"order_status":"COMPLETE"}
{"order_customer_id":4889,"order_id":39188,"order_status":"COMPLETE"}
{"order_customer_id":12237,"order_id":39189,"order_status":"COMPLETE"}
{"order_customer_id":7031,"order_id":39190,"order_status":"COMPLETE"}
{"order_customer_id":6499,"order_id":39191,"order_status":"PENDING_PAYMENT"}
{"order_customer_id":8661,"order_id":39192,"order_status":"PENDING_PAYMENT"}
{"order_customer_id":9817,"order_id":39193,"order_status":"COMPLETE"}
{"order_customer_id":12370,"order_id":39194,"order_status":"PENDING_PAYMENT"}
{"order_customer_id":6748,"order_id":39195,"order_status":"PROCESSING"}
{"order_customer_id":12098,"order_id":39196,"order_status":"COMPLETE"}
{"order_customer_id":4523,"order_id":39197,"order_status":"COMPLETE"}
{"order_customer_id":4376,"order_id":39198,"order_status":"COMPLETE"}
{"order_customer_id":8737,"order_id":39199,"order_status":"COMPLETE"}
{"order_customer_id":3528,"order_id":39200,"order_status":"COMPLETE"}
{"order_customer_id":6739,"order_id":39201,"order_status":"ON_HOLD"}
{"order_customer_id":9747,"order_id":39202,"order_status":"CANCELED"}
{"order_customer_id":7291,"order_id":39203,"order_status":"COMPLETE"}
{"order_customer_id":1419,"order_id":39204,"order_status":"COMPLETE"}
{"order_customer_id":7247,"order_id":39205,"order_status":"PENDING"}
{"order_customer_id":5941,"order_id":39206,"order_status":"PROCESSING"}
{"order_customer_id":488,"order_id":39207,"order_status":"SUSPECTED_FRAUD"}
{"order_customer_id":14,"order_id":39208,"order_status":"ON_HOLD"}
{"order_customer_id":11812,"order_id":39209,"order_status":"PENDING_PAYMENT"}
{"order_customer_id":1905,"order_id":39210,"order_status":"ON_HOLD"}
{"order_customer_id":1128,"order_id":39211,"order_status":"COMPLETE"}
{"order_customer_id":11843,"order_id":39212,"order_status":"CLOSED"}
{"order_customer_id":6156,"order_id":39213,"order_status":"COMPLETE"}
{"order_customer_id":6482,"order_id":39214,"order_status":"ON_HOLD"}
{"order_customer_id":1144,"order_id":39215,"order_status":"PENDING"}
{"order_customer_id":8581,"order_id":39216,"order_status":"PENDING_PAYMENT"}
{"order_customer_id":3086,"order_id":39217,"order_status":"COMPLETE"}
{"order_customer_id":1658,"order_id":39218,"order_status":"PROCESSING"}
{"order_customer_id":7408,"order_id":39219,"order_status":"COMPLETE"}
{"order_customer_id":4229,"order_id":39220,"order_status":"COMPLETE"}
{"order_customer_id":11809,"order_id":39221,"order_status":"PENDING_PAYMENT"}
{"order_customer_id":4945,"order_id":39222,"order_status":"PROCESSING"}
{"order_customer_id":1815,"order_id":39223,"order_status":"CLOSED"}
{"order_customer_id":3598,"order_id":39224,"order_status":"PROCESSING"}
{"order_customer_id":6304,"order_id":39225,"order_status":"PROCESSING"}
{"order_customer_id":5414,"order_id":39226,"order_status":"COMPLETE"}
{"order_customer_id":3493,"order_id":39227,"order_status":"PROCESSING"}
{"order_customer_id":9760,"order_id":39228,"order_status":"PENDING_PAYMENT"}
{"order_customer_id":1072,"order_id":39229,"order_status":"PENDING_PAYMENT"}
{"order_customer_id":4116,"order_id":39230,"order_status":"PROCESSING"}
{"order_customer_id":6023,"order_id":39231,"order_status":"COMPLETE"}
{"order_customer_id":3941,"order_id":39232,"order_status":"COMPLETE"}
{"order_customer_id":12052,"order_id":39233,"order_status":"COMPLETE"}
{"order_customer_id":2818,"order_id":64060,"order_status":"COMPLETE"}
{"order_customer_id":4735,"order_id":64061,"order_status":"PROCESSING"}
{"order_customer_id":6493,"order_id":64062,"order_status":"ON_HOLD"}
{"order_customer_id":7713,"order_id":64063,"order_status":"PROCESSING"}
{"order_customer_id":11767,"order_id":64064,"order_status":"PENDING_PAYMENT"}
{"order_customer_id":3444,"order_id":64065,"order_status":"PROCESSING"}
{"order_customer_id":442,"order_id":64066,"order_status":"COMPLETE"}
{"order_customer_id":9414,"order_id":64067,"order_status":"COMPLETE"}
{"order_customer_id":11342,"order_id":64068,"order_status":"COMPLETE"}
{"order_customer_id":11417,"order_id":64069,"order_status":"PENDING_PAYMENT"}
{"order_customer_id":10305,"order_id":64070,"order_status":"PENDING"}
{"order_customer_id":185,"order_id":64071,"order_status":"PAYMENT_REVIEW"}
{"order_customer_id":10854,"order_id":64072,"order_status":"CLOSED"}
{"order_customer_id":10163,"order_id":64073,"order_status":"PENDING_PAYMENT"}
{"order_customer_id":11251,"order_id":64074,"order_status":"ON_HOLD"}
{"order_customer_id":1871,"order_id":64075,"order_status":"COMPLETE"}
{"order_customer_id":275,"order_id":64076,"order_status":"COMPLETE"}
{"order_customer_id":3238,"order_id":64077,"order_status":"PENDING"}
{"order_customer_id":10939,"order_id":64078,"order_status":"PENDING_PAYMENT"}
{"order_customer_id":3032,"order_id":64079,"order_status":"CANCELED"}
{"order_customer_id":3123,"order_id":64080,"order_status":"PENDING_PAYMENT"}
{"order_customer_id":3884,"order_id":64081,"order_status":"PROCESSING"}
{"order_customer_id":10626,"order_id":64082,"order_status":"COMPLETE"}
{"order_customer_id":10600,"order_id":64083,"order_status":"COMPLETE"}
{"order_customer_id":72,"order_id":64084,"order_status":"PENDING_PAYMENT"}
{"order_customer_id":896,"order_id":64085,"order_status":"PENDING_PAYMENT"}
{"order_customer_id":8119,"order_id":64086,"order_status":"PROCESSING"}
{"order_customer_id":5198,"order_id":64087,"order_status":"PENDING"}
{"order_customer_id":2079,"order_id":64088,"order_status":"PROCESSING"}
{"order_customer_id":8840,"order_id":64089,"order_status":"PROCESSING"}
{"order_customer_id":6485,"order_id":64090,"order_status":"PENDING_PAYMENT"}
{"order_customer_id":7926,"order_id":64091,"order_status":"ON_HOLD"}
{"order_customer_id":6685,"order_id":64092,"order_status":"COMPLETE"}
{"order_customer_id":6865,"order_id":64093,"order_status":"COMPLETE"}
{"order_customer_id":9596,"order_id":68263,"order_status":"COMPLETE"}
{"order_customer_id":2182,"order_id":68264,"order_status":"PAYMENT_REVIEW"}
{"order_customer_id":3770,"order_id":68265,"order_status":"PENDING_PAYMENT"}
{"order_customer_id":2336,"order_id":68266,"order_status":"PENDING_PAYMENT"}
{"order_customer_id":11408,"order_id":68814,"order_status":"PENDING"}
