{"order_customer_id":10391,"order_id":26387,"order_status":"PROCESSING"}
{"order_customer_id":4886,"order_id":26388,"order_status":"PENDING_PAYMENT"}
{"order_customer_id":257,"order_id":26389,"order_status":"ON_HOLD"}
{"order_customer_id":6857,"order_id":26390,"order_status":"PENDING_PAYMENT"}
{"order_customer_id":2005,"order_id":26391,"order_status":"PENDING_PAYMENT"}
{"order_customer_id":8434,"order_id":26392,"order_status":"CLOSED"}
{"order_customer_id":1698,"order_id":26393,"order_status":"PENDING_PAYMENT"}
{"order_customer_id":10798,"order_id":26394,"order_status":"COMPLETE"}
{"order_customer_id":1537,"order_id":26395,"order_status":"PENDING_PAYMENT"}
{"order_customer_id":1850,"order_id":26396,"order_status":"COMPLETE"}
{"order_customer_id":483,"order_id":26397,"order_status":"COMPLETE"}
{"order_customer_id":3623,"order_id":26398,"order_status":"PENDING_PAYMENT"}
{"order_customer_id":6193,"order_id":26399,"order_status":"PENDING"}
{"order_customer_id":195,"order_id":26400,"order_status":"CLOSED"}
{"order_customer_id":1820,"order_id":26401,"order_status":"PENDING_PAYMENT"}
{"order_customer_id":3230,"order_id":26402,"order_status":"PROCESSING"}
{"order_customer_id":4580,"order_id":26403,"order_status":"PENDING_PAYMENT"}
{"order_customer_id":3593,"order_id":26404,"order_status":"PENDING_PAYMENT"}
{"order_customer_id":4795,"order_id":26405,"order_status":"CLOSED"}
{"order_customer_id":7764,"order_id":26406,"order_status":"COMPLETE"}
{"order_customer_id":5860,"order_id":26407,"order_status":"PENDING_PAYMENT"}
{"order_customer_id":1023,"order_id":26408,"order_status":"PROCESSING"}
{"order_customer_id":6850,"order_id":26409,"order_status":"PENDING_PAYMENT"}
{"order_customer_id":10046,"order_id":26410,"order_status":"PENDING"}
{"order_customer_id":4094,"order_id":26411,"order_status":"CLOSED"}
{"order_customer_id":8326,"order_id":26412,"order_status":"CLOSED"}
{"order_customer_id":5353,"order_id":26413,"order_status":"PROCESSING"}
{"order_customer_id":1020,"order_id":26414,"order_status":"PENDING"}
{"order_customer_id":10308,"order_id":26415,"order_status":"COMPLETE"}
{"order_customer_id":4019,"order_id":26416,"order_status":"PENDING_PAYMENT"}
{"order_customer_id":4573,"order_id":26417,"order_status":"CLOSED"}
{"order_customer_id":9064,"order_id":26418,"order_status":"PENDING"}
{"order_customer_id":875,"order_id":26419,"order_status":"COMPLETE"}
{"order_customer_id":11380,"order_id":26420,"order_status":"CLOSED"}
{"order_customer_id":3331,"order_id":26421,"order_status":"PENDING_PAYMENT"}
{"order_customer_id":9964,"order_id":26422,"order_status":"PROCESSING"}
{"order_customer_id":10382,"order_id":26423,"order_status":"PENDING_PAYMENT"}
{"order_customer_id":8093,"order_id":26424,"order_status":"PENDING_PAYMENT"}
{"order_customer_id":8088,"order_id":26425,"order_status":"COMPLETE"}
{"order_customer_id":1464,"order_id":26426,"order_status":"COMPLETE"}
{"order_customer_id":5321,"order_id":26427,"order_status":"COMPLETE"}
{"order_customer_id":6599,"order_id":26428,"order_status":"PENDING_PAYMENT"}
{"order_customer_id":5828,"order_id":26429,"order_status":"CLOSED"}
{"order_customer_id":398,"order_id":26430,"order_status":"COMPLETE"}
{"order_customer_id":3522,"order_id":26431,"order_status":"COMPLETE"}
{"order_customer_id":5347,"order_id":26432,"order_status":"PENDING_PAYMENT"}
{"order_customer_id":119,"order_id":26433,"order_status":"COMPLETE"}
{"order_customer_id":1113,"order_id":26434,"order_status":"PENDING_PAYMENT"}
{"order_customer_id":616,"order_id":26435,"order_status":"PENDING_PAYMENT"}
{"order_customer_id":4565,"order_id":26436,"order_status":"PROCESSING"}
{"order_customer_id":1159,"order_id":26437,"order_status":"PROCESSING"}
{"order_customer_id":5229,"order_id":26438,"order_status":"PROCESSING"}
{"order_customer_id":3084,"order_id":26439,"order_status":"PENDING_PAYMENT"}
{"order_customer_id":7706,"order_id":26440,"order_status":"SUSPECTED_FRAUD"}
{"order_customer_id":26,"order_id":26441,"order_status":"COMPLETE"}
{"order_customer_id":5084,"order_id":26442,"order_status":"COMPLETE"}
{"order_customer_id":8017,"order_id":26443,"order_status":"PENDING_PAYMENT"}
{"order_customer_id":4040,"order_id":26444,"order_status":"PENDING_PAYMENT"}
{"order_customer_id":5873,"order_id":26445,"order_status":"PENDING_PAYMENT"}
{"order_customer_id":4988,"order_id":26446,"order_status":"PENDING"}
{"order_customer_id":8738,"order_id":26447,"order_status":"COMPLETE"}
{"order_customer_id":12368,"order_id":26448,"order_status":"COMPLETE"}
{"order_customer_id":6737,"order_id":26449,"order_status":"PENDING_PAYMENT"}
{"order_customer_id":5165,"order_id":26450,"order_status":"CLOSED"}
{"order_customer_id":3391,"order_id":26451,"order_status":"COMPLETE"}
{"order_customer_id":9191,"order_id":26452,"order_status":"PENDING_PAYMENT"}
{"order_customer_id":1066,"order_id":26453,"order_status":"PROCESSING"}
{"order_customer_id":11392,"order_id":26454,"order_status":"COMPLETE"}
{"order_customer_id":2087,"order_id":26455,"order_status":"COMPLETE"}
{"order_customer_id":6428,"order_id":26456,"order_status":"PENDING_PAYMENT"}
{"order_customer_id":8839,"order_id":26457,"order_status":"COMPLETE"}
{"order_customer_id":10631,"order_id":26458,"order_status":"COMPLETE"}
{"order_customer_id":665,"order_id":26459,"order_status":"PROCESSING"}
{"order_customer_id":7582,"order_id":26460,"order_status":"COMPLETE"}
{"order_customer_id":73,"order_id":26461,"order_status":"PENDING"}
{"order_customer_id":4388,"order_id":26462,"order_status":"COMPLETE"}
{"order_customer_id":9230,"order_id":26463,"order_status":"PENDING_PAYMENT"}
{"order_customer_id":7340,"order_id":26464,"order_status":"PROCESSING"}
{"order_customer_id":3670,"order_id":26465,"order_status":"PENDING_PAYMENT"}
{"order_customer_id":6382,"order_id":26466,"order_status":"ON_HOLD"}
{"order_customer_id":7385,"order_id":26467,"order_status":"PENDING_PAYMENT"}
{"order_customer_id":7388,"order_id":26468,"order_status":"PENDING_PAYMENT"}
{"order_customer_id":360,"order_id":26469,"order_status":"PENDING_PAYMENT"}
{"order_customer_id":8622,"order_id":26470,"order_status":"PAYMENT_REVIEW"}
{"order_customer_id":519,"order_id":26471,"order_status":"PENDING"}
{"order_customer_id":6579,"order_id":26472,"order_status":"COMPLETE"}
{"order_customer_id":4408,"order_id":26473,"order_status":"CLOSED"}
{"order_customer_id":7079,"order_id":26474,"order_status":"ON_HOLD"}
{"order_customer_id":1287,"order_id":26475,"order_status":"COMPLETE"}
{"order_customer_id":509,"order_id":26476,"order_status":"ON_HOLD"}
{"order_customer_id":6063,"order_id":26477,"order_status":"PROCESSING"}
{"order_customer_id":4466,"order_id":26478,"order_status":"ON_HOLD"}
{"order_customer_id":1374,"order_id":26479,"order_status":"CLOSED"}
{"order_customer_id":9749,"order_id":26480,"order_status":"SUSPECTED_FRAUD"}
{"order_customer_id":2798,"order_id":26481,"order_status":"PENDING"}
{"order_customer_id":3187,"order_id":26482,"order_status":"COMPLETE"}
{"order_customer_id":9379,"order_id":26483,"order_status":"CANCELED"}
{"order_customer_id":2010,"order_id":26484,"order_status":"COMPLETE"}
{"order_customer_id":1207,"order_id":26485,"order_status":"PROCESSING"}
{"order_customer_id":2560,"order_id":26486,"order_status":"PENDING_PAYMENT"}
{"order_customer_id":6466,"order_id":26487,"order_status":"PENDING_PAYMENT"}
{"order_customer_id":9908,"order_id":26488,"order_status":"PROCESSING"}
{"order_customer_id":6700,"order_id":26489,"order_status":"CLOSED"}
{"order_customer_id":3368,"order_id":26490,"order_status":"PENDING_PAYMENT"}
{"order_customer_id":2866,"order_id":26491,"order_status":"COMPLETE"}
{"order_customer_id":10275,"order_id":26492,"order_status":"PENDING_PAYMENT"}
{"order_customer_id":6931,"order_id":26493,"order_status":"PENDING_PAYMENT"}
{"order_customer_id":3895,"order_id":26494,"order_status":"CLOSED"}
{"order_customer_id":7924,"order_id":26495,"order_status":"PENDING_PAYMENT"}
{"order_customer_id":1780,"order_id":26496,"order_status":"COMPLETE"}
{"order_customer_id":4268,"order_id":26497,"order_status":"COMPLETE"}
{"order_customer_id":10684,"order_id":26498,"order_status":"PENDING_PAYMENT"}
{"order_customer_id":4925,"order_id":26499,"order_status":"COMPLETE"}
{"order_customer_id":4969,"order_id":26500,"order_status":"COMPLETE"}
{"order_customer_id":3168,"order_id":26501,"order_status":"COMPLETE"}
{"order_customer_id":1444,"order_id":26502,"order_status":"PENDING"}
{"order_customer_id":3474,"order_id":26503,"order_status":"COMPLETE"}
{"order_customer_id":4649,"order_id":26504,"order_status":"PENDING_PAYMENT"}
{"order_customer_id":679,"order_id":26505,"order_status":"PENDING_PAYMENT"}
{"order_customer_id":6948,"order_id":26506,"order_status":"PENDING_PAYMENT"}
{"order_customer_id":8865,"order_id":26507,"order_status":"PENDING"}
{"order_customer_id":4214,"order_id":26508,"order_status":"COMPLETE"}
{"order_customer_id":2959,"order_id":26509,"order_status":"ON_HOLD"}
{"order_customer_id":3554,"order_id":26510,"order_status":"PROCESSING"}
{"order_customer_id":12041,"order_id":26511,"order_status":"ON_HOLD"}
{"order_customer_id":5382,"order_id":26512,"order_status":"COMPLETE"}
{"order_customer_id":6532,"order_id":26513,"order_status":"PENDING_PAYMENT"}
{"order_customer_id":11480,"order_id":26514,"order_status":"CLOSED"}
{"order_customer_id":3408,"order_id":26515,"order_status":"COMPLETE"}
{"order_customer_id":9417,"order_id":26516,"order_status":"PROCESSING"}
{"order_customer_id":8765,"order_id":26517,"order_status":"PROCESSING"}
{"order_customer_id":9661,"order_id":26518,"order_status":"PROCESSING"}
{"order_customer_id":7979,"order_id":26519,"order_status":"COMPLETE"}
{"order_customer_id":4650,"order_id":26520,"order_status":"COMPLETE"}
{"order_customer_id":3786,"order_id":26521,"order_status":"SUSPECTED_FRAUD"}
{"order_customer_id":7477,"order_id":26522,"order_status":"COMPLETE"}
{"order_customer_id":2268,"order_id":26523,"order_status":"COMPLETE"}
{"order_customer_id":3171,"order_id":26524,"order_status":"COMPLETE"}
{"order_customer_id":8184,"order_id":26525,"order_status":"COMPLETE"}
{"order_customer_id":11097,"order_id":26526,"order_status":"PENDING"}
{"order_customer_id":6477,"order_id":26527,"order_status":"CLOSED"}
{"order_customer_id":7296,"order_id":26528,"order_status":"COMPLETE"}
{"order_customer_id":4726,"order_id":26529,"order_status":"COMPLETE"}
{"order_customer_id":2618,"order_id":26530,"order_status":"COMPLETE"}
{"order_customer_id":8264,"order_id":26531,"order_status":"PENDING_PAYMENT"}
{"order_customer_id":11114,"order_id":26532,"order_status":"COMPLETE"}
{"order_customer_id":8548,"order_id":26533,"order_status":"PROCESSING"}
{"order_customer_id":10857,"order_id":26534,"order_status":"PENDING"}
{"order_customer_id":2439,"order_id":26535,"order_status":"COMPLETE"}
{"order_customer_id":7047,"order_id":26536,"order_status":"PROCESSING"}
{"order_customer_id":6699,"order_id":26537,"order_status":"COMPLETE"}
{"order_customer_id":1764,"order_id":26538,"order_status":"CLOSED"}
{"order_customer_id":2376,"order_id":26539,"order_status":"PENDING_PAYMENT"}
{"order_customer_id":11208,"order_id":26540,"order_status":"PROCESSING"}
{"order_customer_id":7872,"order_id":26541,"order_status":"PENDING"}
{"order_customer_id":8529,"order_id":26542,"order_status":"COMPLETE"}
{"order_customer_id":11056,"order_id":26543,"order_status":"COMPLETE"}
{"order_customer_id":11531,"order_id":26544,"order_status":"PROCESSING"}
{"order_customer_id":2395,"order_id":26545,"order_status":"PENDING_PAYMENT"}
{"order_customer_id":2265,"order_id":26546,"order_status":"COMPLETE"}
{"order_customer_id":10805,"order_id":26547,"order_status":"CANCELED"}
{"order_customer_id":5433,"order_id":26548,"order_status":"CLOSED"}
{"order_customer_id":8554,"order_id":26549,"order_status":"PENDING_PAYMENT"}
{"order_customer_id":3369,"order_id":26550,"order_status":"PROCESSING"}
{"order_customer_id":8376,"order_id":26551,"order_status":"ON_HOLD"}
{"order_customer_id":11153,"order_id":26552,"order_status":"COMPLETE"}
{"order_customer_id":4353,"order_id":26553,"order_status":"COMPLETE"}
{"order_customer_id":10142,"order_id":26554,"order_status":"CANCELED"}
{"order_customer_id":174,"order_id":26555,"order_status":"PENDING_PAYMENT"}
{"order_customer_id":8285,"order_id":26556,"order_status":"PENDING"}
{"order_customer_id":2485,"order_id":26557,"order_status":"PENDING_PAYMENT"}
{"order_customer_id":5585,"order_id":26558,"order_status":"COMPLETE"}
{"order_customer_id":5926,"order_id":26559,"order_status":"PENDING_PAYMENT"}
{"order_customer_id":8843,"order_id":26560,"order_status":"PENDING_PAYMENT"}
{"order_customer_id":10969,"order_id":26561,"order_status":"ON_HOLD"}
{"order_customer_id":10213,"order_id":26562,"order_status":"PAYMENT_REVIEW"}
{"order_customer_id":2575,"order_id":26563,"order_status":"PENDING_PAYMENT"}
{"order_customer_id":1818,"order_id":26564,"order_status":"COMPLETE"}
{"order_customer_id":11204,"order_id":26565,"order_status":"PROCESSING"}
{"order_customer_id":10315,"order_id":26566,"order_status":"PENDING_PAYMENT"}
{"order_customer_id":10452,"order_id":26567,"order_status":"PENDING_PAYMENT"}
{"order_customer_id":10558,"order_id":26568,"order_status":"PENDING_PAYMENT"}
{"order_customer_id":6062,"order_id":26569,"order_status":"COMPLETE"}
{"order_customer_id":10618,"order_id":26570,"order_status":"PENDING_PAYMENT"}
{"order_customer_id":6731,"order_id":26571,"order_status":"ON_HOLD"}
{"order_customer_id":8538,"order_id":26572,"order_status":"PENDING_PAYMENT"}
{"order_customer_id":9233,"order_id":26573,"order_status":"PENDING_PAYMENT"}
{"order_customer_id":4377,"order_id":26574,"order_status":"PENDING_PAYMENT"}
{"order_customer_id":1448,"order_id":26575,"order_status":"COMPLETE"}
{"order_customer_id":3128,"order_id":26576,"order_status":"CLOSED"}
{"order_customer_id":5533,"order_id":26577,"order_status":"PROCESSING"}
{"order_customer_id":3081,"order_id":26578,"order_status":"PENDING"}
{"order_customer_id":8980,"order_id":26579,"order_status":"PENDING"}
{"order_customer_id":4431,"order_id":26580,"order_status":"COMPLETE"}
{"order_customer_id":3852,"order_id":26581,"order_status":"CANCELED"}
{"order_customer_id":2831,"order_id":26582,"order_status":"CLOSED"}
{"order_customer_id":10263,"order_id":26583,"order_status":"CLOSED"}
{"order_customer_id":4481,"order_id":26584,"order_status":"COMPLETE"}
{"order_customer_id":4144,"order_id":26585,"order_status":"PENDING"}
{"order_customer_id":2927,"order_id":26586,"order_status":"PENDING_PAYMENT"}
{"order_customer_id":1586,"order_id":26587,"order_status":"PENDING_PAYMENT"}
{"order_customer_id":1653,"order_id":26588,"order_status":"CLOSED"}
{"order_customer_id":1947,"order_id":26589,"order_status":"PENDING_PAYMENT"}
{"order_customer_id":6553,"order_id":26590,"order_status":"PENDING"}
{"order_customer_id":6814,"order_id":26591,"order_status":"COMPLETE"}
{"order_customer_id":3128,"order_id":26592,"order_status":"PENDING_PAYMENT"}
{"order_customer_id":12060,"order_id":26593,"order_status":"PENDING"}
{"order_customer_id":4298,"order_id":26594,"order_status":"PROCESSING"}
{"order_customer_id":1843,"order_id":26595,"order_status":"PENDING"}
{"order_customer_id":6998,"order_id":26596,"order_status":"COMPLETE"}
{"order_customer_id":7114,"order_id":26597,"order_status":"COMPLETE"}
{"order_customer_id":2505,"order_id":26598,"order_status":"COMPLETE"}
{"order_customer_id":9713,"order_id":26599,"order_status":"PENDING_PAYMENT"}
{"order_customer_id":6708,"order_id":26600,"order_status":"ON_HOLD"}
{"order_customer_id":9284,"order_id":26601,"order_status":"PENDING_PAYMENT"}
{"order_customer_id":11835,"order_id":26602,"order_status":"PROCESSING"}
{"order_customer_id":5870,"order_id":26603,"order_status":"COMPLETE"}
{"order_customer_id":6351,"order_id":26604,"order_status":"COMPLETE"}
{"order_customer_id":9743,"order_id":26605,"order_status":"PENDING_PAYMENT"}
{"order_customer_id":7789,"order_id":26606,"order_status":"COMPLETE"}
{"order_customer_id":538,"order_id":26607,"order_status":"ON_HOLD"}
{"order_customer_id":9317,"order_id":26608,"order_status":"COMPLETE"}
{"order_customer_id":8135,"order_id":26609,"order_status":"COMPLETE"}
{"order_customer_id":5741,"order_id":26610,"order_status":"COMPLETE"}
{"order_customer_id":6501,"order_id":26611,"order_status":"COMPLETE"}
{"order_customer_id":3554,"order_id":26612,"order_status":"CLOSED"}
{"order_customer_id":11819,"order_id":26613,"order_status":"COMPLETE"}
{"order_customer_id":2484,"order_id":26614,"order_status":"PENDING_PAYMENT"}
{"order_customer_id":3558,"order_id":26615,"order_status":"ON_HOLD"}
{"order_customer_id":676,"order_id":26616,"order_status":"COMPLETE"}
{"order_customer_id":5842,"order_id":26617,"order_status":"ON_HOLD"}
{"order_customer_id":8975,"order_id":26618,"order_status":"COMPLETE"}
{"order_customer_id":9238,"order_id":61999,"order_status":"PENDING"}
{"order_customer_id":11983,"order_id":62000,"order_status":"CANCELED"}
{"order_customer_id":343,"order_id":62001,"order_status":"PENDING_PAYMENT"}
{"order_customer_id":2556,"order_id":62002,"order_status":"COMPLETE"}
{"order_customer_id":4033,"order_id":62003,"order_status":"ON_HOLD"}
{"order_customer_id":5234,"order_id":62004,"order_status":"PROCESSING"}
{"order_customer_id":9184,"order_id":62005,"order_status":"COMPLETE"}
{"order_customer_id":9107,"order_id":62006,"order_status":"COMPLETE"}
{"order_customer_id":2990,"order_id":62007,"order_status":"PROCESSING"}
{"order_customer_id":11089,"order_id":62008,"order_status":"PROCESSING"}
{"order_customer_id":6184,"order_id":62009,"order_status":"PENDING_PAYMENT"}
{"order_customer_id":2252,"order_id":62010,"order_status":"PENDING_PAYMENT"}
{"order_customer_id":9490,"order_id":62011,"order_status":"COMPLETE"}
{"order_customer_id":5187,"order_id":62012,"order_status":"COMPLETE"}
{"order_customer_id":8664,"order_id":62013,"order_status":"COMPLETE"}
{"order_customer_id":77,"order_id":62014,"order_status":"PENDING_PAYMENT"}
{"order_customer_id":11677,"order_id":62015,"order_status":"PENDING_PAYMENT"}
{"order_customer_id":8763,"order_id":62016,"order_status":"COMPLETE"}
{"order_customer_id":4667,"order_id":62017,"order_status":"COMPLETE"}
{"order_customer_id":9560,"order_id":62018,"order_status":"PENDING_PAYMENT"}
{"order_customer_id":422,"order_id":62019,"order_status":"PENDING"}
{"order_customer_id":12284,"order_id":62020,"order_status":"PENDING_PAYMENT"}
{"order_customer_id":2244,"order_id":62021,"order_status":"CLOSED"}
{"order_customer_id":8772,"order_id":62022,"order_status":"COMPLETE"}
{"order_customer_id":11917,"order_id":62023,"order_status":"COMPLETE"}
{"order_customer_id":8755,"order_id":62024,"order_status":"SUSPECTED_FRAUD"}
{"order_customer_id":1632,"order_id":62025,"order_status":"COMPLETE"}
{"order_customer_id":6521,"order_id":62026,"order_status":"ON_HOLD"}
{"order_customer_id":11015,"order_id":62027,"order_status":"COMPLETE"}
{"order_customer_id":4818,"order_id":62028,"order_status":"PENDING_PAYMENT"}
{"order_customer_id":4992,"order_id":67983,"order_status":"PENDING"}
{"order_customer_id":5910,"order_id":67984,"order_status":"CLOSED"}
{"order_customer_id":1287,"order_id":67985,"order_status":"CLOSED"}
{"order_customer_id":7172,"order_id":68779,"order_status":"PROCESSING"}
