{"order_customer_id":1272,"order_id":50146,"order_status":"COMPLETE"}
{"order_customer_id":888,"order_id":50147,"order_status":"COMPLETE"}
{"order_customer_id":564,"order_id":50148,"order_status":"ON_HOLD"}
{"order_customer_id":8865,"order_id":50149,"order_status":"PENDING"}
{"order_customer_id":2738,"order_id":50150,"order_status":"PENDING"}
{"order_customer_id":7880,"order_id":50151,"order_status":"COMPLETE"}
{"order_customer_id":10665,"order_id":50152,"order_status":"COMPLETE"}
{"order_customer_id":5782,"order_id":50153,"order_status":"COMPLETE"}
{"order_customer_id":2092,"order_id":50154,"order_status":"PENDING"}
{"order_customer_id":5640,"order_id":50155,"order_status":"COMPLETE"}
{"order_customer_id":9427,"order_id":50156,"order_status":"PENDING_PAYMENT"}
{"order_customer_id":7429,"order_id":50157,"order_status":"PENDING_PAYMENT"}
{"order_customer_id":7790,"order_id":50158,"order_status":"COMPLETE"}
{"order_customer_id":11387,"order_id":50159,"order_status":"COMPLETE"}
{"order_customer_id":4249,"order_id":50160,"order_status":"PENDING"}
{"order_customer_id":6547,"order_id":50161,"order_status":"COMPLETE"}
{"order_customer_id":1828,"order_id":50162,"order_status":"COMPLETE"}
{"order_customer_id":7183,"order_id":50163,"order_status":"COMPLETE"}
{"order_customer_id":1389,"order_id":50164,"order_status":"CLOSED"}
{"order_customer_id":4994,"order_id":50165,"order_status":"PENDING_PAYMENT"}
{"order_customer_id":4504,"order_id":50166,"order_status":"COMPLETE"}
{"order_customer_id":10283,"order_id":50167,"order_status":"CLOSED"}
{"order_customer_id":6935,"order_id":50168,"order_status":"PROCESSING"}
{"order_customer_id":6528,"order_id":50169,"order_status":"CLOSED"}
{"order_customer_id":377,"order_id":50170,"order_status":"COMPLETE"}
{"order_customer_id":1521,"order_id":50171,"order_status":"CLOSED"}
{"order_customer_id":11038,"order_id":50172,"order_status":"COMPLETE"}
{"order_customer_id":6329,"order_id":50173,"order_status":"PENDING_PAYMENT"}
{"order_customer_id":4818,"order_id":50174,"order_status":"COMPLETE"}
{"order_customer_id":7852,"order_id":50175,"order_status":"PENDING"}
{"order_customer_id":5718,"order_id":50176,"order_status":"COMPLETE"}
{"order_customer_id":8284,"order_id":50177,"order_status":"PENDING_PAYMENT"}
{"order_customer_id":3428,"order_id":50178,"order_status":"CLOSED"}
{"order_customer_id":1158,"order_id":50179,"order_status":"PENDING_PAYMENT"}
{"order_customer_id":11784,"order_id":50180,"order_status":"PROCESSING"}
{"order_customer_id":8562,"order_id":50181,"order_status":"COMPLETE"}
{"order_customer_id":895,"order_id":50182,"order_status":"PROCESSING"}
{"order_customer_id":8582,"order_id":50183,"order_status":"PENDING_PAYMENT"}
{"order_customer_id":963,"order_id":50184,"order_status":"PENDING"}
{"order_customer_id":5011,"order_id":50185,"order_status":"COMPLETE"}
{"order_customer_id":8756,"order_id":50186,"order_status":"PENDING"}
{"order_customer_id":10947,"order_id":50187,"order_status":"CANCELED"}
{"order_customer_id":11799,"order_id":50188,"order_status":"PROCESSING"}
{"order_customer_id":11220,"order_id":50189,"order_status":"PENDING"}
{"order_customer_id":11430,"order_id":50190,"order_status":"CLOSED"}
{"order_customer_id":6397,"order_id":50191,"order_status":"COMPLETE"}
{"order_customer_id":1083,"order_id":50192,"order_status":"PENDING"}
{"order_customer_id":5873,"order_id":50193,"order_status":"COMPLETE"}
{"order_customer_id":11416,"order_id":50194,"order_status":"PENDING_PAYMENT"}
{"order_customer_id":1951,"order_id":50195,"order_status":"COMPLETE"}
{"order_customer_id":3983,"order_id":50196,"order_status":"COMPLETE"}
{"order_customer_id":11127,"order_id":50197,"order_status":"PENDING"}
{"order_customer_id":8293,"order_id":50198,"order_status":"PROCESSING"}
{"order_customer_id":12370,"order_id":50199,"order_status":"ON_HOLD"}
{"order_customer_id":11127,"order_id":50200,"order_status":"COMPLETE"}
{"order_customer_id":789,"order_id":50201,"order_status":"ON_HOLD"}
{"order_customer_id":7811,"order_id":50202,"order_status":"COMPLETE"}
{"order_customer_id":6913,"order_id":50203,"order_status":"PROCESSING"}
{"order_customer_id":3825,"order_id":50204,"order_status":"PENDING"}
{"order_customer_id":6107,"order_id":50205,"order_status":"CLOSED"}
{"order_customer_id":4140,"order_id":50206,"order_status":"COMPLETE"}
{"order_customer_id":10644,"order_id":50207,"order_status":"COMPLETE"}
{"order_customer_id":8477,"order_id":50208,"order_status":"PENDING"}
{"order_customer_id":2144,"order_id":50209,"order_status":"PENDING"}
{"order_customer_id":8613,"order_id":50210,"order_status":"SUSPECTED_FRAUD"}
{"order_customer_id":753,"order_id":50211,"order_status":"PAYMENT_REVIEW"}
{"order_customer_id":2798,"order_id":50212,"order_status":"PENDING_PAYMENT"}
{"order_customer_id":3405,"order_id":50213,"order_status":"PENDING_PAYMENT"}
{"order_customer_id":7873,"order_id":50214,"order_status":"PENDING"}
{"order_customer_id":7694,"order_id":50215,"order_status":"PENDING"}
{"order_customer_id":5682,"order_id":50216,"order_status":"PENDING_PAYMENT"}
{"order_customer_id":11746,"order_id":50217,"order_status":"COMPLETE"}
{"order_customer_id":9659,"order_id":50218,"order_status":"COMPLETE"}
{"order_customer_id":11917,"order_id":50219,"order_status":"PROCESSING"}
{"order_customer_id":6186,"order_id":65982,"order_status":"PENDING_PAYMENT"}
{"order_customer_id":8627,"order_id":65983,"order_status":"COMPLETE"}
{"order_customer_id":10459,"order_id":65984,"order_status":"COMPLETE"}
{"order_customer_id":4472,"order_id":65985,"order_status":"COMPLETE"}
{"order_customer_id":12252,"order_id":65986,"order_status":"COMPLETE"}
{"order_customer_id":10331,"order_id":65987,"order_status":"PENDING"}
{"order_customer_id":3941,"order_id":65988,"order_status":"CLOSED"}
{"order_customer_id":7910,"order_id":65989,"order_status":"COMPLETE"}
{"order_customer_id":10882,"order_id":65990,"order_status":"PENDING_PAYMENT"}
{"order_customer_id":10952,"order_id":65991,"order_status":"COMPLETE"}
{"order_customer_id":10671,"order_id":65992,"order_status":"COMPLETE"}
{"order_customer_id":1990,"order_id":65993,"order_status":"COMPLETE"}
{"order_customer_id":6275,"order_id":65994,"order_status":"PENDING_PAYMENT"}
{"order_customer_id":6305,"order_id":65995,"order_status":"COMPLETE"}
{"order_customer_id":11128,"order_id":65996,"order_status":"CLOSED"}
{"order_customer_id":3893,"order_id":65997,"order_status":"PENDING_PAYMENT"}
{"order_customer_id":10922,"order_id":65998,"order_status":"CLOSED"}
{"order_customer_id":977,"order_id":65999,"order_status":"PENDING"}
{"order_customer_id":4320,"order_id":66000,"order_status":"PENDING_PAYMENT"}
{"order_customer_id":5977,"order_id":66001,"order_status":"PROCESSING"}
{"order_customer_id":4788,"order_id":66002,"order_status":"PENDING_PAYMENT"}
{"order_customer_id":6307,"order_id":66003,"order_status":"PROCESSING"}
{"order_customer_id":10198,"order_id":66004,"order_status":"PROCESSING"}
{"order_customer_id":441,"order_id":66005,"order_status":"PENDING_PAYMENT"}
{"order_customer_id":3506,"order_id":66006,"order_status":"COMPLETE"}
{"order_customer_id":2419,"order_id":66007,"order_status":"PENDING"}
{"order_customer_id":4159,"order_id":66008,"order_status":"COMPLETE"}
{"order_customer_id":11294,"order_id":66009,"order_status":"PENDING"}
{"order_customer_id":11861,"order_id":66010,"order_status":"PROCESSING"}
{"order_customer_id":6607,"order_id":66011,"order_status":"COMPLETE"}
{"order_customer_id":5888,"order_id":66012,"order_status":"PROCESSING"}
{"order_customer_id":2723,"order_id":66013,"order_status":"COMPLETE"}
{"order_customer_id":5342,"order_id":66014,"order_status":"PENDING_PAYMENT"}
{"order_customer_id":1266,"order_id":66015,"order_status":"COMPLETE"}
{"order_customer_id":4163,"order_id":66016,"order_status":"PENDING_PAYMENT"}
{"order_customer_id":6473,"order_id":66017,"order_status":"PENDING_PAYMENT"}
{"order_customer_id":11503,"order_id":66018,"order_status":"PAYMENT_REVIEW"}
{"order_customer_id":1286,"order_id":66019,"order_status":"PENDING_PAYMENT"}
{"order_customer_id":931,"order_id":68517,"order_status":"PENDING_PAYMENT"}
{"order_customer_id":6917,"order_id":68518,"order_status":"PROCESSING"}
{"order_customer_id":9047,"order_id":68519,"order_status":"COMPLETE"}
{"order_customer_id":12309,"order_id":68520,"order_status":"ON_HOLD"}
{"order_customer_id":312,"order_id":68857,"order_status":"COMPLETE"}
