{"order_customer_id":8731,"order_id":1531,"order_status":"COMPLETE"}
{"order_customer_id":4646,"order_id":1532,"order_status":"COMPLETE"}
{"order_customer_id":7249,"order_id":1533,"order_status":"PENDING_PAYMENT"}
{"order_customer_id":10942,"order_id":1534,"order_status":"PAYMENT_REVIEW"}
{"order_customer_id":2129,"order_id":1535,"order_status":"COMPLETE"}
{"order_customer_id":4384,"order_id":1536,"order_status":"PENDING_PAYMENT"}
{"order_customer_id":8013,"order_id":1537,"order_status":"COMPLETE"}
{"order_customer_id":4172,"order_id":1538,"order_status":"SUSPECTED_FRAUD"}
{"order_customer_id":10719,"order_id":1539,"order_status":"PENDING"}
{"order_customer_id":3244,"order_id":1540,"order_status":"PAYMENT_REVIEW"}
{"order_customer_id":8024,"order_id":1541,"order_status":"COMPLETE"}
{"order_customer_id":7260,"order_id":1542,"order_status":"PENDING"}
{"order_customer_id":12171,"order_id":1543,"order_status":"PENDING"}
{"order_customer_id":9220,"order_id":1544,"order_status":"PROCESSING"}
{"order_customer_id":5657,"order_id":1545,"order_status":"PENDING_PAYMENT"}
{"order_customer_id":797,"order_id":1546,"order_status":"PENDING_PAYMENT"}
{"order_customer_id":9462,"order_id":1547,"order_status":"COMPLETE"}
{"order_customer_id":1556,"order_id":1548,"order_status":"CLOSED"}
{"order_customer_id":12142,"order_id":1549,"order_status":"COMPLETE"}
{"order_customer_id":3043,"order_id":1550,"order_status":"PENDING_PAYMENT"}
{"order_customer_id":7264,"order_id":1551,"order_status":"PENDING_PAYMENT"}
{"order_customer_id":7614,"order_id":1552,"order_status":"PENDING"}
{"order_customer_id":10491,"order_id":1553,"order_status":"PENDING_PAYMENT"}
{"order_customer_id":11728,"order_id":1554,"order_status":"PENDING_PAYMENT"}
{"order_customer_id":1831,"order_id":1555,"order_status":"COMPLETE"}
{"order_customer_id":6739,"order_id":1556,"order_status":"PENDING_PAYMENT"}
{"order_customer_id":1812,"order_id":1557,"order_status":"COMPLETE"}
{"order_customer_id":5661,"order_id":1558,"order_status":"SUSPECTED_FRAUD"}
{"order_customer_id":15,"order_id":1559,"order_status":"COMPLETE"}
{"order_customer_id":7542,"order_id":1560,"order_status":"CLOSED"}
{"order_customer_id":7789,"order_id":1561,"order_status":"PENDING_PAYMENT"}
{"order_customer_id":7473,"order_id":1562,"order_status":"PAYMENT_REVIEW"}
{"order_customer_id":12425,"order_id":1563,"order_status":"PROCESSING"}
{"order_customer_id":7815,"order_id":1564,"order_status":"CLOSED"}
{"order_customer_id":8405,"order_id":1565,"order_status":"PENDING"}
{"order_customer_id":8378,"order_id":1566,"order_status":"CLOSED"}
{"order_customer_id":8073,"order_id":1567,"order_status":"PENDING_PAYMENT"}
{"order_customer_id":5005,"order_id":1568,"order_status":"PROCESSING"}
{"order_customer_id":2444,"order_id":1569,"order_status":"COMPLETE"}
{"order_customer_id":2345,"order_id":1570,"order_status":"PROCESSING"}
{"order_customer_id":8047,"order_id":1571,"order_status":"COMPLETE"}
{"order_customer_id":353,"order_id":1572,"order_status":"COMPLETE"}
{"order_customer_id":12270,"order_id":1573,"order_status":"PENDING_PAYMENT"}
{"order_customer_id":106,"order_id":1574,"order_status":"PENDING_PAYMENT"}
{"order_customer_id":7629,"order_id":1575,"order_status":"PENDING_PAYMENT"}
{"order_customer_id":10363,"order_id":1576,"order_status":"PROCESSING"}
{"order_customer_id":7100,"order_id":1577,"order_status":"COMPLETE"}
{"order_customer_id":11518,"order_id":1578,"order_status":"COMPLETE"}
{"order_customer_id":3039,"order_id":1579,"order_status":"PENDING"}
{"order_customer_id":9713,"order_id":1580,"order_status":"PROCESSING"}
{"order_customer_id":11603,"order_id":1581,"order_status":"PENDING_PAYMENT"}
{"order_customer_id":5828,"order_id":1582,"order_status":"COMPLETE"}
{"order_customer_id":12430,"order_id":1583,"order_status":"CLOSED"}
{"order_customer_id":12130,"order_id":1584,"order_status":"PENDING_PAYMENT"}
{"order_customer_id":6747,"order_id":1585,"order_status":"PROCESSING"}
{"order_customer_id":4562,"order_id":1586,"order_status":"PENDING_PAYMENT"}
{"order_customer_id":3231,"order_id":1587,"order_status":"COMPLETE"}
{"order_customer_id":5477,"order_id":1588,"order_status":"ON_HOLD"}
{"order_customer_id":12120,"order_id":1589,"order_status":"COMPLETE"}
{"order_customer_id":483,"order_id":1590,"order_status":"COMPLETE"}
{"order_customer_id":10666,"order_id":1591,"order_status":"COMPLETE"}
{"order_customer_id":9841,"order_id":1592,"order_status":"PENDING"}
{"order_customer_id":4395,"order_id":1593,"order_status":"CANCELED"}
{"order_customer_id":843,"order_id":1594,"order_status":"PENDING"}
{"order_customer_id":3536,"order_id":1595,"order_status":"CLOSED"}
{"order_customer_id":6478,"order_id":1596,"order_status":"COMPLETE"}
{"order_customer_id":11967,"order_id":1597,"order_status":"SUSPECTED_FRAUD"}
{"order_customer_id":10784,"order_id":1598,"order_status":"CANCELED"}
{"order_customer_id":8647,"order_id":1599,"order_status":"COMPLETE"}
{"order_customer_id":7633,"order_id":1600,"order_status":"PROCESSING"}
{"order_customer_id":12221,"order_id":1601,"order_status":"PENDING_PAYMENT"}
{"order_customer_id":11156,"order_id":1602,"order_status":"PENDING_PAYMENT"}
{"order_customer_id":5274,"order_id":1603,"order_status":"ON_HOLD"}
{"order_customer_id":6008,"order_id":1604,"order_status":"COMPLETE"}
{"order_customer_id":6119,"order_id":1605,"order_status":"COMPLETE"}
{"order_customer_id":5383,"order_id":1606,"order_status":"CLOSED"}
{"order_customer_id":12371,"order_id":1607,"order_status":"COMPLETE"}
{"order_customer_id":8732,"order_id":1608,"order_status":"PENDING_PAYMENT"}
{"order_customer_id":11805,"order_id":1609,"order_status":"PROCESSING"}
{"order_customer_id":9352,"order_id":1610,"order_status":"PENDING"}
{"order_customer_id":7387,"order_id":1611,"order_status":"COMPLETE"}
{"order_customer_id":11833,"order_id":1612,"order_status":"COMPLETE"}
{"order_customer_id":1252,"order_id":1613,"order_status":"COMPLETE"}
{"order_customer_id":5534,"order_id":1614,"order_status":"PENDING_PAYMENT"}
{"order_customer_id":6088,"order_id":1615,"order_status":"COMPLETE"}
{"order_customer_id":10731,"order_id":1616,"order_status":"PENDING_PAYMENT"}
{"order_customer_id":9488,"order_id":1617,"order_status":"CLOSED"}
{"order_customer_id":9459,"order_id":1618,"order_status":"COMPLETE"}
{"order_customer_id":11557,"order_id":1619,"order_status":"COMPLETE"}
{"order_customer_id":3010,"order_id":1620,"order_status":"COMPLETE"}
{"order_customer_id":5140,"order_id":1621,"order_status":"PENDING"}
{"order_customer_id":8413,"order_id":1622,"order_status":"PENDING_PAYMENT"}
{"order_customer_id":9419,"order_id":1623,"order_status":"PROCESSING"}
{"order_customer_id":9982,"order_id":1624,"order_status":"COMPLETE"}
{"order_customer_id":10752,"order_id":1625,"order_status":"PROCESSING"}
{"order_customer_id":6418,"order_id":1626,"order_status":"CLOSED"}
{"order_customer_id":2430,"order_id":1627,"order_status":"PENDING_PAYMENT"}
{"order_customer_id":4203,"order_id":1628,"order_status":"COMPLETE"}
{"order_customer_id":1365,"order_id":1629,"order_status":"PENDING_PAYMENT"}
{"order_customer_id":6222,"order_id":1630,"order_status":"COMPLETE"}
{"order_customer_id":7348,"order_id":1631,"order_status":"CLOSED"}
{"order_customer_id":10556,"order_id":1632,"order_status":"PROCESSING"}
{"order_customer_id":8464,"order_id":1633,"order_status":"COMPLETE"}
{"order_customer_id":7273,"order_id":1634,"order_status":"PROCESSING"}
{"order_customer_id":6602,"order_id":1635,"order_status":"SUSPECTED_FRAUD"}
{"order_customer_id":1082,"order_id":1636,"order_status":"PENDING_PAYMENT"}
{"order_customer_id":9504,"order_id":1637,"order_status":"COMPLETE"}
{"order_customer_id":10880,"order_id":1638,"order_status":"SUSPECTED_FRAUD"}
{"order_customer_id":6571,"order_id":1639,"order_status":"SUSPECTED_FRAUD"}
{"order_customer_id":3736,"order_id":1640,"order_status":"CLOSED"}
{"order_customer_id":3158,"order_id":1641,"order_status":"COMPLETE"}
{"order_customer_id":946,"order_id":1642,"order_status":"ON_HOLD"}
{"order_customer_id":3311,"order_id":1643,"order_status":"PENDING_PAYMENT"}
{"order_customer_id":792,"order_id":1644,"order_status":"PROCESSING"}
{"order_customer_id":4709,"order_id":1645,"order_status":"PENDING"}
{"order_customer_id":6362,"order_id":1646,"order_status":"SUSPECTED_FRAUD"}
{"order_customer_id":10766,"order_id":1647,"order_status":"PROCESSING"}
{"order_customer_id":2113,"order_id":1648,"order_status":"COMPLETE"}
{"order_customer_id":4116,"order_id":1649,"order_status":"COMPLETE"}
{"order_customer_id":4904,"order_id":1650,"order_status":"PENDING_PAYMENT"}
{"order_customer_id":6705,"order_id":1651,"order_status":"PROCESSING"}
{"order_customer_id":11821,"order_id":1652,"order_status":"COMPLETE"}
{"order_customer_id":9808,"order_id":1653,"order_status":"COMPLETE"}
{"order_customer_id":5691,"order_id":1654,"order_status":"COMPLETE"}
{"order_customer_id":5549,"order_id":1655,"order_status":"PENDING"}
{"order_customer_id":12352,"order_id":1656,"order_status":"COMPLETE"}
{"order_customer_id":8516,"order_id":1657,"order_status":"CLOSED"}
{"order_customer_id":2195,"order_id":1658,"order_status":"PENDING"}
{"order_customer_id":5523,"order_id":1659,"order_status":"PENDING"}
{"order_customer_id":2306,"order_id":1660,"order_status":"COMPLETE"}
{"order_customer_id":7711,"order_id":1661,"order_status":"CLOSED"}
{"order_customer_id":9772,"order_id":1662,"order_status":"COMPLETE"}
{"order_customer_id":2062,"order_id":1663,"order_status":"COMPLETE"}
{"order_customer_id":1821,"order_id":1664,"order_status":"COMPLETE"}
{"order_customer_id":8292,"order_id":1665,"order_status":"COMPLETE"}
{"order_customer_id":719,"order_id":1666,"order_status":"CLOSED"}
{"order_customer_id":10096,"order_id":1667,"order_status":"COMPLETE"}
{"order_customer_id":11833,"order_id":1668,"order_status":"ON_HOLD"}
{"order_customer_id":6383,"order_id":1669,"order_status":"PROCESSING"}
{"order_customer_id":10588,"order_id":1670,"order_status":"COMPLETE"}
{"order_customer_id":5613,"order_id":1671,"order_status":"COMPLETE"}
{"order_customer_id":10602,"order_id":1672,"order_status":"COMPLETE"}
{"order_customer_id":10061,"order_id":1673,"order_status":"COMPLETE"}
{"order_customer_id":4364,"order_id":1674,"order_status":"COMPLETE"}
{"order_customer_id":9654,"order_id":1675,"order_status":"PENDING"}
{"order_customer_id":11641,"order_id":1676,"order_status":"COMPLETE"}
{"order_customer_id":11037,"order_id":1677,"order_status":"COMPLETE"}
{"order_customer_id":1419,"order_id":1678,"order_status":"COMPLETE"}
{"order_customer_id":6850,"order_id":1679,"order_status":"PENDING_PAYMENT"}
{"order_customer_id":6799,"order_id":1680,"order_status":"PENDING_PAYMENT"}
{"order_customer_id":4295,"order_id":1681,"order_status":"PENDING_PAYMENT"}
{"order_customer_id":620,"order_id":1682,"order_status":"COMPLETE"}
{"order_customer_id":1228,"order_id":1683,"order_status":"PENDING_PAYMENT"}
{"order_customer_id":5913,"order_id":1684,"order_status":"COMPLETE"}
{"order_customer_id":6357,"order_id":1685,"order_status":"SUSPECTED_FRAUD"}
{"order_customer_id":1337,"order_id":1686,"order_status":"CLOSED"}
{"order_customer_id":2207,"order_id":1687,"order_status":"CLOSED"}
{"order_customer_id":9152,"order_id":1688,"order_status":"PROCESSING"}
{"order_customer_id":1157,"order_id":1689,"order_status":"PENDING"}
{"order_customer_id":7166,"order_id":1690,"order_status":"PENDING_PAYMENT"}
{"order_customer_id":6684,"order_id":1691,"order_status":"CLOSED"}
{"order_customer_id":4483,"order_id":1692,"order_status":"PROCESSING"}
{"order_customer_id":3885,"order_id":1693,"order_status":"ON_HOLD"}
{"order_customer_id":3588,"order_id":1694,"order_status":"COMPLETE"}
{"order_customer_id":2126,"order_id":1695,"order_status":"PROCESSING"}
{"order_customer_id":11186,"order_id":1696,"order_status":"CLOSED"}
{"order_customer_id":7089,"order_id":1697,"order_status":"COMPLETE"}
{"order_customer_id":7882,"order_id":1698,"order_status":"COMPLETE"}
{"order_customer_id":4540,"order_id":1699,"order_status":"PENDING"}
{"order_customer_id":5981,"order_id":1700,"order_status":"PENDING_PAYMENT"}
{"order_customer_id":5429,"order_id":1701,"order_status":"COMPLETE"}
{"order_customer_id":8069,"order_id":1702,"order_status":"COMPLETE"}
{"order_customer_id":10185,"order_id":1703,"order_status":"PENDING"}
{"order_customer_id":5310,"order_id":1704,"order_status":"COMPLETE"}
{"order_customer_id":157,"order_id":1705,"order_status":"PROCESSING"}
{"order_customer_id":3550,"order_id":1706,"order_status":"COMPLETE"}
{"order_customer_id":9559,"order_id":1707,"order_status":"COMPLETE"}
{"order_customer_id":87,"order_id":1708,"order_status":"COMPLETE"}
{"order_customer_id":7736,"order_id":1709,"order_status":"COMPLETE"}
{"order_customer_id":10659,"order_id":1710,"order_status":"CLOSED"}
{"order_customer_id":1153,"order_id":1711,"order_status":"COMPLETE"}
{"order_customer_id":33,"order_id":1712,"order_status":"COMPLETE"}
{"order_customer_id":8904,"order_id":1713,"order_status":"PROCESSING"}
{"order_customer_id":10107,"order_id":1714,"order_status":"PENDING_PAYMENT"}
{"order_customer_id":7546,"order_id":1715,"order_status":"COMPLETE"}
{"order_customer_id":8216,"order_id":1716,"order_status":"PENDING_PAYMENT"}
{"order_customer_id":51,"order_id":1717,"order_status":"PROCESSING"}
{"order_customer_id":7775,"order_id":1718,"order_status":"PENDING_PAYMENT"}
{"order_customer_id":940,"order_id":1719,"order_status":"ON_HOLD"}
{"order_customer_id":6688,"order_id":1720,"order_status":"PENDING"}
{"order_customer_id":4588,"order_id":1721,"order_status":"PENDING_PAYMENT"}
{"order_customer_id":11453,"order_id":1722,"order_status":"PENDING_PAYMENT"}
{"order_customer_id":5451,"order_id":1723,"order_status":"CLOSED"}
{"order_customer_id":2938,"order_id":1724,"order_status":"PENDING_PAYMENT"}
{"order_customer_id":1277,"order_id":1725,"order_status":"CLOSED"}
{"order_customer_id":2984,"order_id":1726,"order_status":"CLOSED"}
{"order_customer_id":8630,"order_id":1727,"order_status":"COMPLETE"}
{"order_customer_id":66,"order_id":1728,"order_status":"PENDING_PAYMENT"}
{"order_customer_id":7176,"order_id":1729,"order_status":"COMPLETE"}
{"order_customer_id":2,"order_id":57963,"order_status":"ON_HOLD"}
{"order_customer_id":102,"order_id":57964,"order_status":"PENDING_PAYMENT"}
{"order_customer_id":9198,"order_id":57965,"order_status":"PENDING_PAYMENT"}
{"order_customer_id":174,"order_id":57966,"order_status":"COMPLETE"}
{"order_customer_id":7043,"order_id":57967,"order_status":"PENDING_PAYMENT"}
{"order_customer_id":8310,"order_id":57968,"order_status":"COMPLETE"}
{"order_customer_id":5927,"order_id":57969,"order_status":"PROCESSING"}
{"order_customer_id":5471,"order_id":57970,"order_status":"COMPLETE"}
{"order_customer_id":5540,"order_id":57971,"order_status":"COMPLETE"}
{"order_customer_id":6948,"order_id":57972,"order_status":"CLOSED"}
{"order_customer_id":420,"order_id":57973,"order_status":"ON_HOLD"}
{"order_customer_id":9438,"order_id":57974,"order_status":"PROCESSING"}
{"order_customer_id":2017,"order_id":57975,"order_status":"COMPLETE"}
{"order_customer_id":6574,"order_id":57976,"order_status":"PENDING_PAYMENT"}
{"order_customer_id":5227,"order_id":57977,"order_status":"PENDING"}
{"order_customer_id":3189,"order_id":57978,"order_status":"CLOSED"}
{"order_customer_id":5548,"order_id":57979,"order_status":"PENDING"}
{"order_customer_id":5396,"order_id":57980,"order_status":"PENDING"}
{"order_customer_id":1593,"order_id":57981,"order_status":"PENDING_PAYMENT"}
{"order_customer_id":3565,"order_id":57982,"order_status":"PENDING"}
{"order_customer_id":3664,"order_id":57983,"order_status":"PENDING_PAYMENT"}
{"order_customer_id":7960,"order_id":67449,"order_status":"PENDING_PAYMENT"}
{"order_customer_id":11558,"order_id":67450,"order_status":"PENDING"}
{"order_customer_id":1376,"order_id":67451,"order_status":"COMPLETE"}
{"order_customer_id":5049,"order_id":67452,"order_status":"CLOSED"}
