{"order_customer_id":3439,"order_id":22917,"order_status":"PENDING"}
{"order_customer_id":12349,"order_id":22918,"order_status":"COMPLETE"}
{"order_customer_id":6845,"order_id":22919,"order_status":"SUSPECTED_FRAUD"}
{"order_customer_id":10529,"order_id":22920,"order_status":"COMPLETE"}
{"order_customer_id":3401,"order_id":22921,"order_status":"PENDING_PAYMENT"}
{"order_customer_id":1679,"order_id":22922,"order_status":"COMPLETE"}
{"order_customer_id":10138,"order_id":22923,"order_status":"COMPLETE"}
{"order_customer_id":9704,"order_id":22924,"order_status":"PENDING_PAYMENT"}
{"order_customer_id":9560,"order_id":22925,"order_status":"SUSPECTED_FRAUD"}
{"order_customer_id":7101,"order_id":22926,"order_status":"PROCESSING"}
{"order_customer_id":12431,"order_id":22927,"order_status":"CLOSED"}
{"order_customer_id":7285,"order_id":22928,"order_status":"PAYMENT_REVIEW"}
{"order_customer_id":4939,"order_id":22929,"order_status":"CLOSED"}
{"order_customer_id":6171,"order_id":22930,"order_status":"PAYMENT_REVIEW"}
{"order_customer_id":3421,"order_id":22931,"order_status":"COMPLETE"}
{"order_customer_id":9086,"order_id":22932,"order_status":"SUSPECTED_FRAUD"}
{"order_customer_id":8719,"order_id":22933,"order_status":"PENDING_PAYMENT"}
{"order_customer_id":10214,"order_id":22934,"order_status":"PENDING"}
{"order_customer_id":6060,"order_id":22935,"order_status":"COMPLETE"}
{"order_customer_id":27,"order_id":22936,"order_status":"CLOSED"}
{"order_customer_id":922,"order_id":22937,"order_status":"ON_HOLD"}
{"order_customer_id":3503,"order_id":22938,"order_status":"PENDING_PAYMENT"}
{"order_customer_id":4703,"order_id":22939,"order_status":"PENDING_PAYMENT"}
{"order_customer_id":9285,"order_id":22940,"order_status":"PENDING"}
{"order_customer_id":10248,"order_id":22941,"order_status":"PENDING_PAYMENT"}
{"order_customer_id":11633,"order_id":22942,"order_status":"PENDING_PAYMENT"}
{"order_customer_id":1061,"order_id":22943,"order_status":"PAYMENT_REVIEW"}
{"order_customer_id":1225,"order_id":22944,"order_status":"PENDING_PAYMENT"}
{"order_customer_id":1,"order_id":22945,"order_status":"COMPLETE"}
{"order_customer_id":4971,"order_id":22946,"order_status":"ON_HOLD"}
{"order_customer_id":3903,"order_id":22947,"order_status":"COMPLETE"}
{"order_customer_id":2511,"order_id":22948,"order_status":"CLOSED"}
{"order_customer_id":10923,"order_id":22949,"order_status":"CANCELED"}
{"order_customer_id":6535,"order_id":22950,"order_status":"PROCESSING"}
{"order_customer_id":5926,"order_id":22951,"order_status":"PENDING_PAYMENT"}
{"order_customer_id":430,"order_id":22952,"order_status":"CLOSED"}
{"order_customer_id":2308,"order_id":22953,"order_status":"PROCESSING"}
{"order_customer_id":7315,"order_id":22954,"order_status":"COMPLETE"}
{"order_customer_id":9360,"order_id":22955,"order_status":"COMPLETE"}
{"order_customer_id":1134,"order_id":22956,"order_status":"PENDING_PAYMENT"}
{"order_customer_id":1730,"order_id":22957,"order_status":"ON_HOLD"}
{"order_customer_id":6731,"order_id":22958,"order_status":"PENDING"}
{"order_customer_id":11002,"order_id":22959,"order_status":"CLOSED"}
{"order_customer_id":2140,"order_id":22960,"order_status":"PENDING_PAYMENT"}
{"order_customer_id":3860,"order_id":22961,"order_status":"PENDING_PAYMENT"}
{"order_customer_id":465,"order_id":22962,"order_status":"PROCESSING"}
{"order_customer_id":2462,"order_id":22963,"order_status":"PROCESSING"}
{"order_customer_id":2248,"order_id":22964,"order_status":"COMPLETE"}
{"order_customer_id":10885,"order_id":22965,"order_status":"CANCELED"}
{"order_customer_id":633,"order_id":22966,"order_status":"PENDING_PAYMENT"}
{"order_customer_id":4396,"order_id":22967,"order_status":"CLOSED"}
{"order_customer_id":1311,"order_id":22968,"order_status":"PROCESSING"}
{"order_customer_id":1485,"order_id":22969,"order_status":"PENDING_PAYMENT"}
{"order_customer_id":1162,"order_id":22970,"order_status":"COMPLETE"}
{"order_customer_id":2242,"order_id":22971,"order_status":"ON_HOLD"}
{"order_customer_id":8026,"order_id":22972,"order_status":"COMPLETE"}
{"order_customer_id":4066,"order_id":22973,"order_status":"COMPLETE"}
{"order_customer_id":1893,"order_id":22974,"order_status":"PENDING_PAYMENT"}
{"order_customer_id":1161,"order_id":22975,"order_status":"CANCELED"}
{"order_customer_id":5519,"order_id":22976,"order_status":"PROCESSING"}
{"order_customer_id":11234,"order_id":22977,"order_status":"ON_HOLD"}
{"order_customer_id":10628,"order_id":22978,"order_status":"CLOSED"}
{"order_customer_id":1798,"order_id":22979,"order_status":"COMPLETE"}
{"order_customer_id":12088,"order_id":22980,"order_status":"COMPLETE"}
{"order_customer_id":3430,"order_id":22981,"order_status":"COMPLETE"}
{"order_customer_id":11272,"order_id":22982,"order_status":"PENDING_PAYMENT"}
{"order_customer_id":259,"order_id":22983,"order_status":"PAYMENT_REVIEW"}
{"order_customer_id":7148,"order_id":22984,"order_status":"COMPLETE"}
{"order_customer_id":10933,"order_id":22985,"order_status":"CLOSED"}
{"order_customer_id":8567,"order_id":22986,"order_status":"PENDING_PAYMENT"}
{"order_customer_id":9440,"order_id":22987,"order_status":"COMPLETE"}
{"order_customer_id":4756,"order_id":22988,"order_status":"PROCESSING"}
{"order_customer_id":5740,"order_id":22989,"order_status":"PENDING_PAYMENT"}
{"order_customer_id":2792,"order_id":22990,"order_status":"PAYMENT_REVIEW"}
{"order_customer_id":9250,"order_id":22991,"order_status":"PENDING_PAYMENT"}
{"order_customer_id":7155,"order_id":22992,"order_status":"COMPLETE"}
{"order_customer_id":8089,"order_id":22993,"order_status":"COMPLETE"}
{"order_customer_id":7318,"order_id":22994,"order_status":"PENDING_PAYMENT"}
{"order_customer_id":5042,"order_id":22995,"order_status":"PENDING_PAYMENT"}
{"order_customer_id":4080,"order_id":22996,"order_status":"PENDING"}
{"order_customer_id":1453,"order_id":22997,"order_status":"COMPLETE"}
{"order_customer_id":12234,"order_id":22998,"order_status":"COMPLETE"}
{"order_customer_id":8606,"order_id":22999,"order_status":"COMPLETE"}
{"order_customer_id":11827,"order_id":23000,"order_status":"PROCESSING"}
{"order_customer_id":1937,"order_id":23001,"order_status":"COMPLETE"}
{"order_customer_id":10467,"order_id":23002,"order_status":"COMPLETE"}
{"order_customer_id":2164,"order_id":23003,"order_status":"COMPLETE"}
{"order_customer_id":3261,"order_id":23004,"order_status":"COMPLETE"}
{"order_customer_id":550,"order_id":23005,"order_status":"ON_HOLD"}
{"order_customer_id":1138,"order_id":61385,"order_status":"COMPLETE"}
{"order_customer_id":10170,"order_id":61386,"order_status":"COMPLETE"}
{"order_customer_id":8600,"order_id":61387,"order_status":"COMPLETE"}
{"order_customer_id":9596,"order_id":61388,"order_status":"PROCESSING"}
{"order_customer_id":11683,"order_id":61389,"order_status":"COMPLETE"}
{"order_customer_id":2504,"order_id":61390,"order_status":"CLOSED"}
{"order_customer_id":9324,"order_id":61391,"order_status":"COMPLETE"}
{"order_customer_id":2078,"order_id":61392,"order_status":"PENDING"}
{"order_customer_id":8948,"order_id":61393,"order_status":"PENDING_PAYMENT"}
{"order_customer_id":12141,"order_id":61394,"order_status":"PENDING_PAYMENT"}
{"order_customer_id":10931,"order_id":61395,"order_status":"COMPLETE"}
{"order_customer_id":1131,"order_id":61396,"order_status":"PENDING"}
{"order_customer_id":6487,"order_id":61397,"order_status":"COMPLETE"}
{"order_customer_id":4635,"order_id":61398,"order_status":"COMPLETE"}
{"order_customer_id":8652,"order_id":61399,"order_status":"PENDING"}
{"order_customer_id":904,"order_id":61400,"order_status":"SUSPECTED_FRAUD"}
{"order_customer_id":2959,"order_id":61401,"order_status":"PROCESSING"}
{"order_customer_id":5970,"order_id":61402,"order_status":"COMPLETE"}
{"order_customer_id":8285,"order_id":61403,"order_status":"COMPLETE"}
{"order_customer_id":3464,"order_id":61404,"order_status":"PENDING"}
{"order_customer_id":3526,"order_id":61405,"order_status":"COMPLETE"}
{"order_customer_id":63,"order_id":61406,"order_status":"COMPLETE"}
{"order_customer_id":9625,"order_id":61407,"order_status":"CLOSED"}
{"order_customer_id":4165,"order_id":61408,"order_status":"PROCESSING"}
{"order_customer_id":5693,"order_id":61409,"order_status":"PENDING_PAYMENT"}
{"order_customer_id":3941,"order_id":61410,"order_status":"PROCESSING"}
{"order_customer_id":1725,"order_id":61411,"order_status":"PROCESSING"}
{"order_customer_id":2646,"order_id":61412,"order_status":"CLOSED"}
{"order_customer_id":3228,"order_id":61413,"order_status":"COMPLETE"}
{"order_customer_id":7013,"order_id":61414,"order_status":"COMPLETE"}
{"order_customer_id":2856,"order_id":61415,"order_status":"CLOSED"}
{"order_customer_id":9188,"order_id":61416,"order_status":"PENDING"}
{"order_customer_id":296,"order_id":61417,"order_status":"COMPLETE"}
{"order_customer_id":1717,"order_id":61418,"order_status":"PENDING_PAYMENT"}
{"order_customer_id":11273,"order_id":61419,"order_status":"SUSPECTED_FRAUD"}
{"order_customer_id":11164,"order_id":61420,"order_status":"PENDING"}
{"order_customer_id":5896,"order_id":61421,"order_status":"COMPLETE"}
{"order_customer_id":6082,"order_id":61422,"order_status":"PROCESSING"}
{"order_customer_id":8613,"order_id":61423,"order_status":"PENDING_PAYMENT"}
{"order_customer_id":7803,"order_id":61424,"order_status":"PENDING_PAYMENT"}
{"order_customer_id":10062,"order_id":61425,"order_status":"ON_HOLD"}
{"order_customer_id":6278,"order_id":61426,"order_status":"CLOSED"}
{"order_customer_id":2615,"order_id":67906,"order_status":"COMPLETE"}
{"order_customer_id":6170,"order_id":67907,"order_status":"CLOSED"}
{"order_customer_id":796,"order_id":67908,"order_status":"COMPLETE"}
{"order_customer_id":1296,"order_id":68769,"order_status":"PROCESSING"}
