{"order_customer_id":11251,"order_id":40468,"order_status":"ON_HOLD"}
{"order_customer_id":207,"order_id":40469,"order_status":"PROCESSING"}
{"order_customer_id":12223,"order_id":40470,"order_status":"PENDING_PAYMENT"}
{"order_customer_id":8847,"order_id":40471,"order_status":"ON_HOLD"}
{"order_customer_id":3697,"order_id":40472,"order_status":"PENDING_PAYMENT"}
{"order_customer_id":1466,"order_id":40473,"order_status":"COMPLETE"}
{"order_customer_id":2734,"order_id":40474,"order_status":"PENDING_PAYMENT"}
{"order_customer_id":653,"order_id":40475,"order_status":"COMPLETE"}
{"order_customer_id":4313,"order_id":40476,"order_status":"PENDING"}
{"order_customer_id":4080,"order_id":40477,"order_status":"CLOSED"}
{"order_customer_id":12345,"order_id":40478,"order_status":"COMPLETE"}
{"order_customer_id":4894,"order_id":40479,"order_status":"CLOSED"}
{"order_customer_id":11336,"order_id":40480,"order_status":"PENDING"}
{"order_customer_id":4514,"order_id":40481,"order_status":"PROCESSING"}
{"order_customer_id":12166,"order_id":40482,"order_status":"COMPLETE"}
{"order_customer_id":2646,"order_id":40483,"order_status":"PROCESSING"}
{"order_customer_id":7698,"order_id":40484,"order_status":"PENDING"}
{"order_customer_id":8156,"order_id":40485,"order_status":"COMPLETE"}
{"order_customer_id":5139,"order_id":40486,"order_status":"COMPLETE"}
{"order_customer_id":6708,"order_id":40487,"order_status":"PENDING_PAYMENT"}
{"order_customer_id":8085,"order_id":40488,"order_status":"PENDING_PAYMENT"}
{"order_customer_id":10803,"order_id":40489,"order_status":"COMPLETE"}
{"order_customer_id":12197,"order_id":40490,"order_status":"PENDING"}
{"order_customer_id":8892,"order_id":40491,"order_status":"PENDING"}
{"order_customer_id":7767,"order_id":40492,"order_status":"COMPLETE"}
{"order_customer_id":11254,"order_id":40493,"order_status":"COMPLETE"}
{"order_customer_id":1542,"order_id":40494,"order_status":"COMPLETE"}
{"order_customer_id":2784,"order_id":40495,"order_status":"SUSPECTED_FRAUD"}
{"order_customer_id":2154,"order_id":40496,"order_status":"COMPLETE"}
{"order_customer_id":4203,"order_id":40497,"order_status":"PENDING"}
{"order_customer_id":4469,"order_id":40498,"order_status":"PENDING_PAYMENT"}
{"order_customer_id":12237,"order_id":40499,"order_status":"PENDING_PAYMENT"}
{"order_customer_id":11658,"order_id":40500,"order_status":"PENDING"}
{"order_customer_id":2218,"order_id":40501,"order_status":"ON_HOLD"}
{"order_customer_id":9713,"order_id":40502,"order_status":"PENDING_PAYMENT"}
{"order_customer_id":605,"order_id":40503,"order_status":"PENDING_PAYMENT"}
{"order_customer_id":4913,"order_id":40504,"order_status":"CLOSED"}
{"order_customer_id":1966,"order_id":40505,"order_status":"PENDING_PAYMENT"}
{"order_customer_id":7706,"order_id":40506,"order_status":"PROCESSING"}
{"order_customer_id":1023,"order_id":40507,"order_status":"COMPLETE"}
{"order_customer_id":660,"order_id":40508,"order_status":"PENDING_PAYMENT"}
{"order_customer_id":12297,"order_id":40509,"order_status":"COMPLETE"}
{"order_customer_id":7504,"order_id":40510,"order_status":"PENDING"}
{"order_customer_id":2089,"order_id":40511,"order_status":"PROCESSING"}
{"order_customer_id":10036,"order_id":40512,"order_status":"COMPLETE"}
{"order_customer_id":9132,"order_id":40513,"order_status":"COMPLETE"}
{"order_customer_id":7043,"order_id":40514,"order_status":"PENDING_PAYMENT"}
{"order_customer_id":10952,"order_id":40515,"order_status":"COMPLETE"}
{"order_customer_id":4967,"order_id":40516,"order_status":"PENDING"}
{"order_customer_id":5737,"order_id":40517,"order_status":"COMPLETE"}
{"order_customer_id":1988,"order_id":40518,"order_status":"CLOSED"}
{"order_customer_id":4424,"order_id":40519,"order_status":"PENDING_PAYMENT"}
{"order_customer_id":6741,"order_id":40520,"order_status":"COMPLETE"}
{"order_customer_id":11237,"order_id":40521,"order_status":"CLOSED"}
{"order_customer_id":12235,"order_id":40522,"order_status":"COMPLETE"}
{"order_customer_id":7512,"order_id":40523,"order_status":"PENDING_PAYMENT"}
{"order_customer_id":11457,"order_id":40524,"order_status":"COMPLETE"}
{"order_customer_id":7752,"order_id":40525,"order_status":"CLOSED"}
{"order_customer_id":618,"order_id":40526,"order_status":"COMPLETE"}
{"order_customer_id":1773,"order_id":40527,"order_status":"PENDING"}
{"order_customer_id":11856,"order_id":40528,"order_status":"PENDING"}
{"order_customer_id":9665,"order_id":40529,"order_status":"PENDING_PAYMENT"}
{"order_customer_id":8694,"order_id":40530,"order_status":"PROCESSING"}
{"order_customer_id":6565,"order_id":40531,"order_status":"PENDING_PAYMENT"}
{"order_customer_id":68,"order_id":40532,"order_status":"SUSPECTED_FRAUD"}
{"order_customer_id":5261,"order_id":40533,"order_status":"COMPLETE"}
{"order_customer_id":10130,"order_id":40534,"order_status":"CANCELED"}
{"order_customer_id":1341,"order_id":40535,"order_status":"ON_HOLD"}
{"order_customer_id":10576,"order_id":40536,"order_status":"COMPLETE"}
{"order_customer_id":2005,"order_id":40537,"order_status":"SUSPECTED_FRAUD"}
{"order_customer_id":6071,"order_id":40538,"order_status":"CLOSED"}
{"order_customer_id":5926,"order_id":40539,"order_status":"COMPLETE"}
{"order_customer_id":10292,"order_id":40540,"order_status":"COMPLETE"}
{"order_customer_id":8198,"order_id":40541,"order_status":"SUSPECTED_FRAUD"}
{"order_customer_id":5877,"order_id":40542,"order_status":"PENDING_PAYMENT"}
{"order_customer_id":12098,"order_id":40543,"order_status":"PROCESSING"}
{"order_customer_id":11017,"order_id":40544,"order_status":"COMPLETE"}
{"order_customer_id":1874,"order_id":40545,"order_status":"ON_HOLD"}
{"order_customer_id":7432,"order_id":40546,"order_status":"PENDING"}
{"order_customer_id":6446,"order_id":40547,"order_status":"COMPLETE"}
{"order_customer_id":7494,"order_id":40548,"order_status":"PENDING"}
{"order_customer_id":5727,"order_id":40549,"order_status":"PROCESSING"}
{"order_customer_id":3608,"order_id":40550,"order_status":"CLOSED"}
{"order_customer_id":8155,"order_id":40551,"order_status":"PROCESSING"}
{"order_customer_id":2489,"order_id":40552,"order_status":"COMPLETE"}
{"order_customer_id":6329,"order_id":40553,"order_status":"COMPLETE"}
{"order_customer_id":7919,"order_id":40554,"order_status":"CLOSED"}
{"order_customer_id":697,"order_id":40555,"order_status":"PROCESSING"}
{"order_customer_id":10810,"order_id":40556,"order_status":"PENDING"}
{"order_customer_id":1060,"order_id":40557,"order_status":"CANCELED"}
{"order_customer_id":4267,"order_id":40558,"order_status":"PENDING_PAYMENT"}
{"order_customer_id":6092,"order_id":40559,"order_status":"COMPLETE"}
{"order_customer_id":6060,"order_id":40560,"order_status":"PENDING_PAYMENT"}
{"order_customer_id":1716,"order_id":40561,"order_status":"COMPLETE"}
{"order_customer_id":6909,"order_id":40562,"order_status":"CLOSED"}
{"order_customer_id":6896,"order_id":40563,"order_status":"PROCESSING"}
{"order_customer_id":12350,"order_id":40564,"order_status":"CLOSED"}
{"order_customer_id":5950,"order_id":40565,"order_status":"SUSPECTED_FRAUD"}
{"order_customer_id":4894,"order_id":40566,"order_status":"PENDING_PAYMENT"}
{"order_customer_id":12309,"order_id":40567,"order_status":"COMPLETE"}
{"order_customer_id":1104,"order_id":40568,"order_status":"CLOSED"}
{"order_customer_id":9704,"order_id":40569,"order_status":"PENDING_PAYMENT"}
{"order_customer_id":10444,"order_id":40570,"order_status":"CLOSED"}
{"order_customer_id":7867,"order_id":40571,"order_status":"COMPLETE"}
{"order_customer_id":2196,"order_id":40572,"order_status":"PROCESSING"}
{"order_customer_id":4087,"order_id":40573,"order_status":"COMPLETE"}
{"order_customer_id":1828,"order_id":40574,"order_status":"PENDING"}
{"order_customer_id":4684,"order_id":40575,"order_status":"PROCESSING"}
{"order_customer_id":5732,"order_id":40576,"order_status":"ON_HOLD"}
{"order_customer_id":3669,"order_id":40577,"order_status":"COMPLETE"}
{"order_customer_id":1618,"order_id":40578,"order_status":"PENDING"}
{"order_customer_id":4477,"order_id":40579,"order_status":"PAYMENT_REVIEW"}
{"order_customer_id":4878,"order_id":40580,"order_status":"PENDING_PAYMENT"}
{"order_customer_id":6383,"order_id":40581,"order_status":"CLOSED"}
{"order_customer_id":238,"order_id":40582,"order_status":"PROCESSING"}
{"order_customer_id":3999,"order_id":40583,"order_status":"SUSPECTED_FRAUD"}
{"order_customer_id":5116,"order_id":40584,"order_status":"CANCELED"}
{"order_customer_id":9223,"order_id":40585,"order_status":"COMPLETE"}
{"order_customer_id":9848,"order_id":40586,"order_status":"COMPLETE"}
{"order_customer_id":1415,"order_id":40587,"order_status":"COMPLETE"}
{"order_customer_id":6434,"order_id":40588,"order_status":"COMPLETE"}
{"order_customer_id":1458,"order_id":40589,"order_status":"SUSPECTED_FRAUD"}
{"order_customer_id":7650,"order_id":40590,"order_status":"PROCESSING"}
{"order_customer_id":12327,"order_id":40591,"order_status":"COMPLETE"}
{"order_customer_id":2905,"order_id":40592,"order_status":"COMPLETE"}
{"order_customer_id":10712,"order_id":40593,"order_status":"PENDING_PAYMENT"}
{"order_customer_id":317,"order_id":40594,"order_status":"PROCESSING"}
{"order_customer_id":1639,"order_id":40595,"order_status":"COMPLETE"}
{"order_customer_id":11335,"order_id":40596,"order_status":"COMPLETE"}
{"order_customer_id":206,"order_id":40597,"order_status":"COMPLETE"}
{"order_customer_id":4679,"order_id":40598,"order_status":"PENDING"}
{"order_customer_id":1735,"order_id":40599,"order_status":"CLOSED"}
{"order_customer_id":4990,"order_id":40600,"order_status":"PENDING"}
{"order_customer_id":9971,"order_id":40601,"order_status":"PROCESSING"}
{"order_customer_id":7618,"order_id":40602,"order_status":"COMPLETE"}
{"order_customer_id":10435,"order_id":40603,"order_status":"COMPLETE"}
{"order_customer_id":11113,"order_id":40604,"order_status":"PROCESSING"}
{"order_customer_id":3586,"order_id":40605,"order_status":"PENDING"}
{"order_customer_id":9558,"order_id":40606,"order_status":"PROCESSING"}
{"order_customer_id":2740,"order_id":40607,"order_status":"PENDING_PAYMENT"}
{"order_customer_id":7191,"order_id":40608,"order_status":"CANCELED"}
{"order_customer_id":5299,"order_id":40609,"order_status":"COMPLETE"}
{"order_customer_id":10984,"order_id":40610,"order_status":"ON_HOLD"}
{"order_customer_id":4581,"order_id":40611,"order_status":"CLOSED"}
{"order_customer_id":848,"order_id":40612,"order_status":"COMPLETE"}
{"order_customer_id":2301,"order_id":40613,"order_status":"COMPLETE"}
{"order_customer_id":4792,"order_id":40614,"order_status":"COMPLETE"}
{"order_customer_id":3889,"order_id":40615,"order_status":"PROCESSING"}
{"order_customer_id":7370,"order_id":40616,"order_status":"PENDING_PAYMENT"}
{"order_customer_id":6404,"order_id":40617,"order_status":"COMPLETE"}
{"order_customer_id":6767,"order_id":40618,"order_status":"PENDING_PAYMENT"}
{"order_customer_id":11743,"order_id":40619,"order_status":"ON_HOLD"}
{"order_customer_id":8524,"order_id":40620,"order_status":"COMPLETE"}
{"order_customer_id":11988,"order_id":40621,"order_status":"PENDING_PAYMENT"}
{"order_customer_id":208,"order_id":40622,"order_status":"COMPLETE"}
{"order_customer_id":11954,"order_id":40623,"order_status":"PENDING_PAYMENT"}
{"order_customer_id":1881,"order_id":40624,"order_status":"PENDING"}
{"order_customer_id":6277,"order_id":40625,"order_status":"PENDING"}
{"order_customer_id":3065,"order_id":40626,"order_status":"PROCESSING"}
{"order_customer_id":5794,"order_id":40627,"order_status":"CLOSED"}
{"order_customer_id":11019,"order_id":40628,"order_status":"PENDING"}
{"order_customer_id":9651,"order_id":40629,"order_status":"PENDING"}
{"order_customer_id":3218,"order_id":40630,"order_status":"COMPLETE"}
{"order_customer_id":4157,"order_id":40631,"order_status":"COMPLETE"}
{"order_customer_id":3229,"order_id":40632,"order_status":"PENDING_PAYMENT"}
{"order_customer_id":9366,"order_id":40633,"order_status":"COMPLETE"}
{"order_customer_id":12279,"order_id":40634,"order_status":"PROCESSING"}
{"order_customer_id":2913,"order_id":40635,"order_status":"PENDING_PAYMENT"}
{"order_customer_id":10600,"order_id":40636,"order_status":"CLOSED"}
{"order_customer_id":10458,"order_id":40637,"order_status":"CLOSED"}
{"order_customer_id":5465,"order_id":40638,"order_status":"PROCESSING"}
{"order_customer_id":3232,"order_id":40639,"order_status":"COMPLETE"}
{"order_customer_id":2462,"order_id":40640,"order_status":"COMPLETE"}
{"order_customer_id":2373,"order_id":40641,"order_status":"COMPLETE"}
{"order_customer_id":8086,"order_id":40642,"order_status":"CLOSED"}
{"order_customer_id":5935,"order_id":40643,"order_status":"PROCESSING"}
{"order_customer_id":864,"order_id":40644,"order_status":"PENDING_PAYMENT"}
{"order_customer_id":3104,"order_id":40645,"order_status":"PENDING_PAYMENT"}
{"order_customer_id":6971,"order_id":40646,"order_status":"PENDING"}
{"order_customer_id":3814,"order_id":40647,"order_status":"PROCESSING"}
{"order_customer_id":6755,"order_id":40648,"order_status":"COMPLETE"}
{"order_customer_id":8379,"order_id":40649,"order_status":"PROCESSING"}
{"order_customer_id":6858,"order_id":40650,"order_status":"PENDING_PAYMENT"}
{"order_customer_id":7341,"order_id":40651,"order_status":"COMPLETE"}
{"order_customer_id":11859,"order_id":40652,"order_status":"PROCESSING"}
{"order_customer_id":5583,"order_id":40653,"order_status":"CLOSED"}
{"order_customer_id":3715,"order_id":40654,"order_status":"PENDING"}
{"order_customer_id":1636,"order_id":40655,"order_status":"COMPLETE"}
{"order_customer_id":1159,"order_id":40656,"order_status":"PENDING_PAYMENT"}
{"order_customer_id":4453,"order_id":40657,"order_status":"COMPLETE"}
{"order_customer_id":2876,"order_id":40658,"order_status":"PENDING"}
{"order_customer_id":8679,"order_id":40659,"order_status":"ON_HOLD"}
{"order_customer_id":7141,"order_id":64261,"order_status":"ON_HOLD"}
{"order_customer_id":3909,"order_id":64262,"order_status":"PENDING_PAYMENT"}
{"order_customer_id":3299,"order_id":64263,"order_status":"PROCESSING"}
{"order_customer_id":311,"order_id":64264,"order_status":"PENDING_PAYMENT"}
{"order_customer_id":1589,"order_id":64265,"order_status":"COMPLETE"}
{"order_customer_id":8800,"order_id":64266,"order_status":"COMPLETE"}
{"order_customer_id":10240,"order_id":64267,"order_status":"COMPLETE"}
{"order_customer_id":113,"order_id":64268,"order_status":"COMPLETE"}
{"order_customer_id":8382,"order_id":64269,"order_status":"COMPLETE"}
{"order_customer_id":9218,"order_id":64270,"order_status":"PROCESSING"}
{"order_customer_id":1631,"order_id":64271,"order_status":"CLOSED"}
{"order_customer_id":6444,"order_id":64272,"order_status":"PENDING_PAYMENT"}
{"order_customer_id":8247,"order_id":64273,"order_status":"COMPLETE"}
{"order_customer_id":12019,"order_id":64274,"order_status":"CANCELED"}
{"order_customer_id":11124,"order_id":64275,"order_status":"PENDING_PAYMENT"}
{"order_customer_id":4943,"order_id":64276,"order_status":"CLOSED"}
{"order_customer_id":998,"order_id":64277,"order_status":"PENDING_PAYMENT"}
{"order_customer_id":3084,"order_id":64278,"order_status":"COMPLETE"}
{"order_customer_id":1965,"order_id":64279,"order_status":"PENDING_PAYMENT"}
{"order_customer_id":364,"order_id":64280,"order_status":"ON_HOLD"}
{"order_customer_id":140,"order_id":64281,"order_status":"PENDING"}
{"order_customer_id":1175,"order_id":64282,"order_status":"PENDING"}
{"order_customer_id":2803,"order_id":64283,"order_status":"PENDING_PAYMENT"}
{"order_customer_id":1535,"order_id":64284,"order_status":"PROCESSING"}
{"order_customer_id":2792,"order_id":64285,"order_status":"COMPLETE"}
{"order_customer_id":7510,"order_id":64286,"order_status":"PROCESSING"}
{"order_customer_id":692,"order_id":64287,"order_status":"PENDING_PAYMENT"}
{"order_customer_id":8648,"order_id":64288,"order_status":"PROCESSING"}
{"order_customer_id":2687,"order_id":68296,"order_status":"ON_HOLD"}
{"order_customer_id":10844,"order_id":68297,"order_status":"COMPLETE"}
{"order_customer_id":1631,"order_id":68298,"order_status":"COMPLETE"}
