{"order_customer_id":3094,"order_id":4547,"order_status":"PENDING_PAYMENT"}
{"order_customer_id":12045,"order_id":4548,"order_status":"PENDING_PAYMENT"}
{"order_customer_id":7519,"order_id":4549,"order_status":"PENDING_PAYMENT"}
{"order_customer_id":549,"order_id":4550,"order_status":"PROCESSING"}
{"order_customer_id":1689,"order_id":4551,"order_status":"PENDING"}
{"order_customer_id":4993,"order_id":4552,"order_status":"ON_HOLD"}
{"order_customer_id":302,"order_id":4553,"order_status":"CLOSED"}
{"order_customer_id":10421,"order_id":4554,"order_status":"PENDING_PAYMENT"}
{"order_customer_id":9097,"order_id":4555,"order_status":"ON_HOLD"}
{"order_customer_id":904,"order_id":4556,"order_status":"COMPLETE"}
{"order_customer_id":2521,"order_id":4557,"order_status":"PENDING_PAYMENT"}
{"order_customer_id":10116,"order_id":4558,"order_status":"SUSPECTED_FRAUD"}
{"order_customer_id":675,"order_id":4559,"order_status":"PENDING_PAYMENT"}
{"order_customer_id":2851,"order_id":4560,"order_status":"PENDING"}
{"order_customer_id":7037,"order_id":4561,"order_status":"COMPLETE"}
{"order_customer_id":5901,"order_id":4562,"order_status":"COMPLETE"}
{"order_customer_id":6355,"order_id":4563,"order_status":"COMPLETE"}
{"order_customer_id":2615,"order_id":4564,"order_status":"COMPLETE"}
{"order_customer_id":11449,"order_id":4565,"order_status":"COMPLETE"}
{"order_customer_id":6337,"order_id":4566,"order_status":"PENDING_PAYMENT"}
{"order_customer_id":11931,"order_id":4567,"order_status":"CANCELED"}
{"order_customer_id":264,"order_id":4568,"order_status":"COMPLETE"}
{"order_customer_id":2216,"order_id":4569,"order_status":"ON_HOLD"}
{"order_customer_id":3407,"order_id":4570,"order_status":"ON_HOLD"}
{"order_customer_id":10586,"order_id":4571,"order_status":"COMPLETE"}
{"order_customer_id":11043,"order_id":4572,"order_status":"PENDING"}
{"order_customer_id":9053,"order_id":4573,"order_status":"COMPLETE"}
{"order_customer_id":2404,"order_id":4574,"order_status":"PROCESSING"}
{"order_customer_id":3462,"order_id":4575,"order_status":"PENDING_PAYMENT"}
{"order_customer_id":3369,"order_id":4576,"order_status":"PENDING_PAYMENT"}
{"order_customer_id":4940,"order_id":4577,"order_status":"PENDING"}
{"order_customer_id":12164,"order_id":4578,"order_status":"COMPLETE"}
{"order_customer_id":6331,"order_id":4579,"order_status":"PROCESSING"}
{"order_customer_id":5400,"order_id":4580,"order_status":"ON_HOLD"}
{"order_customer_id":8407,"order_id":4581,"order_status":"PENDING"}
{"order_customer_id":5068,"order_id":4582,"order_status":"PENDING_PAYMENT"}
{"order_customer_id":11217,"order_id":4583,"order_status":"ON_HOLD"}
{"order_customer_id":5106,"order_id":4584,"order_status":"COMPLETE"}
{"order_customer_id":501,"order_id":4585,"order_status":"CANCELED"}
{"order_customer_id":418,"order_id":4586,"order_status":"PENDING_PAYMENT"}
{"order_customer_id":6178,"order_id":4587,"order_status":"COMPLETE"}
{"order_customer_id":11287,"order_id":4588,"order_status":"PROCESSING"}
{"order_customer_id":5218,"order_id":4589,"order_status":"PROCESSING"}
{"order_customer_id":2357,"order_id":4590,"order_status":"COMPLETE"}
{"order_customer_id":2961,"order_id":4591,"order_status":"CANCELED"}
{"order_customer_id":9152,"order_id":4592,"order_status":"PENDING"}
{"order_customer_id":3428,"order_id":4593,"order_status":"PROCESSING"}
{"order_customer_id":2728,"order_id":4594,"order_status":"CLOSED"}
{"order_customer_id":959,"order_id":4595,"order_status":"COMPLETE"}
{"order_customer_id":7909,"order_id":4596,"order_status":"CLOSED"}
{"order_customer_id":2302,"order_id":4597,"order_status":"COMPLETE"}
{"order_customer_id":9573,"order_id":4598,"order_status":"PENDING"}
{"order_customer_id":7021,"order_id":4599,"order_status":"CLOSED"}
{"order_customer_id":12035,"order_id":4600,"order_status":"COMPLETE"}
{"order_customer_id":11529,"order_id":4601,"order_status":"PENDING_PAYMENT"}
{"order_customer_id":791,"order_id":4602,"order_status":"PENDING_PAYMENT"}
{"order_customer_id":7757,"order_id":4603,"order_status":"PENDING_PAYMENT"}
{"order_customer_id":11740,"order_id":4604,"order_status":"PENDING"}
{"order_customer_id":5072,"order_id":4605,"order_status":"CLOSED"}
{"order_customer_id":4246,"order_id":4606,"order_status":"COMPLETE"}
{"order_customer_id":8324,"order_id":4607,"order_status":"COMPLETE"}
{"order_customer_id":3736,"order_id":4608,"order_status":"CANCELED"}
{"order_customer_id":8981,"order_id":4609,"order_status":"PENDING_PAYMENT"}
{"order_customer_id":7185,"order_id":4610,"order_status":"SUSPECTED_FRAUD"}
{"order_customer_id":7415,"order_id":4611,"order_status":"COMPLETE"}
{"order_customer_id":1007,"order_id":4612,"order_status":"PENDING"}
{"order_customer_id":8205,"order_id":4613,"order_status":"ON_HOLD"}
{"order_customer_id":6446,"order_id":4614,"order_status":"COMPLETE"}
{"order_customer_id":1024,"order_id":4615,"order_status":"COMPLETE"}
{"order_customer_id":6736,"order_id":4616,"order_status":"PENDING"}
{"order_customer_id":6360,"order_id":4617,"order_status":"PENDING_PAYMENT"}
{"order_customer_id":4473,"order_id":4618,"order_status":"ON_HOLD"}
{"order_customer_id":6374,"order_id":4619,"order_status":"PENDING_PAYMENT"}
{"order_customer_id":9526,"order_id":4620,"order_status":"PENDING"}
{"order_customer_id":400,"order_id":4621,"order_status":"PROCESSING"}
{"order_customer_id":5280,"order_id":4622,"order_status":"CLOSED"}
{"order_customer_id":897,"order_id":4623,"order_status":"ON_HOLD"}
{"order_customer_id":4172,"order_id":4624,"order_status":"PENDING"}
{"order_customer_id":11427,"order_id":4625,"order_status":"PENDING"}
{"order_customer_id":2885,"order_id":4626,"order_status":"COMPLETE"}
{"order_customer_id":6452,"order_id":4627,"order_status":"CLOSED"}
{"order_customer_id":12004,"order_id":4628,"order_status":"PROCESSING"}
{"order_customer_id":8751,"order_id":4629,"order_status":"PENDING"}
{"order_customer_id":1792,"order_id":4630,"order_status":"PENDING_PAYMENT"}
{"order_customer_id":8461,"order_id":4631,"order_status":"ON_HOLD"}
{"order_customer_id":3262,"order_id":4632,"order_status":"PROCESSING"}
{"order_customer_id":6233,"order_id":4633,"order_status":"COMPLETE"}
{"order_customer_id":4364,"order_id":4634,"order_status":"COMPLETE"}
{"order_customer_id":9894,"order_id":4635,"order_status":"COMPLETE"}
{"order_customer_id":10099,"order_id":4636,"order_status":"COMPLETE"}
{"order_customer_id":5045,"order_id":4637,"order_status":"CLOSED"}
{"order_customer_id":10584,"order_id":4638,"order_status":"COMPLETE"}
{"order_customer_id":8386,"order_id":4639,"order_status":"COMPLETE"}
{"order_customer_id":11540,"order_id":4640,"order_status":"COMPLETE"}
{"order_customer_id":5403,"order_id":4641,"order_status":"CLOSED"}
{"order_customer_id":5631,"order_id":4642,"order_status":"CLOSED"}
{"order_customer_id":6639,"order_id":4643,"order_status":"COMPLETE"}
{"order_customer_id":5565,"order_id":4644,"order_status":"PROCESSING"}
{"order_customer_id":11880,"order_id":4645,"order_status":"PENDING_PAYMENT"}
{"order_customer_id":4706,"order_id":4646,"order_status":"PENDING"}
{"order_customer_id":7140,"order_id":4647,"order_status":"PAYMENT_REVIEW"}
{"order_customer_id":3304,"order_id":4648,"order_status":"ON_HOLD"}
{"order_customer_id":2691,"order_id":4649,"order_status":"PROCESSING"}
{"order_customer_id":5696,"order_id":4650,"order_status":"PENDING_PAYMENT"}
{"order_customer_id":5872,"order_id":4651,"order_status":"PENDING_PAYMENT"}
{"order_customer_id":4745,"order_id":4652,"order_status":"PAYMENT_REVIEW"}
{"order_customer_id":7224,"order_id":4653,"order_status":"PENDING"}
{"order_customer_id":5832,"order_id":4654,"order_status":"SUSPECTED_FRAUD"}
{"order_customer_id":9521,"order_id":4655,"order_status":"PENDING_PAYMENT"}
{"order_customer_id":875,"order_id":4656,"order_status":"PENDING_PAYMENT"}
{"order_customer_id":4082,"order_id":4657,"order_status":"COMPLETE"}
{"order_customer_id":2830,"order_id":4658,"order_status":"PENDING_PAYMENT"}
{"order_customer_id":3295,"order_id":4659,"order_status":"PENDING_PAYMENT"}
{"order_customer_id":9884,"order_id":4660,"order_status":"PROCESSING"}
{"order_customer_id":1575,"order_id":4661,"order_status":"COMPLETE"}
{"order_customer_id":11336,"order_id":4662,"order_status":"COMPLETE"}
{"order_customer_id":3723,"order_id":4663,"order_status":"CLOSED"}
{"order_customer_id":8124,"order_id":4664,"order_status":"PROCESSING"}
{"order_customer_id":1436,"order_id":4665,"order_status":"COMPLETE"}
{"order_customer_id":8045,"order_id":4666,"order_status":"PENDING"}
{"order_customer_id":8108,"order_id":4667,"order_status":"COMPLETE"}
{"order_customer_id":3851,"order_id":4668,"order_status":"ON_HOLD"}
{"order_customer_id":231,"order_id":4669,"order_status":"CLOSED"}
{"order_customer_id":5969,"order_id":4670,"order_status":"PENDING_PAYMENT"}
{"order_customer_id":9325,"order_id":4671,"order_status":"COMPLETE"}
{"order_customer_id":11804,"order_id":4672,"order_status":"CLOSED"}
{"order_customer_id":140,"order_id":4673,"order_status":"PENDING_PAYMENT"}
{"order_customer_id":5193,"order_id":4674,"order_status":"PENDING"}
{"order_customer_id":10083,"order_id":4675,"order_status":"COMPLETE"}
{"order_customer_id":1806,"order_id":4676,"order_status":"PENDING"}
{"order_customer_id":7093,"order_id":4677,"order_status":"PENDING_PAYMENT"}
{"order_customer_id":9377,"order_id":4678,"order_status":"COMPLETE"}
{"order_customer_id":6517,"order_id":4679,"order_status":"COMPLETE"}
{"order_customer_id":10672,"order_id":4680,"order_status":"ON_HOLD"}
{"order_customer_id":11799,"order_id":4681,"order_status":"COMPLETE"}
{"order_customer_id":7872,"order_id":4682,"order_status":"COMPLETE"}
{"order_customer_id":5667,"order_id":4683,"order_status":"COMPLETE"}
{"order_customer_id":9641,"order_id":4684,"order_status":"ON_HOLD"}
{"order_customer_id":5648,"order_id":4685,"order_status":"CLOSED"}
{"order_customer_id":6548,"order_id":4686,"order_status":"PROCESSING"}
{"order_customer_id":1761,"order_id":4687,"order_status":"COMPLETE"}
{"order_customer_id":7886,"order_id":4688,"order_status":"PENDING_PAYMENT"}
{"order_customer_id":11746,"order_id":4689,"order_status":"PROCESSING"}
{"order_customer_id":61,"order_id":4690,"order_status":"COMPLETE"}
{"order_customer_id":5371,"order_id":4691,"order_status":"PENDING_PAYMENT"}
{"order_customer_id":3627,"order_id":4692,"order_status":"COMPLETE"}
{"order_customer_id":11622,"order_id":4693,"order_status":"PROCESSING"}
{"order_customer_id":518,"order_id":4694,"order_status":"PENDING_PAYMENT"}
{"order_customer_id":10572,"order_id":4695,"order_status":"COMPLETE"}
{"order_customer_id":10790,"order_id":4696,"order_status":"PROCESSING"}
{"order_customer_id":11088,"order_id":4697,"order_status":"PENDING_PAYMENT"}
{"order_customer_id":2433,"order_id":4698,"order_status":"CANCELED"}
{"order_customer_id":9541,"order_id":4699,"order_status":"CLOSED"}
{"order_customer_id":2804,"order_id":4700,"order_status":"COMPLETE"}
{"order_customer_id":7330,"order_id":4701,"order_status":"ON_HOLD"}
{"order_customer_id":7891,"order_id":4702,"order_status":"PROCESSING"}
{"order_customer_id":8605,"order_id":4703,"order_status":"PENDING_PAYMENT"}
{"order_customer_id":8413,"order_id":4704,"order_status":"COMPLETE"}
{"order_customer_id":8810,"order_id":4705,"order_status":"COMPLETE"}
{"order_customer_id":8630,"order_id":4706,"order_status":"COMPLETE"}
{"order_customer_id":2171,"order_id":4707,"order_status":"PENDING"}
{"order_customer_id":5887,"order_id":4708,"order_status":"COMPLETE"}
{"order_customer_id":8118,"order_id":4709,"order_status":"COMPLETE"}
{"order_customer_id":2376,"order_id":4710,"order_status":"COMPLETE"}
{"order_customer_id":10031,"order_id":4711,"order_status":"COMPLETE"}
{"order_customer_id":1888,"order_id":58472,"order_status":"PENDING"}
{"order_customer_id":6516,"order_id":58473,"order_status":"PENDING_PAYMENT"}
{"order_customer_id":3470,"order_id":58474,"order_status":"PAYMENT_REVIEW"}
{"order_customer_id":5771,"order_id":58475,"order_status":"PENDING_PAYMENT"}
{"order_customer_id":9365,"order_id":58476,"order_status":"COMPLETE"}
{"order_customer_id":8198,"order_id":58477,"order_status":"COMPLETE"}
{"order_customer_id":2641,"order_id":58478,"order_status":"PENDING_PAYMENT"}
{"order_customer_id":3951,"order_id":58479,"order_status":"COMPLETE"}
{"order_customer_id":6417,"order_id":58480,"order_status":"CANCELED"}
{"order_customer_id":6529,"order_id":58481,"order_status":"PENDING_PAYMENT"}
{"order_customer_id":5369,"order_id":58482,"order_status":"CLOSED"}
{"order_customer_id":6342,"order_id":58483,"order_status":"COMPLETE"}
{"order_customer_id":10919,"order_id":58484,"order_status":"PENDING"}
{"order_customer_id":4467,"order_id":58485,"order_status":"COMPLETE"}
{"order_customer_id":9637,"order_id":58486,"order_status":"COMPLETE"}
{"order_customer_id":2883,"order_id":58487,"order_status":"SUSPECTED_FRAUD"}
{"order_customer_id":8492,"order_id":58488,"order_status":"COMPLETE"}
{"order_customer_id":7588,"order_id":58489,"order_status":"COMPLETE"}
{"order_customer_id":3728,"order_id":67524,"order_status":"COMPLETE"}
{"order_customer_id":2464,"order_id":67525,"order_status":"COMPLETE"}
{"order_customer_id":7050,"order_id":67526,"order_status":"PENDING"}
