{"order_customer_id":8220,"order_id":105,"order_status":"COMPLETE"}
{"order_customer_id":395,"order_id":106,"order_status":"PROCESSING"}
{"order_customer_id":1845,"order_id":107,"order_status":"COMPLETE"}
{"order_customer_id":12149,"order_id":108,"order_status":"PROCESSING"}
{"order_customer_id":9345,"order_id":109,"order_status":"PENDING_PAYMENT"}
{"order_customer_id":2746,"order_id":110,"order_status":"COMPLETE"}
{"order_customer_id":4271,"order_id":111,"order_status":"PROCESSING"}
{"order_customer_id":5375,"order_id":112,"order_status":"CANCELED"}
{"order_customer_id":10216,"order_id":113,"order_status":"PENDING_PAYMENT"}
{"order_customer_id":2091,"order_id":114,"order_status":"COMPLETE"}
{"order_customer_id":104,"order_id":115,"order_status":"PROCESSING"}
{"order_customer_id":8763,"order_id":116,"order_status":"CLOSED"}
{"order_customer_id":58,"order_id":117,"order_status":"SUSPECTED_FRAUD"}
{"order_customer_id":1737,"order_id":118,"order_status":"COMPLETE"}
{"order_customer_id":8124,"order_id":119,"order_status":"PENDING_PAYMENT"}
{"order_customer_id":356,"order_id":120,"order_status":"PENDING_PAYMENT"}
{"order_customer_id":2074,"order_id":121,"order_status":"PENDING"}
{"order_customer_id":2071,"order_id":122,"order_status":"PROCESSING"}
{"order_customer_id":3695,"order_id":123,"order_status":"PENDING_PAYMENT"}
{"order_customer_id":2374,"order_id":124,"order_status":"COMPLETE"}
{"order_customer_id":4611,"order_id":125,"order_status":"PENDING_PAYMENT"}
{"order_customer_id":610,"order_id":126,"order_status":"COMPLETE"}
{"order_customer_id":5261,"order_id":127,"order_status":"PENDING_PAYMENT"}
{"order_customer_id":2772,"order_id":128,"order_status":"PENDING_PAYMENT"}
{"order_customer_id":9937,"order_id":129,"order_status":"CLOSED"}
{"order_customer_id":7509,"order_id":130,"order_status":"PENDING_PAYMENT"}
{"order_customer_id":10072,"order_id":131,"order_status":"PROCESSING"}
{"order_customer_id":289,"order_id":132,"order_status":"PENDING"}
{"order_customer_id":10604,"order_id":133,"order_status":"CLOSED"}
{"order_customer_id":12081,"order_id":134,"order_status":"PENDING_PAYMENT"}
{"order_customer_id":7738,"order_id":135,"order_status":"COMPLETE"}
{"order_customer_id":9126,"order_id":136,"order_status":"PENDING_PAYMENT"}
{"order_customer_id":4211,"order_id":137,"order_status":"COMPLETE"}
{"order_customer_id":10904,"order_id":138,"order_status":"PROCESSING"}
{"order_customer_id":7933,"order_id":139,"order_status":"COMPLETE"}
{"order_customer_id":4257,"order_id":140,"order_status":"PENDING_PAYMENT"}
{"order_customer_id":12128,"order_id":141,"order_status":"COMPLETE"}
{"order_customer_id":5760,"order_id":142,"order_status":"PENDING_PAYMENT"}
{"order_customer_id":10495,"order_id":143,"order_status":"COMPLETE"}
{"order_customer_id":2158,"order_id":144,"order_status":"PROCESSING"}
{"order_customer_id":494,"order_id":145,"order_status":"ON_HOLD"}
{"order_customer_id":8177,"order_id":146,"order_status":"COMPLETE"}
{"order_customer_id":275,"order_id":147,"order_status":"PENDING_PAYMENT"}
{"order_customer_id":5383,"order_id":148,"order_status":"PROCESSING"}
{"order_customer_id":11431,"order_id":149,"order_status":"COMPLETE"}
{"order_customer_id":236,"order_id":150,"order_status":"PROCESSING"}
{"order_customer_id":2493,"order_id":151,"order_status":"ON_HOLD"}
{"order_customer_id":3611,"order_id":152,"order_status":"COMPLETE"}
{"order_customer_id":8876,"order_id":153,"order_status":"COMPLETE"}
{"order_customer_id":9993,"order_id":154,"order_status":"ON_HOLD"}
{"order_customer_id":9044,"order_id":155,"order_status":"PENDING_PAYMENT"}
{"order_customer_id":5200,"order_id":156,"order_status":"ON_HOLD"}
{"order_customer_id":8986,"order_id":157,"order_status":"ON_HOLD"}
{"order_customer_id":12345,"order_id":158,"order_status":"PENDING"}
{"order_customer_id":10974,"order_id":159,"order_status":"PENDING_PAYMENT"}
{"order_customer_id":6762,"order_id":160,"order_status":"COMPLETE"}
{"order_customer_id":4513,"order_id":161,"order_status":"PENDING_PAYMENT"}
{"order_customer_id":3304,"order_id":162,"order_status":"PENDING_PAYMENT"}
{"order_customer_id":3348,"order_id":163,"order_status":"COMPLETE"}
{"order_customer_id":2962,"order_id":164,"order_status":"PROCESSING"}
{"order_customer_id":1222,"order_id":165,"order_status":"PENDING_PAYMENT"}
{"order_customer_id":7834,"order_id":166,"order_status":"PROCESSING"}
{"order_customer_id":1347,"order_id":167,"order_status":"PENDING"}
{"order_customer_id":11794,"order_id":168,"order_status":"PENDING_PAYMENT"}
{"order_customer_id":2611,"order_id":169,"order_status":"ON_HOLD"}
{"order_customer_id":6295,"order_id":170,"order_status":"PAYMENT_REVIEW"}
{"order_customer_id":1980,"order_id":171,"order_status":"COMPLETE"}
{"order_customer_id":11382,"order_id":172,"order_status":"COMPLETE"}
{"order_customer_id":9027,"order_id":173,"order_status":"ON_HOLD"}
{"order_customer_id":3358,"order_id":174,"order_status":"COMPLETE"}
{"order_customer_id":384,"order_id":175,"order_status":"COMPLETE"}
{"order_customer_id":2897,"order_id":176,"order_status":"PENDING_PAYMENT"}
{"order_customer_id":9151,"order_id":177,"order_status":"PENDING_PAYMENT"}
{"order_customer_id":8503,"order_id":178,"order_status":"COMPLETE"}
{"order_customer_id":6506,"order_id":179,"order_status":"COMPLETE"}
{"order_customer_id":10215,"order_id":180,"order_status":"ON_HOLD"}
{"order_customer_id":7473,"order_id":181,"order_status":"PENDING"}
{"order_customer_id":10984,"order_id":182,"order_status":"COMPLETE"}
{"order_customer_id":12105,"order_id":183,"order_status":"COMPLETE"}
{"order_customer_id":210,"order_id":184,"order_status":"COMPLETE"}
{"order_customer_id":10966,"order_id":185,"order_status":"PENDING_PAYMENT"}
{"order_customer_id":1104,"order_id":186,"order_status":"COMPLETE"}
{"order_customer_id":1378,"order_id":187,"order_status":"PAYMENT_REVIEW"}
{"order_customer_id":2889,"order_id":188,"order_status":"PENDING"}
{"order_customer_id":10177,"order_id":189,"order_status":"PENDING"}
{"order_customer_id":11115,"order_id":190,"order_status":"PENDING"}
{"order_customer_id":16,"order_id":191,"order_status":"CLOSED"}
{"order_customer_id":5293,"order_id":192,"order_status":"PROCESSING"}
{"order_customer_id":6174,"order_id":193,"order_status":"PROCESSING"}
{"order_customer_id":2550,"order_id":194,"order_status":"PENDING_PAYMENT"}
{"order_customer_id":12096,"order_id":195,"order_status":"PROCESSING"}
{"order_customer_id":2765,"order_id":196,"order_status":"PROCESSING"}
{"order_customer_id":6370,"order_id":197,"order_status":"PROCESSING"}
{"order_customer_id":7436,"order_id":198,"order_status":"PENDING_PAYMENT"}
{"order_customer_id":4608,"order_id":199,"order_status":"ON_HOLD"}
{"order_customer_id":11116,"order_id":200,"order_status":"PAYMENT_REVIEW"}
{"order_customer_id":9055,"order_id":201,"order_status":"CLOSED"}
{"order_customer_id":8524,"order_id":202,"order_status":"PENDING_PAYMENT"}
{"order_customer_id":11791,"order_id":203,"order_status":"PENDING_PAYMENT"}
{"order_customer_id":7604,"order_id":204,"order_status":"PENDING_PAYMENT"}
{"order_customer_id":3109,"order_id":205,"order_status":"PROCESSING"}
{"order_customer_id":8994,"order_id":206,"order_status":"PENDING"}
{"order_customer_id":11643,"order_id":207,"order_status":"COMPLETE"}
{"order_customer_id":7923,"order_id":208,"order_status":"PROCESSING"}
{"order_customer_id":3627,"order_id":209,"order_status":"PENDING"}
{"order_customer_id":10102,"order_id":210,"order_status":"COMPLETE"}
{"order_customer_id":10372,"order_id":211,"order_status":"CLOSED"}
{"order_customer_id":3190,"order_id":212,"order_status":"PENDING"}
{"order_customer_id":11715,"order_id":213,"order_status":"CLOSED"}
{"order_customer_id":3925,"order_id":214,"order_status":"COMPLETE"}
{"order_customer_id":5925,"order_id":215,"order_status":"CLOSED"}
{"order_customer_id":7282,"order_id":216,"order_status":"PENDING"}
{"order_customer_id":5420,"order_id":217,"order_status":"PROCESSING"}
{"order_customer_id":3935,"order_id":218,"order_status":"COMPLETE"}
{"order_customer_id":10655,"order_id":219,"order_status":"PROCESSING"}
{"order_customer_id":1383,"order_id":220,"order_status":"COMPLETE"}
{"order_customer_id":11871,"order_id":221,"order_status":"CLOSED"}
{"order_customer_id":8309,"order_id":222,"order_status":"CLOSED"}
{"order_customer_id":9068,"order_id":223,"order_status":"PENDING"}
{"order_customer_id":11938,"order_id":224,"order_status":"CLOSED"}
{"order_customer_id":11275,"order_id":225,"order_status":"COMPLETE"}
{"order_customer_id":9356,"order_id":226,"order_status":"PENDING_PAYMENT"}
{"order_customer_id":7410,"order_id":227,"order_status":"CLOSED"}
{"order_customer_id":6070,"order_id":228,"order_status":"ON_HOLD"}
{"order_customer_id":618,"order_id":229,"order_status":"PENDING"}
{"order_customer_id":4921,"order_id":230,"order_status":"PENDING_PAYMENT"}
{"order_customer_id":3960,"order_id":231,"order_status":"COMPLETE"}
{"order_customer_id":1780,"order_id":232,"order_status":"PENDING_PAYMENT"}
{"order_customer_id":12316,"order_id":233,"order_status":"COMPLETE"}
{"order_customer_id":1010,"order_id":234,"order_status":"ON_HOLD"}
{"order_customer_id":4285,"order_id":235,"order_status":"PENDING_PAYMENT"}
{"order_customer_id":9785,"order_id":236,"order_status":"COMPLETE"}
{"order_customer_id":11438,"order_id":237,"order_status":"PENDING_PAYMENT"}
{"order_customer_id":4939,"order_id":238,"order_status":"PENDING_PAYMENT"}
{"order_customer_id":5058,"order_id":239,"order_status":"COMPLETE"}
{"order_customer_id":32,"order_id":240,"order_status":"PENDING"}
{"order_customer_id":948,"order_id":241,"order_status":"CLOSED"}
{"order_customer_id":3237,"order_id":242,"order_status":"PAYMENT_REVIEW"}
{"order_customer_id":32,"order_id":243,"order_status":"ON_HOLD"}
{"order_customer_id":6910,"order_id":244,"order_status":"PENDING_PAYMENT"}
{"order_customer_id":5191,"order_id":245,"order_status":"CLOSED"}
{"order_customer_id":9616,"order_id":246,"order_status":"SUSPECTED_FRAUD"}
{"order_customer_id":173,"order_id":247,"order_status":"COMPLETE"}
{"order_customer_id":11707,"order_id":248,"order_status":"COMPLETE"}
{"order_customer_id":7650,"order_id":249,"order_status":"CLOSED"}
{"order_customer_id":11668,"order_id":250,"order_status":"COMPLETE"}
{"order_customer_id":568,"order_id":251,"order_status":"PENDING"}
{"order_customer_id":9708,"order_id":252,"order_status":"COMPLETE"}
{"order_customer_id":45,"order_id":253,"order_status":"COMPLETE"}
{"order_customer_id":9395,"order_id":254,"order_status":"COMPLETE"}
{"order_customer_id":10346,"order_id":255,"order_status":"COMPLETE"}
{"order_customer_id":4199,"order_id":256,"order_status":"CLOSED"}
{"order_customer_id":3273,"order_id":257,"order_status":"PROCESSING"}
{"order_customer_id":1137,"order_id":258,"order_status":"COMPLETE"}
{"order_customer_id":3454,"order_id":259,"order_status":"COMPLETE"}
{"order_customer_id":5135,"order_id":260,"order_status":"CLOSED"}
{"order_customer_id":5128,"order_id":261,"order_status":"COMPLETE"}
{"order_customer_id":11475,"order_id":262,"order_status":"CLOSED"}
{"order_customer_id":8026,"order_id":263,"order_status":"COMPLETE"}
{"order_customer_id":230,"order_id":264,"order_status":"COMPLETE"}
{"order_customer_id":488,"order_id":265,"order_status":"PENDING_PAYMENT"}
{"order_customer_id":11085,"order_id":266,"order_status":"COMPLETE"}
{"order_customer_id":6989,"order_id":267,"order_status":"CLOSED"}
{"order_customer_id":5578,"order_id":268,"order_status":"CLOSED"}
{"order_customer_id":11887,"order_id":269,"order_status":"PROCESSING"}
{"order_customer_id":5689,"order_id":270,"order_status":"COMPLETE"}
{"order_customer_id":815,"order_id":271,"order_status":"COMPLETE"}
{"order_customer_id":428,"order_id":272,"order_status":"CLOSED"}
{"order_customer_id":10665,"order_id":273,"order_status":"PENDING_PAYMENT"}
{"order_customer_id":3365,"order_id":274,"order_status":"PENDING"}
{"order_customer_id":10942,"order_id":275,"order_status":"PENDING_PAYMENT"}
{"order_customer_id":2221,"order_id":276,"order_status":"PENDING_PAYMENT"}
{"order_customer_id":3732,"order_id":277,"order_status":"PENDING"}
{"order_customer_id":488,"order_id":278,"order_status":"PAYMENT_REVIEW"}
{"order_customer_id":10372,"order_id":279,"order_status":"COMPLETE"}
{"order_customer_id":11836,"order_id":280,"order_status":"PENDING"}
{"order_customer_id":827,"order_id":281,"order_status":"PENDING_PAYMENT"}
{"order_customer_id":3551,"order_id":282,"order_status":"PENDING_PAYMENT"}
{"order_customer_id":11466,"order_id":283,"order_status":"COMPLETE"}
{"order_customer_id":861,"order_id":284,"order_status":"PROCESSING"}
{"order_customer_id":5011,"order_id":285,"order_status":"CLOSED"}
{"order_customer_id":9824,"order_id":286,"order_status":"ON_HOLD"}
{"order_customer_id":8122,"order_id":287,"order_status":"COMPLETE"}
{"order_customer_id":8667,"order_id":288,"order_status":"COMPLETE"}
{"order_customer_id":1195,"order_id":289,"order_status":"PENDING_PAYMENT"}
{"order_customer_id":6446,"order_id":290,"order_status":"COMPLETE"}
{"order_customer_id":5506,"order_id":291,"order_status":"PROCESSING"}
{"order_customer_id":11971,"order_id":292,"order_status":"PENDING_PAYMENT"}
{"order_customer_id":4731,"order_id":293,"order_status":"PROCESSING"}
{"order_customer_id":11394,"order_id":294,"order_status":"CLOSED"}
{"order_customer_id":1937,"order_id":295,"order_status":"PENDING"}
{"order_customer_id":6665,"order_id":296,"order_status":"COMPLETE"}
{"order_customer_id":2281,"order_id":297,"order_status":"PENDING"}
{"order_customer_id":4967,"order_id":298,"order_status":"COMPLETE"}
{"order_customer_id":9202,"order_id":299,"order_status":"PENDING_PAYMENT"}
{"order_customer_id":11326,"order_id":300,"order_status":"CLOSED"}
{"order_customer_id":11999,"order_id":301,"order_status":"COMPLETE"}
{"order_customer_id":3577,"order_id":302,"order_status":"COMPLETE"}
{"order_customer_id":1682,"order_id":303,"order_status":"PENDING_PAYMENT"}
{"order_customer_id":1869,"order_id":304,"order_status":"COMPLETE"}
{"order_customer_id":5618,"order_id":305,"order_status":"ON_HOLD"}
{"order_customer_id":137,"order_id":306,"order_status":"COMPLETE"}
{"order_customer_id":8818,"order_id":307,"order_status":"PENDING"}
{"order_customer_id":6829,"order_id":308,"order_status":"PENDING_PAYMENT"}
{"order_customer_id":10396,"order_id":309,"order_status":"COMPLETE"}
{"order_customer_id":1256,"order_id":310,"order_status":"COMPLETE"}
{"order_customer_id":410,"order_id":311,"order_status":"COMPLETE"}
{"order_customer_id":1122,"order_id":312,"order_status":"COMPLETE"}
{"order_customer_id":7543,"order_id":313,"order_status":"CLOSED"}
{"order_customer_id":10033,"order_id":314,"order_status":"PENDING_PAYMENT"}
{"order_customer_id":4375,"order_id":315,"order_status":"PENDING_PAYMENT"}
{"order_customer_id":3870,"order_id":316,"order_status":"PROCESSING"}
{"order_customer_id":1450,"order_id":317,"order_status":"COMPLETE"}
{"order_customer_id":8829,"order_id":318,"order_status":"PENDING_PAYMENT"}
{"order_customer_id":10445,"order_id":319,"order_status":"COMPLETE"}
{"order_customer_id":10698,"order_id":320,"order_status":"SUSPECTED_FRAUD"}
{"order_customer_id":4282,"order_id":321,"order_status":"ON_HOLD"}
{"order_customer_id":2864,"order_id":322,"order_status":"COMPLETE"}
{"order_customer_id":3020,"order_id":323,"order_status":"PENDING_PAYMENT"}
{"order_customer_id":76,"order_id":324,"order_status":"COMPLETE"}
{"order_customer_id":4759,"order_id":325,"order_status":"PENDING"}
{"order_customer_id":1604,"order_id":326,"order_status":"PENDING_PAYMENT"}
{"order_customer_id":12107,"order_id":327,"order_status":"PENDING"}
{"order_customer_id":1149,"order_id":328,"order_status":"COMPLETE"}
{"order_customer_id":1944,"order_id":329,"order_status":"SUSPECTED_FRAUD"}
{"order_customer_id":5175,"order_id":330,"order_status":"COMPLETE"}
{"order_customer_id":4797,"order_id":331,"order_status":"PENDING_PAYMENT"}
{"order_customer_id":4171,"order_id":332,"order_status":"COMPLETE"}
{"order_customer_id":2071,"order_id":333,"order_status":"PENDING_PAYMENT"}
{"order_customer_id":3752,"order_id":334,"order_status":"PENDING_PAYMENT"}
{"order_customer_id":7710,"order_id":335,"order_status":"PENDING"}
{"order_customer_id":5479,"order_id":336,"order_status":"PENDING"}
{"order_customer_id":6747,"order_id":337,"order_status":"COMPLETE"}
{"order_customer_id":4666,"order_id":338,"order_status":"COMPLETE"}
{"order_customer_id":8326,"order_id":339,"order_status":"PENDING"}
{"order_customer_id":7995,"order_id":340,"order_status":"PENDING_PAYMENT"}
{"order_customer_id":10128,"order_id":341,"order_status":"CLOSED"}
{"order_customer_id":8809,"order_id":342,"order_status":"ON_HOLD"}
{"order_customer_id":10952,"order_id":343,"order_status":"COMPLETE"}
{"order_customer_id":2816,"order_id":344,"order_status":"PENDING"}
{"order_customer_id":11040,"order_id":345,"order_status":"PROCESSING"}
{"order_customer_id":3646,"order_id":346,"order_status":"COMPLETE"}
{"order_customer_id":10722,"order_id":57790,"order_status":"COMPLETE"}
{"order_customer_id":2914,"order_id":57791,"order_status":"PENDING"}
{"order_customer_id":2743,"order_id":57792,"order_status":"CLOSED"}
{"order_customer_id":647,"order_id":57793,"order_status":"ON_HOLD"}
{"order_customer_id":5624,"order_id":57794,"order_status":"COMPLETE"}
{"order_customer_id":9257,"order_id":57795,"order_status":"COMPLETE"}
{"order_customer_id":10581,"order_id":57796,"order_status":"COMPLETE"}
{"order_customer_id":7094,"order_id":57797,"order_status":"PENDING_PAYMENT"}
{"order_customer_id":4323,"order_id":57798,"order_status":"PENDING_PAYMENT"}
{"order_customer_id":7499,"order_id":57799,"order_status":"CANCELED"}
{"order_customer_id":4253,"order_id":57800,"order_status":"COMPLETE"}
{"order_customer_id":6149,"order_id":57801,"order_status":"SUSPECTED_FRAUD"}
{"order_customer_id":4359,"order_id":57802,"order_status":"PENDING"}
{"order_customer_id":3373,"order_id":57803,"order_status":"ON_HOLD"}
{"order_customer_id":4523,"order_id":57804,"order_status":"COMPLETE"}
{"order_customer_id":7893,"order_id":57805,"order_status":"PENDING"}
{"order_customer_id":10417,"order_id":57806,"order_status":"CLOSED"}
{"order_customer_id":1316,"order_id":57807,"order_status":"ON_HOLD"}
{"order_customer_id":9012,"order_id":57808,"order_status":"PROCESSING"}
{"order_customer_id":5977,"order_id":57809,"order_status":"CLOSED"}
{"order_customer_id":3055,"order_id":67417,"order_status":"CANCELED"}
{"order_customer_id":1779,"order_id":67418,"order_status":"PENDING_PAYMENT"}
{"order_customer_id":202,"order_id":67419,"order_status":"COMPLETE"}
{"order_customer_id":6005,"order_id":67420,"order_status":"PAYMENT_REVIEW"}
{"order_customer_id":748,"order_id":67421,"order_status":"PENDING_PAYMENT"}
{"order_customer_id":1327,"order_id":67422,"order_status":"PROCESSING"}
{"order_customer_id":11868,"order_id":68692,"order_status":"COMPLETE"}
