{"order_customer_id":9941,"order_id":36819,"order_status":"COMPLETE"}
{"order_customer_id":9736,"order_id":36820,"order_status":"PENDING_PAYMENT"}
{"order_customer_id":1632,"order_id":36821,"order_status":"CLOSED"}
{"order_customer_id":2486,"order_id":36822,"order_status":"PENDING_PAYMENT"}
{"order_customer_id":553,"order_id":36823,"order_status":"PENDING"}
{"order_customer_id":8610,"order_id":36824,"order_status":"COMPLETE"}
{"order_customer_id":5571,"order_id":36825,"order_status":"ON_HOLD"}
{"order_customer_id":7853,"order_id":36826,"order_status":"COMPLETE"}
{"order_customer_id":354,"order_id":36827,"order_status":"COMPLETE"}
{"order_customer_id":12341,"order_id":36828,"order_status":"PENDING_PAYMENT"}
{"order_customer_id":10125,"order_id":36829,"order_status":"COMPLETE"}
{"order_customer_id":3792,"order_id":36830,"order_status":"COMPLETE"}
{"order_customer_id":10261,"order_id":36831,"order_status":"PENDING_PAYMENT"}
{"order_customer_id":2401,"order_id":36832,"order_status":"ON_HOLD"}
{"order_customer_id":4397,"order_id":36833,"order_status":"CLOSED"}
{"order_customer_id":5053,"order_id":36834,"order_status":"COMPLETE"}
{"order_customer_id":749,"order_id":36835,"order_status":"COMPLETE"}
{"order_customer_id":9342,"order_id":36836,"order_status":"CLOSED"}
{"order_customer_id":7330,"order_id":36837,"order_status":"PROCESSING"}
{"order_customer_id":8768,"order_id":36838,"order_status":"CLOSED"}
{"order_customer_id":910,"order_id":36839,"order_status":"COMPLETE"}
{"order_customer_id":4611,"order_id":36840,"order_status":"PENDING"}
{"order_customer_id":3110,"order_id":36841,"order_status":"COMPLETE"}
{"order_customer_id":3789,"order_id":36842,"order_status":"PROCESSING"}
{"order_customer_id":11662,"order_id":36843,"order_status":"ON_HOLD"}
{"order_customer_id":8942,"order_id":36844,"order_status":"COMPLETE"}
{"order_customer_id":7481,"order_id":36845,"order_status":"COMPLETE"}
{"order_customer_id":9973,"order_id":36846,"order_status":"COMPLETE"}
{"order_customer_id":10798,"order_id":36847,"order_status":"COMPLETE"}
{"order_customer_id":5356,"order_id":36848,"order_status":"COMPLETE"}
{"order_customer_id":1941,"order_id":36849,"order_status":"COMPLETE"}
{"order_customer_id":8715,"order_id":36850,"order_status":"COMPLETE"}
{"order_customer_id":8695,"order_id":36851,"order_status":"PENDING"}
{"order_customer_id":11731,"order_id":36852,"order_status":"PENDING"}
{"order_customer_id":1168,"order_id":36853,"order_status":"PROCESSING"}
{"order_customer_id":9265,"order_id":36854,"order_status":"COMPLETE"}
{"order_customer_id":7215,"order_id":36855,"order_status":"COMPLETE"}
{"order_customer_id":1393,"order_id":36856,"order_status":"PROCESSING"}
{"order_customer_id":11694,"order_id":36857,"order_status":"PENDING"}
{"order_customer_id":10050,"order_id":36858,"order_status":"COMPLETE"}
{"order_customer_id":3553,"order_id":36859,"order_status":"COMPLETE"}
{"order_customer_id":2532,"order_id":36860,"order_status":"PENDING_PAYMENT"}
{"order_customer_id":7130,"order_id":36861,"order_status":"PENDING_PAYMENT"}
{"order_customer_id":9553,"order_id":36862,"order_status":"COMPLETE"}
{"order_customer_id":12009,"order_id":36863,"order_status":"PROCESSING"}
{"order_customer_id":5525,"order_id":36864,"order_status":"PENDING_PAYMENT"}
{"order_customer_id":10676,"order_id":36865,"order_status":"PENDING"}
{"order_customer_id":304,"order_id":36866,"order_status":"COMPLETE"}
{"order_customer_id":4452,"order_id":36867,"order_status":"CLOSED"}
{"order_customer_id":6228,"order_id":36868,"order_status":"PROCESSING"}
{"order_customer_id":2925,"order_id":36869,"order_status":"CANCELED"}
{"order_customer_id":9219,"order_id":36870,"order_status":"CLOSED"}
{"order_customer_id":10930,"order_id":36871,"order_status":"PENDING_PAYMENT"}
{"order_customer_id":11800,"order_id":36872,"order_status":"PENDING_PAYMENT"}
{"order_customer_id":2923,"order_id":36873,"order_status":"CLOSED"}
{"order_customer_id":5654,"order_id":36874,"order_status":"COMPLETE"}
{"order_customer_id":11858,"order_id":36875,"order_status":"ON_HOLD"}
{"order_customer_id":1797,"order_id":36876,"order_status":"ON_HOLD"}
{"order_customer_id":6067,"order_id":36877,"order_status":"COMPLETE"}
{"order_customer_id":11316,"order_id":36878,"order_status":"PROCESSING"}
{"order_customer_id":750,"order_id":36879,"order_status":"COMPLETE"}
{"order_customer_id":11717,"order_id":36880,"order_status":"PROCESSING"}
{"order_customer_id":11674,"order_id":36881,"order_status":"COMPLETE"}
{"order_customer_id":4687,"order_id":36882,"order_status":"PENDING_PAYMENT"}
{"order_customer_id":1025,"order_id":36883,"order_status":"COMPLETE"}
{"order_customer_id":2608,"order_id":36884,"order_status":"PENDING_PAYMENT"}
{"order_customer_id":11607,"order_id":36885,"order_status":"COMPLETE"}
{"order_customer_id":5373,"order_id":36886,"order_status":"COMPLETE"}
{"order_customer_id":3668,"order_id":36887,"order_status":"COMPLETE"}
{"order_customer_id":5248,"order_id":36888,"order_status":"PENDING"}
{"order_customer_id":7739,"order_id":36889,"order_status":"PROCESSING"}
{"order_customer_id":4893,"order_id":36890,"order_status":"CANCELED"}
{"order_customer_id":10769,"order_id":36891,"order_status":"COMPLETE"}
{"order_customer_id":4592,"order_id":36892,"order_status":"CLOSED"}
{"order_customer_id":2070,"order_id":36893,"order_status":"CLOSED"}
{"order_customer_id":10753,"order_id":36894,"order_status":"PROCESSING"}
{"order_customer_id":6887,"order_id":36895,"order_status":"COMPLETE"}
{"order_customer_id":6166,"order_id":36896,"order_status":"COMPLETE"}
{"order_customer_id":6554,"order_id":36897,"order_status":"COMPLETE"}
{"order_customer_id":2039,"order_id":36898,"order_status":"PENDING_PAYMENT"}
{"order_customer_id":2210,"order_id":36899,"order_status":"PENDING_PAYMENT"}
{"order_customer_id":3243,"order_id":36900,"order_status":"COMPLETE"}
{"order_customer_id":7294,"order_id":36901,"order_status":"PROCESSING"}
{"order_customer_id":12400,"order_id":63717,"order_status":"PROCESSING"}
{"order_customer_id":295,"order_id":63718,"order_status":"PENDING"}
{"order_customer_id":1992,"order_id":63719,"order_status":"CLOSED"}
{"order_customer_id":4836,"order_id":63720,"order_status":"COMPLETE"}
{"order_customer_id":8286,"order_id":63721,"order_status":"COMPLETE"}
{"order_customer_id":6621,"order_id":63722,"order_status":"COMPLETE"}
{"order_customer_id":8080,"order_id":63723,"order_status":"COMPLETE"}
{"order_customer_id":297,"order_id":63724,"order_status":"PENDING"}
{"order_customer_id":10157,"order_id":63725,"order_status":"PROCESSING"}
{"order_customer_id":5466,"order_id":63726,"order_status":"PENDING_PAYMENT"}
{"order_customer_id":12098,"order_id":63727,"order_status":"PENDING"}
{"order_customer_id":11847,"order_id":63728,"order_status":"COMPLETE"}
{"order_customer_id":6991,"order_id":68218,"order_status":"SUSPECTED_FRAUD"}
{"order_customer_id":1498,"order_id":68219,"order_status":"COMPLETE"}
{"order_customer_id":9962,"order_id":68220,"order_status":"COMPLETE"}
{"order_customer_id":8120,"order_id":68221,"order_status":"PENDING"}
{"order_customer_id":5347,"order_id":68222,"order_status":"CLOSED"}
