{"order_customer_id":10051,"order_id":34831,"order_status":"PENDING"}
{"order_customer_id":11968,"order_id":34832,"order_status":"COMPLETE"}
{"order_customer_id":11080,"order_id":34833,"order_status":"PENDING_PAYMENT"}
{"order_customer_id":7268,"order_id":34834,"order_status":"PROCESSING"}
{"order_customer_id":11767,"order_id":34835,"order_status":"PROCESSING"}
{"order_customer_id":10092,"order_id":34836,"order_status":"COMPLETE"}
{"order_customer_id":8636,"order_id":34837,"order_status":"COMPLETE"}
{"order_customer_id":5617,"order_id":34838,"order_status":"PENDING"}
{"order_customer_id":6725,"order_id":34839,"order_status":"PENDING"}
{"order_customer_id":3092,"order_id":34840,"order_status":"PENDING_PAYMENT"}
{"order_customer_id":6529,"order_id":34841,"order_status":"PENDING_PAYMENT"}
{"order_customer_id":2819,"order_id":34842,"order_status":"COMPLETE"}
{"order_customer_id":8636,"order_id":34843,"order_status":"COMPLETE"}
{"order_customer_id":11341,"order_id":34844,"order_status":"COMPLETE"}
{"order_customer_id":1342,"order_id":34845,"order_status":"PENDING"}
{"order_customer_id":9510,"order_id":34846,"order_status":"PENDING_PAYMENT"}
{"order_customer_id":297,"order_id":34847,"order_status":"PENDING_PAYMENT"}
{"order_customer_id":86,"order_id":34848,"order_status":"PENDING_PAYMENT"}
{"order_customer_id":5213,"order_id":34849,"order_status":"COMPLETE"}
{"order_customer_id":12198,"order_id":34850,"order_status":"COMPLETE"}
{"order_customer_id":8854,"order_id":34851,"order_status":"COMPLETE"}
{"order_customer_id":8544,"order_id":34852,"order_status":"PENDING"}
{"order_customer_id":2287,"order_id":34853,"order_status":"COMPLETE"}
{"order_customer_id":4817,"order_id":34854,"order_status":"PROCESSING"}
{"order_customer_id":6736,"order_id":34855,"order_status":"CANCELED"}
{"order_customer_id":1822,"order_id":34856,"order_status":"PROCESSING"}
{"order_customer_id":5796,"order_id":34857,"order_status":"PENDING_PAYMENT"}
{"order_customer_id":1202,"order_id":34858,"order_status":"PENDING"}
{"order_customer_id":3426,"order_id":34859,"order_status":"CLOSED"}
{"order_customer_id":10497,"order_id":34860,"order_status":"COMPLETE"}
{"order_customer_id":12363,"order_id":34861,"order_status":"COMPLETE"}
{"order_customer_id":5410,"order_id":34862,"order_status":"ON_HOLD"}
{"order_customer_id":5576,"order_id":34863,"order_status":"COMPLETE"}
{"order_customer_id":12412,"order_id":34864,"order_status":"COMPLETE"}
{"order_customer_id":7316,"order_id":34865,"order_status":"COMPLETE"}
{"order_customer_id":6549,"order_id":34866,"order_status":"PENDING_PAYMENT"}
{"order_customer_id":6783,"order_id":34867,"order_status":"COMPLETE"}
{"order_customer_id":5177,"order_id":34868,"order_status":"COMPLETE"}
{"order_customer_id":8225,"order_id":34869,"order_status":"COMPLETE"}
{"order_customer_id":11984,"order_id":34870,"order_status":"PROCESSING"}
{"order_customer_id":5631,"order_id":34871,"order_status":"COMPLETE"}
{"order_customer_id":9176,"order_id":34872,"order_status":"PENDING_PAYMENT"}
{"order_customer_id":4117,"order_id":34873,"order_status":"COMPLETE"}
{"order_customer_id":4761,"order_id":34874,"order_status":"COMPLETE"}
{"order_customer_id":1849,"order_id":34875,"order_status":"COMPLETE"}
{"order_customer_id":5075,"order_id":34876,"order_status":"SUSPECTED_FRAUD"}
{"order_customer_id":5207,"order_id":34877,"order_status":"PENDING_PAYMENT"}
{"order_customer_id":11324,"order_id":34878,"order_status":"PROCESSING"}
{"order_customer_id":3696,"order_id":34879,"order_status":"PENDING_PAYMENT"}
{"order_customer_id":140,"order_id":34880,"order_status":"PROCESSING"}
{"order_customer_id":6573,"order_id":34881,"order_status":"PROCESSING"}
{"order_customer_id":1845,"order_id":34882,"order_status":"COMPLETE"}
{"order_customer_id":10574,"order_id":34883,"order_status":"COMPLETE"}
{"order_customer_id":9473,"order_id":34884,"order_status":"COMPLETE"}
{"order_customer_id":1489,"order_id":34885,"order_status":"PENDING"}
{"order_customer_id":11734,"order_id":34886,"order_status":"PROCESSING"}
{"order_customer_id":9374,"order_id":34887,"order_status":"PENDING"}
{"order_customer_id":9414,"order_id":34888,"order_status":"PENDING"}
{"order_customer_id":7661,"order_id":34889,"order_status":"PROCESSING"}
{"order_customer_id":9505,"order_id":34890,"order_status":"COMPLETE"}
{"order_customer_id":8317,"order_id":34891,"order_status":"COMPLETE"}
{"order_customer_id":2148,"order_id":34892,"order_status":"COMPLETE"}
{"order_customer_id":9068,"order_id":34893,"order_status":"ON_HOLD"}
{"order_customer_id":10290,"order_id":34894,"order_status":"CLOSED"}
{"order_customer_id":1420,"order_id":34895,"order_status":"PENDING_PAYMENT"}
{"order_customer_id":10749,"order_id":34896,"order_status":"PENDING"}
{"order_customer_id":9117,"order_id":34897,"order_status":"CLOSED"}
{"order_customer_id":2715,"order_id":34898,"order_status":"COMPLETE"}
{"order_customer_id":4870,"order_id":34899,"order_status":"PENDING_PAYMENT"}
{"order_customer_id":3908,"order_id":34900,"order_status":"COMPLETE"}
{"order_customer_id":976,"order_id":34901,"order_status":"PENDING"}
{"order_customer_id":4743,"order_id":34902,"order_status":"PENDING_PAYMENT"}
{"order_customer_id":10062,"order_id":34903,"order_status":"PROCESSING"}
{"order_customer_id":9574,"order_id":34904,"order_status":"PENDING"}
{"order_customer_id":3807,"order_id":34905,"order_status":"PROCESSING"}
{"order_customer_id":6673,"order_id":34906,"order_status":"COMPLETE"}
{"order_customer_id":1055,"order_id":34907,"order_status":"PENDING_PAYMENT"}
{"order_customer_id":9668,"order_id":34908,"order_status":"PENDING_PAYMENT"}
{"order_customer_id":3558,"order_id":34909,"order_status":"COMPLETE"}
{"order_customer_id":9750,"order_id":34910,"order_status":"COMPLETE"}
{"order_customer_id":7476,"order_id":34911,"order_status":"COMPLETE"}
{"order_customer_id":7600,"order_id":34912,"order_status":"CLOSED"}
{"order_customer_id":7069,"order_id":34913,"order_status":"ON_HOLD"}
{"order_customer_id":1415,"order_id":34914,"order_status":"PENDING_PAYMENT"}
{"order_customer_id":6588,"order_id":34915,"order_status":"CANCELED"}
{"order_customer_id":6053,"order_id":34916,"order_status":"COMPLETE"}
{"order_customer_id":2768,"order_id":34917,"order_status":"CLOSED"}
{"order_customer_id":6482,"order_id":34918,"order_status":"CLOSED"}
{"order_customer_id":2458,"order_id":34919,"order_status":"ON_HOLD"}
{"order_customer_id":10997,"order_id":34920,"order_status":"COMPLETE"}
{"order_customer_id":10478,"order_id":34921,"order_status":"ON_HOLD"}
{"order_customer_id":5348,"order_id":34922,"order_status":"PENDING_PAYMENT"}
{"order_customer_id":8673,"order_id":34923,"order_status":"PROCESSING"}
{"order_customer_id":12214,"order_id":34924,"order_status":"PROCESSING"}
{"order_customer_id":12249,"order_id":34925,"order_status":"SUSPECTED_FRAUD"}
{"order_customer_id":3914,"order_id":34926,"order_status":"COMPLETE"}
{"order_customer_id":3272,"order_id":34927,"order_status":"COMPLETE"}
{"order_customer_id":6115,"order_id":34928,"order_status":"COMPLETE"}
{"order_customer_id":8223,"order_id":34929,"order_status":"PENDING_PAYMENT"}
{"order_customer_id":9420,"order_id":34930,"order_status":"CLOSED"}
{"order_customer_id":10714,"order_id":34931,"order_status":"COMPLETE"}
{"order_customer_id":10983,"order_id":34932,"order_status":"PENDING"}
{"order_customer_id":11219,"order_id":34933,"order_status":"PENDING_PAYMENT"}
{"order_customer_id":3993,"order_id":34934,"order_status":"PENDING_PAYMENT"}
{"order_customer_id":12064,"order_id":34935,"order_status":"COMPLETE"}
{"order_customer_id":2614,"order_id":34936,"order_status":"PENDING"}
{"order_customer_id":5131,"order_id":34937,"order_status":"PENDING_PAYMENT"}
{"order_customer_id":10142,"order_id":34938,"order_status":"COMPLETE"}
{"order_customer_id":6960,"order_id":34939,"order_status":"COMPLETE"}
{"order_customer_id":12069,"order_id":34940,"order_status":"COMPLETE"}
{"order_customer_id":6571,"order_id":34941,"order_status":"CLOSED"}
{"order_customer_id":911,"order_id":34942,"order_status":"COMPLETE"}
{"order_customer_id":5922,"order_id":34943,"order_status":"COMPLETE"}
{"order_customer_id":7257,"order_id":34944,"order_status":"COMPLETE"}
{"order_customer_id":9157,"order_id":34945,"order_status":"PENDING"}
{"order_customer_id":8443,"order_id":34946,"order_status":"PENDING"}
{"order_customer_id":805,"order_id":34947,"order_status":"COMPLETE"}
{"order_customer_id":4900,"order_id":34948,"order_status":"COMPLETE"}
{"order_customer_id":6349,"order_id":34949,"order_status":"PROCESSING"}
{"order_customer_id":3422,"order_id":34950,"order_status":"PAYMENT_REVIEW"}
{"order_customer_id":9074,"order_id":34951,"order_status":"PENDING_PAYMENT"}
{"order_customer_id":7908,"order_id":34952,"order_status":"CANCELED"}
{"order_customer_id":8679,"order_id":34953,"order_status":"SUSPECTED_FRAUD"}
{"order_customer_id":4126,"order_id":34954,"order_status":"COMPLETE"}
{"order_customer_id":6637,"order_id":34955,"order_status":"PENDING"}
{"order_customer_id":11124,"order_id":34956,"order_status":"COMPLETE"}
{"order_customer_id":12313,"order_id":34957,"order_status":"COMPLETE"}
{"order_customer_id":9439,"order_id":34958,"order_status":"COMPLETE"}
{"order_customer_id":11673,"order_id":34959,"order_status":"CLOSED"}
{"order_customer_id":11561,"order_id":34960,"order_status":"COMPLETE"}
{"order_customer_id":7435,"order_id":34961,"order_status":"CLOSED"}
{"order_customer_id":9521,"order_id":34962,"order_status":"CANCELED"}
{"order_customer_id":8766,"order_id":34963,"order_status":"COMPLETE"}
{"order_customer_id":10677,"order_id":34964,"order_status":"CLOSED"}
{"order_customer_id":4901,"order_id":34965,"order_status":"PENDING"}
{"order_customer_id":5352,"order_id":34966,"order_status":"COMPLETE"}
{"order_customer_id":603,"order_id":34967,"order_status":"COMPLETE"}
{"order_customer_id":11784,"order_id":34968,"order_status":"ON_HOLD"}
{"order_customer_id":5875,"order_id":34969,"order_status":"PENDING_PAYMENT"}
{"order_customer_id":8418,"order_id":34970,"order_status":"COMPLETE"}
{"order_customer_id":1669,"order_id":34971,"order_status":"PENDING_PAYMENT"}
{"order_customer_id":6803,"order_id":34972,"order_status":"ON_HOLD"}
{"order_customer_id":2119,"order_id":34973,"order_status":"COMPLETE"}
{"order_customer_id":7879,"order_id":34974,"order_status":"CLOSED"}
{"order_customer_id":9160,"order_id":34975,"order_status":"COMPLETE"}
{"order_customer_id":245,"order_id":34976,"order_status":"PROCESSING"}
{"order_customer_id":1243,"order_id":34977,"order_status":"CANCELED"}
{"order_customer_id":8942,"order_id":34978,"order_status":"COMPLETE"}
{"order_customer_id":4857,"order_id":34979,"order_status":"PROCESSING"}
{"order_customer_id":7460,"order_id":34980,"order_status":"PROCESSING"}
{"order_customer_id":11153,"order_id":34981,"order_status":"CLOSED"}
{"order_customer_id":2340,"order_id":34982,"order_status":"COMPLETE"}
{"order_customer_id":4595,"order_id":34983,"order_status":"CLOSED"}
{"order_customer_id":8224,"order_id":34984,"order_status":"CLOSED"}
{"order_customer_id":4383,"order_id":34985,"order_status":"COMPLETE"}
{"order_customer_id":10930,"order_id":34986,"order_status":"PENDING_PAYMENT"}
{"order_customer_id":3455,"order_id":34987,"order_status":"PENDING"}
{"order_customer_id":8235,"order_id":34988,"order_status":"PENDING"}
{"order_customer_id":7471,"order_id":34989,"order_status":"PENDING"}
{"order_customer_id":12382,"order_id":34990,"order_status":"ON_HOLD"}
{"order_customer_id":9431,"order_id":34991,"order_status":"COMPLETE"}
{"order_customer_id":5966,"order_id":34992,"order_status":"COMPLETE"}
{"order_customer_id":1106,"order_id":34993,"order_status":"PROCESSING"}
{"order_customer_id":9771,"order_id":34994,"order_status":"CLOSED"}
{"order_customer_id":1865,"order_id":34995,"order_status":"COMPLETE"}
{"order_customer_id":355,"order_id":34996,"order_status":"CLOSED"}
{"order_customer_id":16,"order_id":34997,"order_status":"COMPLETE"}
{"order_customer_id":7573,"order_id":34998,"order_status":"CLOSED"}
{"order_customer_id":7923,"order_id":34999,"order_status":"ON_HOLD"}
{"order_customer_id":10800,"order_id":35000,"order_status":"PROCESSING"}
{"order_customer_id":12037,"order_id":35001,"order_status":"PROCESSING"}
{"order_customer_id":2140,"order_id":35002,"order_status":"ON_HOLD"}
{"order_customer_id":7048,"order_id":35003,"order_status":"COMPLETE"}
{"order_customer_id":2121,"order_id":35004,"order_status":"COMPLETE"}
{"order_customer_id":5970,"order_id":35005,"order_status":"ON_HOLD"}
{"order_customer_id":324,"order_id":35006,"order_status":"PROCESSING"}
{"order_customer_id":7851,"order_id":35007,"order_status":"CLOSED"}
{"order_customer_id":8196,"order_id":35008,"order_status":"PENDING_PAYMENT"}
{"order_customer_id":7880,"order_id":35009,"order_status":"PENDING"}
{"order_customer_id":10113,"order_id":35010,"order_status":"COMPLETE"}
{"order_customer_id":8222,"order_id":35011,"order_status":"COMPLETE"}
{"order_customer_id":8812,"order_id":35012,"order_status":"ON_HOLD"}
{"order_customer_id":8736,"order_id":35013,"order_status":"COMPLETE"}
{"order_customer_id":8480,"order_id":35014,"order_status":"CANCELED"}
{"order_customer_id":5510,"order_id":35015,"order_status":"CANCELED"}
{"order_customer_id":2949,"order_id":35016,"order_status":"PENDING"}
{"order_customer_id":2948,"order_id":35017,"order_status":"PENDING_PAYMENT"}
{"order_customer_id":8699,"order_id":35018,"order_status":"PENDING_PAYMENT"}
{"order_customer_id":956,"order_id":35019,"order_status":"CLOSED"}
{"order_customer_id":5513,"order_id":35020,"order_status":"COMPLETE"}
{"order_customer_id":438,"order_id":35021,"order_status":"CLOSED"}
{"order_customer_id":8281,"order_id":35022,"order_status":"COMPLETE"}
{"order_customer_id":11015,"order_id":35023,"order_status":"CLOSED"}
{"order_customer_id":7752,"order_id":35024,"order_status":"COMPLETE"}
{"order_customer_id":12170,"order_id":35025,"order_status":"PENDING_PAYMENT"}
{"order_customer_id":3691,"order_id":35026,"order_status":"PENDING"}
{"order_customer_id":10365,"order_id":35027,"order_status":"PENDING_PAYMENT"}
{"order_customer_id":12304,"order_id":35028,"order_status":"COMPLETE"}
{"order_customer_id":6529,"order_id":35029,"order_status":"COMPLETE"}
{"order_customer_id":3767,"order_id":35030,"order_status":"COMPLETE"}
{"order_customer_id":10295,"order_id":35031,"order_status":"PENDING"}
{"order_customer_id":7644,"order_id":35032,"order_status":"PENDING"}
{"order_customer_id":5508,"order_id":35033,"order_status":"COMPLETE"}
{"order_customer_id":4177,"order_id":35034,"order_status":"PROCESSING"}
{"order_customer_id":6472,"order_id":35035,"order_status":"COMPLETE"}
{"order_customer_id":9402,"order_id":35036,"order_status":"CLOSED"}
{"order_customer_id":680,"order_id":35037,"order_status":"COMPLETE"}
{"order_customer_id":11612,"order_id":35038,"order_status":"ON_HOLD"}
{"order_customer_id":10738,"order_id":35039,"order_status":"COMPLETE"}
{"order_customer_id":5341,"order_id":35040,"order_status":"PROCESSING"}
{"order_customer_id":1936,"order_id":35041,"order_status":"ON_HOLD"}
{"order_customer_id":4531,"order_id":35042,"order_status":"CLOSED"}
{"order_customer_id":7571,"order_id":35043,"order_status":"COMPLETE"}
{"order_customer_id":10323,"order_id":35044,"order_status":"CLOSED"}
{"order_customer_id":11926,"order_id":35045,"order_status":"COMPLETE"}
{"order_customer_id":9789,"order_id":35046,"order_status":"PENDING_PAYMENT"}
{"order_customer_id":8775,"order_id":35047,"order_status":"PROCESSING"}
{"order_customer_id":7738,"order_id":35048,"order_status":"COMPLETE"}
{"order_customer_id":12347,"order_id":35049,"order_status":"PROCESSING"}
{"order_customer_id":6514,"order_id":35050,"order_status":"PENDING_PAYMENT"}
{"order_customer_id":7248,"order_id":35051,"order_status":"COMPLETE"}
{"order_customer_id":7359,"order_id":35052,"order_status":"PENDING"}
{"order_customer_id":6623,"order_id":35053,"order_status":"ON_HOLD"}
{"order_customer_id":7143,"order_id":35054,"order_status":"PENDING"}
{"order_customer_id":9972,"order_id":35055,"order_status":"PENDING_PAYMENT"}
{"order_customer_id":3017,"order_id":35056,"order_status":"PAYMENT_REVIEW"}
{"order_customer_id":10592,"order_id":35057,"order_status":"CLOSED"}
{"order_customer_id":8578,"order_id":35058,"order_status":"PENDING_PAYMENT"}
{"order_customer_id":10033,"order_id":35059,"order_status":"PENDING_PAYMENT"}
{"order_customer_id":2492,"order_id":35060,"order_status":"CANCELED"}
{"order_customer_id":6774,"order_id":35061,"order_status":"PENDING_PAYMENT"}
{"order_customer_id":7377,"order_id":35062,"order_status":"COMPLETE"}
{"order_customer_id":12020,"order_id":35063,"order_status":"CLOSED"}
{"order_customer_id":10826,"order_id":35064,"order_status":"PENDING"}
{"order_customer_id":10846,"order_id":35065,"order_status":"PENDING_PAYMENT"}
{"order_customer_id":6496,"order_id":35066,"order_status":"PENDING"}
{"order_customer_id":4348,"order_id":35067,"order_status":"ON_HOLD"}
{"order_customer_id":6478,"order_id":35068,"order_status":"PENDING"}
{"order_customer_id":9702,"order_id":35069,"order_status":"PENDING"}
{"order_customer_id":10708,"order_id":35070,"order_status":"PENDING_PAYMENT"}
{"order_customer_id":11271,"order_id":35071,"order_status":"PENDING_PAYMENT"}
{"order_customer_id":11665,"order_id":63422,"order_status":"CLOSED"}
{"order_customer_id":318,"order_id":63423,"order_status":"PENDING_PAYMENT"}
{"order_customer_id":8815,"order_id":63424,"order_status":"COMPLETE"}
{"order_customer_id":3613,"order_id":63425,"order_status":"ON_HOLD"}
{"order_customer_id":11861,"order_id":63426,"order_status":"PROCESSING"}
{"order_customer_id":1992,"order_id":63427,"order_status":"PROCESSING"}
{"order_customer_id":5919,"order_id":63428,"order_status":"COMPLETE"}
{"order_customer_id":1346,"order_id":63429,"order_status":"COMPLETE"}
{"order_customer_id":11649,"order_id":63430,"order_status":"PENDING_PAYMENT"}
{"order_customer_id":4323,"order_id":63431,"order_status":"COMPLETE"}
{"order_customer_id":5722,"order_id":63432,"order_status":"PENDING_PAYMENT"}
{"order_customer_id":7287,"order_id":63433,"order_status":"PENDING_PAYMENT"}
{"order_customer_id":7089,"order_id":63434,"order_status":"PENDING"}
{"order_customer_id":7033,"order_id":63435,"order_status":"COMPLETE"}
{"order_customer_id":8485,"order_id":63436,"order_status":"COMPLETE"}
{"order_customer_id":1747,"order_id":63437,"order_status":"ON_HOLD"}
{"order_customer_id":9706,"order_id":63438,"order_status":"PENDING_PAYMENT"}
{"order_customer_id":4839,"order_id":68177,"order_status":"COMPLETE"}
