{"order_customer_id":10026,"order_id":42693,"order_status":"ON_HOLD"}
{"order_customer_id":12090,"order_id":42694,"order_status":"COMPLETE"}
{"order_customer_id":8622,"order_id":42695,"order_status":"PENDING"}
{"order_customer_id":1226,"order_id":42696,"order_status":"COMPLETE"}
{"order_customer_id":5714,"order_id":42697,"order_status":"PENDING_PAYMENT"}
{"order_customer_id":11330,"order_id":42698,"order_status":"PENDING_PAYMENT"}
{"order_customer_id":11949,"order_id":42699,"order_status":"COMPLETE"}
{"order_customer_id":12311,"order_id":42700,"order_status":"COMPLETE"}
{"order_customer_id":8685,"order_id":42701,"order_status":"PENDING_PAYMENT"}
{"order_customer_id":7448,"order_id":42702,"order_status":"PENDING_PAYMENT"}
{"order_customer_id":7267,"order_id":42703,"order_status":"PENDING_PAYMENT"}
{"order_customer_id":2278,"order_id":42704,"order_status":"COMPLETE"}
{"order_customer_id":8718,"order_id":42705,"order_status":"PENDING"}
{"order_customer_id":11542,"order_id":42706,"order_status":"COMPLETE"}
{"order_customer_id":3284,"order_id":42707,"order_status":"PROCESSING"}
{"order_customer_id":2635,"order_id":42708,"order_status":"PENDING"}
{"order_customer_id":7669,"order_id":42709,"order_status":"COMPLETE"}
{"order_customer_id":2812,"order_id":42710,"order_status":"PENDING"}
{"order_customer_id":1421,"order_id":42711,"order_status":"PENDING_PAYMENT"}
{"order_customer_id":11782,"order_id":42712,"order_status":"PENDING_PAYMENT"}
{"order_customer_id":1857,"order_id":42713,"order_status":"CLOSED"}
{"order_customer_id":510,"order_id":42714,"order_status":"PENDING_PAYMENT"}
{"order_customer_id":8287,"order_id":42715,"order_status":"PENDING_PAYMENT"}
{"order_customer_id":5311,"order_id":42716,"order_status":"ON_HOLD"}
{"order_customer_id":5185,"order_id":42717,"order_status":"CLOSED"}
{"order_customer_id":1001,"order_id":42718,"order_status":"COMPLETE"}
{"order_customer_id":2030,"order_id":42719,"order_status":"PROCESSING"}
{"order_customer_id":11835,"order_id":42720,"order_status":"PENDING_PAYMENT"}
{"order_customer_id":1310,"order_id":42721,"order_status":"COMPLETE"}
{"order_customer_id":12273,"order_id":42722,"order_status":"ON_HOLD"}
{"order_customer_id":3379,"order_id":42723,"order_status":"PROCESSING"}
{"order_customer_id":12433,"order_id":42724,"order_status":"PENDING"}
{"order_customer_id":10684,"order_id":42725,"order_status":"COMPLETE"}
{"order_customer_id":9421,"order_id":42726,"order_status":"PROCESSING"}
{"order_customer_id":4124,"order_id":42727,"order_status":"PENDING_PAYMENT"}
{"order_customer_id":10735,"order_id":42728,"order_status":"PROCESSING"}
{"order_customer_id":11060,"order_id":42729,"order_status":"PENDING_PAYMENT"}
{"order_customer_id":6141,"order_id":42730,"order_status":"PENDING_PAYMENT"}
{"order_customer_id":11576,"order_id":42731,"order_status":"CLOSED"}
{"order_customer_id":1301,"order_id":42732,"order_status":"COMPLETE"}
{"order_customer_id":9673,"order_id":42733,"order_status":"COMPLETE"}
{"order_customer_id":5451,"order_id":42734,"order_status":"COMPLETE"}
{"order_customer_id":4010,"order_id":42735,"order_status":"COMPLETE"}
{"order_customer_id":2781,"order_id":42736,"order_status":"COMPLETE"}
{"order_customer_id":2669,"order_id":42737,"order_status":"ON_HOLD"}
{"order_customer_id":8522,"order_id":42738,"order_status":"PENDING_PAYMENT"}
{"order_customer_id":245,"order_id":42739,"order_status":"PROCESSING"}
{"order_customer_id":747,"order_id":42740,"order_status":"COMPLETE"}
{"order_customer_id":9807,"order_id":42741,"order_status":"COMPLETE"}
{"order_customer_id":11830,"order_id":42742,"order_status":"PENDING_PAYMENT"}
{"order_customer_id":5471,"order_id":42743,"order_status":"COMPLETE"}
{"order_customer_id":9905,"order_id":42744,"order_status":"PENDING_PAYMENT"}
{"order_customer_id":11984,"order_id":42745,"order_status":"CLOSED"}
{"order_customer_id":8978,"order_id":42746,"order_status":"PROCESSING"}
{"order_customer_id":3375,"order_id":42747,"order_status":"PROCESSING"}
{"order_customer_id":9347,"order_id":42748,"order_status":"CLOSED"}
{"order_customer_id":7140,"order_id":42749,"order_status":"ON_HOLD"}
{"order_customer_id":7573,"order_id":42750,"order_status":"PROCESSING"}
{"order_customer_id":12255,"order_id":42751,"order_status":"PENDING"}
{"order_customer_id":3550,"order_id":42752,"order_status":"CLOSED"}
{"order_customer_id":2310,"order_id":42753,"order_status":"COMPLETE"}
{"order_customer_id":10817,"order_id":42754,"order_status":"COMPLETE"}
{"order_customer_id":2091,"order_id":42755,"order_status":"PAYMENT_REVIEW"}
{"order_customer_id":379,"order_id":42756,"order_status":"PROCESSING"}
{"order_customer_id":6757,"order_id":42757,"order_status":"COMPLETE"}
{"order_customer_id":5952,"order_id":42758,"order_status":"CLOSED"}
{"order_customer_id":11090,"order_id":42759,"order_status":"COMPLETE"}
{"order_customer_id":3069,"order_id":42760,"order_status":"PENDING_PAYMENT"}
{"order_customer_id":6023,"order_id":42761,"order_status":"PROCESSING"}
{"order_customer_id":712,"order_id":42762,"order_status":"CANCELED"}
{"order_customer_id":9031,"order_id":42763,"order_status":"COMPLETE"}
{"order_customer_id":11475,"order_id":42764,"order_status":"CLOSED"}
{"order_customer_id":2385,"order_id":42765,"order_status":"PAYMENT_REVIEW"}
{"order_customer_id":7934,"order_id":42766,"order_status":"PENDING"}
{"order_customer_id":10788,"order_id":42767,"order_status":"ON_HOLD"}
{"order_customer_id":5633,"order_id":42768,"order_status":"COMPLETE"}
{"order_customer_id":7678,"order_id":42769,"order_status":"PENDING_PAYMENT"}
{"order_customer_id":10237,"order_id":42770,"order_status":"PENDING_PAYMENT"}
{"order_customer_id":2291,"order_id":42771,"order_status":"COMPLETE"}
{"order_customer_id":5832,"order_id":42772,"order_status":"PROCESSING"}
{"order_customer_id":8638,"order_id":42773,"order_status":"ON_HOLD"}
{"order_customer_id":8981,"order_id":42774,"order_status":"PENDING"}
{"order_customer_id":1175,"order_id":42775,"order_status":"PROCESSING"}
{"order_customer_id":6373,"order_id":42776,"order_status":"CLOSED"}
{"order_customer_id":4438,"order_id":42777,"order_status":"PENDING"}
{"order_customer_id":12280,"order_id":42778,"order_status":"PENDING_PAYMENT"}
{"order_customer_id":4454,"order_id":42779,"order_status":"PENDING_PAYMENT"}
{"order_customer_id":3821,"order_id":42780,"order_status":"PENDING_PAYMENT"}
{"order_customer_id":2266,"order_id":42781,"order_status":"PROCESSING"}
{"order_customer_id":1420,"order_id":42782,"order_status":"SUSPECTED_FRAUD"}
{"order_customer_id":7924,"order_id":42783,"order_status":"COMPLETE"}
{"order_customer_id":3407,"order_id":42784,"order_status":"COMPLETE"}
{"order_customer_id":9171,"order_id":42785,"order_status":"PROCESSING"}
{"order_customer_id":1398,"order_id":42786,"order_status":"COMPLETE"}
{"order_customer_id":10486,"order_id":42787,"order_status":"COMPLETE"}
{"order_customer_id":9542,"order_id":42788,"order_status":"PENDING"}
{"order_customer_id":2773,"order_id":42789,"order_status":"CLOSED"}
{"order_customer_id":3608,"order_id":42790,"order_status":"PROCESSING"}
{"order_customer_id":8651,"order_id":42791,"order_status":"COMPLETE"}
{"order_customer_id":6516,"order_id":42792,"order_status":"CLOSED"}
{"order_customer_id":1837,"order_id":42793,"order_status":"PENDING_PAYMENT"}
{"order_customer_id":10967,"order_id":42794,"order_status":"COMPLETE"}
{"order_customer_id":6002,"order_id":42795,"order_status":"PENDING_PAYMENT"}
{"order_customer_id":3891,"order_id":42796,"order_status":"COMPLETE"}
{"order_customer_id":752,"order_id":42797,"order_status":"COMPLETE"}
{"order_customer_id":11440,"order_id":42798,"order_status":"COMPLETE"}
{"order_customer_id":2342,"order_id":42799,"order_status":"ON_HOLD"}
{"order_customer_id":9325,"order_id":42800,"order_status":"PENDING_PAYMENT"}
{"order_customer_id":11453,"order_id":42801,"order_status":"PENDING_PAYMENT"}
{"order_customer_id":6684,"order_id":42802,"order_status":"COMPLETE"}
{"order_customer_id":7192,"order_id":42803,"order_status":"COMPLETE"}
{"order_customer_id":12161,"order_id":42804,"order_status":"COMPLETE"}
{"order_customer_id":11129,"order_id":42805,"order_status":"PENDING"}
{"order_customer_id":3391,"order_id":42806,"order_status":"COMPLETE"}
{"order_customer_id":4059,"order_id":42807,"order_status":"PENDING_PAYMENT"}
{"order_customer_id":7032,"order_id":42808,"order_status":"CLOSED"}
{"order_customer_id":4781,"order_id":42809,"order_status":"PENDING"}
{"order_customer_id":5657,"order_id":42810,"order_status":"PROCESSING"}
{"order_customer_id":5476,"order_id":42811,"order_status":"COMPLETE"}
{"order_customer_id":10696,"order_id":42812,"order_status":"PENDING_PAYMENT"}
{"order_customer_id":4694,"order_id":42813,"order_status":"COMPLETE"}
{"order_customer_id":4388,"order_id":42814,"order_status":"PROCESSING"}
{"order_customer_id":6428,"order_id":42815,"order_status":"PROCESSING"}
{"order_customer_id":7013,"order_id":42816,"order_status":"PROCESSING"}
{"order_customer_id":6287,"order_id":42817,"order_status":"PENDING"}
{"order_customer_id":9653,"order_id":42818,"order_status":"COMPLETE"}
{"order_customer_id":2564,"order_id":42819,"order_status":"COMPLETE"}
{"order_customer_id":3290,"order_id":42820,"order_status":"COMPLETE"}
{"order_customer_id":4354,"order_id":42821,"order_status":"PENDING_PAYMENT"}
{"order_customer_id":10021,"order_id":42822,"order_status":"PAYMENT_REVIEW"}
{"order_customer_id":9819,"order_id":42823,"order_status":"COMPLETE"}
{"order_customer_id":23,"order_id":42824,"order_status":"PROCESSING"}
{"order_customer_id":2824,"order_id":42825,"order_status":"PENDING_PAYMENT"}
{"order_customer_id":5053,"order_id":64663,"order_status":"PAYMENT_REVIEW"}
{"order_customer_id":6051,"order_id":64664,"order_status":"COMPLETE"}
{"order_customer_id":8843,"order_id":64665,"order_status":"COMPLETE"}
{"order_customer_id":7612,"order_id":64666,"order_status":"PENDING_PAYMENT"}
{"order_customer_id":12169,"order_id":64667,"order_status":"PENDING"}
{"order_customer_id":10822,"order_id":64668,"order_status":"PENDING_PAYMENT"}
{"order_customer_id":4083,"order_id":64669,"order_status":"CLOSED"}
{"order_customer_id":11143,"order_id":64670,"order_status":"COMPLETE"}
{"order_customer_id":11027,"order_id":64671,"order_status":"COMPLETE"}
{"order_customer_id":7224,"order_id":64672,"order_status":"PENDING"}
{"order_customer_id":9196,"order_id":64673,"order_status":"CLOSED"}
{"order_customer_id":9295,"order_id":64674,"order_status":"COMPLETE"}
{"order_customer_id":7460,"order_id":64675,"order_status":"CLOSED"}
{"order_customer_id":9388,"order_id":64676,"order_status":"PENDING_PAYMENT"}
{"order_customer_id":3206,"order_id":64677,"order_status":"COMPLETE"}
{"order_customer_id":10532,"order_id":64678,"order_status":"PENDING"}
{"order_customer_id":11325,"order_id":64679,"order_status":"COMPLETE"}
{"order_customer_id":8459,"order_id":64680,"order_status":"COMPLETE"}
{"order_customer_id":2870,"order_id":64681,"order_status":"COMPLETE"}
{"order_customer_id":10642,"order_id":64682,"order_status":"PENDING"}
{"order_customer_id":1953,"order_id":64683,"order_status":"COMPLETE"}
{"order_customer_id":10301,"order_id":64684,"order_status":"PENDING_PAYMENT"}
{"order_customer_id":6413,"order_id":64685,"order_status":"CLOSED"}
{"order_customer_id":4759,"order_id":64686,"order_status":"CANCELED"}
{"order_customer_id":9858,"order_id":64687,"order_status":"PENDING"}
{"order_customer_id":10561,"order_id":64688,"order_status":"CLOSED"}
{"order_customer_id":497,"order_id":64689,"order_status":"PENDING_PAYMENT"}
{"order_customer_id":11173,"order_id":64690,"order_status":"PROCESSING"}
{"order_customer_id":6334,"order_id":64691,"order_status":"ON_HOLD"}
{"order_customer_id":1576,"order_id":64692,"order_status":"PENDING"}
{"order_customer_id":2297,"order_id":64693,"order_status":"COMPLETE"}
{"order_customer_id":6942,"order_id":64694,"order_status":"PENDING_PAYMENT"}
{"order_customer_id":7160,"order_id":64695,"order_status":"PROCESSING"}
{"order_customer_id":7029,"order_id":64696,"order_status":"PENDING"}
{"order_customer_id":11841,"order_id":64697,"order_status":"COMPLETE"}
{"order_customer_id":4708,"order_id":64698,"order_status":"COMPLETE"}
{"order_customer_id":558,"order_id":64699,"order_status":"COMPLETE"}
{"order_customer_id":10804,"order_id":64700,"order_status":"CLOSED"}
{"order_customer_id":10568,"order_id":64701,"order_status":"PENDING_PAYMENT"}
{"order_customer_id":2088,"order_id":64702,"order_status":"COMPLETE"}
{"order_customer_id":9217,"order_id":64703,"order_status":"PENDING_PAYMENT"}
{"order_customer_id":3161,"order_id":68346,"order_status":"PENDING"}
{"order_customer_id":11568,"order_id":68347,"order_status":"COMPLETE"}
{"order_customer_id":55,"order_id":68348,"order_status":"CLOSED"}
{"order_customer_id":4494,"order_id":68349,"order_status":"COMPLETE"}
{"order_customer_id":6649,"order_id":68350,"order_status":"PENDING_PAYMENT"}
{"order_customer_id":5736,"order_id":68351,"order_status":"PENDING"}
