{"order_customer_id":8663,"order_id":42210,"order_status":"CLOSED"}
{"order_customer_id":4024,"order_id":42211,"order_status":"COMPLETE"}
{"order_customer_id":11723,"order_id":42212,"order_status":"PENDING_PAYMENT"}
{"order_customer_id":800,"order_id":42213,"order_status":"PROCESSING"}
{"order_customer_id":10843,"order_id":42214,"order_status":"PENDING_PAYMENT"}
{"order_customer_id":9205,"order_id":42215,"order_status":"ON_HOLD"}
{"order_customer_id":9598,"order_id":42216,"order_status":"SUSPECTED_FRAUD"}
{"order_customer_id":5427,"order_id":42217,"order_status":"PENDING"}
{"order_customer_id":2061,"order_id":42218,"order_status":"PAYMENT_REVIEW"}
{"order_customer_id":6499,"order_id":42219,"order_status":"COMPLETE"}
{"order_customer_id":9289,"order_id":42220,"order_status":"PROCESSING"}
{"order_customer_id":4562,"order_id":42221,"order_status":"PENDING_PAYMENT"}
{"order_customer_id":6448,"order_id":42222,"order_status":"PENDING_PAYMENT"}
{"order_customer_id":11670,"order_id":42223,"order_status":"ON_HOLD"}
{"order_customer_id":3513,"order_id":42224,"order_status":"CLOSED"}
{"order_customer_id":12345,"order_id":42225,"order_status":"PROCESSING"}
{"order_customer_id":11695,"order_id":42226,"order_status":"PENDING_PAYMENT"}
{"order_customer_id":9006,"order_id":42227,"order_status":"PROCESSING"}
{"order_customer_id":8976,"order_id":42228,"order_status":"PENDING_PAYMENT"}
{"order_customer_id":8787,"order_id":42229,"order_status":"COMPLETE"}
{"order_customer_id":69,"order_id":42230,"order_status":"PENDING"}
{"order_customer_id":181,"order_id":42231,"order_status":"COMPLETE"}
{"order_customer_id":1301,"order_id":42232,"order_status":"ON_HOLD"}
{"order_customer_id":4160,"order_id":42233,"order_status":"COMPLETE"}
{"order_customer_id":5757,"order_id":42234,"order_status":"PENDING"}
{"order_customer_id":9371,"order_id":42235,"order_status":"CLOSED"}
{"order_customer_id":46,"order_id":42236,"order_status":"PROCESSING"}
{"order_customer_id":675,"order_id":42237,"order_status":"COMPLETE"}
{"order_customer_id":1693,"order_id":42238,"order_status":"COMPLETE"}
{"order_customer_id":4155,"order_id":42239,"order_status":"COMPLETE"}
{"order_customer_id":11631,"order_id":42240,"order_status":"PENDING_PAYMENT"}
{"order_customer_id":1651,"order_id":42241,"order_status":"ON_HOLD"}
{"order_customer_id":6721,"order_id":42242,"order_status":"PROCESSING"}
{"order_customer_id":1537,"order_id":42243,"order_status":"PROCESSING"}
{"order_customer_id":4754,"order_id":42244,"order_status":"COMPLETE"}
{"order_customer_id":8680,"order_id":42245,"order_status":"CLOSED"}
{"order_customer_id":5936,"order_id":42246,"order_status":"PENDING_PAYMENT"}
{"order_customer_id":2357,"order_id":42247,"order_status":"COMPLETE"}
{"order_customer_id":7196,"order_id":42248,"order_status":"ON_HOLD"}
{"order_customer_id":7682,"order_id":42249,"order_status":"CLOSED"}
{"order_customer_id":10586,"order_id":42250,"order_status":"PENDING_PAYMENT"}
{"order_customer_id":6399,"order_id":42251,"order_status":"PENDING_PAYMENT"}
{"order_customer_id":4360,"order_id":42252,"order_status":"PENDING"}
{"order_customer_id":4114,"order_id":42253,"order_status":"PENDING"}
{"order_customer_id":9053,"order_id":42254,"order_status":"CLOSED"}
{"order_customer_id":8113,"order_id":42255,"order_status":"SUSPECTED_FRAUD"}
{"order_customer_id":8144,"order_id":42256,"order_status":"PROCESSING"}
{"order_customer_id":4111,"order_id":42257,"order_status":"COMPLETE"}
{"order_customer_id":3827,"order_id":42258,"order_status":"PENDING_PAYMENT"}
{"order_customer_id":6799,"order_id":42259,"order_status":"ON_HOLD"}
{"order_customer_id":7105,"order_id":42260,"order_status":"COMPLETE"}
{"order_customer_id":3568,"order_id":42261,"order_status":"PENDING"}
{"order_customer_id":7648,"order_id":42262,"order_status":"PROCESSING"}
{"order_customer_id":1809,"order_id":42263,"order_status":"COMPLETE"}
{"order_customer_id":10140,"order_id":42264,"order_status":"COMPLETE"}
{"order_customer_id":599,"order_id":42265,"order_status":"PENDING"}
{"order_customer_id":10714,"order_id":42266,"order_status":"PROCESSING"}
{"order_customer_id":6529,"order_id":42267,"order_status":"COMPLETE"}
{"order_customer_id":11746,"order_id":42268,"order_status":"COMPLETE"}
{"order_customer_id":9380,"order_id":42269,"order_status":"PAYMENT_REVIEW"}
{"order_customer_id":424,"order_id":42270,"order_status":"PAYMENT_REVIEW"}
{"order_customer_id":3905,"order_id":42271,"order_status":"COMPLETE"}
{"order_customer_id":1689,"order_id":42272,"order_status":"COMPLETE"}
{"order_customer_id":7848,"order_id":42273,"order_status":"PENDING_PAYMENT"}
{"order_customer_id":9087,"order_id":42274,"order_status":"PENDING_PAYMENT"}
{"order_customer_id":4938,"order_id":42275,"order_status":"PENDING_PAYMENT"}
{"order_customer_id":3726,"order_id":42276,"order_status":"CANCELED"}
{"order_customer_id":1768,"order_id":42277,"order_status":"COMPLETE"}
{"order_customer_id":10457,"order_id":42278,"order_status":"PENDING_PAYMENT"}
{"order_customer_id":8970,"order_id":42279,"order_status":"COMPLETE"}
{"order_customer_id":2681,"order_id":42280,"order_status":"PENDING"}
{"order_customer_id":4311,"order_id":42281,"order_status":"COMPLETE"}
{"order_customer_id":4402,"order_id":42282,"order_status":"COMPLETE"}
{"order_customer_id":1311,"order_id":42283,"order_status":"COMPLETE"}
{"order_customer_id":1148,"order_id":42284,"order_status":"PROCESSING"}
{"order_customer_id":11151,"order_id":42285,"order_status":"PROCESSING"}
{"order_customer_id":6163,"order_id":42286,"order_status":"PENDING"}
{"order_customer_id":9356,"order_id":42287,"order_status":"PENDING"}
{"order_customer_id":11593,"order_id":42288,"order_status":"COMPLETE"}
{"order_customer_id":11146,"order_id":42289,"order_status":"PROCESSING"}
{"order_customer_id":5182,"order_id":42290,"order_status":"PENDING_PAYMENT"}
{"order_customer_id":11888,"order_id":42291,"order_status":"COMPLETE"}
{"order_customer_id":5652,"order_id":42292,"order_status":"COMPLETE"}
{"order_customer_id":12423,"order_id":42293,"order_status":"ON_HOLD"}
{"order_customer_id":8247,"order_id":42294,"order_status":"CLOSED"}
{"order_customer_id":10332,"order_id":42295,"order_status":"PAYMENT_REVIEW"}
{"order_customer_id":3816,"order_id":42296,"order_status":"PENDING"}
{"order_customer_id":8997,"order_id":42297,"order_status":"COMPLETE"}
{"order_customer_id":6378,"order_id":42298,"order_status":"COMPLETE"}
{"order_customer_id":3420,"order_id":42299,"order_status":"COMPLETE"}
{"order_customer_id":7931,"order_id":42300,"order_status":"SUSPECTED_FRAUD"}
{"order_customer_id":3655,"order_id":42301,"order_status":"PENDING_PAYMENT"}
{"order_customer_id":7748,"order_id":42302,"order_status":"PENDING_PAYMENT"}
{"order_customer_id":1174,"order_id":42303,"order_status":"PROCESSING"}
{"order_customer_id":5496,"order_id":42304,"order_status":"PENDING"}
{"order_customer_id":2597,"order_id":42305,"order_status":"PENDING"}
{"order_customer_id":2319,"order_id":42306,"order_status":"COMPLETE"}
{"order_customer_id":10428,"order_id":42307,"order_status":"COMPLETE"}
{"order_customer_id":6645,"order_id":42308,"order_status":"COMPLETE"}
{"order_customer_id":10994,"order_id":42309,"order_status":"PROCESSING"}
{"order_customer_id":5093,"order_id":42310,"order_status":"PENDING_PAYMENT"}
{"order_customer_id":4099,"order_id":42311,"order_status":"PROCESSING"}
{"order_customer_id":1674,"order_id":42312,"order_status":"CANCELED"}
{"order_customer_id":9947,"order_id":42313,"order_status":"PROCESSING"}
{"order_customer_id":5575,"order_id":42314,"order_status":"COMPLETE"}
{"order_customer_id":10552,"order_id":42315,"order_status":"COMPLETE"}
{"order_customer_id":3868,"order_id":42316,"order_status":"PENDING_PAYMENT"}
{"order_customer_id":11390,"order_id":42317,"order_status":"ON_HOLD"}
{"order_customer_id":2762,"order_id":42318,"order_status":"COMPLETE"}
{"order_customer_id":5105,"order_id":42319,"order_status":"CANCELED"}
{"order_customer_id":728,"order_id":42320,"order_status":"COMPLETE"}
{"order_customer_id":1810,"order_id":42321,"order_status":"PENDING_PAYMENT"}
{"order_customer_id":10623,"order_id":42322,"order_status":"COMPLETE"}
{"order_customer_id":3209,"order_id":42323,"order_status":"COMPLETE"}
{"order_customer_id":10428,"order_id":42324,"order_status":"ON_HOLD"}
{"order_customer_id":8419,"order_id":42325,"order_status":"COMPLETE"}
{"order_customer_id":3012,"order_id":42326,"order_status":"PENDING"}
{"order_customer_id":2051,"order_id":42327,"order_status":"PENDING_PAYMENT"}
{"order_customer_id":4924,"order_id":42328,"order_status":"CLOSED"}
{"order_customer_id":11187,"order_id":64558,"order_status":"PROCESSING"}
{"order_customer_id":10366,"order_id":64559,"order_status":"PAYMENT_REVIEW"}
{"order_customer_id":1794,"order_id":64560,"order_status":"SUSPECTED_FRAUD"}
{"order_customer_id":11188,"order_id":64561,"order_status":"PENDING_PAYMENT"}
{"order_customer_id":2896,"order_id":64562,"order_status":"CLOSED"}
{"order_customer_id":6914,"order_id":64563,"order_status":"COMPLETE"}
{"order_customer_id":7195,"order_id":64564,"order_status":"CLOSED"}
{"order_customer_id":5644,"order_id":64565,"order_status":"ON_HOLD"}
{"order_customer_id":11079,"order_id":64566,"order_status":"COMPLETE"}
{"order_customer_id":7400,"order_id":64567,"order_status":"PROCESSING"}
{"order_customer_id":12237,"order_id":64568,"order_status":"PENDING_PAYMENT"}
{"order_customer_id":2381,"order_id":64569,"order_status":"COMPLETE"}
{"order_customer_id":8557,"order_id":64570,"order_status":"COMPLETE"}
{"order_customer_id":12178,"order_id":64571,"order_status":"COMPLETE"}
{"order_customer_id":1921,"order_id":64572,"order_status":"PENDING_PAYMENT"}
{"order_customer_id":1980,"order_id":64573,"order_status":"COMPLETE"}
{"order_customer_id":7099,"order_id":64574,"order_status":"COMPLETE"}
{"order_customer_id":2918,"order_id":64575,"order_status":"COMPLETE"}
{"order_customer_id":3769,"order_id":64576,"order_status":"COMPLETE"}
{"order_customer_id":2995,"order_id":64577,"order_status":"COMPLETE"}
{"order_customer_id":2255,"order_id":64578,"order_status":"ON_HOLD"}
{"order_customer_id":637,"order_id":64579,"order_status":"COMPLETE"}
{"order_customer_id":2660,"order_id":64580,"order_status":"PENDING"}
{"order_customer_id":8311,"order_id":64581,"order_status":"COMPLETE"}
{"order_customer_id":12228,"order_id":68334,"order_status":"PROCESSING"}
{"order_customer_id":11127,"order_id":68335,"order_status":"ON_HOLD"}
{"order_customer_id":3143,"order_id":68336,"order_status":"COMPLETE"}
{"order_customer_id":8897,"order_id":68337,"order_status":"PENDING_PAYMENT"}
