{"order_customer_id":352,"order_id":54942,"order_status":"CLOSED"}
{"order_customer_id":996,"order_id":54943,"order_status":"COMPLETE"}
{"order_customer_id":3454,"order_id":54944,"order_status":"PENDING_PAYMENT"}
{"order_customer_id":1359,"order_id":54945,"order_status":"ON_HOLD"}
{"order_customer_id":1540,"order_id":54946,"order_status":"PROCESSING"}
{"order_customer_id":7657,"order_id":54947,"order_status":"COMPLETE"}
{"order_customer_id":8859,"order_id":54948,"order_status":"PENDING_PAYMENT"}
{"order_customer_id":4556,"order_id":54949,"order_status":"PENDING_PAYMENT"}
{"order_customer_id":2906,"order_id":54950,"order_status":"CLOSED"}
{"order_customer_id":10049,"order_id":54951,"order_status":"COMPLETE"}
{"order_customer_id":6907,"order_id":54952,"order_status":"COMPLETE"}
{"order_customer_id":5806,"order_id":54953,"order_status":"COMPLETE"}
{"order_customer_id":2872,"order_id":54954,"order_status":"PENDING"}
{"order_customer_id":8067,"order_id":54955,"order_status":"ON_HOLD"}
{"order_customer_id":5707,"order_id":54956,"order_status":"COMPLETE"}
{"order_customer_id":5747,"order_id":54957,"order_status":"ON_HOLD"}
{"order_customer_id":4043,"order_id":54958,"order_status":"PENDING_PAYMENT"}
{"order_customer_id":5838,"order_id":54959,"order_status":"PENDING"}
{"order_customer_id":10965,"order_id":54960,"order_status":"PENDING"}
{"order_customer_id":9816,"order_id":54961,"order_status":"PENDING_PAYMENT"}
{"order_customer_id":5401,"order_id":54962,"order_status":"PROCESSING"}
{"order_customer_id":6623,"order_id":54963,"order_status":"PENDING_PAYMENT"}
{"order_customer_id":8921,"order_id":54964,"order_status":"PENDING"}
{"order_customer_id":7082,"order_id":54965,"order_status":"SUSPECTED_FRAUD"}
{"order_customer_id":5450,"order_id":54966,"order_status":"PENDING_PAYMENT"}
{"order_customer_id":2961,"order_id":54967,"order_status":"PENDING_PAYMENT"}
{"order_customer_id":1203,"order_id":54968,"order_status":"PENDING"}
{"order_customer_id":241,"order_id":54969,"order_status":"PENDING_PAYMENT"}
{"order_customer_id":10864,"order_id":54970,"order_status":"COMPLETE"}
{"order_customer_id":1076,"order_id":54971,"order_status":"COMPLETE"}
{"order_customer_id":6395,"order_id":54972,"order_status":"PENDING_PAYMENT"}
{"order_customer_id":5907,"order_id":54973,"order_status":"PENDING_PAYMENT"}
{"order_customer_id":189,"order_id":54974,"order_status":"ON_HOLD"}
{"order_customer_id":9872,"order_id":54975,"order_status":"PENDING_PAYMENT"}
{"order_customer_id":10273,"order_id":54976,"order_status":"PENDING_PAYMENT"}
{"order_customer_id":12326,"order_id":54977,"order_status":"COMPLETE"}
{"order_customer_id":8161,"order_id":54978,"order_status":"PENDING"}
{"order_customer_id":6034,"order_id":54979,"order_status":"COMPLETE"}
{"order_customer_id":3760,"order_id":54980,"order_status":"PENDING_PAYMENT"}
{"order_customer_id":10580,"order_id":54981,"order_status":"COMPLETE"}
{"order_customer_id":3255,"order_id":54982,"order_status":"PENDING_PAYMENT"}
{"order_customer_id":774,"order_id":54983,"order_status":"PENDING_PAYMENT"}
{"order_customer_id":2774,"order_id":54984,"order_status":"PENDING_PAYMENT"}
{"order_customer_id":2239,"order_id":54985,"order_status":"CLOSED"}
{"order_customer_id":4875,"order_id":54986,"order_status":"PROCESSING"}
{"order_customer_id":2668,"order_id":54987,"order_status":"PENDING"}
{"order_customer_id":11552,"order_id":54988,"order_status":"PENDING_PAYMENT"}
{"order_customer_id":7183,"order_id":54989,"order_status":"PENDING"}
{"order_customer_id":6664,"order_id":54990,"order_status":"PENDING_PAYMENT"}
{"order_customer_id":1534,"order_id":54991,"order_status":"PROCESSING"}
{"order_customer_id":4859,"order_id":54992,"order_status":"PENDING_PAYMENT"}
{"order_customer_id":8400,"order_id":54993,"order_status":"CLOSED"}
{"order_customer_id":8435,"order_id":54994,"order_status":"PROCESSING"}
{"order_customer_id":100,"order_id":54995,"order_status":"COMPLETE"}
{"order_customer_id":3753,"order_id":54996,"order_status":"CANCELED"}
{"order_customer_id":2301,"order_id":54997,"order_status":"PENDING_PAYMENT"}
{"order_customer_id":4458,"order_id":54998,"order_status":"PENDING"}
{"order_customer_id":5655,"order_id":54999,"order_status":"ON_HOLD"}
{"order_customer_id":9897,"order_id":55000,"order_status":"CANCELED"}
{"order_customer_id":7218,"order_id":55001,"order_status":"COMPLETE"}
{"order_customer_id":7454,"order_id":55002,"order_status":"PROCESSING"}
{"order_customer_id":179,"order_id":55003,"order_status":"PENDING_PAYMENT"}
{"order_customer_id":8299,"order_id":55004,"order_status":"PENDING_PAYMENT"}
{"order_customer_id":10266,"order_id":55005,"order_status":"PENDING_PAYMENT"}
{"order_customer_id":1366,"order_id":55006,"order_status":"COMPLETE"}
{"order_customer_id":6328,"order_id":55007,"order_status":"ON_HOLD"}
{"order_customer_id":3146,"order_id":55008,"order_status":"CLOSED"}
{"order_customer_id":12012,"order_id":55009,"order_status":"PENDING_PAYMENT"}
{"order_customer_id":2757,"order_id":55010,"order_status":"COMPLETE"}
{"order_customer_id":2359,"order_id":55011,"order_status":"PROCESSING"}
{"order_customer_id":2157,"order_id":55012,"order_status":"CANCELED"}
{"order_customer_id":3492,"order_id":55013,"order_status":"PAYMENT_REVIEW"}
{"order_customer_id":5392,"order_id":55014,"order_status":"CLOSED"}
{"order_customer_id":9475,"order_id":55015,"order_status":"CLOSED"}
{"order_customer_id":7731,"order_id":55016,"order_status":"COMPLETE"}
{"order_customer_id":1135,"order_id":55017,"order_status":"COMPLETE"}
{"order_customer_id":12141,"order_id":55018,"order_status":"ON_HOLD"}
{"order_customer_id":9697,"order_id":55019,"order_status":"PENDING"}
{"order_customer_id":5260,"order_id":55020,"order_status":"CANCELED"}
{"order_customer_id":4094,"order_id":55021,"order_status":"PENDING_PAYMENT"}
{"order_customer_id":4865,"order_id":55022,"order_status":"PENDING_PAYMENT"}
{"order_customer_id":361,"order_id":55023,"order_status":"COMPLETE"}
{"order_customer_id":2970,"order_id":55024,"order_status":"PENDING_PAYMENT"}
{"order_customer_id":7359,"order_id":55025,"order_status":"PENDING_PAYMENT"}
{"order_customer_id":8548,"order_id":55026,"order_status":"SUSPECTED_FRAUD"}
{"order_customer_id":5674,"order_id":55027,"order_status":"PENDING_PAYMENT"}
{"order_customer_id":7859,"order_id":55028,"order_status":"PAYMENT_REVIEW"}
{"order_customer_id":7747,"order_id":55029,"order_status":"PROCESSING"}
{"order_customer_id":3621,"order_id":55030,"order_status":"ON_HOLD"}
{"order_customer_id":8694,"order_id":55031,"order_status":"PENDING_PAYMENT"}
{"order_customer_id":4952,"order_id":55032,"order_status":"PENDING"}
{"order_customer_id":11950,"order_id":55033,"order_status":"ON_HOLD"}
{"order_customer_id":1038,"order_id":55034,"order_status":"COMPLETE"}
{"order_customer_id":1440,"order_id":55035,"order_status":"COMPLETE"}
{"order_customer_id":8559,"order_id":55036,"order_status":"COMPLETE"}
{"order_customer_id":7823,"order_id":55037,"order_status":"CLOSED"}
{"order_customer_id":1914,"order_id":55038,"order_status":"COMPLETE"}
{"order_customer_id":4457,"order_id":55039,"order_status":"COMPLETE"}
{"order_customer_id":12133,"order_id":55040,"order_status":"PENDING"}
{"order_customer_id":10593,"order_id":55041,"order_status":"PENDING"}
{"order_customer_id":1821,"order_id":55042,"order_status":"COMPLETE"}
{"order_customer_id":3918,"order_id":55043,"order_status":"PROCESSING"}
{"order_customer_id":8768,"order_id":55044,"order_status":"PROCESSING"}
{"order_customer_id":9717,"order_id":55045,"order_status":"PENDING_PAYMENT"}
{"order_customer_id":9228,"order_id":55046,"order_status":"COMPLETE"}
{"order_customer_id":4981,"order_id":55047,"order_status":"COMPLETE"}
{"order_customer_id":896,"order_id":55048,"order_status":"COMPLETE"}
{"order_customer_id":3499,"order_id":55049,"order_status":"COMPLETE"}
{"order_customer_id":10814,"order_id":55050,"order_status":"PENDING"}
{"order_customer_id":12043,"order_id":55051,"order_status":"PENDING"}
{"order_customer_id":634,"order_id":55052,"order_status":"PENDING"}
{"order_customer_id":11939,"order_id":55053,"order_status":"PENDING_PAYMENT"}
{"order_customer_id":422,"order_id":55054,"order_status":"PENDING"}
{"order_customer_id":11978,"order_id":55055,"order_status":"PAYMENT_REVIEW"}
{"order_customer_id":4084,"order_id":55056,"order_status":"COMPLETE"}
{"order_customer_id":4274,"order_id":55057,"order_status":"COMPLETE"}
{"order_customer_id":3510,"order_id":55058,"order_status":"COMPLETE"}
{"order_customer_id":8421,"order_id":55059,"order_status":"PROCESSING"}
{"order_customer_id":5470,"order_id":55060,"order_status":"PENDING_PAYMENT"}
{"order_customer_id":9580,"order_id":55061,"order_status":"PENDING_PAYMENT"}
{"order_customer_id":11754,"order_id":55062,"order_status":"PROCESSING"}
{"order_customer_id":10339,"order_id":55063,"order_status":"PENDING"}
{"order_customer_id":891,"order_id":55064,"order_status":"PENDING"}
{"order_customer_id":8392,"order_id":55065,"order_status":"PENDING_PAYMENT"}
{"order_customer_id":10875,"order_id":55066,"order_status":"COMPLETE"}
{"order_customer_id":3465,"order_id":55067,"order_status":"PENDING_PAYMENT"}
{"order_customer_id":3815,"order_id":55068,"order_status":"CLOSED"}
{"order_customer_id":6692,"order_id":55069,"order_status":"PROCESSING"}
{"order_customer_id":10418,"order_id":55070,"order_status":"PROCESSING"}
{"order_customer_id":9999,"order_id":55071,"order_status":"COMPLETE"}
{"order_customer_id":2891,"order_id":55072,"order_status":"COMPLETE"}
{"order_customer_id":8279,"order_id":55073,"order_status":"COMPLETE"}
{"order_customer_id":8602,"order_id":55074,"order_status":"COMPLETE"}
{"order_customer_id":3483,"order_id":55075,"order_status":"PENDING"}
{"order_customer_id":3694,"order_id":55076,"order_status":"COMPLETE"}
{"order_customer_id":3990,"order_id":55077,"order_status":"PROCESSING"}
{"order_customer_id":3674,"order_id":55078,"order_status":"PROCESSING"}
{"order_customer_id":8626,"order_id":55079,"order_status":"PENDING_PAYMENT"}
{"order_customer_id":4016,"order_id":55080,"order_status":"PENDING_PAYMENT"}
{"order_customer_id":4508,"order_id":55081,"order_status":"PENDING_PAYMENT"}
{"order_customer_id":4481,"order_id":55082,"order_status":"CLOSED"}
{"order_customer_id":4225,"order_id":55083,"order_status":"PROCESSING"}
{"order_customer_id":1255,"order_id":55084,"order_status":"PENDING_PAYMENT"}
{"order_customer_id":11128,"order_id":55085,"order_status":"PENDING"}
{"order_customer_id":3190,"order_id":55086,"order_status":"PENDING_PAYMENT"}
{"order_customer_id":4444,"order_id":55087,"order_status":"COMPLETE"}
{"order_customer_id":1872,"order_id":55088,"order_status":"COMPLETE"}
{"order_customer_id":8667,"order_id":55089,"order_status":"PROCESSING"}
{"order_customer_id":12088,"order_id":55090,"order_status":"PENDING_PAYMENT"}
{"order_customer_id":4026,"order_id":55091,"order_status":"PENDING_PAYMENT"}
{"order_customer_id":6760,"order_id":55092,"order_status":"PENDING_PAYMENT"}
{"order_customer_id":3546,"order_id":55093,"order_status":"PENDING_PAYMENT"}
{"order_customer_id":7964,"order_id":55094,"order_status":"CLOSED"}
{"order_customer_id":2301,"order_id":55095,"order_status":"CLOSED"}
{"order_customer_id":6159,"order_id":55096,"order_status":"CLOSED"}
{"order_customer_id":8098,"order_id":55097,"order_status":"SUSPECTED_FRAUD"}
{"order_customer_id":2323,"order_id":55098,"order_status":"PENDING"}
{"order_customer_id":11164,"order_id":55099,"order_status":"COMPLETE"}
{"order_customer_id":8772,"order_id":55100,"order_status":"CLOSED"}
{"order_customer_id":3438,"order_id":55101,"order_status":"CLOSED"}
{"order_customer_id":1204,"order_id":55102,"order_status":"CLOSED"}
{"order_customer_id":6049,"order_id":55103,"order_status":"PENDING_PAYMENT"}
{"order_customer_id":2168,"order_id":55104,"order_status":"COMPLETE"}
{"order_customer_id":8811,"order_id":55105,"order_status":"ON_HOLD"}
{"order_customer_id":8003,"order_id":55106,"order_status":"COMPLETE"}
{"order_customer_id":9504,"order_id":55107,"order_status":"ON_HOLD"}
{"order_customer_id":6483,"order_id":55108,"order_status":"CLOSED"}
{"order_customer_id":10116,"order_id":55109,"order_status":"COMPLETE"}
{"order_customer_id":763,"order_id":55110,"order_status":"COMPLETE"}
{"order_customer_id":374,"order_id":55111,"order_status":"PENDING_PAYMENT"}
{"order_customer_id":3365,"order_id":55112,"order_status":"PROCESSING"}
{"order_customer_id":8903,"order_id":55113,"order_status":"COMPLETE"}
{"order_customer_id":7671,"order_id":55114,"order_status":"PENDING_PAYMENT"}
{"order_customer_id":5534,"order_id":55115,"order_status":"CANCELED"}
{"order_customer_id":4520,"order_id":55116,"order_status":"CLOSED"}
{"order_customer_id":9157,"order_id":55117,"order_status":"PROCESSING"}
{"order_customer_id":8092,"order_id":55118,"order_status":"COMPLETE"}
{"order_customer_id":2259,"order_id":55119,"order_status":"CLOSED"}
{"order_customer_id":2993,"order_id":55120,"order_status":"COMPLETE"}
{"order_customer_id":3104,"order_id":55121,"order_status":"PENDING"}
{"order_customer_id":2368,"order_id":55122,"order_status":"PENDING_PAYMENT"}
{"order_customer_id":9356,"order_id":55123,"order_status":"PENDING"}
{"order_customer_id":5717,"order_id":55124,"order_status":"CLOSED"}
{"order_customer_id":8790,"order_id":55125,"order_status":"PENDING_PAYMENT"}
{"order_customer_id":6337,"order_id":55126,"order_status":"ON_HOLD"}
{"order_customer_id":4323,"order_id":55127,"order_status":"PENDING_PAYMENT"}
{"order_customer_id":10672,"order_id":55128,"order_status":"ON_HOLD"}
{"order_customer_id":6748,"order_id":55129,"order_status":"COMPLETE"}
{"order_customer_id":2470,"order_id":55130,"order_status":"PROCESSING"}
{"order_customer_id":3073,"order_id":55131,"order_status":"PROCESSING"}
{"order_customer_id":7716,"order_id":55132,"order_status":"PENDING_PAYMENT"}
{"order_customer_id":10983,"order_id":55133,"order_status":"PENDING"}
{"order_customer_id":6493,"order_id":55134,"order_status":"PENDING_PAYMENT"}
{"order_customer_id":8591,"order_id":55135,"order_status":"PENDING_PAYMENT"}
{"order_customer_id":44,"order_id":55136,"order_status":"PROCESSING"}
{"order_customer_id":2174,"order_id":55137,"order_status":"PENDING"}
{"order_customer_id":5447,"order_id":55138,"order_status":"PENDING_PAYMENT"}
{"order_customer_id":6453,"order_id":55139,"order_status":"PENDING_PAYMENT"}
{"order_customer_id":7016,"order_id":55140,"order_status":"PROCESSING"}
{"order_customer_id":7786,"order_id":55141,"order_status":"CLOSED"}
{"order_customer_id":11948,"order_id":55142,"order_status":"PENDING_PAYMENT"}
{"order_customer_id":8933,"order_id":55143,"order_status":"PENDING_PAYMENT"}
{"order_customer_id":10883,"order_id":55144,"order_status":"COMPLETE"}
{"order_customer_id":818,"order_id":55145,"order_status":"CLOSED"}
{"order_customer_id":3305,"order_id":55146,"order_status":"COMPLETE"}
{"order_customer_id":4431,"order_id":55147,"order_status":"PROCESSING"}
{"order_customer_id":7688,"order_id":55148,"order_status":"PROCESSING"}
{"order_customer_id":5645,"order_id":55149,"order_status":"ON_HOLD"}
{"order_customer_id":4454,"order_id":55150,"order_status":"PROCESSING"}
{"order_customer_id":10649,"order_id":55151,"order_status":"COMPLETE"}
{"order_customer_id":3234,"order_id":55152,"order_status":"COMPLETE"}
{"order_customer_id":6685,"order_id":55153,"order_status":"PENDING"}
{"order_customer_id":8012,"order_id":55154,"order_status":"PROCESSING"}
{"order_customer_id":3752,"order_id":55155,"order_status":"PENDING_PAYMENT"}
{"order_customer_id":966,"order_id":55156,"order_status":"COMPLETE"}
{"order_customer_id":10660,"order_id":55157,"order_status":"COMPLETE"}
{"order_customer_id":11251,"order_id":55158,"order_status":"COMPLETE"}
{"order_customer_id":590,"order_id":55159,"order_status":"COMPLETE"}
{"order_customer_id":9763,"order_id":55160,"order_status":"CANCELED"}
{"order_customer_id":1988,"order_id":55161,"order_status":"COMPLETE"}
{"order_customer_id":3641,"order_id":55162,"order_status":"CLOSED"}
{"order_customer_id":11876,"order_id":55163,"order_status":"PENDING_PAYMENT"}
{"order_customer_id":11817,"order_id":55164,"order_status":"CLOSED"}
{"order_customer_id":1444,"order_id":55165,"order_status":"COMPLETE"}
{"order_customer_id":2183,"order_id":55166,"order_status":"PENDING"}
{"order_customer_id":3984,"order_id":55167,"order_status":"ON_HOLD"}
{"order_customer_id":9051,"order_id":55168,"order_status":"CLOSED"}
{"order_customer_id":7038,"order_id":55169,"order_status":"PENDING_PAYMENT"}
{"order_customer_id":2970,"order_id":55170,"order_status":"PAYMENT_REVIEW"}
{"order_customer_id":2877,"order_id":55171,"order_status":"COMPLETE"}
{"order_customer_id":9729,"order_id":55172,"order_status":"PENDING"}
{"order_customer_id":5893,"order_id":55173,"order_status":"COMPLETE"}
{"order_customer_id":8677,"order_id":55174,"order_status":"PROCESSING"}
{"order_customer_id":12167,"order_id":55175,"order_status":"PENDING_PAYMENT"}
{"order_customer_id":671,"order_id":55176,"order_status":"PENDING"}
{"order_customer_id":5137,"order_id":55177,"order_status":"ON_HOLD"}
{"order_customer_id":11923,"order_id":55178,"order_status":"PROCESSING"}
{"order_customer_id":11682,"order_id":55179,"order_status":"PENDING_PAYMENT"}
{"order_customer_id":9626,"order_id":55180,"order_status":"CLOSED"}
{"order_customer_id":10482,"order_id":55181,"order_status":"COMPLETE"}
{"order_customer_id":9925,"order_id":55182,"order_status":"SUSPECTED_FRAUD"}
{"order_customer_id":7424,"order_id":55183,"order_status":"PENDING_PAYMENT"}
{"order_customer_id":5166,"order_id":66971,"order_status":"PROCESSING"}
{"order_customer_id":2478,"order_id":66972,"order_status":"COMPLETE"}
{"order_customer_id":11366,"order_id":66973,"order_status":"COMPLETE"}
{"order_customer_id":12347,"order_id":66974,"order_status":"CLOSED"}
{"order_customer_id":4724,"order_id":66975,"order_status":"ON_HOLD"}
{"order_customer_id":616,"order_id":66976,"order_status":"PAYMENT_REVIEW"}
{"order_customer_id":7439,"order_id":66977,"order_status":"COMPLETE"}
{"order_customer_id":5106,"order_id":66978,"order_status":"COMPLETE"}
{"order_customer_id":7998,"order_id":66979,"order_status":"PENDING_PAYMENT"}
{"order_customer_id":5697,"order_id":66980,"order_status":"PROCESSING"}
{"order_customer_id":11221,"order_id":66981,"order_status":"CLOSED"}
{"order_customer_id":5917,"order_id":66982,"order_status":"COMPLETE"}
{"order_customer_id":11112,"order_id":66983,"order_status":"ON_HOLD"}
{"order_customer_id":7425,"order_id":66984,"order_status":"PENDING_PAYMENT"}
{"order_customer_id":3285,"order_id":66985,"order_status":"COMPLETE"}
{"order_customer_id":6049,"order_id":68642,"order_status":"CLOSED"}
{"order_customer_id":3079,"order_id":68643,"order_status":"COMPLETE"}
{"order_customer_id":6753,"order_id":68878,"order_status":"COMPLETE"}
