{"order_customer_id":64,"order_id":7889,"order_status":"CANCELED"}
{"order_customer_id":11516,"order_id":7890,"order_status":"ON_HOLD"}
{"order_customer_id":6056,"order_id":7891,"order_status":"PENDING"}
{"order_customer_id":7620,"order_id":7892,"order_status":"COMPLETE"}
{"order_customer_id":5904,"order_id":7893,"order_status":"PENDING_PAYMENT"}
{"order_customer_id":3639,"order_id":7894,"order_status":"PENDING_PAYMENT"}
{"order_customer_id":4596,"order_id":7895,"order_status":"CLOSED"}
{"order_customer_id":5178,"order_id":7896,"order_status":"PENDING_PAYMENT"}
{"order_customer_id":8963,"order_id":7897,"order_status":"COMPLETE"}
{"order_customer_id":4806,"order_id":7898,"order_status":"COMPLETE"}
{"order_customer_id":11089,"order_id":7899,"order_status":"PENDING_PAYMENT"}
{"order_customer_id":2197,"order_id":7900,"order_status":"PROCESSING"}
{"order_customer_id":3618,"order_id":7901,"order_status":"CANCELED"}
{"order_customer_id":12287,"order_id":7902,"order_status":"COMPLETE"}
{"order_customer_id":1890,"order_id":7903,"order_status":"COMPLETE"}
{"order_customer_id":7784,"order_id":7904,"order_status":"PENDING_PAYMENT"}
{"order_customer_id":7970,"order_id":7905,"order_status":"PROCESSING"}
{"order_customer_id":10501,"order_id":7906,"order_status":"COMPLETE"}
{"order_customer_id":9691,"order_id":7907,"order_status":"PAYMENT_REVIEW"}
{"order_customer_id":11950,"order_id":7908,"order_status":"COMPLETE"}
{"order_customer_id":8117,"order_id":7909,"order_status":"CLOSED"}
{"order_customer_id":8632,"order_id":7910,"order_status":"COMPLETE"}
{"order_customer_id":4868,"order_id":7911,"order_status":"COMPLETE"}
{"order_customer_id":6086,"order_id":7912,"order_status":"CLOSED"}
{"order_customer_id":11784,"order_id":7913,"order_status":"CLOSED"}
{"order_customer_id":1617,"order_id":7914,"order_status":"ON_HOLD"}
{"order_customer_id":3577,"order_id":7915,"order_status":"PENDING_PAYMENT"}
{"order_customer_id":2430,"order_id":7916,"order_status":"CLOSED"}
{"order_customer_id":1623,"order_id":7917,"order_status":"CLOSED"}
{"order_customer_id":2890,"order_id":7918,"order_status":"PENDING"}
{"order_customer_id":609,"order_id":7919,"order_status":"PENDING_PAYMENT"}
{"order_customer_id":6111,"order_id":7920,"order_status":"COMPLETE"}
{"order_customer_id":10724,"order_id":7921,"order_status":"COMPLETE"}
{"order_customer_id":4122,"order_id":7922,"order_status":"COMPLETE"}
{"order_customer_id":2244,"order_id":7923,"order_status":"PENDING_PAYMENT"}
{"order_customer_id":10778,"order_id":7924,"order_status":"PROCESSING"}
{"order_customer_id":7057,"order_id":7925,"order_status":"CLOSED"}
{"order_customer_id":5293,"order_id":7926,"order_status":"PENDING"}
{"order_customer_id":4169,"order_id":7927,"order_status":"PROCESSING"}
{"order_customer_id":10570,"order_id":7928,"order_status":"COMPLETE"}
{"order_customer_id":3346,"order_id":7929,"order_status":"PENDING_PAYMENT"}
{"order_customer_id":11783,"order_id":7930,"order_status":"CANCELED"}
{"order_customer_id":119,"order_id":7931,"order_status":"CLOSED"}
{"order_customer_id":2496,"order_id":7932,"order_status":"ON_HOLD"}
{"order_customer_id":6737,"order_id":7933,"order_status":"PROCESSING"}
{"order_customer_id":7859,"order_id":7934,"order_status":"CLOSED"}
{"order_customer_id":9992,"order_id":7935,"order_status":"CLOSED"}
{"order_customer_id":1787,"order_id":7936,"order_status":"COMPLETE"}
{"order_customer_id":12125,"order_id":7937,"order_status":"COMPLETE"}
{"order_customer_id":9187,"order_id":7938,"order_status":"PENDING"}
{"order_customer_id":11969,"order_id":7939,"order_status":"COMPLETE"}
{"order_customer_id":2435,"order_id":7940,"order_status":"COMPLETE"}
{"order_customer_id":11659,"order_id":7941,"order_status":"PENDING"}
{"order_customer_id":10708,"order_id":7942,"order_status":"PROCESSING"}
{"order_customer_id":3440,"order_id":7943,"order_status":"CANCELED"}
{"order_customer_id":9220,"order_id":7944,"order_status":"COMPLETE"}
{"order_customer_id":6860,"order_id":7945,"order_status":"COMPLETE"}
{"order_customer_id":2403,"order_id":7946,"order_status":"COMPLETE"}
{"order_customer_id":10778,"order_id":7947,"order_status":"COMPLETE"}
{"order_customer_id":500,"order_id":7948,"order_status":"CLOSED"}
{"order_customer_id":4438,"order_id":7949,"order_status":"COMPLETE"}
{"order_customer_id":1616,"order_id":7950,"order_status":"COMPLETE"}
{"order_customer_id":7949,"order_id":7951,"order_status":"PROCESSING"}
{"order_customer_id":6151,"order_id":7952,"order_status":"PENDING_PAYMENT"}
{"order_customer_id":11500,"order_id":7953,"order_status":"PAYMENT_REVIEW"}
{"order_customer_id":11997,"order_id":7954,"order_status":"CLOSED"}
{"order_customer_id":1524,"order_id":7955,"order_status":"COMPLETE"}
{"order_customer_id":3392,"order_id":7956,"order_status":"PENDING"}
{"order_customer_id":12114,"order_id":7957,"order_status":"COMPLETE"}
{"order_customer_id":4560,"order_id":7958,"order_status":"PENDING"}
{"order_customer_id":660,"order_id":7959,"order_status":"COMPLETE"}
{"order_customer_id":7019,"order_id":7960,"order_status":"CLOSED"}
{"order_customer_id":2588,"order_id":7961,"order_status":"COMPLETE"}
{"order_customer_id":8250,"order_id":7962,"order_status":"PENDING"}
{"order_customer_id":10488,"order_id":7963,"order_status":"CLOSED"}
{"order_customer_id":3063,"order_id":7964,"order_status":"PENDING_PAYMENT"}
{"order_customer_id":9179,"order_id":7965,"order_status":"COMPLETE"}
{"order_customer_id":6965,"order_id":7966,"order_status":"COMPLETE"}
{"order_customer_id":2463,"order_id":7967,"order_status":"COMPLETE"}
{"order_customer_id":9329,"order_id":7968,"order_status":"PROCESSING"}
{"order_customer_id":10738,"order_id":7969,"order_status":"PROCESSING"}
{"order_customer_id":10235,"order_id":7970,"order_status":"PENDING"}
{"order_customer_id":3022,"order_id":7971,"order_status":"PROCESSING"}
{"order_customer_id":2032,"order_id":7972,"order_status":"PENDING_PAYMENT"}
{"order_customer_id":6923,"order_id":7973,"order_status":"PENDING"}
{"order_customer_id":7716,"order_id":7974,"order_status":"ON_HOLD"}
{"order_customer_id":3213,"order_id":7975,"order_status":"COMPLETE"}
{"order_customer_id":9690,"order_id":7976,"order_status":"PENDING_PAYMENT"}
{"order_customer_id":2449,"order_id":7977,"order_status":"COMPLETE"}
{"order_customer_id":8429,"order_id":7978,"order_status":"COMPLETE"}
{"order_customer_id":4103,"order_id":7979,"order_status":"PENDING"}
{"order_customer_id":5828,"order_id":7980,"order_status":"PROCESSING"}
{"order_customer_id":2635,"order_id":7981,"order_status":"COMPLETE"}
{"order_customer_id":4051,"order_id":7982,"order_status":"PROCESSING"}
{"order_customer_id":942,"order_id":7983,"order_status":"COMPLETE"}
{"order_customer_id":5637,"order_id":7984,"order_status":"PAYMENT_REVIEW"}
{"order_customer_id":2055,"order_id":7985,"order_status":"COMPLETE"}
{"order_customer_id":5054,"order_id":7986,"order_status":"PENDING"}
{"order_customer_id":10082,"order_id":7987,"order_status":"PROCESSING"}
{"order_customer_id":11228,"order_id":7988,"order_status":"COMPLETE"}
{"order_customer_id":5579,"order_id":7989,"order_status":"COMPLETE"}
{"order_customer_id":6630,"order_id":7990,"order_status":"COMPLETE"}
{"order_customer_id":6574,"order_id":7991,"order_status":"COMPLETE"}
{"order_customer_id":11897,"order_id":7992,"order_status":"PROCESSING"}
{"order_customer_id":6938,"order_id":7993,"order_status":"PROCESSING"}
{"order_customer_id":1255,"order_id":7994,"order_status":"COMPLETE"}
{"order_customer_id":9680,"order_id":7995,"order_status":"ON_HOLD"}
{"order_customer_id":4116,"order_id":7996,"order_status":"CLOSED"}
{"order_customer_id":4571,"order_id":7997,"order_status":"PENDING_PAYMENT"}
{"order_customer_id":4089,"order_id":7998,"order_status":"COMPLETE"}
{"order_customer_id":10481,"order_id":7999,"order_status":"PROCESSING"}
{"order_customer_id":10275,"order_id":8000,"order_status":"PENDING_PAYMENT"}
{"order_customer_id":3244,"order_id":8001,"order_status":"COMPLETE"}
{"order_customer_id":8350,"order_id":8002,"order_status":"COMPLETE"}
{"order_customer_id":5595,"order_id":8003,"order_status":"PENDING"}
{"order_customer_id":10490,"order_id":8004,"order_status":"PENDING_PAYMENT"}
{"order_customer_id":11059,"order_id":8005,"order_status":"CLOSED"}
{"order_customer_id":4254,"order_id":8006,"order_status":"COMPLETE"}
{"order_customer_id":8944,"order_id":8007,"order_status":"PENDING_PAYMENT"}
{"order_customer_id":8698,"order_id":8008,"order_status":"PENDING_PAYMENT"}
{"order_customer_id":11074,"order_id":8009,"order_status":"COMPLETE"}
{"order_customer_id":5532,"order_id":8010,"order_status":"PENDING_PAYMENT"}
{"order_customer_id":10220,"order_id":8011,"order_status":"CLOSED"}
{"order_customer_id":1512,"order_id":8012,"order_status":"PROCESSING"}
{"order_customer_id":9332,"order_id":8013,"order_status":"COMPLETE"}
{"order_customer_id":10478,"order_id":8014,"order_status":"PENDING_PAYMENT"}
{"order_customer_id":10968,"order_id":8015,"order_status":"SUSPECTED_FRAUD"}
{"order_customer_id":3108,"order_id":8016,"order_status":"PENDING_PAYMENT"}
{"order_customer_id":1823,"order_id":8017,"order_status":"CLOSED"}
{"order_customer_id":10802,"order_id":8018,"order_status":"COMPLETE"}
{"order_customer_id":9356,"order_id":8019,"order_status":"PENDING_PAYMENT"}
{"order_customer_id":803,"order_id":8020,"order_status":"COMPLETE"}
{"order_customer_id":7398,"order_id":8021,"order_status":"PENDING_PAYMENT"}
{"order_customer_id":5637,"order_id":8022,"order_status":"COMPLETE"}
{"order_customer_id":8699,"order_id":8023,"order_status":"PROCESSING"}
{"order_customer_id":10445,"order_id":8024,"order_status":"PENDING_PAYMENT"}
{"order_customer_id":10310,"order_id":8025,"order_status":"PROCESSING"}
{"order_customer_id":8244,"order_id":8026,"order_status":"COMPLETE"}
{"order_customer_id":6826,"order_id":8027,"order_status":"ON_HOLD"}
{"order_customer_id":7428,"order_id":8028,"order_status":"PROCESSING"}
{"order_customer_id":9880,"order_id":8029,"order_status":"PENDING_PAYMENT"}
{"order_customer_id":7900,"order_id":8030,"order_status":"COMPLETE"}
{"order_customer_id":3604,"order_id":8031,"order_status":"CLOSED"}
{"order_customer_id":696,"order_id":8032,"order_status":"COMPLETE"}
{"order_customer_id":816,"order_id":8033,"order_status":"COMPLETE"}
{"order_customer_id":11895,"order_id":8034,"order_status":"PENDING_PAYMENT"}
{"order_customer_id":75,"order_id":8035,"order_status":"PENDING_PAYMENT"}
{"order_customer_id":9981,"order_id":8036,"order_status":"ON_HOLD"}
{"order_customer_id":2353,"order_id":8037,"order_status":"PENDING_PAYMENT"}
{"order_customer_id":6361,"order_id":8038,"order_status":"CLOSED"}
{"order_customer_id":4264,"order_id":8039,"order_status":"ON_HOLD"}
{"order_customer_id":5703,"order_id":8040,"order_status":"CLOSED"}
{"order_customer_id":2684,"order_id":59006,"order_status":"COMPLETE"}
{"order_customer_id":3492,"order_id":59007,"order_status":"COMPLETE"}
{"order_customer_id":7009,"order_id":59008,"order_status":"CLOSED"}
{"order_customer_id":3890,"order_id":59009,"order_status":"CLOSED"}
{"order_customer_id":4322,"order_id":59010,"order_status":"COMPLETE"}
{"order_customer_id":2137,"order_id":59011,"order_status":"CLOSED"}
{"order_customer_id":3484,"order_id":59012,"order_status":"PROCESSING"}
{"order_customer_id":10172,"order_id":59013,"order_status":"PENDING_PAYMENT"}
{"order_customer_id":6130,"order_id":59014,"order_status":"PENDING"}
{"order_customer_id":6950,"order_id":59015,"order_status":"SUSPECTED_FRAUD"}
{"order_customer_id":1124,"order_id":59016,"order_status":"COMPLETE"}
{"order_customer_id":8482,"order_id":59017,"order_status":"COMPLETE"}
{"order_customer_id":5014,"order_id":59018,"order_status":"CLOSED"}
{"order_customer_id":3734,"order_id":59019,"order_status":"PENDING_PAYMENT"}
{"order_customer_id":550,"order_id":59020,"order_status":"PENDING"}
{"order_customer_id":8656,"order_id":59021,"order_status":"PENDING"}
{"order_customer_id":10107,"order_id":59022,"order_status":"COMPLETE"}
{"order_customer_id":170,"order_id":59023,"order_status":"PENDING_PAYMENT"}
{"order_customer_id":2058,"order_id":59024,"order_status":"PENDING"}
{"order_customer_id":11222,"order_id":59025,"order_status":"PENDING"}
{"order_customer_id":9306,"order_id":59026,"order_status":"COMPLETE"}
{"order_customer_id":5466,"order_id":59027,"order_status":"CLOSED"}
{"order_customer_id":915,"order_id":59028,"order_status":"PENDING_PAYMENT"}
{"order_customer_id":4813,"order_id":59029,"order_status":"PENDING"}
{"order_customer_id":325,"order_id":67609,"order_status":"PENDING_PAYMENT"}
{"order_customer_id":9,"order_id":67610,"order_status":"PENDING_PAYMENT"}
{"order_customer_id":10632,"order_id":67611,"order_status":"COMPLETE"}
{"order_customer_id":8872,"order_id":68716,"order_status":"PENDING_PAYMENT"}
