{"order_customer_id":11439,"order_id":31992,"order_status":"COMPLETE"}
{"order_customer_id":6277,"order_id":31993,"order_status":"ON_HOLD"}
{"order_customer_id":7537,"order_id":31994,"order_status":"COMPLETE"}
{"order_customer_id":626,"order_id":31995,"order_status":"COMPLETE"}
{"order_customer_id":2102,"order_id":31996,"order_status":"COMPLETE"}
{"order_customer_id":1983,"order_id":31997,"order_status":"ON_HOLD"}
{"order_customer_id":1561,"order_id":31998,"order_status":"PENDING_PAYMENT"}
{"order_customer_id":3955,"order_id":31999,"order_status":"PROCESSING"}
{"order_customer_id":165,"order_id":32000,"order_status":"COMPLETE"}
{"order_customer_id":1700,"order_id":32001,"order_status":"ON_HOLD"}
{"order_customer_id":7425,"order_id":32002,"order_status":"PENDING_PAYMENT"}
{"order_customer_id":7722,"order_id":32003,"order_status":"PENDING_PAYMENT"}
{"order_customer_id":4739,"order_id":32004,"order_status":"PENDING"}
{"order_customer_id":5861,"order_id":32005,"order_status":"COMPLETE"}
{"order_customer_id":10027,"order_id":32006,"order_status":"COMPLETE"}
{"order_customer_id":10190,"order_id":32007,"order_status":"PENDING"}
{"order_customer_id":6634,"order_id":32008,"order_status":"CLOSED"}
{"order_customer_id":336,"order_id":32009,"order_status":"PROCESSING"}
{"order_customer_id":4028,"order_id":32010,"order_status":"COMPLETE"}
{"order_customer_id":442,"order_id":32011,"order_status":"CANCELED"}
{"order_customer_id":5300,"order_id":32012,"order_status":"PENDING"}
{"order_customer_id":12138,"order_id":32013,"order_status":"PENDING_PAYMENT"}
{"order_customer_id":703,"order_id":32014,"order_status":"PROCESSING"}
{"order_customer_id":3933,"order_id":32015,"order_status":"PENDING_PAYMENT"}
{"order_customer_id":379,"order_id":32016,"order_status":"PENDING_PAYMENT"}
{"order_customer_id":99,"order_id":32017,"order_status":"PENDING_PAYMENT"}
{"order_customer_id":12271,"order_id":32018,"order_status":"PENDING"}
{"order_customer_id":5520,"order_id":32019,"order_status":"PENDING_PAYMENT"}
{"order_customer_id":4286,"order_id":32020,"order_status":"PENDING"}
{"order_customer_id":694,"order_id":32021,"order_status":"PENDING_PAYMENT"}
{"order_customer_id":2992,"order_id":32022,"order_status":"COMPLETE"}
{"order_customer_id":4808,"order_id":32023,"order_status":"PENDING"}
{"order_customer_id":8308,"order_id":32024,"order_status":"PENDING_PAYMENT"}
{"order_customer_id":10578,"order_id":32025,"order_status":"CLOSED"}
{"order_customer_id":319,"order_id":32026,"order_status":"CLOSED"}
{"order_customer_id":8193,"order_id":32027,"order_status":"COMPLETE"}
{"order_customer_id":8508,"order_id":32028,"order_status":"PENDING_PAYMENT"}
{"order_customer_id":9090,"order_id":32029,"order_status":"COMPLETE"}
{"order_customer_id":1812,"order_id":32030,"order_status":"CLOSED"}
{"order_customer_id":197,"order_id":32031,"order_status":"PROCESSING"}
{"order_customer_id":9323,"order_id":32032,"order_status":"COMPLETE"}
{"order_customer_id":4658,"order_id":32033,"order_status":"PROCESSING"}
{"order_customer_id":9379,"order_id":32034,"order_status":"CLOSED"}
{"order_customer_id":10228,"order_id":32035,"order_status":"COMPLETE"}
{"order_customer_id":3406,"order_id":32036,"order_status":"COMPLETE"}
{"order_customer_id":4065,"order_id":32037,"order_status":"PROCESSING"}
{"order_customer_id":2963,"order_id":32038,"order_status":"ON_HOLD"}
{"order_customer_id":9434,"order_id":32039,"order_status":"COMPLETE"}
{"order_customer_id":5708,"order_id":32040,"order_status":"PENDING"}
{"order_customer_id":11285,"order_id":32041,"order_status":"COMPLETE"}
{"order_customer_id":8742,"order_id":32042,"order_status":"PENDING_PAYMENT"}
{"order_customer_id":9681,"order_id":32043,"order_status":"COMPLETE"}
{"order_customer_id":11522,"order_id":32044,"order_status":"COMPLETE"}
{"order_customer_id":3584,"order_id":32045,"order_status":"PENDING"}
{"order_customer_id":6443,"order_id":32046,"order_status":"COMPLETE"}
{"order_customer_id":2959,"order_id":32047,"order_status":"CANCELED"}
{"order_customer_id":9425,"order_id":32048,"order_status":"CLOSED"}
{"order_customer_id":233,"order_id":32049,"order_status":"CANCELED"}
{"order_customer_id":4590,"order_id":32050,"order_status":"ON_HOLD"}
{"order_customer_id":4017,"order_id":32051,"order_status":"CLOSED"}
{"order_customer_id":10834,"order_id":32052,"order_status":"ON_HOLD"}
{"order_customer_id":6560,"order_id":32053,"order_status":"PENDING_PAYMENT"}
{"order_customer_id":6399,"order_id":32054,"order_status":"COMPLETE"}
{"order_customer_id":6811,"order_id":32055,"order_status":"CLOSED"}
{"order_customer_id":3297,"order_id":32056,"order_status":"COMPLETE"}
{"order_customer_id":7175,"order_id":32057,"order_status":"PROCESSING"}
{"order_customer_id":7046,"order_id":32058,"order_status":"COMPLETE"}
{"order_customer_id":5153,"order_id":32059,"order_status":"PENDING"}
{"order_customer_id":3001,"order_id":32060,"order_status":"COMPLETE"}
{"order_customer_id":8942,"order_id":32061,"order_status":"COMPLETE"}
{"order_customer_id":10460,"order_id":32062,"order_status":"COMPLETE"}
{"order_customer_id":9687,"order_id":32063,"order_status":"COMPLETE"}
{"order_customer_id":7321,"order_id":32064,"order_status":"PENDING_PAYMENT"}
{"order_customer_id":5950,"order_id":32065,"order_status":"CANCELED"}
{"order_customer_id":1964,"order_id":32066,"order_status":"PENDING_PAYMENT"}
{"order_customer_id":2277,"order_id":32067,"order_status":"PENDING"}
{"order_customer_id":5167,"order_id":32068,"order_status":"PENDING"}
{"order_customer_id":10756,"order_id":32069,"order_status":"COMPLETE"}
{"order_customer_id":5613,"order_id":32070,"order_status":"CANCELED"}
{"order_customer_id":10443,"order_id":32071,"order_status":"CLOSED"}
{"order_customer_id":5440,"order_id":32072,"order_status":"CLOSED"}
{"order_customer_id":12242,"order_id":32073,"order_status":"COMPLETE"}
{"order_customer_id":4000,"order_id":32074,"order_status":"COMPLETE"}
{"order_customer_id":2830,"order_id":32075,"order_status":"PENDING"}
{"order_customer_id":7960,"order_id":32076,"order_status":"PENDING_PAYMENT"}
{"order_customer_id":4862,"order_id":32077,"order_status":"CANCELED"}
{"order_customer_id":5794,"order_id":32078,"order_status":"ON_HOLD"}
{"order_customer_id":19,"order_id":32079,"order_status":"PENDING"}
{"order_customer_id":1637,"order_id":32080,"order_status":"PENDING"}
{"order_customer_id":5994,"order_id":32081,"order_status":"PENDING_PAYMENT"}
{"order_customer_id":5262,"order_id":32082,"order_status":"PENDING_PAYMENT"}
{"order_customer_id":2507,"order_id":32083,"order_status":"COMPLETE"}
{"order_customer_id":789,"order_id":32084,"order_status":"CLOSED"}
{"order_customer_id":6887,"order_id":32085,"order_status":"COMPLETE"}
{"order_customer_id":7006,"order_id":32086,"order_status":"COMPLETE"}
{"order_customer_id":2576,"order_id":32087,"order_status":"PENDING"}
{"order_customer_id":12402,"order_id":32088,"order_status":"CLOSED"}
{"order_customer_id":10540,"order_id":32089,"order_status":"PENDING_PAYMENT"}
{"order_customer_id":7864,"order_id":32090,"order_status":"PENDING_PAYMENT"}
{"order_customer_id":9736,"order_id":32091,"order_status":"COMPLETE"}
{"order_customer_id":6074,"order_id":32092,"order_status":"PENDING"}
{"order_customer_id":2006,"order_id":32093,"order_status":"COMPLETE"}
{"order_customer_id":7066,"order_id":32094,"order_status":"COMPLETE"}
{"order_customer_id":11938,"order_id":32095,"order_status":"PENDING_PAYMENT"}
{"order_customer_id":8088,"order_id":32096,"order_status":"COMPLETE"}
{"order_customer_id":6611,"order_id":32097,"order_status":"COMPLETE"}
{"order_customer_id":11483,"order_id":32098,"order_status":"PENDING"}
{"order_customer_id":12365,"order_id":32099,"order_status":"ON_HOLD"}
{"order_customer_id":9774,"order_id":32100,"order_status":"COMPLETE"}
{"order_customer_id":5489,"order_id":32101,"order_status":"PROCESSING"}
{"order_customer_id":6352,"order_id":32102,"order_status":"PENDING_PAYMENT"}
{"order_customer_id":2330,"order_id":32103,"order_status":"COMPLETE"}
{"order_customer_id":5269,"order_id":32104,"order_status":"COMPLETE"}
{"order_customer_id":2666,"order_id":32105,"order_status":"ON_HOLD"}
{"order_customer_id":8942,"order_id":62943,"order_status":"COMPLETE"}
{"order_customer_id":3567,"order_id":62944,"order_status":"PENDING"}
{"order_customer_id":11823,"order_id":62945,"order_status":"PROCESSING"}
{"order_customer_id":6526,"order_id":62946,"order_status":"PROCESSING"}
{"order_customer_id":4775,"order_id":62947,"order_status":"CLOSED"}
{"order_customer_id":1521,"order_id":62948,"order_status":"ON_HOLD"}
{"order_customer_id":2431,"order_id":62949,"order_status":"PROCESSING"}
{"order_customer_id":10075,"order_id":62950,"order_status":"PENDING_PAYMENT"}
{"order_customer_id":6249,"order_id":62951,"order_status":"CLOSED"}
{"order_customer_id":2613,"order_id":62952,"order_status":"PENDING_PAYMENT"}
{"order_customer_id":3499,"order_id":62953,"order_status":"PENDING_PAYMENT"}
{"order_customer_id":3954,"order_id":62954,"order_status":"PROCESSING"}
{"order_customer_id":3476,"order_id":62955,"order_status":"CANCELED"}
{"order_customer_id":1673,"order_id":62956,"order_status":"PENDING"}
{"order_customer_id":9488,"order_id":62957,"order_status":"PENDING_PAYMENT"}
{"order_customer_id":4395,"order_id":62958,"order_status":"PENDING_PAYMENT"}
{"order_customer_id":11582,"order_id":62959,"order_status":"PENDING_PAYMENT"}
{"order_customer_id":2608,"order_id":62960,"order_status":"COMPLETE"}
{"order_customer_id":11692,"order_id":62961,"order_status":"PENDING"}
{"order_customer_id":3357,"order_id":62962,"order_status":"CLOSED"}
{"order_customer_id":4969,"order_id":62963,"order_status":"PENDING"}
{"order_customer_id":11036,"order_id":62964,"order_status":"PENDING_PAYMENT"}
{"order_customer_id":10953,"order_id":62965,"order_status":"COMPLETE"}
{"order_customer_id":8463,"order_id":62966,"order_status":"ON_HOLD"}
{"order_customer_id":9240,"order_id":62967,"order_status":"ON_HOLD"}
{"order_customer_id":8675,"order_id":62968,"order_status":"PENDING_PAYMENT"}
{"order_customer_id":4024,"order_id":62969,"order_status":"PENDING"}
{"order_customer_id":481,"order_id":62970,"order_status":"PAYMENT_REVIEW"}
{"order_customer_id":6316,"order_id":62971,"order_status":"PENDING_PAYMENT"}
{"order_customer_id":8284,"order_id":62972,"order_status":"CLOSED"}
{"order_customer_id":1147,"order_id":62973,"order_status":"COMPLETE"}
{"order_customer_id":3996,"order_id":62974,"order_status":"COMPLETE"}
{"order_customer_id":11609,"order_id":62975,"order_status":"COMPLETE"}
{"order_customer_id":7182,"order_id":62976,"order_status":"PENDING_PAYMENT"}
{"order_customer_id":7696,"order_id":62977,"order_status":"COMPLETE"}
{"order_customer_id":298,"order_id":62978,"order_status":"CLOSED"}
{"order_customer_id":485,"order_id":62979,"order_status":"PENDING_PAYMENT"}
{"order_customer_id":2329,"order_id":62980,"order_status":"ON_HOLD"}
{"order_customer_id":4459,"order_id":62981,"order_status":"COMPLETE"}
{"order_customer_id":8189,"order_id":62982,"order_status":"PROCESSING"}
{"order_customer_id":11757,"order_id":62983,"order_status":"PENDING_PAYMENT"}
{"order_customer_id":4877,"order_id":62984,"order_status":"PROCESSING"}
{"order_customer_id":10386,"order_id":62985,"order_status":"COMPLETE"}
{"order_customer_id":5822,"order_id":68108,"order_status":"ON_HOLD"}
{"order_customer_id":10786,"order_id":68109,"order_status":"ON_HOLD"}
{"order_customer_id":3957,"order_id":68110,"order_status":"COMPLETE"}
{"order_customer_id":9107,"order_id":68111,"order_status":"SUSPECTED_FRAUD"}
{"order_customer_id":7798,"order_id":68112,"order_status":"PENDING_PAYMENT"}
{"order_customer_id":2566,"order_id":68113,"order_status":"COMPLETE"}
