{"order_customer_id":9240,"order_id":22801,"order_status":"PENDING_PAYMENT"}
{"order_customer_id":9126,"order_id":22802,"order_status":"COMPLETE"}
{"order_customer_id":12403,"order_id":22803,"order_status":"PENDING_PAYMENT"}
{"order_customer_id":5129,"order_id":22804,"order_status":"ON_HOLD"}
{"order_customer_id":2800,"order_id":22805,"order_status":"COMPLETE"}
{"order_customer_id":6129,"order_id":22806,"order_status":"CLOSED"}
{"order_customer_id":5583,"order_id":22807,"order_status":"PENDING_PAYMENT"}
{"order_customer_id":237,"order_id":22808,"order_status":"PROCESSING"}
{"order_customer_id":7703,"order_id":22809,"order_status":"SUSPECTED_FRAUD"}
{"order_customer_id":8613,"order_id":22810,"order_status":"PENDING_PAYMENT"}
{"order_customer_id":1962,"order_id":22811,"order_status":"PENDING"}
{"order_customer_id":12431,"order_id":22812,"order_status":"PENDING"}
{"order_customer_id":8697,"order_id":22813,"order_status":"CLOSED"}
{"order_customer_id":9583,"order_id":22814,"order_status":"PENDING"}
{"order_customer_id":10074,"order_id":22815,"order_status":"COMPLETE"}
{"order_customer_id":9547,"order_id":22816,"order_status":"COMPLETE"}
{"order_customer_id":7646,"order_id":22817,"order_status":"PENDING_PAYMENT"}
{"order_customer_id":5545,"order_id":22818,"order_status":"PENDING_PAYMENT"}
{"order_customer_id":10368,"order_id":22819,"order_status":"PENDING_PAYMENT"}
{"order_customer_id":9667,"order_id":22820,"order_status":"PAYMENT_REVIEW"}
{"order_customer_id":5107,"order_id":22821,"order_status":"PENDING_PAYMENT"}
{"order_customer_id":8812,"order_id":22822,"order_status":"COMPLETE"}
{"order_customer_id":5204,"order_id":22823,"order_status":"PENDING"}
{"order_customer_id":10916,"order_id":22824,"order_status":"PROCESSING"}
{"order_customer_id":3721,"order_id":22825,"order_status":"PENDING"}
{"order_customer_id":4499,"order_id":22826,"order_status":"PENDING"}
{"order_customer_id":9556,"order_id":22827,"order_status":"COMPLETE"}
{"order_customer_id":1926,"order_id":22828,"order_status":"COMPLETE"}
{"order_customer_id":2605,"order_id":22829,"order_status":"COMPLETE"}
{"order_customer_id":1991,"order_id":22830,"order_status":"COMPLETE"}
{"order_customer_id":435,"order_id":22831,"order_status":"COMPLETE"}
{"order_customer_id":12067,"order_id":22832,"order_status":"PENDING"}
{"order_customer_id":2821,"order_id":22833,"order_status":"CLOSED"}
{"order_customer_id":6898,"order_id":22834,"order_status":"CANCELED"}
{"order_customer_id":9783,"order_id":22835,"order_status":"COMPLETE"}
{"order_customer_id":7631,"order_id":22836,"order_status":"PENDING"}
{"order_customer_id":4961,"order_id":22837,"order_status":"COMPLETE"}
{"order_customer_id":534,"order_id":22838,"order_status":"COMPLETE"}
{"order_customer_id":1048,"order_id":22839,"order_status":"COMPLETE"}
{"order_customer_id":6223,"order_id":22840,"order_status":"SUSPECTED_FRAUD"}
{"order_customer_id":5428,"order_id":22841,"order_status":"PENDING_PAYMENT"}
{"order_customer_id":10099,"order_id":22842,"order_status":"PROCESSING"}
{"order_customer_id":877,"order_id":22843,"order_status":"COMPLETE"}
{"order_customer_id":1345,"order_id":22844,"order_status":"CLOSED"}
{"order_customer_id":4913,"order_id":22845,"order_status":"PENDING_PAYMENT"}
{"order_customer_id":7251,"order_id":22846,"order_status":"COMPLETE"}
{"order_customer_id":6606,"order_id":22847,"order_status":"PROCESSING"}
{"order_customer_id":11591,"order_id":22848,"order_status":"COMPLETE"}
{"order_customer_id":1172,"order_id":22849,"order_status":"COMPLETE"}
{"order_customer_id":3080,"order_id":22850,"order_status":"PENDING_PAYMENT"}
{"order_customer_id":2968,"order_id":22851,"order_status":"PENDING_PAYMENT"}
{"order_customer_id":12209,"order_id":22852,"order_status":"COMPLETE"}
{"order_customer_id":1810,"order_id":22853,"order_status":"COMPLETE"}
{"order_customer_id":8620,"order_id":22854,"order_status":"PENDING_PAYMENT"}
{"order_customer_id":9456,"order_id":22855,"order_status":"COMPLETE"}
{"order_customer_id":9853,"order_id":22856,"order_status":"PENDING_PAYMENT"}
{"order_customer_id":1712,"order_id":22857,"order_status":"ON_HOLD"}
{"order_customer_id":16,"order_id":22858,"order_status":"COMPLETE"}
{"order_customer_id":11075,"order_id":22859,"order_status":"CLOSED"}
{"order_customer_id":6691,"order_id":22860,"order_status":"PROCESSING"}
{"order_customer_id":10785,"order_id":22861,"order_status":"COMPLETE"}
{"order_customer_id":10262,"order_id":22862,"order_status":"ON_HOLD"}
{"order_customer_id":10690,"order_id":22863,"order_status":"PENDING_PAYMENT"}
{"order_customer_id":9085,"order_id":22864,"order_status":"PENDING"}
{"order_customer_id":9179,"order_id":22865,"order_status":"PENDING_PAYMENT"}
{"order_customer_id":2531,"order_id":22866,"order_status":"ON_HOLD"}
{"order_customer_id":141,"order_id":22867,"order_status":"COMPLETE"}
{"order_customer_id":298,"order_id":22868,"order_status":"CLOSED"}
{"order_customer_id":3614,"order_id":22869,"order_status":"PROCESSING"}
{"order_customer_id":2553,"order_id":22870,"order_status":"PENDING_PAYMENT"}
{"order_customer_id":5616,"order_id":22871,"order_status":"COMPLETE"}
{"order_customer_id":2170,"order_id":22872,"order_status":"PROCESSING"}
{"order_customer_id":11900,"order_id":22873,"order_status":"PENDING_PAYMENT"}
{"order_customer_id":8546,"order_id":22874,"order_status":"COMPLETE"}
{"order_customer_id":2235,"order_id":22875,"order_status":"CANCELED"}
{"order_customer_id":2782,"order_id":22876,"order_status":"PENDING_PAYMENT"}
{"order_customer_id":5701,"order_id":22877,"order_status":"COMPLETE"}
{"order_customer_id":4176,"order_id":22878,"order_status":"CLOSED"}
{"order_customer_id":7421,"order_id":22879,"order_status":"PENDING_PAYMENT"}
{"order_customer_id":5791,"order_id":22880,"order_status":"ON_HOLD"}
{"order_customer_id":2871,"order_id":22881,"order_status":"ON_HOLD"}
{"order_customer_id":2121,"order_id":22882,"order_status":"CLOSED"}
{"order_customer_id":202,"order_id":22883,"order_status":"CLOSED"}
{"order_customer_id":11708,"order_id":22884,"order_status":"PROCESSING"}
{"order_customer_id":7167,"order_id":22885,"order_status":"PENDING_PAYMENT"}
{"order_customer_id":239,"order_id":22886,"order_status":"COMPLETE"}
{"order_customer_id":7016,"order_id":22887,"order_status":"PENDING"}
{"order_customer_id":6160,"order_id":22888,"order_status":"PENDING"}
{"order_customer_id":9572,"order_id":22889,"order_status":"PENDING_PAYMENT"}
{"order_customer_id":3203,"order_id":22890,"order_status":"COMPLETE"}
{"order_customer_id":1816,"order_id":22891,"order_status":"PENDING"}
{"order_customer_id":7491,"order_id":22892,"order_status":"COMPLETE"}
{"order_customer_id":4783,"order_id":22893,"order_status":"COMPLETE"}
{"order_customer_id":12074,"order_id":22894,"order_status":"CLOSED"}
{"order_customer_id":1005,"order_id":22895,"order_status":"COMPLETE"}
{"order_customer_id":1011,"order_id":22896,"order_status":"ON_HOLD"}
{"order_customer_id":10766,"order_id":22897,"order_status":"CLOSED"}
{"order_customer_id":3545,"order_id":22898,"order_status":"PROCESSING"}
{"order_customer_id":1882,"order_id":22899,"order_status":"CANCELED"}
{"order_customer_id":4357,"order_id":22900,"order_status":"COMPLETE"}
{"order_customer_id":10732,"order_id":22901,"order_status":"CLOSED"}
{"order_customer_id":11633,"order_id":22902,"order_status":"PENDING_PAYMENT"}
{"order_customer_id":8381,"order_id":22903,"order_status":"PENDING_PAYMENT"}
{"order_customer_id":7658,"order_id":22904,"order_status":"PENDING_PAYMENT"}
{"order_customer_id":10102,"order_id":22905,"order_status":"COMPLETE"}
{"order_customer_id":12176,"order_id":22906,"order_status":"PENDING_PAYMENT"}
{"order_customer_id":1714,"order_id":22907,"order_status":"ON_HOLD"}
{"order_customer_id":9566,"order_id":22908,"order_status":"PENDING_PAYMENT"}
{"order_customer_id":10848,"order_id":22909,"order_status":"PAYMENT_REVIEW"}
{"order_customer_id":9881,"order_id":22910,"order_status":"SUSPECTED_FRAUD"}
{"order_customer_id":5605,"order_id":22911,"order_status":"COMPLETE"}
{"order_customer_id":5449,"order_id":22912,"order_status":"PENDING"}
{"order_customer_id":9854,"order_id":22913,"order_status":"CLOSED"}
{"order_customer_id":6708,"order_id":22914,"order_status":"PENDING_PAYMENT"}
{"order_customer_id":4698,"order_id":22915,"order_status":"COMPLETE"}
{"order_customer_id":4825,"order_id":22916,"order_status":"COMPLETE"}
{"order_customer_id":6386,"order_id":61351,"order_status":"COMPLETE"}
{"order_customer_id":7013,"order_id":61352,"order_status":"COMPLETE"}
{"order_customer_id":8151,"order_id":61353,"order_status":"CLOSED"}
{"order_customer_id":9565,"order_id":61354,"order_status":"PROCESSING"}
{"order_customer_id":11736,"order_id":61355,"order_status":"PENDING_PAYMENT"}
{"order_customer_id":5795,"order_id":61356,"order_status":"COMPLETE"}
{"order_customer_id":8991,"order_id":61357,"order_status":"PROCESSING"}
{"order_customer_id":8400,"order_id":61358,"order_status":"PENDING"}
{"order_customer_id":3609,"order_id":61359,"order_status":"COMPLETE"}
{"order_customer_id":1888,"order_id":61360,"order_status":"CLOSED"}
{"order_customer_id":3225,"order_id":61361,"order_status":"PENDING"}
{"order_customer_id":7671,"order_id":61362,"order_status":"PENDING_PAYMENT"}
{"order_customer_id":10862,"order_id":61363,"order_status":"PROCESSING"}
{"order_customer_id":10672,"order_id":61364,"order_status":"PENDING_PAYMENT"}
{"order_customer_id":4798,"order_id":61365,"order_status":"PENDING"}
{"order_customer_id":94,"order_id":61366,"order_status":"SUSPECTED_FRAUD"}
{"order_customer_id":4580,"order_id":61367,"order_status":"PENDING_PAYMENT"}
{"order_customer_id":8167,"order_id":61368,"order_status":"PENDING"}
{"order_customer_id":3937,"order_id":61369,"order_status":"COMPLETE"}
{"order_customer_id":1196,"order_id":61370,"order_status":"CLOSED"}
{"order_customer_id":8870,"order_id":61371,"order_status":"COMPLETE"}
{"order_customer_id":11970,"order_id":61372,"order_status":"COMPLETE"}
{"order_customer_id":4238,"order_id":61373,"order_status":"PENDING"}
{"order_customer_id":3095,"order_id":61374,"order_status":"PENDING_PAYMENT"}
{"order_customer_id":7005,"order_id":61375,"order_status":"COMPLETE"}
{"order_customer_id":3676,"order_id":61376,"order_status":"PENDING_PAYMENT"}
{"order_customer_id":9845,"order_id":61377,"order_status":"COMPLETE"}
{"order_customer_id":6184,"order_id":61378,"order_status":"COMPLETE"}
{"order_customer_id":8692,"order_id":61379,"order_status":"CLOSED"}
{"order_customer_id":11337,"order_id":61380,"order_status":"PENDING_PAYMENT"}
{"order_customer_id":4377,"order_id":61381,"order_status":"COMPLETE"}
{"order_customer_id":4311,"order_id":61382,"order_status":"PENDING_PAYMENT"}
{"order_customer_id":1577,"order_id":61383,"order_status":"PAYMENT_REVIEW"}
{"order_customer_id":10356,"order_id":61384,"order_status":"PROCESSING"}
{"order_customer_id":3400,"order_id":67900,"order_status":"COMPLETE"}
{"order_customer_id":5646,"order_id":67901,"order_status":"PENDING_PAYMENT"}
{"order_customer_id":8898,"order_id":67902,"order_status":"PENDING"}
{"order_customer_id":6155,"order_id":67903,"order_status":"COMPLETE"}
{"order_customer_id":7225,"order_id":67904,"order_status":"COMPLETE"}
{"order_customer_id":4340,"order_id":67905,"order_status":"COMPLETE"}
{"order_customer_id":4150,"order_id":68768,"order_status":"COMPLETE"}
