{"order_customer_id":9919,"order_id":4314,"order_status":"COMPLETE"}
{"order_customer_id":4185,"order_id":4315,"order_status":"PENDING_PAYMENT"}
{"order_customer_id":2621,"order_id":4316,"order_status":"PENDING"}
{"order_customer_id":1127,"order_id":4317,"order_status":"PENDING"}
{"order_customer_id":3978,"order_id":4318,"order_status":"COMPLETE"}
{"order_customer_id":725,"order_id":4319,"order_status":"COMPLETE"}
{"order_customer_id":1996,"order_id":4320,"order_status":"CLOSED"}
{"order_customer_id":3651,"order_id":4321,"order_status":"COMPLETE"}
{"order_customer_id":1573,"order_id":4322,"order_status":"COMPLETE"}
{"order_customer_id":5446,"order_id":4323,"order_status":"CLOSED"}
{"order_customer_id":768,"order_id":4324,"order_status":"COMPLETE"}
{"order_customer_id":11420,"order_id":4325,"order_status":"PAYMENT_REVIEW"}
{"order_customer_id":2681,"order_id":4326,"order_status":"PENDING_PAYMENT"}
{"order_customer_id":11205,"order_id":4327,"order_status":"COMPLETE"}
{"order_customer_id":8448,"order_id":4328,"order_status":"PROCESSING"}
{"order_customer_id":9946,"order_id":4329,"order_status":"COMPLETE"}
{"order_customer_id":8410,"order_id":4330,"order_status":"PENDING"}
{"order_customer_id":11134,"order_id":4331,"order_status":"ON_HOLD"}
{"order_customer_id":2175,"order_id":4332,"order_status":"PROCESSING"}
{"order_customer_id":9209,"order_id":4333,"order_status":"PENDING_PAYMENT"}
{"order_customer_id":11089,"order_id":4334,"order_status":"PENDING"}
{"order_customer_id":1043,"order_id":4335,"order_status":"PENDING_PAYMENT"}
{"order_customer_id":1230,"order_id":4336,"order_status":"PENDING"}
{"order_customer_id":7618,"order_id":4337,"order_status":"COMPLETE"}
{"order_customer_id":3867,"order_id":4338,"order_status":"PROCESSING"}
{"order_customer_id":9722,"order_id":4339,"order_status":"PENDING_PAYMENT"}
{"order_customer_id":4234,"order_id":4340,"order_status":"PENDING_PAYMENT"}
{"order_customer_id":8999,"order_id":4341,"order_status":"PENDING_PAYMENT"}
{"order_customer_id":10164,"order_id":4342,"order_status":"COMPLETE"}
{"order_customer_id":10715,"order_id":4343,"order_status":"COMPLETE"}
{"order_customer_id":8781,"order_id":4344,"order_status":"PAYMENT_REVIEW"}
{"order_customer_id":5642,"order_id":4345,"order_status":"PENDING_PAYMENT"}
{"order_customer_id":9327,"order_id":4346,"order_status":"COMPLETE"}
{"order_customer_id":4247,"order_id":4347,"order_status":"PENDING_PAYMENT"}
{"order_customer_id":10377,"order_id":4348,"order_status":"COMPLETE"}
{"order_customer_id":6629,"order_id":4349,"order_status":"PROCESSING"}
{"order_customer_id":4540,"order_id":4350,"order_status":"PENDING_PAYMENT"}
{"order_customer_id":7378,"order_id":4351,"order_status":"ON_HOLD"}
{"order_customer_id":6593,"order_id":4352,"order_status":"CANCELED"}
{"order_customer_id":11769,"order_id":4353,"order_status":"COMPLETE"}
{"order_customer_id":7268,"order_id":4354,"order_status":"CANCELED"}
{"order_customer_id":718,"order_id":4355,"order_status":"COMPLETE"}
{"order_customer_id":11706,"order_id":4356,"order_status":"PROCESSING"}
{"order_customer_id":3298,"order_id":4357,"order_status":"PENDING_PAYMENT"}
{"order_customer_id":9523,"order_id":4358,"order_status":"PENDING_PAYMENT"}
{"order_customer_id":7084,"order_id":4359,"order_status":"COMPLETE"}
{"order_customer_id":3441,"order_id":4360,"order_status":"COMPLETE"}
{"order_customer_id":10857,"order_id":4361,"order_status":"CLOSED"}
{"order_customer_id":3229,"order_id":4362,"order_status":"COMPLETE"}
{"order_customer_id":4549,"order_id":4363,"order_status":"PENDING_PAYMENT"}
{"order_customer_id":8170,"order_id":4364,"order_status":"COMPLETE"}
{"order_customer_id":10407,"order_id":4365,"order_status":"COMPLETE"}
{"order_customer_id":8317,"order_id":4366,"order_status":"ON_HOLD"}
{"order_customer_id":11332,"order_id":4367,"order_status":"COMPLETE"}
{"order_customer_id":2379,"order_id":4368,"order_status":"PENDING_PAYMENT"}
{"order_customer_id":11360,"order_id":4369,"order_status":"PENDING_PAYMENT"}
{"order_customer_id":10620,"order_id":4370,"order_status":"PENDING_PAYMENT"}
{"order_customer_id":8303,"order_id":4371,"order_status":"COMPLETE"}
{"order_customer_id":5805,"order_id":4372,"order_status":"PENDING"}
{"order_customer_id":10649,"order_id":4373,"order_status":"PENDING_PAYMENT"}
{"order_customer_id":4241,"order_id":4374,"order_status":"PENDING"}
{"order_customer_id":10334,"order_id":4375,"order_status":"PENDING"}
{"order_customer_id":10077,"order_id":4376,"order_status":"COMPLETE"}
{"order_customer_id":3362,"order_id":4377,"order_status":"PAYMENT_REVIEW"}
{"order_customer_id":202,"order_id":4378,"order_status":"PROCESSING"}
{"order_customer_id":9120,"order_id":4379,"order_status":"PROCESSING"}
{"order_customer_id":8072,"order_id":4380,"order_status":"PAYMENT_REVIEW"}
{"order_customer_id":5541,"order_id":4381,"order_status":"ON_HOLD"}
{"order_customer_id":208,"order_id":4382,"order_status":"COMPLETE"}
{"order_customer_id":5271,"order_id":4383,"order_status":"PENDING_PAYMENT"}
{"order_customer_id":5697,"order_id":4384,"order_status":"COMPLETE"}
{"order_customer_id":3472,"order_id":4385,"order_status":"COMPLETE"}
{"order_customer_id":8031,"order_id":4386,"order_status":"CLOSED"}
{"order_customer_id":4962,"order_id":4387,"order_status":"COMPLETE"}
{"order_customer_id":6986,"order_id":4388,"order_status":"PENDING_PAYMENT"}
{"order_customer_id":9871,"order_id":4389,"order_status":"CLOSED"}
{"order_customer_id":8163,"order_id":4390,"order_status":"CLOSED"}
{"order_customer_id":11605,"order_id":4391,"order_status":"PENDING"}
{"order_customer_id":8001,"order_id":4392,"order_status":"COMPLETE"}
{"order_customer_id":6691,"order_id":4393,"order_status":"PENDING"}
{"order_customer_id":11646,"order_id":4394,"order_status":"COMPLETE"}
{"order_customer_id":5822,"order_id":4395,"order_status":"PENDING_PAYMENT"}
{"order_customer_id":6814,"order_id":4396,"order_status":"PENDING"}
{"order_customer_id":5925,"order_id":4397,"order_status":"COMPLETE"}
{"order_customer_id":71,"order_id":4398,"order_status":"PENDING"}
{"order_customer_id":9428,"order_id":4399,"order_status":"PENDING"}
{"order_customer_id":5022,"order_id":4400,"order_status":"COMPLETE"}
{"order_customer_id":4890,"order_id":4401,"order_status":"PROCESSING"}
{"order_customer_id":9719,"order_id":4402,"order_status":"COMPLETE"}
{"order_customer_id":9896,"order_id":4403,"order_status":"CLOSED"}
{"order_customer_id":8488,"order_id":4404,"order_status":"PROCESSING"}
{"order_customer_id":8220,"order_id":4405,"order_status":"CLOSED"}
{"order_customer_id":9494,"order_id":4406,"order_status":"COMPLETE"}
{"order_customer_id":9038,"order_id":4407,"order_status":"COMPLETE"}
{"order_customer_id":5936,"order_id":4408,"order_status":"COMPLETE"}
{"order_customer_id":2559,"order_id":4409,"order_status":"CLOSED"}
{"order_customer_id":9703,"order_id":4410,"order_status":"CLOSED"}
{"order_customer_id":4001,"order_id":4411,"order_status":"COMPLETE"}
{"order_customer_id":8894,"order_id":4412,"order_status":"ON_HOLD"}
{"order_customer_id":8997,"order_id":4413,"order_status":"CLOSED"}
{"order_customer_id":8133,"order_id":4414,"order_status":"PENDING_PAYMENT"}
{"order_customer_id":8399,"order_id":4415,"order_status":"ON_HOLD"}
{"order_customer_id":9125,"order_id":4416,"order_status":"PROCESSING"}
{"order_customer_id":12013,"order_id":4417,"order_status":"PENDING"}
{"order_customer_id":4270,"order_id":4418,"order_status":"PENDING_PAYMENT"}
{"order_customer_id":2434,"order_id":4419,"order_status":"CLOSED"}
{"order_customer_id":8919,"order_id":4420,"order_status":"PENDING_PAYMENT"}
{"order_customer_id":12394,"order_id":4421,"order_status":"COMPLETE"}
{"order_customer_id":6504,"order_id":4422,"order_status":"COMPLETE"}
{"order_customer_id":36,"order_id":4423,"order_status":"PROCESSING"}
{"order_customer_id":640,"order_id":4424,"order_status":"COMPLETE"}
{"order_customer_id":3679,"order_id":4425,"order_status":"PENDING_PAYMENT"}
{"order_customer_id":4343,"order_id":4426,"order_status":"COMPLETE"}
{"order_customer_id":8397,"order_id":4427,"order_status":"PROCESSING"}
{"order_customer_id":9017,"order_id":4428,"order_status":"PENDING_PAYMENT"}
{"order_customer_id":3520,"order_id":4429,"order_status":"PENDING_PAYMENT"}
{"order_customer_id":5327,"order_id":4430,"order_status":"PENDING_PAYMENT"}
{"order_customer_id":7670,"order_id":4431,"order_status":"PENDING_PAYMENT"}
{"order_customer_id":4675,"order_id":4432,"order_status":"PENDING_PAYMENT"}
{"order_customer_id":4259,"order_id":4433,"order_status":"PROCESSING"}
{"order_customer_id":9939,"order_id":4434,"order_status":"PENDING_PAYMENT"}
{"order_customer_id":9120,"order_id":4435,"order_status":"PENDING"}
{"order_customer_id":9643,"order_id":4436,"order_status":"COMPLETE"}
{"order_customer_id":6285,"order_id":4437,"order_status":"PROCESSING"}
{"order_customer_id":6933,"order_id":4438,"order_status":"COMPLETE"}
{"order_customer_id":7575,"order_id":4439,"order_status":"CLOSED"}
{"order_customer_id":5434,"order_id":4440,"order_status":"COMPLETE"}
{"order_customer_id":10735,"order_id":4441,"order_status":"CLOSED"}
{"order_customer_id":6820,"order_id":4442,"order_status":"PROCESSING"}
{"order_customer_id":3817,"order_id":4443,"order_status":"ON_HOLD"}
{"order_customer_id":11386,"order_id":4444,"order_status":"COMPLETE"}
{"order_customer_id":1946,"order_id":4445,"order_status":"COMPLETE"}
{"order_customer_id":11668,"order_id":4446,"order_status":"PENDING"}
{"order_customer_id":1185,"order_id":4447,"order_status":"COMPLETE"}
{"order_customer_id":1285,"order_id":4448,"order_status":"COMPLETE"}
{"order_customer_id":10381,"order_id":4449,"order_status":"PROCESSING"}
{"order_customer_id":1259,"order_id":4450,"order_status":"COMPLETE"}
{"order_customer_id":8128,"order_id":4451,"order_status":"COMPLETE"}
{"order_customer_id":9395,"order_id":4452,"order_status":"PENDING_PAYMENT"}
{"order_customer_id":7012,"order_id":4453,"order_status":"COMPLETE"}
{"order_customer_id":6592,"order_id":4454,"order_status":"PENDING_PAYMENT"}
{"order_customer_id":6612,"order_id":4455,"order_status":"CLOSED"}
{"order_customer_id":458,"order_id":4456,"order_status":"COMPLETE"}
{"order_customer_id":1492,"order_id":4457,"order_status":"COMPLETE"}
{"order_customer_id":10510,"order_id":4458,"order_status":"COMPLETE"}
{"order_customer_id":3040,"order_id":4459,"order_status":"PENDING"}
{"order_customer_id":7548,"order_id":4460,"order_status":"CLOSED"}
{"order_customer_id":6201,"order_id":4461,"order_status":"CANCELED"}
{"order_customer_id":4163,"order_id":4462,"order_status":"COMPLETE"}
{"order_customer_id":6522,"order_id":4463,"order_status":"COMPLETE"}
{"order_customer_id":6406,"order_id":4464,"order_status":"PENDING_PAYMENT"}
{"order_customer_id":2554,"order_id":4465,"order_status":"PENDING"}
{"order_customer_id":4526,"order_id":4466,"order_status":"PENDING_PAYMENT"}
{"order_customer_id":4625,"order_id":4467,"order_status":"COMPLETE"}
{"order_customer_id":2826,"order_id":4468,"order_status":"PROCESSING"}
{"order_customer_id":4705,"order_id":4469,"order_status":"COMPLETE"}
{"order_customer_id":10845,"order_id":4470,"order_status":"PENDING_PAYMENT"}
{"order_customer_id":5800,"order_id":4471,"order_status":"ON_HOLD"}
{"order_customer_id":11241,"order_id":4472,"order_status":"PENDING"}
{"order_customer_id":8865,"order_id":58414,"order_status":"CANCELED"}
{"order_customer_id":7930,"order_id":58415,"order_status":"CANCELED"}
{"order_customer_id":1598,"order_id":58416,"order_status":"COMPLETE"}
{"order_customer_id":9338,"order_id":58417,"order_status":"PENDING_PAYMENT"}
{"order_customer_id":2785,"order_id":58418,"order_status":"PROCESSING"}
{"order_customer_id":8802,"order_id":58419,"order_status":"ON_HOLD"}
{"order_customer_id":9767,"order_id":58420,"order_status":"COMPLETE"}
{"order_customer_id":5682,"order_id":58421,"order_status":"CLOSED"}
{"order_customer_id":6973,"order_id":58422,"order_status":"COMPLETE"}
{"order_customer_id":927,"order_id":58423,"order_status":"COMPLETE"}
{"order_customer_id":3371,"order_id":58424,"order_status":"COMPLETE"}
{"order_customer_id":354,"order_id":58425,"order_status":"COMPLETE"}
{"order_customer_id":6694,"order_id":58426,"order_status":"PENDING"}
{"order_customer_id":2094,"order_id":58427,"order_status":"CANCELED"}
{"order_customer_id":7125,"order_id":58428,"order_status":"CLOSED"}
{"order_customer_id":4439,"order_id":58429,"order_status":"COMPLETE"}
{"order_customer_id":5919,"order_id":67514,"order_status":"COMPLETE"}
{"order_customer_id":743,"order_id":67515,"order_status":"PENDING_PAYMENT"}
{"order_customer_id":6626,"order_id":67516,"order_status":"COMPLETE"}
{"order_customer_id":6051,"order_id":67517,"order_status":"COMPLETE"}
{"order_customer_id":130,"order_id":68706,"order_status":"COMPLETE"}
