{"order_customer_id":5894,"order_id":51203,"order_status":"PENDING_PAYMENT"}
{"order_customer_id":2734,"order_id":51204,"order_status":"PENDING_PAYMENT"}
{"order_customer_id":11652,"order_id":51205,"order_status":"PENDING_PAYMENT"}
{"order_customer_id":10555,"order_id":51206,"order_status":"PENDING_PAYMENT"}
{"order_customer_id":8024,"order_id":51207,"order_status":"PENDING_PAYMENT"}
{"order_customer_id":2691,"order_id":51208,"order_status":"COMPLETE"}
{"order_customer_id":7705,"order_id":51209,"order_status":"COMPLETE"}
{"order_customer_id":8180,"order_id":51210,"order_status":"ON_HOLD"}
{"order_customer_id":5955,"order_id":51211,"order_status":"CLOSED"}
{"order_customer_id":10514,"order_id":51212,"order_status":"COMPLETE"}
{"order_customer_id":7445,"order_id":51213,"order_status":"ON_HOLD"}
{"order_customer_id":9518,"order_id":51214,"order_status":"PENDING"}
{"order_customer_id":1282,"order_id":51215,"order_status":"SUSPECTED_FRAUD"}
{"order_customer_id":2155,"order_id":51216,"order_status":"COMPLETE"}
{"order_customer_id":3891,"order_id":51217,"order_status":"CLOSED"}
{"order_customer_id":1751,"order_id":51218,"order_status":"PENDING"}
{"order_customer_id":9321,"order_id":51219,"order_status":"COMPLETE"}
{"order_customer_id":252,"order_id":51220,"order_status":"COMPLETE"}
{"order_customer_id":8403,"order_id":51221,"order_status":"PENDING_PAYMENT"}
{"order_customer_id":2010,"order_id":51222,"order_status":"COMPLETE"}
{"order_customer_id":8555,"order_id":51223,"order_status":"PENDING"}
{"order_customer_id":2652,"order_id":51224,"order_status":"PROCESSING"}
{"order_customer_id":12009,"order_id":51225,"order_status":"COMPLETE"}
{"order_customer_id":7603,"order_id":51226,"order_status":"PENDING_PAYMENT"}
{"order_customer_id":7422,"order_id":51227,"order_status":"COMPLETE"}
{"order_customer_id":12202,"order_id":51228,"order_status":"PENDING_PAYMENT"}
{"order_customer_id":12379,"order_id":51229,"order_status":"PENDING_PAYMENT"}
{"order_customer_id":10971,"order_id":51230,"order_status":"COMPLETE"}
{"order_customer_id":10752,"order_id":51231,"order_status":"CLOSED"}
{"order_customer_id":12026,"order_id":51232,"order_status":"COMPLETE"}
{"order_customer_id":161,"order_id":51233,"order_status":"PROCESSING"}
{"order_customer_id":8419,"order_id":51234,"order_status":"ON_HOLD"}
{"order_customer_id":677,"order_id":51235,"order_status":"PENDING_PAYMENT"}
{"order_customer_id":12284,"order_id":51236,"order_status":"COMPLETE"}
{"order_customer_id":6582,"order_id":51237,"order_status":"CLOSED"}
{"order_customer_id":11475,"order_id":51238,"order_status":"COMPLETE"}
{"order_customer_id":11578,"order_id":51239,"order_status":"PAYMENT_REVIEW"}
{"order_customer_id":10812,"order_id":51240,"order_status":"PENDING_PAYMENT"}
{"order_customer_id":11127,"order_id":51241,"order_status":"COMPLETE"}
{"order_customer_id":11755,"order_id":51242,"order_status":"COMPLETE"}
{"order_customer_id":6007,"order_id":51243,"order_status":"PROCESSING"}
{"order_customer_id":6851,"order_id":51244,"order_status":"COMPLETE"}
{"order_customer_id":5015,"order_id":51245,"order_status":"PENDING"}
{"order_customer_id":11549,"order_id":51246,"order_status":"COMPLETE"}
{"order_customer_id":4267,"order_id":51247,"order_status":"PENDING_PAYMENT"}
{"order_customer_id":2540,"order_id":51248,"order_status":"SUSPECTED_FRAUD"}
{"order_customer_id":2617,"order_id":51249,"order_status":"COMPLETE"}
{"order_customer_id":3221,"order_id":51250,"order_status":"PENDING_PAYMENT"}
{"order_customer_id":379,"order_id":51251,"order_status":"CLOSED"}
{"order_customer_id":6973,"order_id":51252,"order_status":"PENDING_PAYMENT"}
{"order_customer_id":11076,"order_id":51253,"order_status":"PENDING_PAYMENT"}
{"order_customer_id":11745,"order_id":51254,"order_status":"PENDING_PAYMENT"}
{"order_customer_id":6248,"order_id":51255,"order_status":"PENDING_PAYMENT"}
{"order_customer_id":7957,"order_id":51256,"order_status":"COMPLETE"}
{"order_customer_id":10300,"order_id":51257,"order_status":"PROCESSING"}
{"order_customer_id":7305,"order_id":51258,"order_status":"COMPLETE"}
{"order_customer_id":6889,"order_id":51259,"order_status":"COMPLETE"}
{"order_customer_id":3754,"order_id":51260,"order_status":"COMPLETE"}
{"order_customer_id":11750,"order_id":51261,"order_status":"COMPLETE"}
{"order_customer_id":12273,"order_id":51262,"order_status":"PROCESSING"}
{"order_customer_id":8915,"order_id":51263,"order_status":"CLOSED"}
{"order_customer_id":1657,"order_id":51264,"order_status":"PENDING_PAYMENT"}
{"order_customer_id":10156,"order_id":51265,"order_status":"ON_HOLD"}
{"order_customer_id":8015,"order_id":51266,"order_status":"PENDING"}
{"order_customer_id":8209,"order_id":51267,"order_status":"PENDING"}
{"order_customer_id":881,"order_id":51268,"order_status":"PENDING"}
{"order_customer_id":6398,"order_id":51269,"order_status":"COMPLETE"}
{"order_customer_id":11421,"order_id":51270,"order_status":"PENDING"}
{"order_customer_id":1532,"order_id":51271,"order_status":"PENDING_PAYMENT"}
{"order_customer_id":6975,"order_id":51272,"order_status":"PENDING"}
{"order_customer_id":1863,"order_id":51273,"order_status":"PENDING_PAYMENT"}
{"order_customer_id":3915,"order_id":51274,"order_status":"CLOSED"}
{"order_customer_id":7837,"order_id":51275,"order_status":"CLOSED"}
{"order_customer_id":576,"order_id":51276,"order_status":"PENDING_PAYMENT"}
{"order_customer_id":10856,"order_id":51277,"order_status":"COMPLETE"}
{"order_customer_id":12123,"order_id":51278,"order_status":"COMPLETE"}
{"order_customer_id":9740,"order_id":51279,"order_status":"PENDING_PAYMENT"}
{"order_customer_id":9271,"order_id":51280,"order_status":"COMPLETE"}
{"order_customer_id":9291,"order_id":51281,"order_status":"PENDING"}
{"order_customer_id":3088,"order_id":51282,"order_status":"PENDING"}
{"order_customer_id":4122,"order_id":51283,"order_status":"CANCELED"}
{"order_customer_id":10609,"order_id":51284,"order_status":"PENDING"}
{"order_customer_id":5719,"order_id":51285,"order_status":"COMPLETE"}
{"order_customer_id":10276,"order_id":51286,"order_status":"PENDING"}
{"order_customer_id":8929,"order_id":51287,"order_status":"COMPLETE"}
{"order_customer_id":2141,"order_id":51288,"order_status":"PENDING_PAYMENT"}
{"order_customer_id":9201,"order_id":51289,"order_status":"ON_HOLD"}
{"order_customer_id":6196,"order_id":66191,"order_status":"CLOSED"}
{"order_customer_id":4172,"order_id":66192,"order_status":"COMPLETE"}
{"order_customer_id":2141,"order_id":66193,"order_status":"COMPLETE"}
{"order_customer_id":1332,"order_id":66194,"order_status":"PAYMENT_REVIEW"}
{"order_customer_id":2148,"order_id":66195,"order_status":"PENDING"}
{"order_customer_id":1074,"order_id":66196,"order_status":"PENDING_PAYMENT"}
{"order_customer_id":3757,"order_id":66197,"order_status":"PROCESSING"}
{"order_customer_id":2769,"order_id":66198,"order_status":"COMPLETE"}
{"order_customer_id":1929,"order_id":66199,"order_status":"ON_HOLD"}
{"order_customer_id":2250,"order_id":66200,"order_status":"PENDING"}
{"order_customer_id":1678,"order_id":66201,"order_status":"COMPLETE"}
{"order_customer_id":10923,"order_id":66202,"order_status":"CLOSED"}
{"order_customer_id":1539,"order_id":66203,"order_status":"PROCESSING"}
{"order_customer_id":11131,"order_id":66204,"order_status":"PROCESSING"}
{"order_customer_id":12130,"order_id":66205,"order_status":"COMPLETE"}
{"order_customer_id":2940,"order_id":66206,"order_status":"PENDING"}
{"order_customer_id":9273,"order_id":66207,"order_status":"COMPLETE"}
{"order_customer_id":9776,"order_id":66208,"order_status":"PENDING_PAYMENT"}
{"order_customer_id":3376,"order_id":66209,"order_status":"PENDING"}
{"order_customer_id":3897,"order_id":66210,"order_status":"PENDING_PAYMENT"}
{"order_customer_id":5223,"order_id":66211,"order_status":"CLOSED"}
{"order_customer_id":1940,"order_id":66212,"order_status":"CLOSED"}
{"order_customer_id":2954,"order_id":66213,"order_status":"PENDING_PAYMENT"}
{"order_customer_id":8733,"order_id":66214,"order_status":"PENDING_PAYMENT"}
{"order_customer_id":11678,"order_id":66215,"order_status":"COMPLETE"}
{"order_customer_id":7027,"order_id":66216,"order_status":"PROCESSING"}
{"order_customer_id":7616,"order_id":66217,"order_status":"COMPLETE"}
{"order_customer_id":2357,"order_id":66218,"order_status":"PROCESSING"}
{"order_customer_id":11945,"order_id":66219,"order_status":"COMPLETE"}
{"order_customer_id":6695,"order_id":66220,"order_status":"PENDING_PAYMENT"}
{"order_customer_id":4117,"order_id":66221,"order_status":"COMPLETE"}
{"order_customer_id":7469,"order_id":66222,"order_status":"CANCELED"}
{"order_customer_id":6632,"order_id":66223,"order_status":"PENDING_PAYMENT"}
{"order_customer_id":10898,"order_id":66224,"order_status":"PENDING_PAYMENT"}
{"order_customer_id":2478,"order_id":66225,"order_status":"CLOSED"}
{"order_customer_id":8873,"order_id":66226,"order_status":"PAYMENT_REVIEW"}
{"order_customer_id":10740,"order_id":66227,"order_status":"CANCELED"}
{"order_customer_id":7710,"order_id":66228,"order_status":"PENDING_PAYMENT"}
{"order_customer_id":11002,"order_id":66229,"order_status":"PENDING"}
{"order_customer_id":1101,"order_id":66230,"order_status":"CANCELED"}
{"order_customer_id":850,"order_id":66231,"order_status":"COMPLETE"}
{"order_customer_id":7554,"order_id":68541,"order_status":"PENDING"}
{"order_customer_id":5035,"order_id":68542,"order_status":"ON_HOLD"}
{"order_customer_id":8952,"order_id":68543,"order_status":"COMPLETE"}
{"order_customer_id":1428,"order_id":68859,"order_status":"COMPLETE"}
