{"order_customer_id":207,"order_id":878,"order_status":"COMPLETE"}
{"order_customer_id":3031,"order_id":879,"order_status":"COMPLETE"}
{"order_customer_id":5400,"order_id":880,"order_status":"COMPLETE"}
{"order_customer_id":3291,"order_id":881,"order_status":"COMPLETE"}
{"order_customer_id":4102,"order_id":882,"order_status":"COMPLETE"}
{"order_customer_id":4305,"order_id":883,"order_status":"COMPLETE"}
{"order_customer_id":4909,"order_id":884,"order_status":"COMPLETE"}
{"order_customer_id":7706,"order_id":885,"order_status":"COMPLETE"}
{"order_customer_id":2124,"order_id":886,"order_status":"COMPLETE"}
{"order_customer_id":4254,"order_id":887,"order_status":"PROCESSING"}
{"order_customer_id":6610,"order_id":888,"order_status":"PENDING_PAYMENT"}
{"order_customer_id":3677,"order_id":889,"order_status":"COMPLETE"}
{"order_customer_id":8908,"order_id":890,"order_status":"COMPLETE"}
{"order_customer_id":5609,"order_id":891,"order_status":"COMPLETE"}
{"order_customer_id":9537,"order_id":892,"order_status":"PENDING"}
{"order_customer_id":3106,"order_id":893,"order_status":"COMPLETE"}
{"order_customer_id":2759,"order_id":894,"order_status":"PROCESSING"}
{"order_customer_id":7575,"order_id":895,"order_status":"PENDING"}
{"order_customer_id":478,"order_id":896,"order_status":"PENDING_PAYMENT"}
{"order_customer_id":9070,"order_id":897,"order_status":"CLOSED"}
{"order_customer_id":5271,"order_id":898,"order_status":"ON_HOLD"}
{"order_customer_id":7707,"order_id":899,"order_status":"PENDING"}
{"order_customer_id":8585,"order_id":900,"order_status":"CLOSED"}
{"order_customer_id":10184,"order_id":901,"order_status":"PENDING_PAYMENT"}
{"order_customer_id":1641,"order_id":902,"order_status":"PROCESSING"}
{"order_customer_id":2199,"order_id":903,"order_status":"PENDING"}
{"order_customer_id":5854,"order_id":904,"order_status":"CLOSED"}
{"order_customer_id":5460,"order_id":905,"order_status":"CLOSED"}
{"order_customer_id":7141,"order_id":906,"order_status":"PROCESSING"}
{"order_customer_id":10661,"order_id":907,"order_status":"COMPLETE"}
{"order_customer_id":8964,"order_id":908,"order_status":"PROCESSING"}
{"order_customer_id":8670,"order_id":909,"order_status":"SUSPECTED_FRAUD"}
{"order_customer_id":2762,"order_id":910,"order_status":"COMPLETE"}
{"order_customer_id":3608,"order_id":911,"order_status":"COMPLETE"}
{"order_customer_id":3076,"order_id":912,"order_status":"PENDING_PAYMENT"}
{"order_customer_id":6408,"order_id":913,"order_status":"PENDING"}
{"order_customer_id":6484,"order_id":914,"order_status":"COMPLETE"}
{"order_customer_id":8495,"order_id":915,"order_status":"PENDING"}
{"order_customer_id":48,"order_id":916,"order_status":"PENDING"}
{"order_customer_id":9901,"order_id":917,"order_status":"COMPLETE"}
{"order_customer_id":780,"order_id":918,"order_status":"PENDING_PAYMENT"}
{"order_customer_id":10890,"order_id":919,"order_status":"COMPLETE"}
{"order_customer_id":12019,"order_id":920,"order_status":"COMPLETE"}
{"order_customer_id":12,"order_id":921,"order_status":"PENDING_PAYMENT"}
{"order_customer_id":3160,"order_id":922,"order_status":"PROCESSING"}
{"order_customer_id":5511,"order_id":923,"order_status":"COMPLETE"}
{"order_customer_id":6615,"order_id":924,"order_status":"PENDING_PAYMENT"}
{"order_customer_id":937,"order_id":925,"order_status":"COMPLETE"}
{"order_customer_id":8052,"order_id":926,"order_status":"ON_HOLD"}
{"order_customer_id":2520,"order_id":927,"order_status":"COMPLETE"}
{"order_customer_id":2487,"order_id":928,"order_status":"COMPLETE"}
{"order_customer_id":8482,"order_id":929,"order_status":"CANCELED"}
{"order_customer_id":954,"order_id":930,"order_status":"PENDING_PAYMENT"}
{"order_customer_id":10514,"order_id":931,"order_status":"COMPLETE"}
{"order_customer_id":7231,"order_id":932,"order_status":"SUSPECTED_FRAUD"}
{"order_customer_id":446,"order_id":933,"order_status":"COMPLETE"}
{"order_customer_id":2931,"order_id":934,"order_status":"COMPLETE"}
{"order_customer_id":10086,"order_id":935,"order_status":"PENDING_PAYMENT"}
{"order_customer_id":7202,"order_id":936,"order_status":"COMPLETE"}
{"order_customer_id":6899,"order_id":937,"order_status":"PROCESSING"}
{"order_customer_id":7802,"order_id":938,"order_status":"COMPLETE"}
{"order_customer_id":2964,"order_id":939,"order_status":"CLOSED"}
{"order_customer_id":5098,"order_id":940,"order_status":"SUSPECTED_FRAUD"}
{"order_customer_id":842,"order_id":941,"order_status":"COMPLETE"}
{"order_customer_id":9704,"order_id":942,"order_status":"COMPLETE"}
{"order_customer_id":2346,"order_id":943,"order_status":"COMPLETE"}
{"order_customer_id":2917,"order_id":944,"order_status":"ON_HOLD"}
{"order_customer_id":9732,"order_id":945,"order_status":"COMPLETE"}
{"order_customer_id":10961,"order_id":946,"order_status":"COMPLETE"}
{"order_customer_id":2637,"order_id":947,"order_status":"CLOSED"}
{"order_customer_id":4289,"order_id":948,"order_status":"PENDING_PAYMENT"}
{"order_customer_id":2674,"order_id":949,"order_status":"CLOSED"}
{"order_customer_id":4151,"order_id":950,"order_status":"PENDING_PAYMENT"}
{"order_customer_id":3129,"order_id":951,"order_status":"CLOSED"}
{"order_customer_id":2250,"order_id":952,"order_status":"COMPLETE"}
{"order_customer_id":368,"order_id":953,"order_status":"PENDING_PAYMENT"}
{"order_customer_id":5066,"order_id":954,"order_status":"PENDING_PAYMENT"}
{"order_customer_id":8117,"order_id":955,"order_status":"CANCELED"}
{"order_customer_id":4484,"order_id":956,"order_status":"PENDING_PAYMENT"}
{"order_customer_id":9879,"order_id":957,"order_status":"PENDING"}
{"order_customer_id":12050,"order_id":958,"order_status":"COMPLETE"}
{"order_customer_id":8993,"order_id":959,"order_status":"PENDING_PAYMENT"}
{"order_customer_id":1463,"order_id":960,"order_status":"COMPLETE"}
{"order_customer_id":5079,"order_id":961,"order_status":"PENDING_PAYMENT"}
{"order_customer_id":9492,"order_id":962,"order_status":"CANCELED"}
{"order_customer_id":10558,"order_id":963,"order_status":"SUSPECTED_FRAUD"}
{"order_customer_id":3397,"order_id":964,"order_status":"COMPLETE"}
{"order_customer_id":1907,"order_id":965,"order_status":"ON_HOLD"}
{"order_customer_id":11298,"order_id":966,"order_status":"COMPLETE"}
{"order_customer_id":1706,"order_id":967,"order_status":"PENDING"}
{"order_customer_id":7845,"order_id":968,"order_status":"ON_HOLD"}
{"order_customer_id":9247,"order_id":969,"order_status":"COMPLETE"}
{"order_customer_id":7623,"order_id":970,"order_status":"PENDING"}
{"order_customer_id":9478,"order_id":971,"order_status":"PENDING_PAYMENT"}
{"order_customer_id":10255,"order_id":972,"order_status":"CLOSED"}
{"order_customer_id":5118,"order_id":973,"order_status":"PENDING"}
{"order_customer_id":6413,"order_id":974,"order_status":"CLOSED"}
{"order_customer_id":638,"order_id":975,"order_status":"PENDING_PAYMENT"}
{"order_customer_id":1088,"order_id":976,"order_status":"PENDING_PAYMENT"}
{"order_customer_id":7817,"order_id":977,"order_status":"COMPLETE"}
{"order_customer_id":4130,"order_id":978,"order_status":"PROCESSING"}
{"order_customer_id":11323,"order_id":979,"order_status":"COMPLETE"}
{"order_customer_id":7473,"order_id":980,"order_status":"PROCESSING"}
{"order_customer_id":5411,"order_id":981,"order_status":"COMPLETE"}
{"order_customer_id":2873,"order_id":982,"order_status":"SUSPECTED_FRAUD"}
{"order_customer_id":9514,"order_id":983,"order_status":"CLOSED"}
{"order_customer_id":12350,"order_id":984,"order_status":"ON_HOLD"}
{"order_customer_id":5389,"order_id":985,"order_status":"COMPLETE"}
{"order_customer_id":7820,"order_id":986,"order_status":"PROCESSING"}
{"order_customer_id":7418,"order_id":987,"order_status":"COMPLETE"}
{"order_customer_id":2491,"order_id":988,"order_status":"COMPLETE"}
{"order_customer_id":370,"order_id":989,"order_status":"PENDING"}
{"order_customer_id":7254,"order_id":990,"order_status":"COMPLETE"}
{"order_customer_id":7317,"order_id":991,"order_status":"PENDING_PAYMENT"}
{"order_customer_id":7107,"order_id":992,"order_status":"COMPLETE"}
{"order_customer_id":5122,"order_id":993,"order_status":"SUSPECTED_FRAUD"}
{"order_customer_id":4979,"order_id":994,"order_status":"PROCESSING"}
{"order_customer_id":10907,"order_id":995,"order_status":"COMPLETE"}
{"order_customer_id":12221,"order_id":996,"order_status":"CLOSED"}
{"order_customer_id":8786,"order_id":997,"order_status":"COMPLETE"}
{"order_customer_id":1739,"order_id":998,"order_status":"PENDING_PAYMENT"}
{"order_customer_id":9358,"order_id":999,"order_status":"PROCESSING"}
{"order_customer_id":2321,"order_id":1000,"order_status":"CLOSED"}
{"order_customer_id":6650,"order_id":1001,"order_status":"COMPLETE"}
{"order_customer_id":5170,"order_id":1002,"order_status":"SUSPECTED_FRAUD"}
{"order_customer_id":7438,"order_id":1003,"order_status":"COMPLETE"}
{"order_customer_id":10701,"order_id":1004,"order_status":"COMPLETE"}
{"order_customer_id":7958,"order_id":1005,"order_status":"PROCESSING"}
{"order_customer_id":9028,"order_id":1006,"order_status":"COMPLETE"}
{"order_customer_id":1417,"order_id":1007,"order_status":"PENDING_PAYMENT"}
{"order_customer_id":4331,"order_id":1008,"order_status":"CLOSED"}
{"order_customer_id":7886,"order_id":1009,"order_status":"COMPLETE"}
{"order_customer_id":2512,"order_id":1010,"order_status":"COMPLETE"}
{"order_customer_id":7214,"order_id":1011,"order_status":"COMPLETE"}
{"order_customer_id":3245,"order_id":1012,"order_status":"CLOSED"}
{"order_customer_id":1903,"order_id":1013,"order_status":"CANCELED"}
{"order_customer_id":12077,"order_id":1014,"order_status":"PROCESSING"}
{"order_customer_id":1136,"order_id":1015,"order_status":"PENDING_PAYMENT"}
{"order_customer_id":5231,"order_id":1016,"order_status":"PENDING_PAYMENT"}
{"order_customer_id":3781,"order_id":1017,"order_status":"PROCESSING"}
{"order_customer_id":19,"order_id":1018,"order_status":"COMPLETE"}
{"order_customer_id":4475,"order_id":1019,"order_status":"PENDING_PAYMENT"}
{"order_customer_id":4815,"order_id":1020,"order_status":"PENDING_PAYMENT"}
{"order_customer_id":10118,"order_id":1021,"order_status":"COMPLETE"}
{"order_customer_id":6491,"order_id":1022,"order_status":"CLOSED"}
{"order_customer_id":3817,"order_id":1023,"order_status":"PENDING"}
{"order_customer_id":3751,"order_id":1024,"order_status":"COMPLETE"}
{"order_customer_id":9474,"order_id":1025,"order_status":"PROCESSING"}
{"order_customer_id":800,"order_id":1026,"order_status":"COMPLETE"}
{"order_customer_id":11873,"order_id":1027,"order_status":"PROCESSING"}
{"order_customer_id":11150,"order_id":1028,"order_status":"PENDING"}
{"order_customer_id":2800,"order_id":1029,"order_status":"PENDING_PAYMENT"}
{"order_customer_id":11178,"order_id":1030,"order_status":"COMPLETE"}
{"order_customer_id":633,"order_id":1031,"order_status":"COMPLETE"}
{"order_customer_id":7246,"order_id":1032,"order_status":"COMPLETE"}
{"order_customer_id":6339,"order_id":1033,"order_status":"CLOSED"}
{"order_customer_id":4990,"order_id":1034,"order_status":"COMPLETE"}
{"order_customer_id":9117,"order_id":1035,"order_status":"COMPLETE"}
{"order_customer_id":2001,"order_id":1036,"order_status":"CLOSED"}
{"order_customer_id":1757,"order_id":1037,"order_status":"PENDING_PAYMENT"}
{"order_customer_id":5418,"order_id":1038,"order_status":"COMPLETE"}
{"order_customer_id":1558,"order_id":1039,"order_status":"COMPLETE"}
{"order_customer_id":5787,"order_id":1040,"order_status":"COMPLETE"}
{"order_customer_id":4975,"order_id":1041,"order_status":"CLOSED"}
{"order_customer_id":6041,"order_id":1042,"order_status":"PROCESSING"}
{"order_customer_id":9955,"order_id":1043,"order_status":"PENDING_PAYMENT"}
{"order_customer_id":2444,"order_id":1044,"order_status":"PENDING_PAYMENT"}
{"order_customer_id":9990,"order_id":1045,"order_status":"PENDING_PAYMENT"}
{"order_customer_id":11047,"order_id":1046,"order_status":"PENDING_PAYMENT"}
{"order_customer_id":2775,"order_id":1047,"order_status":"PENDING"}
{"order_customer_id":11869,"order_id":1048,"order_status":"PENDING_PAYMENT"}
{"order_customer_id":10742,"order_id":1049,"order_status":"PROCESSING"}
{"order_customer_id":3401,"order_id":1050,"order_status":"PENDING_PAYMENT"}
{"order_customer_id":6397,"order_id":1051,"order_status":"COMPLETE"}
{"order_customer_id":464,"order_id":1052,"order_status":"PROCESSING"}
{"order_customer_id":6393,"order_id":1053,"order_status":"PENDING_PAYMENT"}
{"order_customer_id":2795,"order_id":1054,"order_status":"PENDING_PAYMENT"}
{"order_customer_id":8971,"order_id":1055,"order_status":"COMPLETE"}
{"order_customer_id":11006,"order_id":1056,"order_status":"COMPLETE"}
{"order_customer_id":8378,"order_id":1057,"order_status":"PENDING"}
{"order_customer_id":1981,"order_id":1058,"order_status":"PENDING"}
{"order_customer_id":12148,"order_id":1059,"order_status":"PROCESSING"}
{"order_customer_id":12390,"order_id":1060,"order_status":"PENDING_PAYMENT"}
{"order_customer_id":1538,"order_id":1061,"order_status":"PENDING_PAYMENT"}
{"order_customer_id":9488,"order_id":1062,"order_status":"PROCESSING"}
{"order_customer_id":4868,"order_id":1063,"order_status":"SUSPECTED_FRAUD"}
{"order_customer_id":11267,"order_id":1064,"order_status":"CLOSED"}
{"order_customer_id":5774,"order_id":1065,"order_status":"PROCESSING"}
{"order_customer_id":11037,"order_id":1066,"order_status":"PENDING_PAYMENT"}
{"order_customer_id":5130,"order_id":1067,"order_status":"CLOSED"}
{"order_customer_id":12178,"order_id":1068,"order_status":"PENDING"}
{"order_customer_id":4683,"order_id":1069,"order_status":"SUSPECTED_FRAUD"}
{"order_customer_id":3888,"order_id":1070,"order_status":"PENDING"}
{"order_customer_id":8202,"order_id":1071,"order_status":"CLOSED"}
{"order_customer_id":11480,"order_id":1072,"order_status":"ON_HOLD"}
{"order_customer_id":780,"order_id":1073,"order_status":"PROCESSING"}
{"order_customer_id":3900,"order_id":1074,"order_status":"SUSPECTED_FRAUD"}
{"order_customer_id":2735,"order_id":1075,"order_status":"COMPLETE"}
{"order_customer_id":7320,"order_id":1076,"order_status":"COMPLETE"}
{"order_customer_id":5559,"order_id":57904,"order_status":"ON_HOLD"}
{"order_customer_id":8444,"order_id":57905,"order_status":"PROCESSING"}
{"order_customer_id":12367,"order_id":57906,"order_status":"COMPLETE"}
{"order_customer_id":10227,"order_id":57907,"order_status":"SUSPECTED_FRAUD"}
{"order_customer_id":6672,"order_id":57908,"order_status":"COMPLETE"}
{"order_customer_id":5362,"order_id":57909,"order_status":"COMPLETE"}
{"order_customer_id":10317,"order_id":57910,"order_status":"COMPLETE"}
{"order_customer_id":4493,"order_id":57911,"order_status":"COMPLETE"}
{"order_customer_id":5485,"order_id":57912,"order_status":"COMPLETE"}
{"order_customer_id":11226,"order_id":57913,"order_status":"COMPLETE"}
{"order_customer_id":12269,"order_id":57914,"order_status":"COMPLETE"}
{"order_customer_id":8112,"order_id":57915,"order_status":"COMPLETE"}
{"order_customer_id":3706,"order_id":57916,"order_status":"COMPLETE"}
{"order_customer_id":3574,"order_id":57917,"order_status":"COMPLETE"}
{"order_customer_id":8403,"order_id":57918,"order_status":"PENDING"}
{"order_customer_id":8580,"order_id":57919,"order_status":"ON_HOLD"}
{"order_customer_id":7172,"order_id":57920,"order_status":"COMPLETE"}
{"order_customer_id":6953,"order_id":57921,"order_status":"ON_HOLD"}
{"order_customer_id":8227,"order_id":57922,"order_status":"COMPLETE"}
{"order_customer_id":7771,"order_id":57923,"order_status":"COMPLETE"}
{"order_customer_id":4669,"order_id":57924,"order_status":"PENDING_PAYMENT"}
{"order_customer_id":1269,"order_id":57925,"order_status":"PENDING_PAYMENT"}
{"order_customer_id":1720,"order_id":67438,"order_status":"PROCESSING"}
{"order_customer_id":6971,"order_id":67439,"order_status":"COMPLETE"}
{"order_customer_id":5244,"order_id":67440,"order_status":"ON_HOLD"}
{"order_customer_id":6655,"order_id":67441,"order_status":"PENDING_PAYMENT"}
{"order_customer_id":10029,"order_id":67442,"order_status":"PENDING_PAYMENT"}
{"order_customer_id":3918,"order_id":68695,"order_status":"PROCESSING"}
