{"order_customer_id":2609,"order_id":5574,"order_status":"PENDING_PAYMENT"}
{"order_customer_id":7064,"order_id":5575,"order_status":"PROCESSING"}
{"order_customer_id":6457,"order_id":5576,"order_status":"ON_HOLD"}
{"order_customer_id":316,"order_id":5577,"order_status":"COMPLETE"}
{"order_customer_id":5218,"order_id":5578,"order_status":"CLOSED"}
{"order_customer_id":7196,"order_id":5579,"order_status":"SUSPECTED_FRAUD"}
{"order_customer_id":316,"order_id":5580,"order_status":"PAYMENT_REVIEW"}
{"order_customer_id":7786,"order_id":5581,"order_status":"COMPLETE"}
{"order_customer_id":7481,"order_id":5582,"order_status":"PENDING"}
{"order_customer_id":4195,"order_id":5583,"order_status":"PENDING_PAYMENT"}
{"order_customer_id":10102,"order_id":5584,"order_status":"CLOSED"}
{"order_customer_id":11588,"order_id":5585,"order_status":"COMPLETE"}
{"order_customer_id":12137,"order_id":5586,"order_status":"PENDING_PAYMENT"}
{"order_customer_id":7457,"order_id":5587,"order_status":"PENDING"}
{"order_customer_id":3252,"order_id":5588,"order_status":"PENDING_PAYMENT"}
{"order_customer_id":10168,"order_id":5589,"order_status":"CLOSED"}
{"order_customer_id":1279,"order_id":5590,"order_status":"ON_HOLD"}
{"order_customer_id":5417,"order_id":5591,"order_status":"CLOSED"}
{"order_customer_id":1969,"order_id":5592,"order_status":"PROCESSING"}
{"order_customer_id":11667,"order_id":5593,"order_status":"COMPLETE"}
{"order_customer_id":5037,"order_id":5594,"order_status":"COMPLETE"}
{"order_customer_id":12140,"order_id":5595,"order_status":"PENDING_PAYMENT"}
{"order_customer_id":3928,"order_id":5596,"order_status":"COMPLETE"}
{"order_customer_id":8468,"order_id":5597,"order_status":"COMPLETE"}
{"order_customer_id":8963,"order_id":5598,"order_status":"PENDING_PAYMENT"}
{"order_customer_id":1607,"order_id":5599,"order_status":"CLOSED"}
{"order_customer_id":3597,"order_id":5600,"order_status":"PENDING_PAYMENT"}
{"order_customer_id":2001,"order_id":5601,"order_status":"COMPLETE"}
{"order_customer_id":9789,"order_id":5602,"order_status":"COMPLETE"}
{"order_customer_id":8757,"order_id":5603,"order_status":"PENDING"}
{"order_customer_id":8509,"order_id":5604,"order_status":"COMPLETE"}
{"order_customer_id":1385,"order_id":5605,"order_status":"PROCESSING"}
{"order_customer_id":1058,"order_id":5606,"order_status":"COMPLETE"}
{"order_customer_id":5388,"order_id":5607,"order_status":"ON_HOLD"}
{"order_customer_id":1017,"order_id":5608,"order_status":"COMPLETE"}
{"order_customer_id":9949,"order_id":5609,"order_status":"ON_HOLD"}
{"order_customer_id":5772,"order_id":5610,"order_status":"PENDING"}
{"order_customer_id":1783,"order_id":5611,"order_status":"PENDING_PAYMENT"}
{"order_customer_id":8010,"order_id":5612,"order_status":"COMPLETE"}
{"order_customer_id":7052,"order_id":5613,"order_status":"CANCELED"}
{"order_customer_id":4297,"order_id":5614,"order_status":"PENDING"}
{"order_customer_id":5926,"order_id":5615,"order_status":"COMPLETE"}
{"order_customer_id":3077,"order_id":5616,"order_status":"PENDING_PAYMENT"}
{"order_customer_id":3160,"order_id":5617,"order_status":"COMPLETE"}
{"order_customer_id":10563,"order_id":5618,"order_status":"COMPLETE"}
{"order_customer_id":8591,"order_id":5619,"order_status":"CLOSED"}
{"order_customer_id":2836,"order_id":5620,"order_status":"COMPLETE"}
{"order_customer_id":88,"order_id":5621,"order_status":"PAYMENT_REVIEW"}
{"order_customer_id":11185,"order_id":5622,"order_status":"PROCESSING"}
{"order_customer_id":8040,"order_id":5623,"order_status":"CLOSED"}
{"order_customer_id":8958,"order_id":5624,"order_status":"PENDING_PAYMENT"}
{"order_customer_id":11091,"order_id":5625,"order_status":"COMPLETE"}
{"order_customer_id":7317,"order_id":5626,"order_status":"CLOSED"}
{"order_customer_id":10443,"order_id":5627,"order_status":"CLOSED"}
{"order_customer_id":990,"order_id":5628,"order_status":"PENDING"}
{"order_customer_id":2389,"order_id":5629,"order_status":"CANCELED"}
{"order_customer_id":251,"order_id":5630,"order_status":"PENDING"}
{"order_customer_id":4647,"order_id":5631,"order_status":"PENDING_PAYMENT"}
{"order_customer_id":7844,"order_id":5632,"order_status":"COMPLETE"}
{"order_customer_id":9796,"order_id":5633,"order_status":"PROCESSING"}
{"order_customer_id":6658,"order_id":5634,"order_status":"PENDING_PAYMENT"}
{"order_customer_id":2195,"order_id":5635,"order_status":"PENDING_PAYMENT"}
{"order_customer_id":2820,"order_id":5636,"order_status":"PROCESSING"}
{"order_customer_id":2298,"order_id":5637,"order_status":"PROCESSING"}
{"order_customer_id":11133,"order_id":5638,"order_status":"COMPLETE"}
{"order_customer_id":4707,"order_id":5639,"order_status":"COMPLETE"}
{"order_customer_id":1304,"order_id":5640,"order_status":"PROCESSING"}
{"order_customer_id":857,"order_id":5641,"order_status":"PENDING"}
{"order_customer_id":9465,"order_id":5642,"order_status":"PENDING_PAYMENT"}
{"order_customer_id":5452,"order_id":5643,"order_status":"COMPLETE"}
{"order_customer_id":10043,"order_id":5644,"order_status":"PENDING"}
{"order_customer_id":9751,"order_id":5645,"order_status":"COMPLETE"}
{"order_customer_id":3997,"order_id":5646,"order_status":"CANCELED"}
{"order_customer_id":8409,"order_id":5647,"order_status":"PENDING_PAYMENT"}
{"order_customer_id":3323,"order_id":5648,"order_status":"PENDING_PAYMENT"}
{"order_customer_id":568,"order_id":5649,"order_status":"ON_HOLD"}
{"order_customer_id":10191,"order_id":58653,"order_status":"ON_HOLD"}
{"order_customer_id":2608,"order_id":58654,"order_status":"PENDING"}
{"order_customer_id":8660,"order_id":58655,"order_status":"SUSPECTED_FRAUD"}
{"order_customer_id":4305,"order_id":58656,"order_status":"CLOSED"}
{"order_customer_id":5836,"order_id":58657,"order_status":"PROCESSING"}
{"order_customer_id":10829,"order_id":58658,"order_status":"PENDING_PAYMENT"}
{"order_customer_id":2335,"order_id":58659,"order_status":"COMPLETE"}
{"order_customer_id":1671,"order_id":58660,"order_status":"ON_HOLD"}
{"order_customer_id":2906,"order_id":58661,"order_status":"COMPLETE"}
{"order_customer_id":10822,"order_id":58662,"order_status":"PENDING_PAYMENT"}
{"order_customer_id":11017,"order_id":58663,"order_status":"PENDING_PAYMENT"}
{"order_customer_id":3249,"order_id":58664,"order_status":"PENDING_PAYMENT"}
{"order_customer_id":265,"order_id":58665,"order_status":"COMPLETE"}
{"order_customer_id":7084,"order_id":58666,"order_status":"COMPLETE"}
{"order_customer_id":9864,"order_id":58667,"order_status":"ON_HOLD"}
{"order_customer_id":9069,"order_id":58668,"order_status":"COMPLETE"}
{"order_customer_id":3347,"order_id":58669,"order_status":"COMPLETE"}
{"order_customer_id":9551,"order_id":58670,"order_status":"COMPLETE"}
{"order_customer_id":12251,"order_id":58671,"order_status":"COMPLETE"}
{"order_customer_id":7940,"order_id":58672,"order_status":"PENDING"}
{"order_customer_id":5653,"order_id":58673,"order_status":"CLOSED"}
{"order_customer_id":7328,"order_id":58674,"order_status":"COMPLETE"}
{"order_customer_id":10836,"order_id":58675,"order_status":"PENDING"}
{"order_customer_id":4254,"order_id":58676,"order_status":"COMPLETE"}
{"order_customer_id":5670,"order_id":58677,"order_status":"CLOSED"}
{"order_customer_id":5403,"order_id":58678,"order_status":"PROCESSING"}
{"order_customer_id":10081,"order_id":58679,"order_status":"CLOSED"}
{"order_customer_id":498,"order_id":58680,"order_status":"COMPLETE"}
{"order_customer_id":3302,"order_id":58681,"order_status":"SUSPECTED_FRAUD"}
{"order_customer_id":10240,"order_id":58682,"order_status":"PENDING"}
{"order_customer_id":7064,"order_id":58683,"order_status":"ON_HOLD"}
{"order_customer_id":6762,"order_id":58684,"order_status":"PENDING_PAYMENT"}
{"order_customer_id":5948,"order_id":58685,"order_status":"PENDING_PAYMENT"}
{"order_customer_id":9064,"order_id":58686,"order_status":"PENDING_PAYMENT"}
{"order_customer_id":1255,"order_id":67544,"order_status":"COMPLETE"}
{"order_customer_id":7027,"order_id":67545,"order_status":"PENDING_PAYMENT"}
{"order_customer_id":3975,"order_id":67546,"order_status":"PENDING"}
{"order_customer_id":2018,"order_id":67547,"order_status":"PENDING_PAYMENT"}
{"order_customer_id":5426,"order_id":67548,"order_status":"COMPLETE"}
{"order_customer_id":4021,"order_id":67549,"order_status":"PENDING"}
