{"order_customer_id":7739,"order_id":49515,"order_status":"COMPLETE"}
{"order_customer_id":9197,"order_id":49516,"order_status":"ON_HOLD"}
{"order_customer_id":10223,"order_id":49517,"order_status":"PENDING_PAYMENT"}
{"order_customer_id":2377,"order_id":49518,"order_status":"PENDING"}
{"order_customer_id":12417,"order_id":49519,"order_status":"COMPLETE"}
{"order_customer_id":9677,"order_id":49520,"order_status":"COMPLETE"}
{"order_customer_id":9597,"order_id":49521,"order_status":"PAYMENT_REVIEW"}
{"order_customer_id":8536,"order_id":49522,"order_status":"PENDING_PAYMENT"}
{"order_customer_id":8367,"order_id":49523,"order_status":"PROCESSING"}
{"order_customer_id":4941,"order_id":49524,"order_status":"ON_HOLD"}
{"order_customer_id":1550,"order_id":49525,"order_status":"PENDING_PAYMENT"}
{"order_customer_id":4008,"order_id":49526,"order_status":"PROCESSING"}
{"order_customer_id":1001,"order_id":49527,"order_status":"PENDING_PAYMENT"}
{"order_customer_id":6950,"order_id":49528,"order_status":"PROCESSING"}
{"order_customer_id":1828,"order_id":49529,"order_status":"PENDING_PAYMENT"}
{"order_customer_id":5371,"order_id":49530,"order_status":"PROCESSING"}
{"order_customer_id":2173,"order_id":49531,"order_status":"CANCELED"}
{"order_customer_id":10209,"order_id":49532,"order_status":"PENDING_PAYMENT"}
{"order_customer_id":10210,"order_id":49533,"order_status":"PENDING"}
{"order_customer_id":3838,"order_id":49534,"order_status":"COMPLETE"}
{"order_customer_id":12339,"order_id":49535,"order_status":"ON_HOLD"}
{"order_customer_id":818,"order_id":49536,"order_status":"PROCESSING"}
{"order_customer_id":5897,"order_id":49537,"order_status":"PENDING_PAYMENT"}
{"order_customer_id":8869,"order_id":49538,"order_status":"ON_HOLD"}
{"order_customer_id":7407,"order_id":49539,"order_status":"COMPLETE"}
{"order_customer_id":3583,"order_id":49540,"order_status":"SUSPECTED_FRAUD"}
{"order_customer_id":4608,"order_id":49541,"order_status":"COMPLETE"}
{"order_customer_id":745,"order_id":49542,"order_status":"PENDING"}
{"order_customer_id":8390,"order_id":49543,"order_status":"CLOSED"}
{"order_customer_id":9098,"order_id":49544,"order_status":"PENDING_PAYMENT"}
{"order_customer_id":7620,"order_id":49545,"order_status":"CLOSED"}
{"order_customer_id":10770,"order_id":49546,"order_status":"PENDING_PAYMENT"}
{"order_customer_id":6962,"order_id":49547,"order_status":"COMPLETE"}
{"order_customer_id":7712,"order_id":49548,"order_status":"PENDING"}
{"order_customer_id":5439,"order_id":49549,"order_status":"COMPLETE"}
{"order_customer_id":12207,"order_id":49550,"order_status":"ON_HOLD"}
{"order_customer_id":7244,"order_id":49551,"order_status":"COMPLETE"}
{"order_customer_id":2266,"order_id":49552,"order_status":"ON_HOLD"}
{"order_customer_id":10413,"order_id":49553,"order_status":"COMPLETE"}
{"order_customer_id":3583,"order_id":49554,"order_status":"COMPLETE"}
{"order_customer_id":7732,"order_id":49555,"order_status":"PENDING_PAYMENT"}
{"order_customer_id":9744,"order_id":49556,"order_status":"PENDING"}
{"order_customer_id":972,"order_id":49557,"order_status":"COMPLETE"}
{"order_customer_id":8378,"order_id":49558,"order_status":"COMPLETE"}
{"order_customer_id":6924,"order_id":49559,"order_status":"COMPLETE"}
{"order_customer_id":6810,"order_id":49560,"order_status":"PENDING"}
{"order_customer_id":10087,"order_id":49561,"order_status":"PROCESSING"}
{"order_customer_id":2764,"order_id":49562,"order_status":"PROCESSING"}
{"order_customer_id":435,"order_id":49563,"order_status":"COMPLETE"}
{"order_customer_id":3813,"order_id":49564,"order_status":"PROCESSING"}
{"order_customer_id":10454,"order_id":49565,"order_status":"PENDING"}
{"order_customer_id":8703,"order_id":49566,"order_status":"PENDING_PAYMENT"}
{"order_customer_id":5436,"order_id":49567,"order_status":"COMPLETE"}
{"order_customer_id":6346,"order_id":49568,"order_status":"PROCESSING"}
{"order_customer_id":3735,"order_id":49569,"order_status":"PROCESSING"}
{"order_customer_id":10066,"order_id":49570,"order_status":"PROCESSING"}
{"order_customer_id":6430,"order_id":49571,"order_status":"PENDING"}
{"order_customer_id":7316,"order_id":49572,"order_status":"COMPLETE"}
{"order_customer_id":7758,"order_id":49573,"order_status":"PENDING"}
{"order_customer_id":7280,"order_id":49574,"order_status":"COMPLETE"}
{"order_customer_id":5477,"order_id":49575,"order_status":"PENDING_PAYMENT"}
{"order_customer_id":3376,"order_id":49576,"order_status":"ON_HOLD"}
{"order_customer_id":8199,"order_id":49577,"order_status":"PENDING_PAYMENT"}
{"order_customer_id":10802,"order_id":49578,"order_status":"CANCELED"}
{"order_customer_id":2938,"order_id":49579,"order_status":"PENDING_PAYMENT"}
{"order_customer_id":10351,"order_id":49580,"order_status":"CLOSED"}
{"order_customer_id":3035,"order_id":49581,"order_status":"PROCESSING"}
{"order_customer_id":8747,"order_id":49582,"order_status":"SUSPECTED_FRAUD"}
{"order_customer_id":1601,"order_id":49583,"order_status":"ON_HOLD"}
{"order_customer_id":2379,"order_id":49584,"order_status":"ON_HOLD"}
{"order_customer_id":12241,"order_id":49585,"order_status":"PENDING"}
{"order_customer_id":6439,"order_id":49586,"order_status":"PENDING_PAYMENT"}
{"order_customer_id":436,"order_id":49587,"order_status":"PENDING_PAYMENT"}
{"order_customer_id":7655,"order_id":49588,"order_status":"PENDING"}
{"order_customer_id":4112,"order_id":49589,"order_status":"PENDING_PAYMENT"}
{"order_customer_id":9947,"order_id":49590,"order_status":"ON_HOLD"}
{"order_customer_id":701,"order_id":49591,"order_status":"PAYMENT_REVIEW"}
{"order_customer_id":4778,"order_id":49592,"order_status":"PENDING_PAYMENT"}
{"order_customer_id":7663,"order_id":49593,"order_status":"CANCELED"}
{"order_customer_id":5511,"order_id":49594,"order_status":"PENDING_PAYMENT"}
{"order_customer_id":10800,"order_id":49595,"order_status":"PROCESSING"}
{"order_customer_id":11314,"order_id":49596,"order_status":"PENDING_PAYMENT"}
{"order_customer_id":3867,"order_id":49597,"order_status":"PENDING"}
{"order_customer_id":4005,"order_id":49598,"order_status":"COMPLETE"}
{"order_customer_id":3308,"order_id":49599,"order_status":"PENDING"}
{"order_customer_id":7832,"order_id":49600,"order_status":"COMPLETE"}
{"order_customer_id":11562,"order_id":49601,"order_status":"CLOSED"}
{"order_customer_id":5752,"order_id":49602,"order_status":"COMPLETE"}
{"order_customer_id":606,"order_id":65845,"order_status":"PROCESSING"}
{"order_customer_id":7847,"order_id":65846,"order_status":"COMPLETE"}
{"order_customer_id":10502,"order_id":65847,"order_status":"PENDING_PAYMENT"}
{"order_customer_id":212,"order_id":65848,"order_status":"COMPLETE"}
{"order_customer_id":7963,"order_id":65849,"order_status":"COMPLETE"}
{"order_customer_id":6326,"order_id":65850,"order_status":"PENDING"}
{"order_customer_id":2313,"order_id":65851,"order_status":"PENDING_PAYMENT"}
{"order_customer_id":6953,"order_id":65852,"order_status":"COMPLETE"}
{"order_customer_id":6625,"order_id":65853,"order_status":"COMPLETE"}
{"order_customer_id":871,"order_id":65854,"order_status":"CLOSED"}
{"order_customer_id":5283,"order_id":65855,"order_status":"COMPLETE"}
{"order_customer_id":9975,"order_id":65856,"order_status":"PENDING"}
{"order_customer_id":8,"order_id":68507,"order_status":"PENDING"}
{"order_customer_id":3081,"order_id":68508,"order_status":"PENDING_PAYMENT"}
