{"order_customer_id":12031,"order_id":3148,"order_status":"PENDING_PAYMENT"}
{"order_customer_id":8080,"order_id":3149,"order_status":"COMPLETE"}
{"order_customer_id":5203,"order_id":3150,"order_status":"PENDING"}
{"order_customer_id":2043,"order_id":3151,"order_status":"PENDING_PAYMENT"}
{"order_customer_id":6838,"order_id":3152,"order_status":"ON_HOLD"}
{"order_customer_id":1171,"order_id":3153,"order_status":"CLOSED"}
{"order_customer_id":2495,"order_id":3154,"order_status":"PROCESSING"}
{"order_customer_id":2236,"order_id":3155,"order_status":"CLOSED"}
{"order_customer_id":1582,"order_id":3156,"order_status":"COMPLETE"}
{"order_customer_id":10747,"order_id":3157,"order_status":"COMPLETE"}
{"order_customer_id":2994,"order_id":3158,"order_status":"PENDING_PAYMENT"}
{"order_customer_id":6536,"order_id":3159,"order_status":"SUSPECTED_FRAUD"}
{"order_customer_id":4052,"order_id":3160,"order_status":"PROCESSING"}
{"order_customer_id":8469,"order_id":3161,"order_status":"PROCESSING"}
{"order_customer_id":6057,"order_id":3162,"order_status":"CLOSED"}
{"order_customer_id":3276,"order_id":3163,"order_status":"COMPLETE"}
{"order_customer_id":2328,"order_id":3164,"order_status":"CLOSED"}
{"order_customer_id":2764,"order_id":3165,"order_status":"COMPLETE"}
{"order_customer_id":5790,"order_id":3166,"order_status":"COMPLETE"}
{"order_customer_id":4941,"order_id":3167,"order_status":"ON_HOLD"}
{"order_customer_id":2796,"order_id":3168,"order_status":"PROCESSING"}
{"order_customer_id":8642,"order_id":3169,"order_status":"PENDING"}
{"order_customer_id":938,"order_id":3170,"order_status":"PROCESSING"}
{"order_customer_id":5045,"order_id":3171,"order_status":"COMPLETE"}
{"order_customer_id":11774,"order_id":3172,"order_status":"PENDING_PAYMENT"}
{"order_customer_id":6342,"order_id":3173,"order_status":"PENDING"}
{"order_customer_id":6108,"order_id":3174,"order_status":"PENDING_PAYMENT"}
{"order_customer_id":10012,"order_id":3175,"order_status":"COMPLETE"}
{"order_customer_id":7269,"order_id":3176,"order_status":"PENDING"}
{"order_customer_id":8642,"order_id":3177,"order_status":"PENDING_PAYMENT"}
{"order_customer_id":7129,"order_id":3178,"order_status":"PROCESSING"}
{"order_customer_id":8448,"order_id":3179,"order_status":"CLOSED"}
{"order_customer_id":10252,"order_id":3180,"order_status":"PENDING_PAYMENT"}
{"order_customer_id":805,"order_id":3181,"order_status":"PENDING_PAYMENT"}
{"order_customer_id":5528,"order_id":3182,"order_status":"COMPLETE"}
{"order_customer_id":4216,"order_id":3183,"order_status":"PENDING_PAYMENT"}
{"order_customer_id":4195,"order_id":3184,"order_status":"CLOSED"}
{"order_customer_id":8953,"order_id":3185,"order_status":"COMPLETE"}
{"order_customer_id":9879,"order_id":3186,"order_status":"PENDING_PAYMENT"}
{"order_customer_id":9458,"order_id":3187,"order_status":"CLOSED"}
{"order_customer_id":7352,"order_id":3188,"order_status":"COMPLETE"}
{"order_customer_id":712,"order_id":3189,"order_status":"CLOSED"}
{"order_customer_id":1502,"order_id":3190,"order_status":"PROCESSING"}
{"order_customer_id":1603,"order_id":3191,"order_status":"CLOSED"}
{"order_customer_id":8088,"order_id":3192,"order_status":"PROCESSING"}
{"order_customer_id":7076,"order_id":3193,"order_status":"PROCESSING"}
{"order_customer_id":11823,"order_id":3194,"order_status":"COMPLETE"}
{"order_customer_id":7348,"order_id":3195,"order_status":"CLOSED"}
{"order_customer_id":10400,"order_id":3196,"order_status":"COMPLETE"}
{"order_customer_id":10934,"order_id":3197,"order_status":"PROCESSING"}
{"order_customer_id":2331,"order_id":3198,"order_status":"CLOSED"}
{"order_customer_id":3905,"order_id":3199,"order_status":"PENDING"}
{"order_customer_id":4963,"order_id":3200,"order_status":"CLOSED"}
{"order_customer_id":1374,"order_id":3201,"order_status":"SUSPECTED_FRAUD"}
{"order_customer_id":11175,"order_id":3202,"order_status":"PENDING"}
{"order_customer_id":11202,"order_id":3203,"order_status":"PENDING_PAYMENT"}
{"order_customer_id":10093,"order_id":3204,"order_status":"PROCESSING"}
{"order_customer_id":9925,"order_id":3205,"order_status":"COMPLETE"}
{"order_customer_id":3384,"order_id":3206,"order_status":"ON_HOLD"}
{"order_customer_id":5810,"order_id":3207,"order_status":"PENDING_PAYMENT"}
{"order_customer_id":1029,"order_id":3208,"order_status":"COMPLETE"}
{"order_customer_id":9602,"order_id":3209,"order_status":"PENDING"}
{"order_customer_id":10634,"order_id":3210,"order_status":"PAYMENT_REVIEW"}
{"order_customer_id":5047,"order_id":3211,"order_status":"PENDING_PAYMENT"}
{"order_customer_id":889,"order_id":3212,"order_status":"PROCESSING"}
{"order_customer_id":959,"order_id":3213,"order_status":"COMPLETE"}
{"order_customer_id":7213,"order_id":3214,"order_status":"PENDING"}
{"order_customer_id":12369,"order_id":3215,"order_status":"COMPLETE"}
{"order_customer_id":973,"order_id":3216,"order_status":"PENDING_PAYMENT"}
{"order_customer_id":9470,"order_id":3217,"order_status":"COMPLETE"}
{"order_customer_id":4268,"order_id":3218,"order_status":"COMPLETE"}
{"order_customer_id":3817,"order_id":3219,"order_status":"COMPLETE"}
{"order_customer_id":2585,"order_id":3220,"order_status":"PENDING_PAYMENT"}
{"order_customer_id":6512,"order_id":3221,"order_status":"CLOSED"}
{"order_customer_id":1877,"order_id":3222,"order_status":"PENDING"}
{"order_customer_id":12252,"order_id":3223,"order_status":"PENDING_PAYMENT"}
{"order_customer_id":4926,"order_id":3224,"order_status":"PENDING_PAYMENT"}
{"order_customer_id":6325,"order_id":3225,"order_status":"COMPLETE"}
{"order_customer_id":7841,"order_id":3226,"order_status":"PROCESSING"}
{"order_customer_id":7594,"order_id":3227,"order_status":"ON_HOLD"}
{"order_customer_id":202,"order_id":3228,"order_status":"PENDING"}
{"order_customer_id":8990,"order_id":3229,"order_status":"PENDING_PAYMENT"}
{"order_customer_id":2288,"order_id":3230,"order_status":"PENDING_PAYMENT"}
{"order_customer_id":10247,"order_id":3231,"order_status":"CLOSED"}
{"order_customer_id":5626,"order_id":3232,"order_status":"COMPLETE"}
{"order_customer_id":11883,"order_id":3233,"order_status":"PENDING"}
{"order_customer_id":861,"order_id":3234,"order_status":"COMPLETE"}
{"order_customer_id":10770,"order_id":3235,"order_status":"COMPLETE"}
{"order_customer_id":9948,"order_id":3236,"order_status":"PENDING_PAYMENT"}
{"order_customer_id":4026,"order_id":3237,"order_status":"COMPLETE"}
{"order_customer_id":5891,"order_id":3238,"order_status":"PENDING_PAYMENT"}
{"order_customer_id":6129,"order_id":3239,"order_status":"PROCESSING"}
{"order_customer_id":5989,"order_id":3240,"order_status":"COMPLETE"}
{"order_customer_id":7602,"order_id":3241,"order_status":"PROCESSING"}
{"order_customer_id":1716,"order_id":3242,"order_status":"PENDING_PAYMENT"}
{"order_customer_id":887,"order_id":3243,"order_status":"COMPLETE"}
{"order_customer_id":4912,"order_id":3244,"order_status":"PROCESSING"}
{"order_customer_id":5749,"order_id":3245,"order_status":"COMPLETE"}
{"order_customer_id":1852,"order_id":3246,"order_status":"CANCELED"}
{"order_customer_id":441,"order_id":3247,"order_status":"CLOSED"}
{"order_customer_id":7550,"order_id":3248,"order_status":"PROCESSING"}
{"order_customer_id":10850,"order_id":3249,"order_status":"PENDING_PAYMENT"}
{"order_customer_id":9027,"order_id":3250,"order_status":"SUSPECTED_FRAUD"}
{"order_customer_id":10143,"order_id":3251,"order_status":"PENDING"}
{"order_customer_id":7571,"order_id":3252,"order_status":"COMPLETE"}
{"order_customer_id":3437,"order_id":3253,"order_status":"COMPLETE"}
{"order_customer_id":2067,"order_id":3254,"order_status":"PENDING_PAYMENT"}
{"order_customer_id":856,"order_id":3255,"order_status":"PENDING_PAYMENT"}
{"order_customer_id":6984,"order_id":3256,"order_status":"PENDING"}
{"order_customer_id":2690,"order_id":3257,"order_status":"PENDING_PAYMENT"}
{"order_customer_id":8480,"order_id":3258,"order_status":"COMPLETE"}
{"order_customer_id":2407,"order_id":3259,"order_status":"PENDING_PAYMENT"}
{"order_customer_id":12021,"order_id":3260,"order_status":"CLOSED"}
{"order_customer_id":10607,"order_id":3261,"order_status":"PENDING"}
{"order_customer_id":2804,"order_id":3262,"order_status":"COMPLETE"}
{"order_customer_id":1138,"order_id":3263,"order_status":"COMPLETE"}
{"order_customer_id":10158,"order_id":3264,"order_status":"COMPLETE"}
{"order_customer_id":11334,"order_id":3265,"order_status":"COMPLETE"}
{"order_customer_id":735,"order_id":3266,"order_status":"PENDING_PAYMENT"}
{"order_customer_id":2110,"order_id":3267,"order_status":"PROCESSING"}
{"order_customer_id":11299,"order_id":3268,"order_status":"SUSPECTED_FRAUD"}
{"order_customer_id":7695,"order_id":3269,"order_status":"CLOSED"}
{"order_customer_id":3685,"order_id":3270,"order_status":"COMPLETE"}
{"order_customer_id":9643,"order_id":3271,"order_status":"PENDING_PAYMENT"}
{"order_customer_id":7099,"order_id":3272,"order_status":"PROCESSING"}
{"order_customer_id":9785,"order_id":3273,"order_status":"COMPLETE"}
{"order_customer_id":6194,"order_id":3274,"order_status":"CLOSED"}
{"order_customer_id":8587,"order_id":3275,"order_status":"CLOSED"}
{"order_customer_id":2029,"order_id":3276,"order_status":"ON_HOLD"}
{"order_customer_id":6046,"order_id":3277,"order_status":"CLOSED"}
{"order_customer_id":4195,"order_id":3278,"order_status":"PENDING_PAYMENT"}
{"order_customer_id":142,"order_id":3279,"order_status":"PROCESSING"}
{"order_customer_id":4067,"order_id":3280,"order_status":"COMPLETE"}
{"order_customer_id":11636,"order_id":3281,"order_status":"PENDING_PAYMENT"}
{"order_customer_id":3999,"order_id":3282,"order_status":"COMPLETE"}
{"order_customer_id":8634,"order_id":3283,"order_status":"PENDING_PAYMENT"}
{"order_customer_id":9120,"order_id":3284,"order_status":"PENDING_PAYMENT"}
{"order_customer_id":2544,"order_id":3285,"order_status":"COMPLETE"}
{"order_customer_id":1548,"order_id":3286,"order_status":"PENDING_PAYMENT"}
{"order_customer_id":8298,"order_id":3287,"order_status":"CLOSED"}
{"order_customer_id":11391,"order_id":3288,"order_status":"COMPLETE"}
{"order_customer_id":6688,"order_id":3289,"order_status":"COMPLETE"}
{"order_customer_id":11170,"order_id":3290,"order_status":"PENDING_PAYMENT"}
{"order_customer_id":4166,"order_id":3291,"order_status":"COMPLETE"}
{"order_customer_id":9240,"order_id":3292,"order_status":"COMPLETE"}
{"order_customer_id":716,"order_id":3293,"order_status":"COMPLETE"}
{"order_customer_id":9405,"order_id":3294,"order_status":"COMPLETE"}
{"order_customer_id":651,"order_id":3295,"order_status":"CANCELED"}
{"order_customer_id":3062,"order_id":3296,"order_status":"CLOSED"}
{"order_customer_id":7031,"order_id":3297,"order_status":"SUSPECTED_FRAUD"}
{"order_customer_id":8071,"order_id":3298,"order_status":"PAYMENT_REVIEW"}
{"order_customer_id":7840,"order_id":3299,"order_status":"COMPLETE"}
{"order_customer_id":917,"order_id":3300,"order_status":"PENDING_PAYMENT"}
{"order_customer_id":2584,"order_id":3301,"order_status":"COMPLETE"}
{"order_customer_id":5569,"order_id":3302,"order_status":"PENDING_PAYMENT"}
{"order_customer_id":7186,"order_id":3303,"order_status":"COMPLETE"}
{"order_customer_id":613,"order_id":3304,"order_status":"SUSPECTED_FRAUD"}
{"order_customer_id":5588,"order_id":3305,"order_status":"PENDING_PAYMENT"}
{"order_customer_id":879,"order_id":3306,"order_status":"COMPLETE"}
{"order_customer_id":7793,"order_id":3307,"order_status":"PENDING_PAYMENT"}
{"order_customer_id":4267,"order_id":3308,"order_status":"CLOSED"}
{"order_customer_id":9721,"order_id":3309,"order_status":"PENDING"}
{"order_customer_id":138,"order_id":3310,"order_status":"COMPLETE"}
{"order_customer_id":5035,"order_id":3311,"order_status":"COMPLETE"}
{"order_customer_id":10115,"order_id":3312,"order_status":"COMPLETE"}
{"order_customer_id":9587,"order_id":3313,"order_status":"COMPLETE"}
{"order_customer_id":4200,"order_id":3314,"order_status":"PENDING_PAYMENT"}
{"order_customer_id":9126,"order_id":3315,"order_status":"PROCESSING"}
{"order_customer_id":2078,"order_id":3316,"order_status":"COMPLETE"}
{"order_customer_id":12058,"order_id":3317,"order_status":"PENDING_PAYMENT"}
{"order_customer_id":8546,"order_id":3318,"order_status":"COMPLETE"}
{"order_customer_id":6764,"order_id":3319,"order_status":"PENDING"}
{"order_customer_id":504,"order_id":3320,"order_status":"PENDING_PAYMENT"}
{"order_customer_id":12231,"order_id":3321,"order_status":"PENDING_PAYMENT"}
{"order_customer_id":3620,"order_id":3322,"order_status":"PENDING_PAYMENT"}
{"order_customer_id":8097,"order_id":3323,"order_status":"COMPLETE"}
{"order_customer_id":1970,"order_id":3324,"order_status":"PROCESSING"}
{"order_customer_id":11795,"order_id":3325,"order_status":"PENDING_PAYMENT"}
{"order_customer_id":9897,"order_id":3326,"order_status":"CLOSED"}
{"order_customer_id":5014,"order_id":3327,"order_status":"PROCESSING"}
{"order_customer_id":1373,"order_id":3328,"order_status":"COMPLETE"}
{"order_customer_id":4970,"order_id":3329,"order_status":"PENDING"}
{"order_customer_id":8757,"order_id":3330,"order_status":"PENDING_PAYMENT"}
{"order_customer_id":6759,"order_id":3331,"order_status":"PROCESSING"}
{"order_customer_id":7120,"order_id":3332,"order_status":"PROCESSING"}
{"order_customer_id":10717,"order_id":3333,"order_status":"CLOSED"}
{"order_customer_id":3579,"order_id":3334,"order_status":"PROCESSING"}
{"order_customer_id":5926,"order_id":3335,"order_status":"CANCELED"}
{"order_customer_id":1256,"order_id":3336,"order_status":"PENDING_PAYMENT"}
{"order_customer_id":6660,"order_id":3337,"order_status":"COMPLETE"}
{"order_customer_id":866,"order_id":3338,"order_status":"PROCESSING"}
{"order_customer_id":4520,"order_id":3339,"order_status":"PENDING_PAYMENT"}
{"order_customer_id":4030,"order_id":3340,"order_status":"PROCESSING"}
{"order_customer_id":9760,"order_id":3341,"order_status":"PROCESSING"}
{"order_customer_id":6412,"order_id":3342,"order_status":"SUSPECTED_FRAUD"}
{"order_customer_id":12289,"order_id":3343,"order_status":"CLOSED"}
{"order_customer_id":596,"order_id":3344,"order_status":"PENDING_PAYMENT"}
{"order_customer_id":949,"order_id":3345,"order_status":"COMPLETE"}
{"order_customer_id":10368,"order_id":3346,"order_status":"COMPLETE"}
{"order_customer_id":5659,"order_id":3347,"order_status":"PENDING_PAYMENT"}
{"order_customer_id":4099,"order_id":3348,"order_status":"CLOSED"}
{"order_customer_id":12284,"order_id":3349,"order_status":"PENDING"}
{"order_customer_id":4999,"order_id":3350,"order_status":"CLOSED"}
{"order_customer_id":7565,"order_id":3351,"order_status":"PENDING_PAYMENT"}
{"order_customer_id":2758,"order_id":3352,"order_status":"COMPLETE"}
{"order_customer_id":439,"order_id":3353,"order_status":"PENDING"}
{"order_customer_id":11065,"order_id":3354,"order_status":"PENDING"}
{"order_customer_id":7843,"order_id":3355,"order_status":"PENDING"}
{"order_customer_id":225,"order_id":3356,"order_status":"PENDING_PAYMENT"}
{"order_customer_id":7912,"order_id":3357,"order_status":"CLOSED"}
{"order_customer_id":293,"order_id":3358,"order_status":"COMPLETE"}
{"order_customer_id":4341,"order_id":3359,"order_status":"COMPLETE"}
{"order_customer_id":8037,"order_id":3360,"order_status":"COMPLETE"}
{"order_customer_id":10228,"order_id":3361,"order_status":"COMPLETE"}
{"order_customer_id":11080,"order_id":3362,"order_status":"ON_HOLD"}
{"order_customer_id":10501,"order_id":3363,"order_status":"COMPLETE"}
{"order_customer_id":10711,"order_id":3364,"order_status":"SUSPECTED_FRAUD"}
{"order_customer_id":5678,"order_id":3365,"order_status":"COMPLETE"}
{"order_customer_id":364,"order_id":3366,"order_status":"COMPLETE"}
{"order_customer_id":5105,"order_id":3367,"order_status":"PENDING_PAYMENT"}
{"order_customer_id":10697,"order_id":3368,"order_status":"PROCESSING"}
{"order_customer_id":1183,"order_id":3369,"order_status":"PENDING"}
{"order_customer_id":3215,"order_id":3370,"order_status":"COMPLETE"}
{"order_customer_id":10359,"order_id":3371,"order_status":"PROCESSING"}
{"order_customer_id":7574,"order_id":3372,"order_status":"PENDING"}
{"order_customer_id":11700,"order_id":3373,"order_status":"COMPLETE"}
{"order_customer_id":10457,"order_id":3374,"order_status":"CLOSED"}
{"order_customer_id":119,"order_id":3375,"order_status":"COMPLETE"}
{"order_customer_id":7141,"order_id":3376,"order_status":"COMPLETE"}
{"order_customer_id":6194,"order_id":3377,"order_status":"COMPLETE"}
{"order_customer_id":7289,"order_id":58217,"order_status":"PENDING_PAYMENT"}
{"order_customer_id":7850,"order_id":58218,"order_status":"PENDING"}
{"order_customer_id":8564,"order_id":58219,"order_status":"COMPLETE"}
{"order_customer_id":8372,"order_id":58220,"order_status":"CLOSED"}
{"order_customer_id":8769,"order_id":58221,"order_status":"PENDING_PAYMENT"}
{"order_customer_id":8589,"order_id":58222,"order_status":"COMPLETE"}
{"order_customer_id":2130,"order_id":58223,"order_status":"PENDING_PAYMENT"}
{"order_customer_id":5895,"order_id":58224,"order_status":"COMPLETE"}
{"order_customer_id":8126,"order_id":58225,"order_status":"PROCESSING"}
{"order_customer_id":2384,"order_id":58226,"order_status":"CLOSED"}
{"order_customer_id":10039,"order_id":58227,"order_status":"COMPLETE"}
{"order_customer_id":9332,"order_id":58228,"order_status":"PENDING"}
{"order_customer_id":10887,"order_id":58229,"order_status":"COMPLETE"}
{"order_customer_id":3503,"order_id":58230,"order_status":"PENDING_PAYMENT"}
{"order_customer_id":4212,"order_id":58231,"order_status":"COMPLETE"}
{"order_customer_id":11526,"order_id":58232,"order_status":"COMPLETE"}
{"order_customer_id":7190,"order_id":58233,"order_status":"CANCELED"}
{"order_customer_id":6240,"order_id":58234,"order_status":"COMPLETE"}
{"order_customer_id":9489,"order_id":58235,"order_status":"CLOSED"}
{"order_customer_id":3891,"order_id":58236,"order_status":"COMPLETE"}
{"order_customer_id":7088,"order_id":58237,"order_status":"PENDING_PAYMENT"}
{"order_customer_id":260,"order_id":58238,"order_status":"CANCELED"}
{"order_customer_id":7992,"order_id":67485,"order_status":"PROCESSING"}
{"order_customer_id":655,"order_id":67486,"order_status":"COMPLETE"}
{"order_customer_id":6209,"order_id":68701,"order_status":"PROCESSING"}
