{"order_customer_id":10229,"order_id":6322,"order_status":"COMPLETE"}
{"order_customer_id":4290,"order_id":6323,"order_status":"COMPLETE"}
{"order_customer_id":9971,"order_id":6324,"order_status":"CLOSED"}
{"order_customer_id":2977,"order_id":6325,"order_status":"PENDING"}
{"order_customer_id":6636,"order_id":6326,"order_status":"PENDING_PAYMENT"}
{"order_customer_id":10074,"order_id":6327,"order_status":"CLOSED"}
{"order_customer_id":8658,"order_id":6328,"order_status":"COMPLETE"}
{"order_customer_id":11798,"order_id":6329,"order_status":"SUSPECTED_FRAUD"}
{"order_customer_id":7925,"order_id":6330,"order_status":"PROCESSING"}
{"order_customer_id":1933,"order_id":6331,"order_status":"PENDING"}
{"order_customer_id":10044,"order_id":6332,"order_status":"COMPLETE"}
{"order_customer_id":7578,"order_id":6333,"order_status":"PENDING_PAYMENT"}
{"order_customer_id":8863,"order_id":6334,"order_status":"COMPLETE"}
{"order_customer_id":11719,"order_id":6335,"order_status":"PENDING"}
{"order_customer_id":1034,"order_id":6336,"order_status":"PENDING"}
{"order_customer_id":535,"order_id":6337,"order_status":"COMPLETE"}
{"order_customer_id":3504,"order_id":6338,"order_status":"PROCESSING"}
{"order_customer_id":9149,"order_id":6339,"order_status":"CLOSED"}
{"order_customer_id":437,"order_id":6340,"order_status":"PENDING_PAYMENT"}
{"order_customer_id":2541,"order_id":6341,"order_status":"PENDING_PAYMENT"}
{"order_customer_id":12220,"order_id":6342,"order_status":"ON_HOLD"}
{"order_customer_id":7370,"order_id":6343,"order_status":"PENDING"}
{"order_customer_id":4115,"order_id":6344,"order_status":"PENDING_PAYMENT"}
{"order_customer_id":9244,"order_id":6345,"order_status":"PENDING_PAYMENT"}
{"order_customer_id":5765,"order_id":6346,"order_status":"PENDING"}
{"order_customer_id":6146,"order_id":6347,"order_status":"ON_HOLD"}
{"order_customer_id":5552,"order_id":6348,"order_status":"PROCESSING"}
{"order_customer_id":460,"order_id":6349,"order_status":"PROCESSING"}
{"order_customer_id":4951,"order_id":6350,"order_status":"PROCESSING"}
{"order_customer_id":8198,"order_id":6351,"order_status":"CLOSED"}
{"order_customer_id":11604,"order_id":6352,"order_status":"PENDING"}
{"order_customer_id":5600,"order_id":6353,"order_status":"COMPLETE"}
{"order_customer_id":5802,"order_id":6354,"order_status":"COMPLETE"}
{"order_customer_id":8656,"order_id":6355,"order_status":"CLOSED"}
{"order_customer_id":3980,"order_id":6356,"order_status":"ON_HOLD"}
{"order_customer_id":9786,"order_id":6357,"order_status":"PROCESSING"}
{"order_customer_id":4209,"order_id":6358,"order_status":"PENDING"}
{"order_customer_id":1110,"order_id":6359,"order_status":"PENDING_PAYMENT"}
{"order_customer_id":2388,"order_id":6360,"order_status":"COMPLETE"}
{"order_customer_id":1617,"order_id":6361,"order_status":"COMPLETE"}
{"order_customer_id":5535,"order_id":6362,"order_status":"PENDING_PAYMENT"}
{"order_customer_id":9049,"order_id":6363,"order_status":"COMPLETE"}
{"order_customer_id":8245,"order_id":6364,"order_status":"CLOSED"}
{"order_customer_id":6425,"order_id":6365,"order_status":"COMPLETE"}
{"order_customer_id":8693,"order_id":6366,"order_status":"COMPLETE"}
{"order_customer_id":760,"order_id":6367,"order_status":"COMPLETE"}
{"order_customer_id":9236,"order_id":6368,"order_status":"COMPLETE"}
{"order_customer_id":5869,"order_id":6369,"order_status":"PENDING"}
{"order_customer_id":11210,"order_id":6370,"order_status":"PROCESSING"}
{"order_customer_id":5123,"order_id":6371,"order_status":"PROCESSING"}
{"order_customer_id":8152,"order_id":6372,"order_status":"COMPLETE"}
{"order_customer_id":11995,"order_id":6373,"order_status":"ON_HOLD"}
{"order_customer_id":726,"order_id":6374,"order_status":"COMPLETE"}
{"order_customer_id":3708,"order_id":6375,"order_status":"COMPLETE"}
{"order_customer_id":3866,"order_id":6376,"order_status":"PROCESSING"}
{"order_customer_id":904,"order_id":6377,"order_status":"CLOSED"}
{"order_customer_id":679,"order_id":6378,"order_status":"PENDING_PAYMENT"}
{"order_customer_id":4527,"order_id":6379,"order_status":"PROCESSING"}
{"order_customer_id":8157,"order_id":6380,"order_status":"COMPLETE"}
{"order_customer_id":2575,"order_id":6381,"order_status":"PENDING_PAYMENT"}
{"order_customer_id":11664,"order_id":6382,"order_status":"ON_HOLD"}
{"order_customer_id":2350,"order_id":6383,"order_status":"COMPLETE"}
{"order_customer_id":5029,"order_id":6384,"order_status":"PENDING_PAYMENT"}
{"order_customer_id":9178,"order_id":6385,"order_status":"PROCESSING"}
{"order_customer_id":10409,"order_id":6386,"order_status":"PROCESSING"}
{"order_customer_id":8353,"order_id":6387,"order_status":"PROCESSING"}
{"order_customer_id":2364,"order_id":6388,"order_status":"COMPLETE"}
{"order_customer_id":4775,"order_id":6389,"order_status":"PENDING"}
{"order_customer_id":8889,"order_id":6390,"order_status":"PENDING"}
{"order_customer_id":3323,"order_id":6391,"order_status":"PENDING_PAYMENT"}
{"order_customer_id":3322,"order_id":6392,"order_status":"PENDING_PAYMENT"}
{"order_customer_id":8861,"order_id":6393,"order_status":"PENDING_PAYMENT"}
{"order_customer_id":177,"order_id":6394,"order_status":"CLOSED"}
{"order_customer_id":5019,"order_id":6395,"order_status":"COMPLETE"}
{"order_customer_id":11894,"order_id":6396,"order_status":"SUSPECTED_FRAUD"}
{"order_customer_id":727,"order_id":6397,"order_status":"COMPLETE"}
{"order_customer_id":2122,"order_id":6398,"order_status":"PENDING"}
{"order_customer_id":3076,"order_id":6399,"order_status":"COMPLETE"}
{"order_customer_id":3030,"order_id":6400,"order_status":"PENDING"}
{"order_customer_id":2287,"order_id":6401,"order_status":"PENDING_PAYMENT"}
{"order_customer_id":8645,"order_id":6402,"order_status":"COMPLETE"}
{"order_customer_id":6441,"order_id":6403,"order_status":"SUSPECTED_FRAUD"}
{"order_customer_id":2270,"order_id":6404,"order_status":"COMPLETE"}
{"order_customer_id":99,"order_id":6405,"order_status":"COMPLETE"}
{"order_customer_id":9413,"order_id":6406,"order_status":"ON_HOLD"}
{"order_customer_id":8586,"order_id":6407,"order_status":"CLOSED"}
{"order_customer_id":3879,"order_id":6408,"order_status":"CLOSED"}
{"order_customer_id":1656,"order_id":6409,"order_status":"PROCESSING"}
{"order_customer_id":9353,"order_id":6410,"order_status":"PENDING_PAYMENT"}
{"order_customer_id":4283,"order_id":6411,"order_status":"CLOSED"}
{"order_customer_id":10777,"order_id":6412,"order_status":"COMPLETE"}
{"order_customer_id":11166,"order_id":6413,"order_status":"ON_HOLD"}
{"order_customer_id":4381,"order_id":6414,"order_status":"COMPLETE"}
{"order_customer_id":9940,"order_id":6415,"order_status":"PENDING"}
{"order_customer_id":4149,"order_id":6416,"order_status":"SUSPECTED_FRAUD"}
{"order_customer_id":10539,"order_id":6417,"order_status":"COMPLETE"}
{"order_customer_id":5671,"order_id":6418,"order_status":"PROCESSING"}
{"order_customer_id":2108,"order_id":6419,"order_status":"COMPLETE"}
{"order_customer_id":5550,"order_id":6420,"order_status":"COMPLETE"}
{"order_customer_id":2342,"order_id":6421,"order_status":"PROCESSING"}
{"order_customer_id":10992,"order_id":6422,"order_status":"COMPLETE"}
{"order_customer_id":2693,"order_id":6423,"order_status":"COMPLETE"}
{"order_customer_id":5966,"order_id":6424,"order_status":"COMPLETE"}
{"order_customer_id":2622,"order_id":6425,"order_status":"PROCESSING"}
{"order_customer_id":4389,"order_id":6426,"order_status":"SUSPECTED_FRAUD"}
{"order_customer_id":3615,"order_id":6427,"order_status":"COMPLETE"}
{"order_customer_id":12394,"order_id":6428,"order_status":"PENDING_PAYMENT"}
{"order_customer_id":8076,"order_id":6429,"order_status":"COMPLETE"}
{"order_customer_id":9607,"order_id":6430,"order_status":"PROCESSING"}
{"order_customer_id":714,"order_id":6431,"order_status":"PENDING_PAYMENT"}
{"order_customer_id":11441,"order_id":6432,"order_status":"CLOSED"}
{"order_customer_id":9717,"order_id":6433,"order_status":"PROCESSING"}
{"order_customer_id":11747,"order_id":6434,"order_status":"PROCESSING"}
{"order_customer_id":10175,"order_id":6435,"order_status":"COMPLETE"}
{"order_customer_id":487,"order_id":6436,"order_status":"PROCESSING"}
{"order_customer_id":12265,"order_id":6437,"order_status":"PROCESSING"}
{"order_customer_id":2786,"order_id":6438,"order_status":"COMPLETE"}
{"order_customer_id":11513,"order_id":6439,"order_status":"CLOSED"}
{"order_customer_id":52,"order_id":6440,"order_status":"PENDING"}
{"order_customer_id":411,"order_id":6441,"order_status":"PROCESSING"}
{"order_customer_id":5293,"order_id":6442,"order_status":"PENDING_PAYMENT"}
{"order_customer_id":7879,"order_id":6443,"order_status":"CLOSED"}
{"order_customer_id":1220,"order_id":6444,"order_status":"PENDING_PAYMENT"}
{"order_customer_id":2321,"order_id":6445,"order_status":"PROCESSING"}
{"order_customer_id":7269,"order_id":6446,"order_status":"COMPLETE"}
{"order_customer_id":12291,"order_id":6447,"order_status":"COMPLETE"}
{"order_customer_id":5206,"order_id":6448,"order_status":"PENDING"}
{"order_customer_id":8717,"order_id":6449,"order_status":"PROCESSING"}
{"order_customer_id":5303,"order_id":6450,"order_status":"PENDING"}
{"order_customer_id":3621,"order_id":6451,"order_status":"COMPLETE"}
{"order_customer_id":11912,"order_id":6452,"order_status":"PROCESSING"}
{"order_customer_id":2821,"order_id":6453,"order_status":"PENDING"}
{"order_customer_id":10394,"order_id":6454,"order_status":"PENDING_PAYMENT"}
{"order_customer_id":11346,"order_id":6455,"order_status":"ON_HOLD"}
{"order_customer_id":10399,"order_id":6456,"order_status":"COMPLETE"}
{"order_customer_id":3875,"order_id":6457,"order_status":"PENDING_PAYMENT"}
{"order_customer_id":6886,"order_id":6458,"order_status":"PENDING_PAYMENT"}
{"order_customer_id":2315,"order_id":6459,"order_status":"COMPLETE"}
{"order_customer_id":3134,"order_id":6460,"order_status":"COMPLETE"}
{"order_customer_id":564,"order_id":6461,"order_status":"PENDING_PAYMENT"}
{"order_customer_id":8763,"order_id":6462,"order_status":"PENDING"}
{"order_customer_id":4053,"order_id":6463,"order_status":"PROCESSING"}
{"order_customer_id":12228,"order_id":6464,"order_status":"PENDING_PAYMENT"}
{"order_customer_id":4435,"order_id":6465,"order_status":"PENDING"}
{"order_customer_id":10761,"order_id":6466,"order_status":"COMPLETE"}
{"order_customer_id":3737,"order_id":6467,"order_status":"PENDING"}
{"order_customer_id":2934,"order_id":6468,"order_status":"PAYMENT_REVIEW"}
{"order_customer_id":2586,"order_id":6469,"order_status":"PENDING_PAYMENT"}
{"order_customer_id":10698,"order_id":6470,"order_status":"PENDING"}
{"order_customer_id":628,"order_id":6471,"order_status":"COMPLETE"}
{"order_customer_id":7046,"order_id":6472,"order_status":"CLOSED"}
{"order_customer_id":3759,"order_id":6473,"order_status":"PENDING"}
{"order_customer_id":4416,"order_id":6474,"order_status":"CANCELED"}
{"order_customer_id":6894,"order_id":6475,"order_status":"COMPLETE"}
{"order_customer_id":10668,"order_id":6476,"order_status":"PENDING"}
{"order_customer_id":6176,"order_id":6477,"order_status":"CLOSED"}
{"order_customer_id":4373,"order_id":6478,"order_status":"ON_HOLD"}
{"order_customer_id":6643,"order_id":6479,"order_status":"PENDING_PAYMENT"}
{"order_customer_id":1271,"order_id":6480,"order_status":"PENDING_PAYMENT"}
{"order_customer_id":4392,"order_id":6481,"order_status":"PENDING_PAYMENT"}
{"order_customer_id":2229,"order_id":6482,"order_status":"CANCELED"}
{"order_customer_id":4116,"order_id":6483,"order_status":"PENDING_PAYMENT"}
{"order_customer_id":6844,"order_id":6484,"order_status":"PENDING_PAYMENT"}
{"order_customer_id":44,"order_id":6485,"order_status":"PENDING_PAYMENT"}
{"order_customer_id":5833,"order_id":6486,"order_status":"COMPLETE"}
{"order_customer_id":2979,"order_id":6487,"order_status":"PROCESSING"}
{"order_customer_id":3976,"order_id":6488,"order_status":"COMPLETE"}
{"order_customer_id":201,"order_id":6489,"order_status":"PROCESSING"}
{"order_customer_id":8697,"order_id":6490,"order_status":"CLOSED"}
{"order_customer_id":1666,"order_id":6491,"order_status":"PENDING"}
{"order_customer_id":4583,"order_id":6492,"order_status":"COMPLETE"}
{"order_customer_id":6709,"order_id":6493,"order_status":"COMPLETE"}
{"order_customer_id":5953,"order_id":6494,"order_status":"PENDING_PAYMENT"}
{"order_customer_id":9993,"order_id":6495,"order_status":"COMPLETE"}
{"order_customer_id":9029,"order_id":6496,"order_status":"COMPLETE"}
{"order_customer_id":6993,"order_id":6497,"order_status":"PENDING_PAYMENT"}
{"order_customer_id":6202,"order_id":6498,"order_status":"PENDING_PAYMENT"}
{"order_customer_id":6339,"order_id":6499,"order_status":"PROCESSING"}
{"order_customer_id":6445,"order_id":6500,"order_status":"PROCESSING"}
{"order_customer_id":1949,"order_id":6501,"order_status":"COMPLETE"}
{"order_customer_id":6505,"order_id":6502,"order_status":"COMPLETE"}
{"order_customer_id":2618,"order_id":6503,"order_status":"PENDING_PAYMENT"}
{"order_customer_id":4425,"order_id":6504,"order_status":"CLOSED"}
{"order_customer_id":5120,"order_id":6505,"order_status":"PENDING"}
{"order_customer_id":9770,"order_id":6506,"order_status":"PENDING_PAYMENT"}
{"order_customer_id":11450,"order_id":6507,"order_status":"PROCESSING"}
{"order_customer_id":4100,"order_id":6508,"order_status":"COMPLETE"}
{"order_customer_id":11403,"order_id":6509,"order_status":"CLOSED"}
{"order_customer_id":12311,"order_id":6510,"order_status":"COMPLETE"}
{"order_customer_id":7005,"order_id":58792,"order_status":"COMPLETE"}
{"order_customer_id":1817,"order_id":58793,"order_status":"COMPLETE"}
{"order_customer_id":8328,"order_id":58794,"order_status":"COMPLETE"}
{"order_customer_id":8987,"order_id":58795,"order_status":"PENDING"}
{"order_customer_id":7885,"order_id":58796,"order_status":"PENDING"}
{"order_customer_id":5474,"order_id":58797,"order_status":"COMPLETE"}
{"order_customer_id":10522,"order_id":58798,"order_status":"CLOSED"}
{"order_customer_id":1736,"order_id":58799,"order_status":"COMPLETE"}
{"order_customer_id":3677,"order_id":58800,"order_status":"COMPLETE"}
{"order_customer_id":1098,"order_id":58801,"order_status":"PAYMENT_REVIEW"}
{"order_customer_id":2037,"order_id":58802,"order_status":"PROCESSING"}
{"order_customer_id":3842,"order_id":58803,"order_status":"PROCESSING"}
{"order_customer_id":11198,"order_id":58804,"order_status":"COMPLETE"}
{"order_customer_id":804,"order_id":58805,"order_status":"COMPLETE"}
{"order_customer_id":7895,"order_id":58806,"order_status":"PROCESSING"}
{"order_customer_id":1709,"order_id":58807,"order_status":"PENDING_PAYMENT"}
{"order_customer_id":9358,"order_id":58808,"order_status":"PENDING"}
{"order_customer_id":1384,"order_id":58809,"order_status":"COMPLETE"}
{"order_customer_id":4338,"order_id":58810,"order_status":"PENDING_PAYMENT"}
{"order_customer_id":3216,"order_id":58811,"order_status":"PENDING_PAYMENT"}
{"order_customer_id":11144,"order_id":58812,"order_status":"PENDING_PAYMENT"}
{"order_customer_id":11556,"order_id":58813,"order_status":"COMPLETE"}
{"order_customer_id":7970,"order_id":58814,"order_status":"PROCESSING"}
{"order_customer_id":2851,"order_id":67569,"order_status":"SUSPECTED_FRAUD"}
{"order_customer_id":6740,"order_id":67570,"order_status":"CLOSED"}
{"order_customer_id":8704,"order_id":67571,"order_status":"CLOSED"}
{"order_customer_id":10823,"order_id":67572,"order_status":"PROCESSING"}
{"order_customer_id":9017,"order_id":67573,"order_status":"COMPLETE"}
{"order_customer_id":12401,"order_id":68712,"order_status":"COMPLETE"}
