{"order_customer_id":10467,"order_id":56711,"order_status":"PROCESSING"}
{"order_customer_id":11189,"order_id":56712,"order_status":"PROCESSING"}
{"order_customer_id":12143,"order_id":56713,"order_status":"PENDING_PAYMENT"}
{"order_customer_id":847,"order_id":56714,"order_status":"ON_HOLD"}
{"order_customer_id":1282,"order_id":56715,"order_status":"PENDING_PAYMENT"}
{"order_customer_id":2291,"order_id":56716,"order_status":"CLOSED"}
{"order_customer_id":7720,"order_id":56717,"order_status":"PROCESSING"}
{"order_customer_id":8503,"order_id":56718,"order_status":"ON_HOLD"}
{"order_customer_id":8579,"order_id":56719,"order_status":"PENDING_PAYMENT"}
{"order_customer_id":7421,"order_id":56720,"order_status":"PENDING_PAYMENT"}
{"order_customer_id":7302,"order_id":56721,"order_status":"COMPLETE"}
{"order_customer_id":761,"order_id":56722,"order_status":"COMPLETE"}
{"order_customer_id":3187,"order_id":56723,"order_status":"PENDING_PAYMENT"}
{"order_customer_id":4284,"order_id":56724,"order_status":"ON_HOLD"}
{"order_customer_id":6979,"order_id":56725,"order_status":"COMPLETE"}
{"order_customer_id":8011,"order_id":56726,"order_status":"PENDING_PAYMENT"}
{"order_customer_id":10750,"order_id":56727,"order_status":"PENDING"}
{"order_customer_id":5515,"order_id":56728,"order_status":"PENDING_PAYMENT"}
{"order_customer_id":10389,"order_id":56729,"order_status":"COMPLETE"}
{"order_customer_id":4639,"order_id":56730,"order_status":"COMPLETE"}
{"order_customer_id":9795,"order_id":56731,"order_status":"PENDING"}
{"order_customer_id":5265,"order_id":56732,"order_status":"COMPLETE"}
{"order_customer_id":6896,"order_id":56733,"order_status":"PENDING_PAYMENT"}
{"order_customer_id":1694,"order_id":56734,"order_status":"PROCESSING"}
{"order_customer_id":9942,"order_id":56735,"order_status":"COMPLETE"}
{"order_customer_id":109,"order_id":56736,"order_status":"PENDING_PAYMENT"}
{"order_customer_id":11934,"order_id":56737,"order_status":"PENDING_PAYMENT"}
{"order_customer_id":6992,"order_id":56738,"order_status":"PENDING_PAYMENT"}
{"order_customer_id":9825,"order_id":56739,"order_status":"SUSPECTED_FRAUD"}
{"order_customer_id":2499,"order_id":56740,"order_status":"PENDING"}
{"order_customer_id":11997,"order_id":56741,"order_status":"CLOSED"}
{"order_customer_id":5463,"order_id":56742,"order_status":"PENDING"}
{"order_customer_id":5265,"order_id":56743,"order_status":"ON_HOLD"}
{"order_customer_id":5209,"order_id":56744,"order_status":"PENDING_PAYMENT"}
{"order_customer_id":12394,"order_id":56745,"order_status":"PENDING_PAYMENT"}
{"order_customer_id":5179,"order_id":56746,"order_status":"COMPLETE"}
{"order_customer_id":7918,"order_id":56747,"order_status":"COMPLETE"}
{"order_customer_id":3297,"order_id":56748,"order_status":"PROCESSING"}
{"order_customer_id":9554,"order_id":56749,"order_status":"COMPLETE"}
{"order_customer_id":11468,"order_id":56750,"order_status":"PENDING_PAYMENT"}
{"order_customer_id":8392,"order_id":56751,"order_status":"COMPLETE"}
{"order_customer_id":7570,"order_id":56752,"order_status":"PENDING_PAYMENT"}
{"order_customer_id":1648,"order_id":56753,"order_status":"COMPLETE"}
{"order_customer_id":3513,"order_id":56754,"order_status":"COMPLETE"}
{"order_customer_id":11529,"order_id":56755,"order_status":"PENDING_PAYMENT"}
{"order_customer_id":3611,"order_id":56756,"order_status":"CLOSED"}
{"order_customer_id":5224,"order_id":56757,"order_status":"PROCESSING"}
{"order_customer_id":10944,"order_id":56758,"order_status":"PENDING"}
{"order_customer_id":7207,"order_id":56759,"order_status":"COMPLETE"}
{"order_customer_id":2485,"order_id":56760,"order_status":"PENDING_PAYMENT"}
{"order_customer_id":3322,"order_id":56761,"order_status":"COMPLETE"}
{"order_customer_id":10449,"order_id":56762,"order_status":"PROCESSING"}
{"order_customer_id":3574,"order_id":56763,"order_status":"COMPLETE"}
{"order_customer_id":5172,"order_id":56764,"order_status":"PENDING_PAYMENT"}
{"order_customer_id":8472,"order_id":56765,"order_status":"COMPLETE"}
{"order_customer_id":6649,"order_id":56766,"order_status":"PENDING_PAYMENT"}
{"order_customer_id":7765,"order_id":56767,"order_status":"PENDING_PAYMENT"}
{"order_customer_id":5193,"order_id":56768,"order_status":"COMPLETE"}
{"order_customer_id":1059,"order_id":56769,"order_status":"PENDING_PAYMENT"}
{"order_customer_id":10864,"order_id":56770,"order_status":"PENDING"}
{"order_customer_id":8915,"order_id":56771,"order_status":"COMPLETE"}
{"order_customer_id":4557,"order_id":56772,"order_status":"COMPLETE"}
{"order_customer_id":263,"order_id":56773,"order_status":"COMPLETE"}
{"order_customer_id":6053,"order_id":56774,"order_status":"PROCESSING"}
{"order_customer_id":1482,"order_id":56775,"order_status":"PROCESSING"}
{"order_customer_id":11381,"order_id":56776,"order_status":"PROCESSING"}
{"order_customer_id":8131,"order_id":56777,"order_status":"PENDING_PAYMENT"}
{"order_customer_id":328,"order_id":56778,"order_status":"COMPLETE"}
{"order_customer_id":10490,"order_id":56779,"order_status":"PROCESSING"}
{"order_customer_id":7731,"order_id":56780,"order_status":"COMPLETE"}
{"order_customer_id":8907,"order_id":56781,"order_status":"COMPLETE"}
{"order_customer_id":12118,"order_id":56782,"order_status":"PROCESSING"}
{"order_customer_id":201,"order_id":56783,"order_status":"COMPLETE"}
{"order_customer_id":8872,"order_id":56784,"order_status":"PENDING"}
{"order_customer_id":5268,"order_id":56785,"order_status":"COMPLETE"}
{"order_customer_id":1209,"order_id":56786,"order_status":"COMPLETE"}
{"order_customer_id":7167,"order_id":56787,"order_status":"COMPLETE"}
{"order_customer_id":4623,"order_id":56788,"order_status":"PENDING"}
{"order_customer_id":7260,"order_id":56789,"order_status":"PENDING_PAYMENT"}
{"order_customer_id":3669,"order_id":56790,"order_status":"SUSPECTED_FRAUD"}
{"order_customer_id":6160,"order_id":56791,"order_status":"PENDING_PAYMENT"}
{"order_customer_id":10111,"order_id":56792,"order_status":"PENDING_PAYMENT"}
{"order_customer_id":3570,"order_id":56793,"order_status":"PENDING_PAYMENT"}
{"order_customer_id":10101,"order_id":56794,"order_status":"PENDING_PAYMENT"}
{"order_customer_id":11540,"order_id":56795,"order_status":"COMPLETE"}
{"order_customer_id":1591,"order_id":56796,"order_status":"PENDING_PAYMENT"}
{"order_customer_id":9160,"order_id":56797,"order_status":"COMPLETE"}
{"order_customer_id":1474,"order_id":56798,"order_status":"COMPLETE"}
{"order_customer_id":11856,"order_id":56799,"order_status":"COMPLETE"}
{"order_customer_id":6546,"order_id":56800,"order_status":"PENDING_PAYMENT"}
{"order_customer_id":11409,"order_id":56801,"order_status":"PENDING"}
{"order_customer_id":11405,"order_id":56802,"order_status":"PENDING"}
{"order_customer_id":5724,"order_id":56803,"order_status":"PROCESSING"}
{"order_customer_id":8768,"order_id":56804,"order_status":"PENDING"}
{"order_customer_id":4065,"order_id":56805,"order_status":"PENDING"}
{"order_customer_id":8547,"order_id":56806,"order_status":"COMPLETE"}
{"order_customer_id":1543,"order_id":56807,"order_status":"PENDING_PAYMENT"}
{"order_customer_id":10528,"order_id":56808,"order_status":"COMPLETE"}
{"order_customer_id":1025,"order_id":56809,"order_status":"PENDING"}
{"order_customer_id":10414,"order_id":56810,"order_status":"PENDING"}
{"order_customer_id":3131,"order_id":56811,"order_status":"PAYMENT_REVIEW"}
{"order_customer_id":390,"order_id":56812,"order_status":"CANCELED"}
{"order_customer_id":4310,"order_id":56813,"order_status":"COMPLETE"}
{"order_customer_id":5350,"order_id":56814,"order_status":"CLOSED"}
{"order_customer_id":5119,"order_id":56815,"order_status":"COMPLETE"}
{"order_customer_id":12347,"order_id":56816,"order_status":"PENDING"}
{"order_customer_id":9732,"order_id":56817,"order_status":"PAYMENT_REVIEW"}
{"order_customer_id":2897,"order_id":56818,"order_status":"PROCESSING"}
{"order_customer_id":4514,"order_id":56819,"order_status":"SUSPECTED_FRAUD"}
{"order_customer_id":2212,"order_id":56820,"order_status":"PENDING_PAYMENT"}
{"order_customer_id":10691,"order_id":56821,"order_status":"PROCESSING"}
{"order_customer_id":6790,"order_id":56822,"order_status":"PENDING_PAYMENT"}
{"order_customer_id":5121,"order_id":56823,"order_status":"PROCESSING"}
{"order_customer_id":1595,"order_id":56824,"order_status":"PENDING_PAYMENT"}
{"order_customer_id":6951,"order_id":56825,"order_status":"PROCESSING"}
{"order_customer_id":5475,"order_id":56826,"order_status":"PENDING"}
{"order_customer_id":2314,"order_id":56827,"order_status":"COMPLETE"}
{"order_customer_id":7394,"order_id":56828,"order_status":"PROCESSING"}
{"order_customer_id":12179,"order_id":56829,"order_status":"COMPLETE"}
{"order_customer_id":1381,"order_id":56830,"order_status":"PROCESSING"}
{"order_customer_id":6307,"order_id":56831,"order_status":"COMPLETE"}
{"order_customer_id":9740,"order_id":56832,"order_status":"CLOSED"}
{"order_customer_id":9239,"order_id":56833,"order_status":"PROCESSING"}
{"order_customer_id":5727,"order_id":56834,"order_status":"PROCESSING"}
{"order_customer_id":3945,"order_id":56835,"order_status":"PROCESSING"}
{"order_customer_id":9736,"order_id":56836,"order_status":"PENDING"}
{"order_customer_id":9363,"order_id":56837,"order_status":"PENDING_PAYMENT"}
{"order_customer_id":752,"order_id":56838,"order_status":"COMPLETE"}
{"order_customer_id":5229,"order_id":56839,"order_status":"PROCESSING"}
{"order_customer_id":1619,"order_id":56840,"order_status":"CLOSED"}
{"order_customer_id":8878,"order_id":56841,"order_status":"COMPLETE"}
{"order_customer_id":6980,"order_id":56842,"order_status":"ON_HOLD"}
{"order_customer_id":10891,"order_id":56843,"order_status":"COMPLETE"}
{"order_customer_id":232,"order_id":56844,"order_status":"CLOSED"}
{"order_customer_id":1955,"order_id":56845,"order_status":"COMPLETE"}
{"order_customer_id":5742,"order_id":56846,"order_status":"PENDING"}
{"order_customer_id":10678,"order_id":56847,"order_status":"PENDING"}
{"order_customer_id":4105,"order_id":56848,"order_status":"PENDING"}
{"order_customer_id":7702,"order_id":56849,"order_status":"PENDING"}
{"order_customer_id":564,"order_id":56850,"order_status":"COMPLETE"}
{"order_customer_id":2862,"order_id":56851,"order_status":"PROCESSING"}
{"order_customer_id":755,"order_id":56852,"order_status":"PENDING"}
{"order_customer_id":10237,"order_id":56853,"order_status":"PENDING_PAYMENT"}
{"order_customer_id":12273,"order_id":56854,"order_status":"COMPLETE"}
{"order_customer_id":1407,"order_id":56855,"order_status":"PENDING_PAYMENT"}
{"order_customer_id":917,"order_id":56856,"order_status":"COMPLETE"}
{"order_customer_id":6696,"order_id":56857,"order_status":"PENDING_PAYMENT"}
{"order_customer_id":3299,"order_id":56858,"order_status":"CLOSED"}
{"order_customer_id":9176,"order_id":56859,"order_status":"ON_HOLD"}
{"order_customer_id":10320,"order_id":56860,"order_status":"CLOSED"}
{"order_customer_id":8336,"order_id":56861,"order_status":"COMPLETE"}
{"order_customer_id":12044,"order_id":56862,"order_status":"PENDING_PAYMENT"}
{"order_customer_id":2693,"order_id":56863,"order_status":"PENDING_PAYMENT"}
{"order_customer_id":1182,"order_id":56864,"order_status":"COMPLETE"}
{"order_customer_id":10926,"order_id":56865,"order_status":"PENDING"}
{"order_customer_id":2131,"order_id":56866,"order_status":"COMPLETE"}
{"order_customer_id":12325,"order_id":56867,"order_status":"CLOSED"}
{"order_customer_id":10055,"order_id":56868,"order_status":"PROCESSING"}
{"order_customer_id":387,"order_id":56869,"order_status":"COMPLETE"}
{"order_customer_id":8197,"order_id":56870,"order_status":"COMPLETE"}
{"order_customer_id":4975,"order_id":56871,"order_status":"COMPLETE"}
{"order_customer_id":6627,"order_id":56872,"order_status":"COMPLETE"}
{"order_customer_id":9860,"order_id":56873,"order_status":"COMPLETE"}
{"order_customer_id":2625,"order_id":56874,"order_status":"COMPLETE"}
{"order_customer_id":1473,"order_id":56875,"order_status":"PENDING_PAYMENT"}
{"order_customer_id":12117,"order_id":56876,"order_status":"COMPLETE"}
{"order_customer_id":7409,"order_id":56877,"order_status":"PENDING_PAYMENT"}
{"order_customer_id":8261,"order_id":56878,"order_status":"COMPLETE"}
{"order_customer_id":7633,"order_id":56879,"order_status":"PENDING_PAYMENT"}
{"order_customer_id":7794,"order_id":56880,"order_status":"PENDING_PAYMENT"}
{"order_customer_id":9833,"order_id":56881,"order_status":"PROCESSING"}
{"order_customer_id":2092,"order_id":56882,"order_status":"COMPLETE"}
{"order_customer_id":2237,"order_id":56883,"order_status":"COMPLETE"}
{"order_customer_id":10799,"order_id":56884,"order_status":"COMPLETE"}
{"order_customer_id":28,"order_id":56885,"order_status":"PENDING_PAYMENT"}
{"order_customer_id":347,"order_id":56886,"order_status":"PENDING"}
{"order_customer_id":7491,"order_id":56887,"order_status":"PENDING_PAYMENT"}
{"order_customer_id":4608,"order_id":56888,"order_status":"PENDING"}
{"order_customer_id":8734,"order_id":56889,"order_status":"PENDING_PAYMENT"}
{"order_customer_id":9588,"order_id":56890,"order_status":"PENDING_PAYMENT"}
{"order_customer_id":7655,"order_id":56891,"order_status":"SUSPECTED_FRAUD"}
{"order_customer_id":4175,"order_id":56892,"order_status":"PENDING_PAYMENT"}
{"order_customer_id":3277,"order_id":56893,"order_status":"COMPLETE"}
{"order_customer_id":238,"order_id":56894,"order_status":"COMPLETE"}
{"order_customer_id":2520,"order_id":56895,"order_status":"PROCESSING"}
{"order_customer_id":602,"order_id":56896,"order_status":"COMPLETE"}
{"order_customer_id":7106,"order_id":56897,"order_status":"PENDING_PAYMENT"}
{"order_customer_id":10992,"order_id":56898,"order_status":"COMPLETE"}
{"order_customer_id":8713,"order_id":56899,"order_status":"COMPLETE"}
{"order_customer_id":9552,"order_id":56900,"order_status":"CLOSED"}
{"order_customer_id":11597,"order_id":56901,"order_status":"COMPLETE"}
{"order_customer_id":4191,"order_id":56902,"order_status":"ON_HOLD"}
{"order_customer_id":2150,"order_id":56903,"order_status":"PENDING_PAYMENT"}
{"order_customer_id":11800,"order_id":56904,"order_status":"CANCELED"}
{"order_customer_id":4107,"order_id":56905,"order_status":"PROCESSING"}
{"order_customer_id":10155,"order_id":56906,"order_status":"COMPLETE"}
{"order_customer_id":8110,"order_id":56907,"order_status":"PROCESSING"}
{"order_customer_id":1355,"order_id":67244,"order_status":"PROCESSING"}
{"order_customer_id":10103,"order_id":67245,"order_status":"PENDING_PAYMENT"}
{"order_customer_id":5158,"order_id":67246,"order_status":"PROCESSING"}
{"order_customer_id":2105,"order_id":67247,"order_status":"PENDING"}
{"order_customer_id":3674,"order_id":67248,"order_status":"CANCELED"}
{"order_customer_id":5051,"order_id":67249,"order_status":"PENDING_PAYMENT"}
{"order_customer_id":7769,"order_id":67250,"order_status":"PROCESSING"}
{"order_customer_id":11397,"order_id":67251,"order_status":"PROCESSING"}
{"order_customer_id":10885,"order_id":67252,"order_status":"PENDING"}
{"order_customer_id":4746,"order_id":67253,"order_status":"PENDING"}
{"order_customer_id":8233,"order_id":67254,"order_status":"CLOSED"}
{"order_customer_id":8576,"order_id":67255,"order_status":"COMPLETE"}
{"order_customer_id":11617,"order_id":67256,"order_status":"COMPLETE"}
{"order_customer_id":1502,"order_id":67257,"order_status":"COMPLETE"}
{"order_customer_id":1231,"order_id":67258,"order_status":"SUSPECTED_FRAUD"}
{"order_customer_id":1461,"order_id":67259,"order_status":"CLOSED"}
{"order_customer_id":9229,"order_id":67260,"order_status":"PROCESSING"}
{"order_customer_id":11645,"order_id":67261,"order_status":"PENDING_PAYMENT"}
{"order_customer_id":8010,"order_id":67262,"order_status":"COMPLETE"}
{"order_customer_id":10032,"order_id":67263,"order_status":"PAYMENT_REVIEW"}
{"order_customer_id":7288,"order_id":67264,"order_status":"COMPLETE"}
{"order_customer_id":1905,"order_id":67265,"order_status":"CLOSED"}
{"order_customer_id":5897,"order_id":67266,"order_status":"PENDING_PAYMENT"}
{"order_customer_id":4747,"order_id":67267,"order_status":"COMPLETE"}
{"order_customer_id":1617,"order_id":68675,"order_status":"CLOSED"}
{"order_customer_id":576,"order_id":68676,"order_status":"PENDING"}
{"order_customer_id":2518,"order_id":68881,"order_status":"PENDING_PAYMENT"}
