{"order_customer_id":6199,"order_id":13199,"order_status":"PROCESSING"}
{"order_customer_id":12049,"order_id":13200,"order_status":"PENDING"}
{"order_customer_id":7500,"order_id":13201,"order_status":"COMPLETE"}
{"order_customer_id":6921,"order_id":13202,"order_status":"COMPLETE"}
{"order_customer_id":5900,"order_id":13203,"order_status":"PENDING_PAYMENT"}
{"order_customer_id":2434,"order_id":13204,"order_status":"COMPLETE"}
{"order_customer_id":7501,"order_id":13205,"order_status":"PENDING_PAYMENT"}
{"order_customer_id":7213,"order_id":13206,"order_status":"COMPLETE"}
{"order_customer_id":6045,"order_id":13207,"order_status":"PENDING_PAYMENT"}
{"order_customer_id":4704,"order_id":13208,"order_status":"PENDING_PAYMENT"}
{"order_customer_id":4722,"order_id":13209,"order_status":"PENDING_PAYMENT"}
{"order_customer_id":5065,"order_id":13210,"order_status":"PENDING_PAYMENT"}
{"order_customer_id":9671,"order_id":13211,"order_status":"COMPLETE"}
{"order_customer_id":1598,"order_id":13212,"order_status":"COMPLETE"}
{"order_customer_id":6295,"order_id":13213,"order_status":"COMPLETE"}
{"order_customer_id":6866,"order_id":13214,"order_status":"ON_HOLD"}
{"order_customer_id":7465,"order_id":13215,"order_status":"PENDING"}
{"order_customer_id":5010,"order_id":13216,"order_status":"PENDING_PAYMENT"}
{"order_customer_id":10165,"order_id":13217,"order_status":"PENDING"}
{"order_customer_id":989,"order_id":13218,"order_status":"PENDING_PAYMENT"}
{"order_customer_id":5672,"order_id":13219,"order_status":"COMPLETE"}
{"order_customer_id":2032,"order_id":13220,"order_status":"PROCESSING"}
{"order_customer_id":347,"order_id":13221,"order_status":"PENDING_PAYMENT"}
{"order_customer_id":12402,"order_id":13222,"order_status":"PENDING"}
{"order_customer_id":8020,"order_id":13223,"order_status":"PENDING_PAYMENT"}
{"order_customer_id":2567,"order_id":13224,"order_status":"PROCESSING"}
{"order_customer_id":1491,"order_id":13225,"order_status":"COMPLETE"}
{"order_customer_id":12227,"order_id":13226,"order_status":"CLOSED"}
{"order_customer_id":377,"order_id":13227,"order_status":"PENDING_PAYMENT"}
{"order_customer_id":1684,"order_id":13228,"order_status":"COMPLETE"}
{"order_customer_id":12386,"order_id":13229,"order_status":"PENDING_PAYMENT"}
{"order_customer_id":11253,"order_id":13230,"order_status":"PENDING_PAYMENT"}
{"order_customer_id":8761,"order_id":13231,"order_status":"COMPLETE"}
{"order_customer_id":9619,"order_id":13232,"order_status":"COMPLETE"}
{"order_customer_id":6672,"order_id":13233,"order_status":"PENDING_PAYMENT"}
{"order_customer_id":502,"order_id":13234,"order_status":"PENDING_PAYMENT"}
{"order_customer_id":2502,"order_id":13235,"order_status":"COMPLETE"}
{"order_customer_id":532,"order_id":13236,"order_status":"COMPLETE"}
{"order_customer_id":3794,"order_id":13237,"order_status":"COMPLETE"}
{"order_customer_id":8911,"order_id":13238,"order_status":"PENDING_PAYMENT"}
{"order_customer_id":11946,"order_id":13239,"order_status":"COMPLETE"}
{"order_customer_id":11436,"order_id":13240,"order_status":"PENDING_PAYMENT"}
{"order_customer_id":11698,"order_id":13241,"order_status":"PAYMENT_REVIEW"}
{"order_customer_id":10626,"order_id":13242,"order_status":"COMPLETE"}
{"order_customer_id":779,"order_id":13243,"order_status":"COMPLETE"}
{"order_customer_id":8374,"order_id":13244,"order_status":"PROCESSING"}
{"order_customer_id":3662,"order_id":13245,"order_status":"ON_HOLD"}
{"order_customer_id":5938,"order_id":13246,"order_status":"CLOSED"}
{"order_customer_id":11861,"order_id":13247,"order_status":"CLOSED"}
{"order_customer_id":596,"order_id":13248,"order_status":"PENDING_PAYMENT"}
{"order_customer_id":8222,"order_id":13249,"order_status":"COMPLETE"}
{"order_customer_id":4885,"order_id":13250,"order_status":"SUSPECTED_FRAUD"}
{"order_customer_id":9737,"order_id":13251,"order_status":"ON_HOLD"}
{"order_customer_id":10987,"order_id":13252,"order_status":"COMPLETE"}
{"order_customer_id":6312,"order_id":13253,"order_status":"COMPLETE"}
{"order_customer_id":728,"order_id":13254,"order_status":"COMPLETE"}
{"order_customer_id":10447,"order_id":13255,"order_status":"PENDING_PAYMENT"}
{"order_customer_id":6718,"order_id":13256,"order_status":"PENDING_PAYMENT"}
{"order_customer_id":1924,"order_id":13257,"order_status":"COMPLETE"}
{"order_customer_id":9392,"order_id":13258,"order_status":"PENDING"}
{"order_customer_id":4264,"order_id":13259,"order_status":"PENDING_PAYMENT"}
{"order_customer_id":11270,"order_id":13260,"order_status":"COMPLETE"}
{"order_customer_id":11500,"order_id":13261,"order_status":"PENDING_PAYMENT"}
{"order_customer_id":11172,"order_id":13262,"order_status":"COMPLETE"}
{"order_customer_id":10057,"order_id":13263,"order_status":"PENDING_PAYMENT"}
{"order_customer_id":3295,"order_id":13264,"order_status":"COMPLETE"}
{"order_customer_id":3209,"order_id":13265,"order_status":"PENDING_PAYMENT"}
{"order_customer_id":12293,"order_id":13266,"order_status":"ON_HOLD"}
{"order_customer_id":6878,"order_id":13267,"order_status":"COMPLETE"}
{"order_customer_id":7997,"order_id":13268,"order_status":"PROCESSING"}
{"order_customer_id":10255,"order_id":13269,"order_status":"PENDING"}
{"order_customer_id":2563,"order_id":13270,"order_status":"PENDING_PAYMENT"}
{"order_customer_id":9656,"order_id":13271,"order_status":"PENDING_PAYMENT"}
{"order_customer_id":3878,"order_id":13272,"order_status":"COMPLETE"}
{"order_customer_id":2592,"order_id":13273,"order_status":"PROCESSING"}
{"order_customer_id":567,"order_id":13274,"order_status":"PENDING_PAYMENT"}
{"order_customer_id":542,"order_id":13275,"order_status":"ON_HOLD"}
{"order_customer_id":2184,"order_id":13276,"order_status":"PROCESSING"}
{"order_customer_id":12352,"order_id":13277,"order_status":"CLOSED"}
{"order_customer_id":99,"order_id":13278,"order_status":"COMPLETE"}
{"order_customer_id":9821,"order_id":13279,"order_status":"PENDING_PAYMENT"}
{"order_customer_id":1995,"order_id":13280,"order_status":"SUSPECTED_FRAUD"}
{"order_customer_id":4892,"order_id":13281,"order_status":"COMPLETE"}
{"order_customer_id":7589,"order_id":13282,"order_status":"CLOSED"}
{"order_customer_id":3998,"order_id":13283,"order_status":"COMPLETE"}
{"order_customer_id":11308,"order_id":13284,"order_status":"SUSPECTED_FRAUD"}
{"order_customer_id":9760,"order_id":13285,"order_status":"PENDING_PAYMENT"}
{"order_customer_id":3887,"order_id":13286,"order_status":"PROCESSING"}
{"order_customer_id":6584,"order_id":13287,"order_status":"CLOSED"}
{"order_customer_id":3941,"order_id":13288,"order_status":"PENDING"}
{"order_customer_id":11699,"order_id":13289,"order_status":"COMPLETE"}
{"order_customer_id":7826,"order_id":13290,"order_status":"ON_HOLD"}
{"order_customer_id":10134,"order_id":13291,"order_status":"PROCESSING"}
{"order_customer_id":2978,"order_id":13292,"order_status":"PENDING_PAYMENT"}
{"order_customer_id":3798,"order_id":13293,"order_status":"PENDING_PAYMENT"}
{"order_customer_id":349,"order_id":13294,"order_status":"COMPLETE"}
{"order_customer_id":11792,"order_id":13295,"order_status":"COMPLETE"}
{"order_customer_id":10051,"order_id":13296,"order_status":"COMPLETE"}
{"order_customer_id":8959,"order_id":13297,"order_status":"PENDING"}
{"order_customer_id":10549,"order_id":13298,"order_status":"CANCELED"}
{"order_customer_id":5748,"order_id":13299,"order_status":"COMPLETE"}
{"order_customer_id":9248,"order_id":13300,"order_status":"COMPLETE"}
{"order_customer_id":6946,"order_id":13301,"order_status":"PENDING_PAYMENT"}
{"order_customer_id":4486,"order_id":59824,"order_status":"COMPLETE"}
{"order_customer_id":8097,"order_id":59825,"order_status":"CLOSED"}
{"order_customer_id":10495,"order_id":59826,"order_status":"COMPLETE"}
{"order_customer_id":1920,"order_id":59827,"order_status":"PROCESSING"}
{"order_customer_id":9104,"order_id":59828,"order_status":"COMPLETE"}
{"order_customer_id":2051,"order_id":59829,"order_status":"PENDING_PAYMENT"}
{"order_customer_id":9932,"order_id":59830,"order_status":"PENDING"}
{"order_customer_id":6250,"order_id":59831,"order_status":"PENDING_PAYMENT"}
{"order_customer_id":6067,"order_id":59832,"order_status":"PAYMENT_REVIEW"}
{"order_customer_id":5943,"order_id":59833,"order_status":"COMPLETE"}
{"order_customer_id":1690,"order_id":59834,"order_status":"ON_HOLD"}
{"order_customer_id":460,"order_id":59835,"order_status":"CLOSED"}
{"order_customer_id":6678,"order_id":59836,"order_status":"PENDING"}
{"order_customer_id":2049,"order_id":59837,"order_status":"PROCESSING"}
{"order_customer_id":8649,"order_id":59838,"order_status":"COMPLETE"}
{"order_customer_id":3761,"order_id":59839,"order_status":"PENDING"}
{"order_customer_id":10203,"order_id":59840,"order_status":"PENDING_PAYMENT"}
{"order_customer_id":3516,"order_id":59841,"order_status":"CLOSED"}
{"order_customer_id":4779,"order_id":59842,"order_status":"COMPLETE"}
{"order_customer_id":181,"order_id":59843,"order_status":"CLOSED"}
{"order_customer_id":3668,"order_id":59844,"order_status":"PENDING"}
{"order_customer_id":2265,"order_id":59845,"order_status":"COMPLETE"}
{"order_customer_id":5454,"order_id":59846,"order_status":"PENDING_PAYMENT"}
{"order_customer_id":8024,"order_id":59847,"order_status":"COMPLETE"}
{"order_customer_id":1750,"order_id":59848,"order_status":"ON_HOLD"}
{"order_customer_id":3664,"order_id":59849,"order_status":"PENDING"}
{"order_customer_id":1260,"order_id":59850,"order_status":"COMPLETE"}
{"order_customer_id":6388,"order_id":59851,"order_status":"COMPLETE"}
{"order_customer_id":5401,"order_id":59852,"order_status":"PENDING_PAYMENT"}
{"order_customer_id":6652,"order_id":59853,"order_status":"COMPLETE"}
{"order_customer_id":9621,"order_id":59854,"order_status":"COMPLETE"}
{"order_customer_id":7717,"order_id":59855,"order_status":"PENDING_PAYMENT"}
{"order_customer_id":2880,"order_id":59856,"order_status":"PENDING_PAYMENT"}
{"order_customer_id":8707,"order_id":59857,"order_status":"COMPLETE"}
{"order_customer_id":11489,"order_id":67707,"order_status":"CLOSED"}
{"order_customer_id":9990,"order_id":68732,"order_status":"COMPLETE"}
