{"order_customer_id":5110,"order_id":17862,"order_status":"PENDING_PAYMENT"}
{"order_customer_id":307,"order_id":17863,"order_status":"PROCESSING"}
{"order_customer_id":2145,"order_id":17864,"order_status":"PENDING"}
{"order_customer_id":6453,"order_id":17865,"order_status":"COMPLETE"}
{"order_customer_id":866,"order_id":17866,"order_status":"PROCESSING"}
{"order_customer_id":1035,"order_id":17867,"order_status":"PENDING_PAYMENT"}
{"order_customer_id":904,"order_id":17868,"order_status":"ON_HOLD"}
{"order_customer_id":11054,"order_id":17869,"order_status":"COMPLETE"}
{"order_customer_id":6904,"order_id":17870,"order_status":"PROCESSING"}
{"order_customer_id":2922,"order_id":17871,"order_status":"PROCESSING"}
{"order_customer_id":4751,"order_id":17872,"order_status":"PENDING"}
{"order_customer_id":4551,"order_id":17873,"order_status":"CLOSED"}
{"order_customer_id":11129,"order_id":17874,"order_status":"PENDING_PAYMENT"}
{"order_customer_id":3138,"order_id":17875,"order_status":"PENDING_PAYMENT"}
{"order_customer_id":2740,"order_id":17876,"order_status":"COMPLETE"}
{"order_customer_id":12415,"order_id":17877,"order_status":"COMPLETE"}
{"order_customer_id":1459,"order_id":17878,"order_status":"COMPLETE"}
{"order_customer_id":7110,"order_id":17879,"order_status":"CLOSED"}
{"order_customer_id":3641,"order_id":17880,"order_status":"PROCESSING"}
{"order_customer_id":7829,"order_id":17881,"order_status":"ON_HOLD"}
{"order_customer_id":9214,"order_id":17882,"order_status":"PENDING"}
{"order_customer_id":8658,"order_id":17883,"order_status":"CLOSED"}
{"order_customer_id":4288,"order_id":17884,"order_status":"PENDING"}
{"order_customer_id":10250,"order_id":17885,"order_status":"PROCESSING"}
{"order_customer_id":5270,"order_id":17886,"order_status":"PENDING"}
{"order_customer_id":695,"order_id":17887,"order_status":"PAYMENT_REVIEW"}
{"order_customer_id":5863,"order_id":17888,"order_status":"PENDING"}
{"order_customer_id":12432,"order_id":17889,"order_status":"PENDING_PAYMENT"}
{"order_customer_id":4160,"order_id":17890,"order_status":"PENDING"}
{"order_customer_id":4482,"order_id":17891,"order_status":"CLOSED"}
{"order_customer_id":2422,"order_id":17892,"order_status":"COMPLETE"}
{"order_customer_id":4856,"order_id":17893,"order_status":"COMPLETE"}
{"order_customer_id":7225,"order_id":17894,"order_status":"PENDING_PAYMENT"}
{"order_customer_id":8090,"order_id":17895,"order_status":"COMPLETE"}
{"order_customer_id":1500,"order_id":17896,"order_status":"COMPLETE"}
{"order_customer_id":5823,"order_id":17897,"order_status":"PENDING"}
{"order_customer_id":8045,"order_id":17898,"order_status":"PENDING"}
{"order_customer_id":430,"order_id":17899,"order_status":"SUSPECTED_FRAUD"}
{"order_customer_id":1244,"order_id":17900,"order_status":"CLOSED"}
{"order_customer_id":12327,"order_id":17901,"order_status":"PENDING_PAYMENT"}
{"order_customer_id":11044,"order_id":17902,"order_status":"COMPLETE"}
{"order_customer_id":6536,"order_id":17903,"order_status":"PENDING_PAYMENT"}
{"order_customer_id":1573,"order_id":17904,"order_status":"PROCESSING"}
{"order_customer_id":1923,"order_id":17905,"order_status":"COMPLETE"}
{"order_customer_id":7428,"order_id":17906,"order_status":"PROCESSING"}
{"order_customer_id":10869,"order_id":17907,"order_status":"COMPLETE"}
{"order_customer_id":1903,"order_id":17908,"order_status":"CLOSED"}
{"order_customer_id":11189,"order_id":17909,"order_status":"COMPLETE"}
{"order_customer_id":3202,"order_id":17910,"order_status":"PROCESSING"}
{"order_customer_id":3795,"order_id":17911,"order_status":"COMPLETE"}
{"order_customer_id":8896,"order_id":17912,"order_status":"COMPLETE"}
{"order_customer_id":6399,"order_id":17913,"order_status":"COMPLETE"}
{"order_customer_id":9382,"order_id":17914,"order_status":"COMPLETE"}
{"order_customer_id":696,"order_id":17915,"order_status":"PROCESSING"}
{"order_customer_id":538,"order_id":17916,"order_status":"COMPLETE"}
{"order_customer_id":4096,"order_id":17917,"order_status":"COMPLETE"}
{"order_customer_id":3660,"order_id":17918,"order_status":"COMPLETE"}
{"order_customer_id":9098,"order_id":17919,"order_status":"PROCESSING"}
{"order_customer_id":7561,"order_id":17920,"order_status":"COMPLETE"}
{"order_customer_id":2253,"order_id":17921,"order_status":"COMPLETE"}
{"order_customer_id":10802,"order_id":17922,"order_status":"PENDING_PAYMENT"}
{"order_customer_id":3109,"order_id":17923,"order_status":"COMPLETE"}
{"order_customer_id":6111,"order_id":17924,"order_status":"COMPLETE"}
{"order_customer_id":7357,"order_id":17925,"order_status":"PENDING_PAYMENT"}
{"order_customer_id":1740,"order_id":17926,"order_status":"PENDING"}
{"order_customer_id":10642,"order_id":17927,"order_status":"COMPLETE"}
{"order_customer_id":11630,"order_id":17928,"order_status":"PROCESSING"}
{"order_customer_id":1698,"order_id":17929,"order_status":"PENDING_PAYMENT"}
{"order_customer_id":335,"order_id":17930,"order_status":"COMPLETE"}
{"order_customer_id":3639,"order_id":17931,"order_status":"CLOSED"}
{"order_customer_id":11718,"order_id":17932,"order_status":"COMPLETE"}
{"order_customer_id":9067,"order_id":17933,"order_status":"COMPLETE"}
{"order_customer_id":12034,"order_id":17934,"order_status":"CLOSED"}
{"order_customer_id":8531,"order_id":17935,"order_status":"ON_HOLD"}
{"order_customer_id":1216,"order_id":17936,"order_status":"PROCESSING"}
{"order_customer_id":8811,"order_id":17937,"order_status":"PENDING"}
{"order_customer_id":693,"order_id":17938,"order_status":"PENDING_PAYMENT"}
{"order_customer_id":1497,"order_id":17939,"order_status":"COMPLETE"}
{"order_customer_id":5683,"order_id":17940,"order_status":"PENDING_PAYMENT"}
{"order_customer_id":4596,"order_id":17941,"order_status":"PENDING"}
{"order_customer_id":5050,"order_id":17942,"order_status":"PENDING"}
{"order_customer_id":1310,"order_id":17943,"order_status":"PENDING_PAYMENT"}
{"order_customer_id":10193,"order_id":17944,"order_status":"CLOSED"}
{"order_customer_id":5032,"order_id":17945,"order_status":"PAYMENT_REVIEW"}
{"order_customer_id":11394,"order_id":17946,"order_status":"PENDING_PAYMENT"}
{"order_customer_id":7267,"order_id":17947,"order_status":"CLOSED"}
{"order_customer_id":911,"order_id":17948,"order_status":"ON_HOLD"}
{"order_customer_id":2102,"order_id":17949,"order_status":"COMPLETE"}
{"order_customer_id":9281,"order_id":17950,"order_status":"PENDING"}
{"order_customer_id":9738,"order_id":17951,"order_status":"PENDING_PAYMENT"}
{"order_customer_id":7748,"order_id":17952,"order_status":"COMPLETE"}
{"order_customer_id":1099,"order_id":17953,"order_status":"COMPLETE"}
{"order_customer_id":2157,"order_id":17954,"order_status":"PENDING"}
{"order_customer_id":2015,"order_id":17955,"order_status":"CLOSED"}
{"order_customer_id":3635,"order_id":17956,"order_status":"CLOSED"}
{"order_customer_id":10908,"order_id":17957,"order_status":"COMPLETE"}
{"order_customer_id":5173,"order_id":17958,"order_status":"PENDING"}
{"order_customer_id":4242,"order_id":17959,"order_status":"PENDING_PAYMENT"}
{"order_customer_id":7249,"order_id":17960,"order_status":"CLOSED"}
{"order_customer_id":3910,"order_id":17961,"order_status":"CLOSED"}
{"order_customer_id":10010,"order_id":17962,"order_status":"COMPLETE"}
{"order_customer_id":11778,"order_id":17963,"order_status":"PROCESSING"}
{"order_customer_id":11695,"order_id":17964,"order_status":"PENDING_PAYMENT"}
{"order_customer_id":4370,"order_id":17965,"order_status":"CLOSED"}
{"order_customer_id":5020,"order_id":17966,"order_status":"CLOSED"}
{"order_customer_id":10178,"order_id":17967,"order_status":"COMPLETE"}
{"order_customer_id":4158,"order_id":17968,"order_status":"COMPLETE"}
{"order_customer_id":1346,"order_id":17969,"order_status":"PENDING_PAYMENT"}
{"order_customer_id":1901,"order_id":17970,"order_status":"PENDING_PAYMENT"}
{"order_customer_id":8092,"order_id":17971,"order_status":"PROCESSING"}
{"order_customer_id":2417,"order_id":17972,"order_status":"ON_HOLD"}
{"order_customer_id":12432,"order_id":17973,"order_status":"PENDING"}
{"order_customer_id":3980,"order_id":17974,"order_status":"PENDING_PAYMENT"}
{"order_customer_id":6996,"order_id":17975,"order_status":"COMPLETE"}
{"order_customer_id":1389,"order_id":17976,"order_status":"ON_HOLD"}
{"order_customer_id":8660,"order_id":17977,"order_status":"COMPLETE"}
{"order_customer_id":6108,"order_id":17978,"order_status":"COMPLETE"}
{"order_customer_id":11122,"order_id":17979,"order_status":"PENDING"}
{"order_customer_id":10665,"order_id":17980,"order_status":"PENDING_PAYMENT"}
{"order_customer_id":9584,"order_id":17981,"order_status":"COMPLETE"}
{"order_customer_id":6893,"order_id":17982,"order_status":"COMPLETE"}
{"order_customer_id":10974,"order_id":17983,"order_status":"PENDING_PAYMENT"}
{"order_customer_id":4306,"order_id":17984,"order_status":"PENDING"}
{"order_customer_id":3529,"order_id":17985,"order_status":"SUSPECTED_FRAUD"}
{"order_customer_id":7607,"order_id":17986,"order_status":"ON_HOLD"}
{"order_customer_id":3068,"order_id":17987,"order_status":"PROCESSING"}
{"order_customer_id":8313,"order_id":17988,"order_status":"PROCESSING"}
{"order_customer_id":6468,"order_id":17989,"order_status":"PENDING_PAYMENT"}
{"order_customer_id":6698,"order_id":17990,"order_status":"CLOSED"}
{"order_customer_id":241,"order_id":17991,"order_status":"CLOSED"}
{"order_customer_id":7439,"order_id":17992,"order_status":"COMPLETE"}
{"order_customer_id":5631,"order_id":17993,"order_status":"ON_HOLD"}
{"order_customer_id":209,"order_id":17994,"order_status":"COMPLETE"}
{"order_customer_id":5970,"order_id":17995,"order_status":"CLOSED"}
{"order_customer_id":5594,"order_id":17996,"order_status":"COMPLETE"}
{"order_customer_id":3658,"order_id":17997,"order_status":"CANCELED"}
{"order_customer_id":5559,"order_id":17998,"order_status":"COMPLETE"}
{"order_customer_id":8760,"order_id":17999,"order_status":"ON_HOLD"}
{"order_customer_id":7114,"order_id":18000,"order_status":"CLOSED"}
{"order_customer_id":4563,"order_id":18001,"order_status":"PENDING"}
{"order_customer_id":180,"order_id":18002,"order_status":"COMPLETE"}
{"order_customer_id":3455,"order_id":18003,"order_status":"PENDING"}
{"order_customer_id":10759,"order_id":18004,"order_status":"COMPLETE"}
{"order_customer_id":2168,"order_id":18005,"order_status":"COMPLETE"}
{"order_customer_id":5784,"order_id":18006,"order_status":"PROCESSING"}
{"order_customer_id":11385,"order_id":18007,"order_status":"COMPLETE"}
{"order_customer_id":12051,"order_id":18008,"order_status":"COMPLETE"}
{"order_customer_id":1222,"order_id":18009,"order_status":"COMPLETE"}
{"order_customer_id":7940,"order_id":18010,"order_status":"COMPLETE"}
{"order_customer_id":2741,"order_id":18011,"order_status":"PENDING"}
{"order_customer_id":5712,"order_id":18012,"order_status":"COMPLETE"}
{"order_customer_id":3843,"order_id":18013,"order_status":"COMPLETE"}
{"order_customer_id":9373,"order_id":18014,"order_status":"PENDING"}
{"order_customer_id":9578,"order_id":18015,"order_status":"SUSPECTED_FRAUD"}
{"order_customer_id":4524,"order_id":18016,"order_status":"COMPLETE"}
{"order_customer_id":10014,"order_id":18017,"order_status":"PROCESSING"}
{"order_customer_id":7767,"order_id":18018,"order_status":"PROCESSING"}
{"order_customer_id":10823,"order_id":18019,"order_status":"PROCESSING"}
{"order_customer_id":4686,"order_id":18020,"order_status":"COMPLETE"}
{"order_customer_id":5012,"order_id":18021,"order_status":"PENDING_PAYMENT"}
{"order_customer_id":6020,"order_id":18022,"order_status":"COMPLETE"}
{"order_customer_id":4946,"order_id":18023,"order_status":"COMPLETE"}
{"order_customer_id":11261,"order_id":18024,"order_status":"COMPLETE"}
{"order_customer_id":12018,"order_id":18025,"order_status":"PENDING_PAYMENT"}
{"order_customer_id":6521,"order_id":18026,"order_status":"CLOSED"}
{"order_customer_id":12301,"order_id":18027,"order_status":"PROCESSING"}
{"order_customer_id":2121,"order_id":18028,"order_status":"PENDING_PAYMENT"}
{"order_customer_id":5126,"order_id":18029,"order_status":"CLOSED"}
{"order_customer_id":5302,"order_id":18030,"order_status":"PENDING_PAYMENT"}
{"order_customer_id":4175,"order_id":18031,"order_status":"PENDING_PAYMENT"}
{"order_customer_id":6605,"order_id":18032,"order_status":"ON_HOLD"}
{"order_customer_id":5164,"order_id":18033,"order_status":"ON_HOLD"}
{"order_customer_id":8853,"order_id":18034,"order_status":"COMPLETE"}
{"order_customer_id":158,"order_id":18035,"order_status":"PENDING_PAYMENT"}
{"order_customer_id":3365,"order_id":18036,"order_status":"PROCESSING"}
{"order_customer_id":2113,"order_id":18037,"order_status":"PENDING_PAYMENT"}
{"order_customer_id":2578,"order_id":18038,"order_status":"PENDING"}
{"order_customer_id":9167,"order_id":18039,"order_status":"ON_HOLD"}
{"order_customer_id":858,"order_id":18040,"order_status":"CLOSED"}
{"order_customer_id":10570,"order_id":18041,"order_status":"COMPLETE"}
{"order_customer_id":2957,"order_id":18042,"order_status":"CLOSED"}
{"order_customer_id":7358,"order_id":18043,"order_status":"COMPLETE"}
{"order_customer_id":621,"order_id":18044,"order_status":"CLOSED"}
{"order_customer_id":7230,"order_id":18045,"order_status":"COMPLETE"}
{"order_customer_id":7293,"order_id":18046,"order_status":"CLOSED"}
{"order_customer_id":11851,"order_id":18047,"order_status":"PROCESSING"}
{"order_customer_id":4079,"order_id":18048,"order_status":"ON_HOLD"}
{"order_customer_id":5154,"order_id":18049,"order_status":"COMPLETE"}
{"order_customer_id":11849,"order_id":18050,"order_status":"PROCESSING"}
{"order_customer_id":10891,"order_id":18051,"order_status":"COMPLETE"}
{"order_customer_id":6120,"order_id":18052,"order_status":"PENDING"}
{"order_customer_id":4280,"order_id":18053,"order_status":"PENDING_PAYMENT"}
{"order_customer_id":9170,"order_id":18054,"order_status":"PENDING_PAYMENT"}
{"order_customer_id":893,"order_id":18055,"order_status":"CLOSED"}
{"order_customer_id":6229,"order_id":18056,"order_status":"COMPLETE"}
{"order_customer_id":8513,"order_id":18057,"order_status":"COMPLETE"}
{"order_customer_id":5653,"order_id":18058,"order_status":"PENDING_PAYMENT"}
{"order_customer_id":12221,"order_id":18059,"order_status":"COMPLETE"}
{"order_customer_id":10886,"order_id":18060,"order_status":"ON_HOLD"}
{"order_customer_id":6959,"order_id":18061,"order_status":"PROCESSING"}
{"order_customer_id":4754,"order_id":18062,"order_status":"CLOSED"}
{"order_customer_id":8728,"order_id":18063,"order_status":"COMPLETE"}
{"order_customer_id":4784,"order_id":18064,"order_status":"COMPLETE"}
{"order_customer_id":5684,"order_id":18065,"order_status":"PROCESSING"}
{"order_customer_id":897,"order_id":18066,"order_status":"CLOSED"}
{"order_customer_id":7071,"order_id":18067,"order_status":"COMPLETE"}
{"order_customer_id":11681,"order_id":18068,"order_status":"PENDING_PAYMENT"}
{"order_customer_id":1249,"order_id":18069,"order_status":"COMPLETE"}
{"order_customer_id":4409,"order_id":18070,"order_status":"PENDING_PAYMENT"}
{"order_customer_id":2714,"order_id":18071,"order_status":"COMPLETE"}
{"order_customer_id":12040,"order_id":18072,"order_status":"COMPLETE"}
{"order_customer_id":2196,"order_id":18073,"order_status":"PENDING"}
{"order_customer_id":9708,"order_id":18074,"order_status":"PROCESSING"}
{"order_customer_id":9926,"order_id":18075,"order_status":"COMPLETE"}
{"order_customer_id":10224,"order_id":18076,"order_status":"PENDING_PAYMENT"}
{"order_customer_id":1569,"order_id":18077,"order_status":"PENDING"}
{"order_customer_id":8677,"order_id":18078,"order_status":"COMPLETE"}
{"order_customer_id":482,"order_id":60575,"order_status":"SUSPECTED_FRAUD"}
{"order_customer_id":5048,"order_id":60576,"order_status":"PENDING"}
{"order_customer_id":4649,"order_id":60577,"order_status":"PENDING_PAYMENT"}
{"order_customer_id":997,"order_id":60578,"order_status":"COMPLETE"}
{"order_customer_id":3851,"order_id":60579,"order_status":"PENDING_PAYMENT"}
{"order_customer_id":6091,"order_id":60580,"order_status":"PENDING_PAYMENT"}
{"order_customer_id":6746,"order_id":60581,"order_status":"PROCESSING"}
{"order_customer_id":1616,"order_id":60582,"order_status":"PROCESSING"}
{"order_customer_id":725,"order_id":60583,"order_status":"PENDING_PAYMENT"}
{"order_customer_id":10282,"order_id":60584,"order_status":"PROCESSING"}
{"order_customer_id":8995,"order_id":60585,"order_status":"COMPLETE"}
{"order_customer_id":9765,"order_id":60586,"order_status":"COMPLETE"}
{"order_customer_id":6016,"order_id":60587,"order_status":"COMPLETE"}
{"order_customer_id":8452,"order_id":60588,"order_status":"PENDING_PAYMENT"}
{"order_customer_id":6358,"order_id":67807,"order_status":"COMPLETE"}
{"order_customer_id":450,"order_id":67808,"order_status":"PENDING"}
{"order_customer_id":1285,"order_id":67809,"order_status":"COMPLETE"}
{"order_customer_id":10899,"order_id":67810,"order_status":"PENDING_PAYMENT"}
{"order_customer_id":10122,"order_id":67811,"order_status":"PENDING"}
