{"order_customer_id":5934,"order_id":32303,"order_status":"ON_HOLD"}
{"order_customer_id":12426,"order_id":32304,"order_status":"PROCESSING"}
{"order_customer_id":11180,"order_id":32305,"order_status":"COMPLETE"}
{"order_customer_id":946,"order_id":32306,"order_status":"CLOSED"}
{"order_customer_id":1707,"order_id":32307,"order_status":"PENDING_PAYMENT"}
{"order_customer_id":1307,"order_id":32308,"order_status":"PENDING"}
{"order_customer_id":1263,"order_id":32309,"order_status":"COMPLETE"}
{"order_customer_id":8377,"order_id":32310,"order_status":"COMPLETE"}
{"order_customer_id":8863,"order_id":32311,"order_status":"PROCESSING"}
{"order_customer_id":6708,"order_id":32312,"order_status":"PENDING_PAYMENT"}
{"order_customer_id":11961,"order_id":32313,"order_status":"PENDING_PAYMENT"}
{"order_customer_id":12047,"order_id":32314,"order_status":"PENDING_PAYMENT"}
{"order_customer_id":5103,"order_id":32315,"order_status":"PROCESSING"}
{"order_customer_id":272,"order_id":32316,"order_status":"PENDING"}
{"order_customer_id":2860,"order_id":32317,"order_status":"PENDING"}
{"order_customer_id":3584,"order_id":32318,"order_status":"PENDING_PAYMENT"}
{"order_customer_id":7992,"order_id":32319,"order_status":"PROCESSING"}
{"order_customer_id":9158,"order_id":32320,"order_status":"COMPLETE"}
{"order_customer_id":9411,"order_id":32321,"order_status":"PENDING"}
{"order_customer_id":5985,"order_id":32322,"order_status":"CLOSED"}
{"order_customer_id":8703,"order_id":32323,"order_status":"COMPLETE"}
{"order_customer_id":4542,"order_id":32324,"order_status":"CANCELED"}
{"order_customer_id":10483,"order_id":32325,"order_status":"SUSPECTED_FRAUD"}
{"order_customer_id":10211,"order_id":32326,"order_status":"CLOSED"}
{"order_customer_id":1868,"order_id":32327,"order_status":"COMPLETE"}
{"order_customer_id":436,"order_id":32328,"order_status":"COMPLETE"}
{"order_customer_id":3653,"order_id":32329,"order_status":"CLOSED"}
{"order_customer_id":11054,"order_id":32330,"order_status":"PENDING_PAYMENT"}
{"order_customer_id":11993,"order_id":32331,"order_status":"COMPLETE"}
{"order_customer_id":7684,"order_id":32332,"order_status":"PROCESSING"}
{"order_customer_id":3866,"order_id":32333,"order_status":"PROCESSING"}
{"order_customer_id":3259,"order_id":32334,"order_status":"PENDING_PAYMENT"}
{"order_customer_id":4909,"order_id":32335,"order_status":"COMPLETE"}
{"order_customer_id":2020,"order_id":32336,"order_status":"PENDING_PAYMENT"}
{"order_customer_id":9504,"order_id":32337,"order_status":"CLOSED"}
{"order_customer_id":10625,"order_id":32338,"order_status":"CLOSED"}
{"order_customer_id":4588,"order_id":32339,"order_status":"PENDING"}
{"order_customer_id":4283,"order_id":32340,"order_status":"CANCELED"}
{"order_customer_id":997,"order_id":32341,"order_status":"COMPLETE"}
{"order_customer_id":6904,"order_id":32342,"order_status":"PENDING"}
{"order_customer_id":8390,"order_id":32343,"order_status":"COMPLETE"}
{"order_customer_id":8988,"order_id":32344,"order_status":"PENDING_PAYMENT"}
{"order_customer_id":4308,"order_id":32345,"order_status":"PENDING"}
{"order_customer_id":103,"order_id":32346,"order_status":"ON_HOLD"}
{"order_customer_id":7068,"order_id":32347,"order_status":"PENDING_PAYMENT"}
{"order_customer_id":4457,"order_id":32348,"order_status":"PENDING"}
{"order_customer_id":2317,"order_id":32349,"order_status":"PENDING_PAYMENT"}
{"order_customer_id":802,"order_id":32350,"order_status":"COMPLETE"}
{"order_customer_id":8567,"order_id":32351,"order_status":"PENDING"}
{"order_customer_id":1937,"order_id":32352,"order_status":"PENDING"}
{"order_customer_id":9040,"order_id":32353,"order_status":"COMPLETE"}
{"order_customer_id":828,"order_id":32354,"order_status":"COMPLETE"}
{"order_customer_id":5417,"order_id":32355,"order_status":"PENDING"}
{"order_customer_id":11040,"order_id":32356,"order_status":"PROCESSING"}
{"order_customer_id":3115,"order_id":32357,"order_status":"CLOSED"}
{"order_customer_id":644,"order_id":32358,"order_status":"PROCESSING"}
{"order_customer_id":9842,"order_id":32359,"order_status":"PENDING_PAYMENT"}
{"order_customer_id":6885,"order_id":32360,"order_status":"PENDING_PAYMENT"}
{"order_customer_id":5853,"order_id":32361,"order_status":"PENDING"}
{"order_customer_id":5654,"order_id":32362,"order_status":"PENDING_PAYMENT"}
{"order_customer_id":10638,"order_id":32363,"order_status":"COMPLETE"}
{"order_customer_id":6870,"order_id":32364,"order_status":"PENDING"}
{"order_customer_id":10646,"order_id":32365,"order_status":"CLOSED"}
{"order_customer_id":8459,"order_id":32366,"order_status":"PENDING"}
{"order_customer_id":7143,"order_id":32367,"order_status":"COMPLETE"}
{"order_customer_id":2966,"order_id":32368,"order_status":"COMPLETE"}
{"order_customer_id":8391,"order_id":32369,"order_status":"CLOSED"}
{"order_customer_id":5204,"order_id":32370,"order_status":"SUSPECTED_FRAUD"}
{"order_customer_id":4246,"order_id":32371,"order_status":"PENDING_PAYMENT"}
{"order_customer_id":1442,"order_id":32372,"order_status":"PENDING"}
{"order_customer_id":3071,"order_id":32373,"order_status":"PROCESSING"}
{"order_customer_id":222,"order_id":32374,"order_status":"PROCESSING"}
{"order_customer_id":305,"order_id":32375,"order_status":"CLOSED"}
{"order_customer_id":7708,"order_id":32376,"order_status":"PENDING_PAYMENT"}
{"order_customer_id":5736,"order_id":32377,"order_status":"SUSPECTED_FRAUD"}
{"order_customer_id":7020,"order_id":32378,"order_status":"PENDING"}
{"order_customer_id":8130,"order_id":32379,"order_status":"PENDING_PAYMENT"}
{"order_customer_id":8330,"order_id":32380,"order_status":"COMPLETE"}
{"order_customer_id":5185,"order_id":32381,"order_status":"PENDING_PAYMENT"}
{"order_customer_id":6103,"order_id":32382,"order_status":"PENDING"}
{"order_customer_id":10452,"order_id":32383,"order_status":"COMPLETE"}
{"order_customer_id":4462,"order_id":32384,"order_status":"COMPLETE"}
{"order_customer_id":10570,"order_id":32385,"order_status":"PENDING_PAYMENT"}
{"order_customer_id":11969,"order_id":32386,"order_status":"PENDING"}
{"order_customer_id":9831,"order_id":32387,"order_status":"CLOSED"}
{"order_customer_id":6419,"order_id":32388,"order_status":"PENDING_PAYMENT"}
{"order_customer_id":1792,"order_id":32389,"order_status":"PENDING"}
{"order_customer_id":4989,"order_id":32390,"order_status":"PENDING_PAYMENT"}
{"order_customer_id":7039,"order_id":32391,"order_status":"PROCESSING"}
{"order_customer_id":3901,"order_id":32392,"order_status":"ON_HOLD"}
{"order_customer_id":8084,"order_id":32393,"order_status":"COMPLETE"}
{"order_customer_id":11976,"order_id":32394,"order_status":"COMPLETE"}
{"order_customer_id":1135,"order_id":32395,"order_status":"ON_HOLD"}
{"order_customer_id":8376,"order_id":32396,"order_status":"PROCESSING"}
{"order_customer_id":11031,"order_id":32397,"order_status":"COMPLETE"}
{"order_customer_id":741,"order_id":32398,"order_status":"CLOSED"}
{"order_customer_id":8492,"order_id":32399,"order_status":"COMPLETE"}
{"order_customer_id":6855,"order_id":32400,"order_status":"COMPLETE"}
{"order_customer_id":2842,"order_id":32401,"order_status":"COMPLETE"}
{"order_customer_id":7482,"order_id":32402,"order_status":"ON_HOLD"}
{"order_customer_id":7190,"order_id":32403,"order_status":"PENDING_PAYMENT"}
{"order_customer_id":1436,"order_id":32404,"order_status":"PROCESSING"}
{"order_customer_id":5848,"order_id":32405,"order_status":"PROCESSING"}
{"order_customer_id":10540,"order_id":32406,"order_status":"PENDING_PAYMENT"}
{"order_customer_id":10672,"order_id":32407,"order_status":"COMPLETE"}
{"order_customer_id":9479,"order_id":32408,"order_status":"PENDING_PAYMENT"}
{"order_customer_id":11092,"order_id":32409,"order_status":"CLOSED"}
{"order_customer_id":5236,"order_id":32410,"order_status":"COMPLETE"}
{"order_customer_id":6808,"order_id":32411,"order_status":"PENDING_PAYMENT"}
{"order_customer_id":9404,"order_id":32412,"order_status":"CLOSED"}
{"order_customer_id":5955,"order_id":32413,"order_status":"COMPLETE"}
{"order_customer_id":8002,"order_id":32414,"order_status":"PENDING_PAYMENT"}
{"order_customer_id":6435,"order_id":32415,"order_status":"PROCESSING"}
{"order_customer_id":6952,"order_id":32416,"order_status":"COMPLETE"}
{"order_customer_id":6835,"order_id":32417,"order_status":"PENDING_PAYMENT"}
{"order_customer_id":109,"order_id":32418,"order_status":"PENDING_PAYMENT"}
{"order_customer_id":470,"order_id":32419,"order_status":"COMPLETE"}
{"order_customer_id":9288,"order_id":32420,"order_status":"COMPLETE"}
{"order_customer_id":6254,"order_id":32421,"order_status":"COMPLETE"}
{"order_customer_id":5169,"order_id":32422,"order_status":"COMPLETE"}
{"order_customer_id":8364,"order_id":32423,"order_status":"COMPLETE"}
{"order_customer_id":7879,"order_id":32424,"order_status":"COMPLETE"}
{"order_customer_id":9569,"order_id":32425,"order_status":"COMPLETE"}
{"order_customer_id":8782,"order_id":32426,"order_status":"COMPLETE"}
{"order_customer_id":12361,"order_id":32427,"order_status":"PENDING_PAYMENT"}
{"order_customer_id":12223,"order_id":32428,"order_status":"PENDING_PAYMENT"}
{"order_customer_id":2805,"order_id":32429,"order_status":"PROCESSING"}
{"order_customer_id":10272,"order_id":32430,"order_status":"PENDING_PAYMENT"}
{"order_customer_id":11457,"order_id":32431,"order_status":"PENDING_PAYMENT"}
{"order_customer_id":7295,"order_id":32432,"order_status":"PENDING_PAYMENT"}
{"order_customer_id":10809,"order_id":32433,"order_status":"PENDING_PAYMENT"}
{"order_customer_id":603,"order_id":32434,"order_status":"ON_HOLD"}
{"order_customer_id":7975,"order_id":32435,"order_status":"COMPLETE"}
{"order_customer_id":8883,"order_id":32436,"order_status":"PROCESSING"}
{"order_customer_id":9055,"order_id":32437,"order_status":"CLOSED"}
{"order_customer_id":1741,"order_id":32438,"order_status":"COMPLETE"}
{"order_customer_id":5256,"order_id":32439,"order_status":"CLOSED"}
{"order_customer_id":9602,"order_id":32440,"order_status":"COMPLETE"}
{"order_customer_id":1505,"order_id":32441,"order_status":"COMPLETE"}
{"order_customer_id":9863,"order_id":32442,"order_status":"PROCESSING"}
{"order_customer_id":10633,"order_id":32443,"order_status":"PENDING_PAYMENT"}
{"order_customer_id":2197,"order_id":32444,"order_status":"PENDING_PAYMENT"}
{"order_customer_id":956,"order_id":32445,"order_status":"PENDING_PAYMENT"}
{"order_customer_id":2362,"order_id":32446,"order_status":"CLOSED"}
{"order_customer_id":7255,"order_id":32447,"order_status":"SUSPECTED_FRAUD"}
{"order_customer_id":9086,"order_id":32448,"order_status":"PENDING_PAYMENT"}
{"order_customer_id":3061,"order_id":32449,"order_status":"COMPLETE"}
{"order_customer_id":154,"order_id":32450,"order_status":"PENDING_PAYMENT"}
{"order_customer_id":12429,"order_id":32451,"order_status":"COMPLETE"}
{"order_customer_id":11338,"order_id":32452,"order_status":"PENDING_PAYMENT"}
{"order_customer_id":4701,"order_id":32453,"order_status":"ON_HOLD"}
{"order_customer_id":10144,"order_id":32454,"order_status":"ON_HOLD"}
{"order_customer_id":4609,"order_id":32455,"order_status":"ON_HOLD"}
{"order_customer_id":7226,"order_id":32456,"order_status":"PENDING_PAYMENT"}
{"order_customer_id":10341,"order_id":32457,"order_status":"ON_HOLD"}
{"order_customer_id":9865,"order_id":32458,"order_status":"COMPLETE"}
{"order_customer_id":4072,"order_id":32459,"order_status":"COMPLETE"}
{"order_customer_id":7363,"order_id":32460,"order_status":"ON_HOLD"}
{"order_customer_id":1950,"order_id":32461,"order_status":"CANCELED"}
{"order_customer_id":4346,"order_id":32462,"order_status":"PROCESSING"}
{"order_customer_id":11808,"order_id":32463,"order_status":"PENDING_PAYMENT"}
{"order_customer_id":9462,"order_id":32464,"order_status":"PENDING_PAYMENT"}
{"order_customer_id":871,"order_id":32465,"order_status":"ON_HOLD"}
{"order_customer_id":10742,"order_id":32466,"order_status":"PENDING_PAYMENT"}
{"order_customer_id":5751,"order_id":32467,"order_status":"PROCESSING"}
{"order_customer_id":3435,"order_id":32468,"order_status":"PENDING_PAYMENT"}
{"order_customer_id":5198,"order_id":32469,"order_status":"COMPLETE"}
{"order_customer_id":5531,"order_id":32470,"order_status":"PENDING"}
{"order_customer_id":10263,"order_id":32471,"order_status":"PROCESSING"}
{"order_customer_id":12185,"order_id":32472,"order_status":"COMPLETE"}
{"order_customer_id":6420,"order_id":32473,"order_status":"CANCELED"}
{"order_customer_id":3687,"order_id":32474,"order_status":"PROCESSING"}
{"order_customer_id":4960,"order_id":32475,"order_status":"PENDING"}
{"order_customer_id":8534,"order_id":32476,"order_status":"CLOSED"}
{"order_customer_id":7566,"order_id":32477,"order_status":"COMPLETE"}
{"order_customer_id":7608,"order_id":32478,"order_status":"PENDING_PAYMENT"}
{"order_customer_id":5743,"order_id":32479,"order_status":"CLOSED"}
{"order_customer_id":4378,"order_id":32480,"order_status":"COMPLETE"}
{"order_customer_id":2842,"order_id":32481,"order_status":"CLOSED"}
{"order_customer_id":1824,"order_id":32482,"order_status":"SUSPECTED_FRAUD"}
{"order_customer_id":9110,"order_id":32483,"order_status":"PROCESSING"}
{"order_customer_id":1764,"order_id":32484,"order_status":"COMPLETE"}
{"order_customer_id":1846,"order_id":32485,"order_status":"COMPLETE"}
{"order_customer_id":4791,"order_id":32486,"order_status":"COMPLETE"}
{"order_customer_id":3954,"order_id":32487,"order_status":"PROCESSING"}
{"order_customer_id":3337,"order_id":32488,"order_status":"PENDING_PAYMENT"}
{"order_customer_id":482,"order_id":32489,"order_status":"PENDING_PAYMENT"}
{"order_customer_id":6191,"order_id":32490,"order_status":"PENDING_PAYMENT"}
{"order_customer_id":6125,"order_id":32491,"order_status":"COMPLETE"}
{"order_customer_id":11277,"order_id":32492,"order_status":"PENDING"}
{"order_customer_id":8033,"order_id":32493,"order_status":"COMPLETE"}
{"order_customer_id":3122,"order_id":32494,"order_status":"CANCELED"}
{"order_customer_id":4931,"order_id":32495,"order_status":"CLOSED"}
{"order_customer_id":1090,"order_id":32496,"order_status":"SUSPECTED_FRAUD"}
{"order_customer_id":9546,"order_id":32497,"order_status":"COMPLETE"}
{"order_customer_id":11563,"order_id":32498,"order_status":"PROCESSING"}
{"order_customer_id":7336,"order_id":32499,"order_status":"COMPLETE"}
{"order_customer_id":6476,"order_id":32500,"order_status":"PROCESSING"}
{"order_customer_id":8323,"order_id":32501,"order_status":"COMPLETE"}
{"order_customer_id":787,"order_id":32502,"order_status":"PENDING_PAYMENT"}
{"order_customer_id":12314,"order_id":32503,"order_status":"COMPLETE"}
{"order_customer_id":8217,"order_id":32504,"order_status":"PENDING"}
{"order_customer_id":6658,"order_id":32505,"order_status":"PENDING_PAYMENT"}
{"order_customer_id":1036,"order_id":32506,"order_status":"CLOSED"}
{"order_customer_id":11246,"order_id":32507,"order_status":"ON_HOLD"}
{"order_customer_id":11099,"order_id":32508,"order_status":"COMPLETE"}
{"order_customer_id":2081,"order_id":32509,"order_status":"PROCESSING"}
{"order_customer_id":3025,"order_id":32510,"order_status":"CLOSED"}
{"order_customer_id":1777,"order_id":32511,"order_status":"PENDING_PAYMENT"}
{"order_customer_id":1503,"order_id":63027,"order_status":"PROCESSING"}
{"order_customer_id":10981,"order_id":63028,"order_status":"COMPLETE"}
{"order_customer_id":9594,"order_id":63029,"order_status":"COMPLETE"}
{"order_customer_id":9858,"order_id":63030,"order_status":"PENDING_PAYMENT"}
{"order_customer_id":2834,"order_id":63031,"order_status":"PENDING"}
{"order_customer_id":175,"order_id":63032,"order_status":"COMPLETE"}
{"order_customer_id":7430,"order_id":63033,"order_status":"PROCESSING"}
{"order_customer_id":8766,"order_id":63034,"order_status":"PENDING"}
{"order_customer_id":3111,"order_id":63035,"order_status":"CLOSED"}
{"order_customer_id":6086,"order_id":63036,"order_status":"PENDING"}
{"order_customer_id":9637,"order_id":63037,"order_status":"PROCESSING"}
{"order_customer_id":12161,"order_id":63038,"order_status":"COMPLETE"}
{"order_customer_id":7040,"order_id":63039,"order_status":"ON_HOLD"}
{"order_customer_id":6101,"order_id":63040,"order_status":"PROCESSING"}
{"order_customer_id":7002,"order_id":63041,"order_status":"PROCESSING"}
{"order_customer_id":3750,"order_id":63042,"order_status":"PENDING_PAYMENT"}
{"order_customer_id":5283,"order_id":68115,"order_status":"PENDING_PAYMENT"}
{"order_customer_id":4462,"order_id":68116,"order_status":"COMPLETE"}
{"order_customer_id":6710,"order_id":68117,"order_status":"COMPLETE"}
{"order_customer_id":2926,"order_id":68118,"order_status":"CLOSED"}
{"order_customer_id":12112,"order_id":68119,"order_status":"PROCESSING"}
{"order_customer_id":6697,"order_id":68120,"order_status":"PROCESSING"}
{"order_customer_id":12377,"order_id":68796,"order_status":"COMPLETE"}
