{"order_customer_id":6796,"order_id":44004,"order_status":"PENDING"}
{"order_customer_id":8291,"order_id":44005,"order_status":"PENDING"}
{"order_customer_id":11290,"order_id":44006,"order_status":"COMPLETE"}
{"order_customer_id":9104,"order_id":44007,"order_status":"PROCESSING"}
{"order_customer_id":6556,"order_id":44008,"order_status":"COMPLETE"}
{"order_customer_id":11175,"order_id":44009,"order_status":"CLOSED"}
{"order_customer_id":11936,"order_id":44010,"order_status":"COMPLETE"}
{"order_customer_id":1462,"order_id":44011,"order_status":"PROCESSING"}
{"order_customer_id":9533,"order_id":44012,"order_status":"COMPLETE"}
{"order_customer_id":6289,"order_id":44013,"order_status":"PROCESSING"}
{"order_customer_id":9092,"order_id":44014,"order_status":"COMPLETE"}
{"order_customer_id":3716,"order_id":44015,"order_status":"COMPLETE"}
{"order_customer_id":3880,"order_id":44016,"order_status":"PENDING"}
{"order_customer_id":10262,"order_id":44017,"order_status":"PENDING"}
{"order_customer_id":7813,"order_id":44018,"order_status":"PENDING_PAYMENT"}
{"order_customer_id":4539,"order_id":44019,"order_status":"PENDING"}
{"order_customer_id":2135,"order_id":44020,"order_status":"COMPLETE"}
{"order_customer_id":3527,"order_id":44021,"order_status":"PROCESSING"}
{"order_customer_id":2224,"order_id":44022,"order_status":"PENDING_PAYMENT"}
{"order_customer_id":2391,"order_id":44023,"order_status":"PENDING"}
{"order_customer_id":8550,"order_id":44024,"order_status":"PENDING_PAYMENT"}
{"order_customer_id":7419,"order_id":44025,"order_status":"CLOSED"}
{"order_customer_id":12401,"order_id":44026,"order_status":"COMPLETE"}
{"order_customer_id":4594,"order_id":44027,"order_status":"PENDING_PAYMENT"}
{"order_customer_id":9057,"order_id":44028,"order_status":"PENDING_PAYMENT"}
{"order_customer_id":10546,"order_id":44029,"order_status":"PENDING_PAYMENT"}
{"order_customer_id":7333,"order_id":44030,"order_status":"COMPLETE"}
{"order_customer_id":3530,"order_id":44031,"order_status":"COMPLETE"}
{"order_customer_id":2388,"order_id":44032,"order_status":"PENDING_PAYMENT"}
{"order_customer_id":3866,"order_id":44033,"order_status":"PENDING_PAYMENT"}
{"order_customer_id":3148,"order_id":44034,"order_status":"CLOSED"}
{"order_customer_id":9171,"order_id":44035,"order_status":"ON_HOLD"}
{"order_customer_id":301,"order_id":44036,"order_status":"PENDING_PAYMENT"}
{"order_customer_id":10710,"order_id":44037,"order_status":"PENDING_PAYMENT"}
{"order_customer_id":5372,"order_id":44038,"order_status":"PAYMENT_REVIEW"}
{"order_customer_id":5990,"order_id":44039,"order_status":"ON_HOLD"}
{"order_customer_id":11340,"order_id":44040,"order_status":"COMPLETE"}
{"order_customer_id":11856,"order_id":44041,"order_status":"PENDING"}
{"order_customer_id":604,"order_id":44042,"order_status":"PROCESSING"}
{"order_customer_id":4200,"order_id":44043,"order_status":"PROCESSING"}
{"order_customer_id":357,"order_id":44044,"order_status":"COMPLETE"}
{"order_customer_id":6151,"order_id":44045,"order_status":"COMPLETE"}
{"order_customer_id":5197,"order_id":44046,"order_status":"PENDING_PAYMENT"}
{"order_customer_id":1537,"order_id":44047,"order_status":"ON_HOLD"}
{"order_customer_id":4858,"order_id":44048,"order_status":"PENDING_PAYMENT"}
{"order_customer_id":8621,"order_id":44049,"order_status":"CLOSED"}
{"order_customer_id":12167,"order_id":44050,"order_status":"PROCESSING"}
{"order_customer_id":11115,"order_id":44051,"order_status":"CLOSED"}
{"order_customer_id":6121,"order_id":44052,"order_status":"PROCESSING"}
{"order_customer_id":2246,"order_id":44053,"order_status":"COMPLETE"}
{"order_customer_id":664,"order_id":44054,"order_status":"ON_HOLD"}
{"order_customer_id":7059,"order_id":44055,"order_status":"PENDING_PAYMENT"}
{"order_customer_id":10231,"order_id":44056,"order_status":"COMPLETE"}
{"order_customer_id":1094,"order_id":44057,"order_status":"COMPLETE"}
{"order_customer_id":4516,"order_id":44058,"order_status":"PENDING_PAYMENT"}
{"order_customer_id":39,"order_id":44059,"order_status":"PENDING_PAYMENT"}
{"order_customer_id":11115,"order_id":44060,"order_status":"PROCESSING"}
{"order_customer_id":6593,"order_id":44061,"order_status":"ON_HOLD"}
{"order_customer_id":3530,"order_id":44062,"order_status":"PENDING_PAYMENT"}
{"order_customer_id":7850,"order_id":44063,"order_status":"CLOSED"}
{"order_customer_id":12432,"order_id":44064,"order_status":"COMPLETE"}
{"order_customer_id":8072,"order_id":44065,"order_status":"PENDING_PAYMENT"}
{"order_customer_id":8325,"order_id":44066,"order_status":"COMPLETE"}
{"order_customer_id":5604,"order_id":44067,"order_status":"SUSPECTED_FRAUD"}
{"order_customer_id":5717,"order_id":44068,"order_status":"CLOSED"}
{"order_customer_id":8400,"order_id":44069,"order_status":"CANCELED"}
{"order_customer_id":10779,"order_id":44070,"order_status":"PENDING_PAYMENT"}
{"order_customer_id":5010,"order_id":44071,"order_status":"PENDING"}
{"order_customer_id":119,"order_id":44072,"order_status":"PROCESSING"}
{"order_customer_id":10860,"order_id":44073,"order_status":"PENDING"}
{"order_customer_id":2882,"order_id":44074,"order_status":"COMPLETE"}
{"order_customer_id":8265,"order_id":44075,"order_status":"PROCESSING"}
{"order_customer_id":8332,"order_id":44076,"order_status":"COMPLETE"}
{"order_customer_id":3634,"order_id":44077,"order_status":"PENDING_PAYMENT"}
{"order_customer_id":2282,"order_id":44078,"order_status":"PROCESSING"}
{"order_customer_id":12221,"order_id":44079,"order_status":"COMPLETE"}
{"order_customer_id":4403,"order_id":44080,"order_status":"CLOSED"}
{"order_customer_id":11177,"order_id":44081,"order_status":"PENDING_PAYMENT"}
{"order_customer_id":12371,"order_id":44082,"order_status":"PENDING_PAYMENT"}
{"order_customer_id":11931,"order_id":44083,"order_status":"CLOSED"}
{"order_customer_id":8294,"order_id":44084,"order_status":"COMPLETE"}
{"order_customer_id":9954,"order_id":44085,"order_status":"COMPLETE"}
{"order_customer_id":12335,"order_id":44086,"order_status":"COMPLETE"}
{"order_customer_id":4745,"order_id":44087,"order_status":"PENDING"}
{"order_customer_id":11690,"order_id":44088,"order_status":"PROCESSING"}
{"order_customer_id":4633,"order_id":44089,"order_status":"CLOSED"}
{"order_customer_id":4860,"order_id":44090,"order_status":"PENDING_PAYMENT"}
{"order_customer_id":6726,"order_id":44091,"order_status":"COMPLETE"}
{"order_customer_id":1623,"order_id":44092,"order_status":"CLOSED"}
{"order_customer_id":2539,"order_id":44093,"order_status":"PENDING_PAYMENT"}
{"order_customer_id":5897,"order_id":44094,"order_status":"PENDING_PAYMENT"}
{"order_customer_id":1901,"order_id":44095,"order_status":"COMPLETE"}
{"order_customer_id":4494,"order_id":64918,"order_status":"PENDING_PAYMENT"}
{"order_customer_id":3235,"order_id":64919,"order_status":"PENDING_PAYMENT"}
{"order_customer_id":2492,"order_id":64920,"order_status":"COMPLETE"}
{"order_customer_id":9134,"order_id":64921,"order_status":"COMPLETE"}
{"order_customer_id":9843,"order_id":64922,"order_status":"PROCESSING"}
{"order_customer_id":2154,"order_id":64923,"order_status":"CANCELED"}
{"order_customer_id":8356,"order_id":64924,"order_status":"CLOSED"}
{"order_customer_id":386,"order_id":64925,"order_status":"PROCESSING"}
{"order_customer_id":9297,"order_id":64926,"order_status":"PENDING"}
{"order_customer_id":2649,"order_id":64927,"order_status":"PENDING"}
{"order_customer_id":8322,"order_id":64928,"order_status":"PROCESSING"}
{"order_customer_id":284,"order_id":64929,"order_status":"PENDING"}
{"order_customer_id":10969,"order_id":64930,"order_status":"PENDING_PAYMENT"}
{"order_customer_id":3326,"order_id":64931,"order_status":"COMPLETE"}
{"order_customer_id":5914,"order_id":64932,"order_status":"PENDING_PAYMENT"}
{"order_customer_id":1584,"order_id":64933,"order_status":"PENDING_PAYMENT"}
{"order_customer_id":9676,"order_id":64934,"order_status":"PENDING_PAYMENT"}
{"order_customer_id":7875,"order_id":64935,"order_status":"ON_HOLD"}
{"order_customer_id":7012,"order_id":64936,"order_status":"PENDING_PAYMENT"}
{"order_customer_id":11152,"order_id":64937,"order_status":"PENDING_PAYMENT"}
{"order_customer_id":5777,"order_id":64938,"order_status":"COMPLETE"}
{"order_customer_id":8412,"order_id":64939,"order_status":"PENDING_PAYMENT"}
{"order_customer_id":7650,"order_id":64940,"order_status":"ON_HOLD"}
{"order_customer_id":2671,"order_id":64941,"order_status":"PROCESSING"}
{"order_customer_id":12389,"order_id":64942,"order_status":"CLOSED"}
{"order_customer_id":3496,"order_id":64943,"order_status":"PENDING_PAYMENT"}
{"order_customer_id":9432,"order_id":64944,"order_status":"PENDING"}
{"order_customer_id":12221,"order_id":68382,"order_status":"ON_HOLD"}
{"order_customer_id":6203,"order_id":68383,"order_status":"PROCESSING"}
{"order_customer_id":478,"order_id":68384,"order_status":"COMPLETE"}
{"order_customer_id":5923,"order_id":68385,"order_status":"PROCESSING"}
{"order_customer_id":8763,"order_id":68831,"order_status":"COMPLETE"}
