{"order_customer_id":4575,"order_id":31368,"order_status":"COMPLETE"}
{"order_customer_id":10832,"order_id":31369,"order_status":"COMPLETE"}
{"order_customer_id":1841,"order_id":31370,"order_status":"CLOSED"}
{"order_customer_id":5595,"order_id":31371,"order_status":"PENDING_PAYMENT"}
{"order_customer_id":10849,"order_id":31372,"order_status":"CLOSED"}
{"order_customer_id":2619,"order_id":31373,"order_status":"ON_HOLD"}
{"order_customer_id":4175,"order_id":31374,"order_status":"COMPLETE"}
{"order_customer_id":3799,"order_id":31375,"order_status":"COMPLETE"}
{"order_customer_id":1912,"order_id":31376,"order_status":"COMPLETE"}
{"order_customer_id":3862,"order_id":31377,"order_status":"COMPLETE"}
{"order_customer_id":7063,"order_id":31378,"order_status":"CANCELED"}
{"order_customer_id":5368,"order_id":31379,"order_status":"COMPLETE"}
{"order_customer_id":10869,"order_id":31380,"order_status":"PENDING_PAYMENT"}
{"order_customer_id":1572,"order_id":31381,"order_status":"PENDING"}
{"order_customer_id":1660,"order_id":31382,"order_status":"PENDING_PAYMENT"}
{"order_customer_id":8915,"order_id":31383,"order_status":"PROCESSING"}
{"order_customer_id":373,"order_id":31384,"order_status":"COMPLETE"}
{"order_customer_id":3989,"order_id":31385,"order_status":"PROCESSING"}
{"order_customer_id":9590,"order_id":31386,"order_status":"COMPLETE"}
{"order_customer_id":11862,"order_id":31387,"order_status":"PENDING"}
{"order_customer_id":3194,"order_id":31388,"order_status":"COMPLETE"}
{"order_customer_id":6096,"order_id":31389,"order_status":"PENDING_PAYMENT"}
{"order_customer_id":897,"order_id":31390,"order_status":"ON_HOLD"}
{"order_customer_id":3868,"order_id":31391,"order_status":"ON_HOLD"}
{"order_customer_id":1999,"order_id":31392,"order_status":"PROCESSING"}
{"order_customer_id":7529,"order_id":31393,"order_status":"PROCESSING"}
{"order_customer_id":7734,"order_id":31394,"order_status":"PENDING_PAYMENT"}
{"order_customer_id":11551,"order_id":31395,"order_status":"CLOSED"}
{"order_customer_id":8219,"order_id":31396,"order_status":"COMPLETE"}
{"order_customer_id":5972,"order_id":31397,"order_status":"PROCESSING"}
{"order_customer_id":9126,"order_id":31398,"order_status":"PROCESSING"}
{"order_customer_id":2940,"order_id":31399,"order_status":"PENDING_PAYMENT"}
{"order_customer_id":3266,"order_id":31400,"order_status":"COMPLETE"}
{"order_customer_id":4274,"order_id":31401,"order_status":"PROCESSING"}
{"order_customer_id":3151,"order_id":31402,"order_status":"PENDING_PAYMENT"}
{"order_customer_id":9417,"order_id":31403,"order_status":"PENDING"}
{"order_customer_id":10990,"order_id":31404,"order_status":"ON_HOLD"}
{"order_customer_id":4628,"order_id":31405,"order_status":"CLOSED"}
{"order_customer_id":10359,"order_id":31406,"order_status":"PENDING_PAYMENT"}
{"order_customer_id":10995,"order_id":31407,"order_status":"PENDING_PAYMENT"}
{"order_customer_id":3184,"order_id":31408,"order_status":"CLOSED"}
{"order_customer_id":3360,"order_id":31409,"order_status":"PROCESSING"}
{"order_customer_id":2233,"order_id":31410,"order_status":"PROCESSING"}
{"order_customer_id":4663,"order_id":31411,"order_status":"COMPLETE"}
{"order_customer_id":3271,"order_id":31412,"order_status":"PROCESSING"}
{"order_customer_id":10749,"order_id":31413,"order_status":"PENDING_PAYMENT"}
{"order_customer_id":6883,"order_id":31414,"order_status":"PENDING_PAYMENT"}
{"order_customer_id":1472,"order_id":31415,"order_status":"PENDING_PAYMENT"}
{"order_customer_id":171,"order_id":31416,"order_status":"COMPLETE"}
{"order_customer_id":636,"order_id":31417,"order_status":"PENDING_PAYMENT"}
{"order_customer_id":11351,"order_id":31418,"order_status":"PENDING_PAYMENT"}
{"order_customer_id":373,"order_id":31419,"order_status":"ON_HOLD"}
{"order_customer_id":8677,"order_id":31420,"order_status":"COMPLETE"}
{"order_customer_id":1064,"order_id":31421,"order_status":"PROCESSING"}
{"order_customer_id":5465,"order_id":31422,"order_status":"COMPLETE"}
{"order_customer_id":8523,"order_id":31423,"order_status":"PENDING_PAYMENT"}
{"order_customer_id":5337,"order_id":31424,"order_status":"COMPLETE"}
{"order_customer_id":5400,"order_id":31425,"order_status":"PROCESSING"}
{"order_customer_id":9909,"order_id":31426,"order_status":"COMPLETE"}
{"order_customer_id":2137,"order_id":31427,"order_status":"COMPLETE"}
{"order_customer_id":3163,"order_id":31428,"order_status":"PROCESSING"}
{"order_customer_id":12110,"order_id":31429,"order_status":"CLOSED"}
{"order_customer_id":8998,"order_id":31430,"order_status":"PENDING_PAYMENT"}
{"order_customer_id":4276,"order_id":31431,"order_status":"CLOSED"}
{"order_customer_id":2436,"order_id":31432,"order_status":"PROCESSING"}
{"order_customer_id":11484,"order_id":31433,"order_status":"SUSPECTED_FRAUD"}
{"order_customer_id":2278,"order_id":31434,"order_status":"CLOSED"}
{"order_customer_id":4385,"order_id":31435,"order_status":"PENDING_PAYMENT"}
{"order_customer_id":6669,"order_id":31436,"order_status":"PENDING_PAYMENT"}
{"order_customer_id":3809,"order_id":31437,"order_status":"PENDING"}
{"order_customer_id":10426,"order_id":31438,"order_status":"COMPLETE"}
{"order_customer_id":9091,"order_id":31439,"order_status":"PENDING_PAYMENT"}
{"order_customer_id":5164,"order_id":31440,"order_status":"ON_HOLD"}
{"order_customer_id":2959,"order_id":31441,"order_status":"PENDING_PAYMENT"}
{"order_customer_id":6933,"order_id":31442,"order_status":"ON_HOLD"}
{"order_customer_id":2989,"order_id":31443,"order_status":"PENDING_PAYMENT"}
{"order_customer_id":11537,"order_id":31444,"order_status":"COMPLETE"}
{"order_customer_id":2419,"order_id":31445,"order_status":"CLOSED"}
{"order_customer_id":5276,"order_id":31446,"order_status":"COMPLETE"}
{"order_customer_id":9837,"order_id":31447,"order_status":"PENDING_PAYMENT"}
{"order_customer_id":7588,"order_id":31448,"order_status":"ON_HOLD"}
{"order_customer_id":2712,"order_id":31449,"order_status":"PENDING"}
{"order_customer_id":1017,"order_id":31450,"order_status":"COMPLETE"}
{"order_customer_id":10343,"order_id":31451,"order_status":"ON_HOLD"}
{"order_customer_id":499,"order_id":31452,"order_status":"PROCESSING"}
{"order_customer_id":7962,"order_id":31453,"order_status":"PROCESSING"}
{"order_customer_id":8180,"order_id":31454,"order_status":"PROCESSING"}
{"order_customer_id":8478,"order_id":31455,"order_status":"PENDING_PAYMENT"}
{"order_customer_id":7320,"order_id":31456,"order_status":"PENDING_PAYMENT"}
{"order_customer_id":6882,"order_id":31457,"order_status":"SUSPECTED_FRAUD"}
{"order_customer_id":145,"order_id":31458,"order_status":"CLOSED"}
{"order_customer_id":4622,"order_id":31459,"order_status":"PROCESSING"}
{"order_customer_id":5183,"order_id":31460,"order_status":"PENDING"}
{"order_customer_id":5897,"order_id":31461,"order_status":"COMPLETE"}
{"order_customer_id":5705,"order_id":31462,"order_status":"COMPLETE"}
{"order_customer_id":6053,"order_id":31463,"order_status":"PENDING_PAYMENT"}
{"order_customer_id":5824,"order_id":31464,"order_status":"PENDING"}
{"order_customer_id":3089,"order_id":31465,"order_status":"PROCESSING"}
{"order_customer_id":3032,"order_id":31466,"order_status":"COMPLETE"}
{"order_customer_id":11956,"order_id":31467,"order_status":"COMPLETE"}
{"order_customer_id":8435,"order_id":31468,"order_status":"PENDING_PAYMENT"}
{"order_customer_id":7176,"order_id":31469,"order_status":"PROCESSING"}
{"order_customer_id":6469,"order_id":31470,"order_status":"PENDING"}
{"order_customer_id":8060,"order_id":31471,"order_status":"PENDING"}
{"order_customer_id":627,"order_id":31472,"order_status":"PENDING"}
{"order_customer_id":1336,"order_id":31473,"order_status":"PENDING_PAYMENT"}
{"order_customer_id":12320,"order_id":31474,"order_status":"PENDING_PAYMENT"}
{"order_customer_id":4301,"order_id":31475,"order_status":"CANCELED"}
{"order_customer_id":3302,"order_id":31476,"order_status":"PROCESSING"}
{"order_customer_id":6453,"order_id":31477,"order_status":"PENDING_PAYMENT"}
{"order_customer_id":12126,"order_id":31478,"order_status":"COMPLETE"}
{"order_customer_id":7639,"order_id":62836,"order_status":"COMPLETE"}
{"order_customer_id":10493,"order_id":62837,"order_status":"CLOSED"}
{"order_customer_id":5338,"order_id":62838,"order_status":"COMPLETE"}
{"order_customer_id":7383,"order_id":62839,"order_status":"PENDING_PAYMENT"}
{"order_customer_id":9906,"order_id":62840,"order_status":"CANCELED"}
{"order_customer_id":1960,"order_id":62841,"order_status":"PENDING"}
{"order_customer_id":5501,"order_id":62842,"order_status":"CANCELED"}
{"order_customer_id":8307,"order_id":62843,"order_status":"PENDING"}
{"order_customer_id":8699,"order_id":62844,"order_status":"PENDING_PAYMENT"}
{"order_customer_id":870,"order_id":62845,"order_status":"COMPLETE"}
{"order_customer_id":6068,"order_id":62846,"order_status":"COMPLETE"}
{"order_customer_id":4231,"order_id":62847,"order_status":"COMPLETE"}
{"order_customer_id":12037,"order_id":62848,"order_status":"COMPLETE"}
{"order_customer_id":4175,"order_id":62849,"order_status":"COMPLETE"}
{"order_customer_id":3542,"order_id":62850,"order_status":"COMPLETE"}
{"order_customer_id":2036,"order_id":62851,"order_status":"PENDING_PAYMENT"}
{"order_customer_id":1190,"order_id":62852,"order_status":"COMPLETE"}
{"order_customer_id":7743,"order_id":62853,"order_status":"PENDING_PAYMENT"}
{"order_customer_id":3226,"order_id":62854,"order_status":"COMPLETE"}
{"order_customer_id":8954,"order_id":62855,"order_status":"COMPLETE"}
{"order_customer_id":1181,"order_id":62856,"order_status":"CLOSED"}
{"order_customer_id":10318,"order_id":62857,"order_status":"PENDING_PAYMENT"}
{"order_customer_id":9374,"order_id":62858,"order_status":"CANCELED"}
{"order_customer_id":2569,"order_id":62859,"order_status":"COMPLETE"}
{"order_customer_id":3404,"order_id":62860,"order_status":"PENDING_PAYMENT"}
{"order_customer_id":8447,"order_id":62861,"order_status":"COMPLETE"}
{"order_customer_id":6312,"order_id":62862,"order_status":"COMPLETE"}
{"order_customer_id":1633,"order_id":62863,"order_status":"PROCESSING"}
{"order_customer_id":10776,"order_id":62864,"order_status":"COMPLETE"}
{"order_customer_id":5860,"order_id":62865,"order_status":"CLOSED"}
{"order_customer_id":3749,"order_id":62866,"order_status":"PENDING_PAYMENT"}
{"order_customer_id":610,"order_id":62867,"order_status":"COMPLETE"}
{"order_customer_id":11298,"order_id":62868,"order_status":"COMPLETE"}
{"order_customer_id":2200,"order_id":62869,"order_status":"COMPLETE"}
{"order_customer_id":9183,"order_id":62870,"order_status":"PENDING_PAYMENT"}
{"order_customer_id":11311,"order_id":62871,"order_status":"PENDING"}
{"order_customer_id":6542,"order_id":62872,"order_status":"PENDING_PAYMENT"}
{"order_customer_id":7050,"order_id":62873,"order_status":"COMPLETE"}
{"order_customer_id":6184,"order_id":68099,"order_status":"PENDING_PAYMENT"}
{"order_customer_id":724,"order_id":68100,"order_status":"COMPLETE"}
