{"order_customer_id":328,"order_id":7376,"order_status":"COMPLETE"}
{"order_customer_id":4181,"order_id":7377,"order_status":"COMPLETE"}
{"order_customer_id":10308,"order_id":7378,"order_status":"COMPLETE"}
{"order_customer_id":12207,"order_id":7379,"order_status":"PENDING"}
{"order_customer_id":5445,"order_id":7380,"order_status":"PENDING"}
{"order_customer_id":5321,"order_id":7381,"order_status":"COMPLETE"}
{"order_customer_id":82,"order_id":7382,"order_status":"PENDING_PAYMENT"}
{"order_customer_id":9845,"order_id":7383,"order_status":"PROCESSING"}
{"order_customer_id":1502,"order_id":7384,"order_status":"PAYMENT_REVIEW"}
{"order_customer_id":4619,"order_id":7385,"order_status":"PENDING"}
{"order_customer_id":7956,"order_id":7386,"order_status":"PENDING_PAYMENT"}
{"order_customer_id":3716,"order_id":7387,"order_status":"PENDING_PAYMENT"}
{"order_customer_id":5418,"order_id":7388,"order_status":"COMPLETE"}
{"order_customer_id":2229,"order_id":7389,"order_status":"COMPLETE"}
{"order_customer_id":5491,"order_id":7390,"order_status":"PENDING_PAYMENT"}
{"order_customer_id":2235,"order_id":7391,"order_status":"CLOSED"}
{"order_customer_id":6848,"order_id":7392,"order_status":"PENDING_PAYMENT"}
{"order_customer_id":11000,"order_id":7393,"order_status":"COMPLETE"}
{"order_customer_id":4250,"order_id":7394,"order_status":"COMPLETE"}
{"order_customer_id":2181,"order_id":7395,"order_status":"CLOSED"}
{"order_customer_id":10866,"order_id":7396,"order_status":"COMPLETE"}
{"order_customer_id":10672,"order_id":7397,"order_status":"PENDING_PAYMENT"}
{"order_customer_id":8187,"order_id":7398,"order_status":"CANCELED"}
{"order_customer_id":10946,"order_id":7399,"order_status":"PENDING"}
{"order_customer_id":3742,"order_id":7400,"order_status":"PENDING_PAYMENT"}
{"order_customer_id":9447,"order_id":7401,"order_status":"CLOSED"}
{"order_customer_id":9901,"order_id":7402,"order_status":"PROCESSING"}
{"order_customer_id":9831,"order_id":7403,"order_status":"PAYMENT_REVIEW"}
{"order_customer_id":5890,"order_id":7404,"order_status":"PROCESSING"}
{"order_customer_id":7607,"order_id":7405,"order_status":"COMPLETE"}
{"order_customer_id":10127,"order_id":7406,"order_status":"CLOSED"}
{"order_customer_id":799,"order_id":7407,"order_status":"PROCESSING"}
{"order_customer_id":9843,"order_id":7408,"order_status":"PENDING"}
{"order_customer_id":8217,"order_id":7409,"order_status":"SUSPECTED_FRAUD"}
{"order_customer_id":7229,"order_id":7410,"order_status":"COMPLETE"}
{"order_customer_id":2200,"order_id":7411,"order_status":"PROCESSING"}
{"order_customer_id":5446,"order_id":7412,"order_status":"ON_HOLD"}
{"order_customer_id":5921,"order_id":7413,"order_status":"SUSPECTED_FRAUD"}
{"order_customer_id":8961,"order_id":7414,"order_status":"CLOSED"}
{"order_customer_id":10580,"order_id":7415,"order_status":"PENDING"}
{"order_customer_id":6222,"order_id":7416,"order_status":"CLOSED"}
{"order_customer_id":11138,"order_id":7417,"order_status":"COMPLETE"}
{"order_customer_id":11549,"order_id":7418,"order_status":"CLOSED"}
{"order_customer_id":1254,"order_id":7419,"order_status":"PROCESSING"}
{"order_customer_id":10326,"order_id":7420,"order_status":"PENDING_PAYMENT"}
{"order_customer_id":8814,"order_id":7421,"order_status":"PENDING_PAYMENT"}
{"order_customer_id":420,"order_id":7422,"order_status":"PROCESSING"}
{"order_customer_id":7217,"order_id":7423,"order_status":"CLOSED"}
{"order_customer_id":1745,"order_id":7424,"order_status":"CLOSED"}
{"order_customer_id":7028,"order_id":7425,"order_status":"PENDING_PAYMENT"}
{"order_customer_id":8789,"order_id":7426,"order_status":"PROCESSING"}
{"order_customer_id":10613,"order_id":7427,"order_status":"PENDING_PAYMENT"}
{"order_customer_id":2829,"order_id":7428,"order_status":"ON_HOLD"}
{"order_customer_id":11542,"order_id":7429,"order_status":"PAYMENT_REVIEW"}
{"order_customer_id":4817,"order_id":7430,"order_status":"COMPLETE"}
{"order_customer_id":317,"order_id":7431,"order_status":"PENDING"}
{"order_customer_id":2696,"order_id":7432,"order_status":"CLOSED"}
{"order_customer_id":8231,"order_id":7433,"order_status":"ON_HOLD"}
{"order_customer_id":8403,"order_id":7434,"order_status":"COMPLETE"}
{"order_customer_id":271,"order_id":7435,"order_status":"COMPLETE"}
{"order_customer_id":10059,"order_id":7436,"order_status":"COMPLETE"}
{"order_customer_id":849,"order_id":7437,"order_status":"COMPLETE"}
{"order_customer_id":12044,"order_id":7438,"order_status":"PROCESSING"}
{"order_customer_id":9515,"order_id":7439,"order_status":"COMPLETE"}
{"order_customer_id":6660,"order_id":7440,"order_status":"COMPLETE"}
{"order_customer_id":8588,"order_id":7441,"order_status":"COMPLETE"}
{"order_customer_id":10316,"order_id":7442,"order_status":"CLOSED"}
{"order_customer_id":1658,"order_id":7443,"order_status":"PENDING"}
{"order_customer_id":1508,"order_id":7444,"order_status":"COMPLETE"}
{"order_customer_id":9937,"order_id":7445,"order_status":"COMPLETE"}
{"order_customer_id":1326,"order_id":7446,"order_status":"CLOSED"}
{"order_customer_id":6564,"order_id":7447,"order_status":"CLOSED"}
{"order_customer_id":8648,"order_id":7448,"order_status":"PENDING_PAYMENT"}
{"order_customer_id":3717,"order_id":7449,"order_status":"ON_HOLD"}
{"order_customer_id":11373,"order_id":7450,"order_status":"PROCESSING"}
{"order_customer_id":6970,"order_id":7451,"order_status":"COMPLETE"}
{"order_customer_id":6214,"order_id":7452,"order_status":"PENDING"}
{"order_customer_id":4764,"order_id":7453,"order_status":"PROCESSING"}
{"order_customer_id":1363,"order_id":7454,"order_status":"CANCELED"}
{"order_customer_id":5908,"order_id":7455,"order_status":"COMPLETE"}
{"order_customer_id":5017,"order_id":7456,"order_status":"PENDING"}
{"order_customer_id":2814,"order_id":7457,"order_status":"COMPLETE"}
{"order_customer_id":763,"order_id":7458,"order_status":"PENDING_PAYMENT"}
{"order_customer_id":4438,"order_id":7459,"order_status":"PENDING"}
{"order_customer_id":4835,"order_id":7460,"order_status":"PENDING_PAYMENT"}
{"order_customer_id":8085,"order_id":7461,"order_status":"PENDING_PAYMENT"}
{"order_customer_id":3544,"order_id":7462,"order_status":"PENDING_PAYMENT"}
{"order_customer_id":3152,"order_id":7463,"order_status":"PENDING_PAYMENT"}
{"order_customer_id":8720,"order_id":7464,"order_status":"PENDING_PAYMENT"}
{"order_customer_id":8353,"order_id":7465,"order_status":"PENDING"}
{"order_customer_id":5560,"order_id":7466,"order_status":"PAYMENT_REVIEW"}
{"order_customer_id":450,"order_id":7467,"order_status":"ON_HOLD"}
{"order_customer_id":7128,"order_id":7468,"order_status":"PENDING_PAYMENT"}
{"order_customer_id":2803,"order_id":7469,"order_status":"PENDING_PAYMENT"}
{"order_customer_id":1675,"order_id":7470,"order_status":"PENDING_PAYMENT"}
{"order_customer_id":709,"order_id":7471,"order_status":"CANCELED"}
{"order_customer_id":12068,"order_id":7472,"order_status":"ON_HOLD"}
{"order_customer_id":1059,"order_id":7473,"order_status":"PENDING_PAYMENT"}
{"order_customer_id":5207,"order_id":7474,"order_status":"PROCESSING"}
{"order_customer_id":929,"order_id":7475,"order_status":"COMPLETE"}
{"order_customer_id":6323,"order_id":7476,"order_status":"COMPLETE"}
{"order_customer_id":1491,"order_id":7477,"order_status":"PENDING_PAYMENT"}
{"order_customer_id":5190,"order_id":7478,"order_status":"COMPLETE"}
{"order_customer_id":5276,"order_id":7479,"order_status":"COMPLETE"}
{"order_customer_id":1197,"order_id":7480,"order_status":"COMPLETE"}
{"order_customer_id":2650,"order_id":7481,"order_status":"SUSPECTED_FRAUD"}
{"order_customer_id":4907,"order_id":7482,"order_status":"COMPLETE"}
{"order_customer_id":3696,"order_id":7483,"order_status":"ON_HOLD"}
{"order_customer_id":12360,"order_id":7484,"order_status":"PROCESSING"}
{"order_customer_id":6,"order_id":7485,"order_status":"PROCESSING"}
{"order_customer_id":4079,"order_id":7486,"order_status":"COMPLETE"}
{"order_customer_id":6886,"order_id":7487,"order_status":"PENDING_PAYMENT"}
{"order_customer_id":9897,"order_id":7488,"order_status":"COMPLETE"}
{"order_customer_id":5164,"order_id":7489,"order_status":"COMPLETE"}
{"order_customer_id":5754,"order_id":7490,"order_status":"PENDING"}
{"order_customer_id":6892,"order_id":7491,"order_status":"CANCELED"}
{"order_customer_id":10791,"order_id":7492,"order_status":"COMPLETE"}
{"order_customer_id":7919,"order_id":7493,"order_status":"ON_HOLD"}
{"order_customer_id":5166,"order_id":7494,"order_status":"CLOSED"}
{"order_customer_id":1046,"order_id":7495,"order_status":"COMPLETE"}
{"order_customer_id":3900,"order_id":7496,"order_status":"PENDING_PAYMENT"}
{"order_customer_id":4627,"order_id":7497,"order_status":"PENDING_PAYMENT"}
{"order_customer_id":3296,"order_id":7498,"order_status":"CLOSED"}
{"order_customer_id":7804,"order_id":7499,"order_status":"PENDING_PAYMENT"}
{"order_customer_id":9048,"order_id":7500,"order_status":"COMPLETE"}
{"order_customer_id":3425,"order_id":7501,"order_status":"CLOSED"}
{"order_customer_id":7445,"order_id":7502,"order_status":"CLOSED"}
{"order_customer_id":11385,"order_id":7503,"order_status":"COMPLETE"}
{"order_customer_id":4971,"order_id":7504,"order_status":"COMPLETE"}
{"order_customer_id":4696,"order_id":7505,"order_status":"PAYMENT_REVIEW"}
{"order_customer_id":8078,"order_id":7506,"order_status":"COMPLETE"}
{"order_customer_id":2958,"order_id":7507,"order_status":"PENDING_PAYMENT"}
{"order_customer_id":1393,"order_id":7508,"order_status":"PENDING_PAYMENT"}
{"order_customer_id":6137,"order_id":7509,"order_status":"COMPLETE"}
{"order_customer_id":4933,"order_id":7510,"order_status":"PROCESSING"}
{"order_customer_id":6861,"order_id":7511,"order_status":"PENDING_PAYMENT"}
{"order_customer_id":10954,"order_id":7512,"order_status":"COMPLETE"}
{"order_customer_id":2403,"order_id":7513,"order_status":"CLOSED"}
{"order_customer_id":9603,"order_id":7514,"order_status":"PROCESSING"}
{"order_customer_id":314,"order_id":7515,"order_status":"PENDING"}
{"order_customer_id":11148,"order_id":7516,"order_status":"PAYMENT_REVIEW"}
{"order_customer_id":7926,"order_id":7517,"order_status":"COMPLETE"}
{"order_customer_id":9077,"order_id":7518,"order_status":"PENDING_PAYMENT"}
{"order_customer_id":1813,"order_id":7519,"order_status":"ON_HOLD"}
{"order_customer_id":1890,"order_id":7520,"order_status":"CLOSED"}
{"order_customer_id":5403,"order_id":7521,"order_status":"PROCESSING"}
{"order_customer_id":9347,"order_id":7522,"order_status":"ON_HOLD"}
{"order_customer_id":5752,"order_id":7523,"order_status":"PENDING_PAYMENT"}
{"order_customer_id":11249,"order_id":7524,"order_status":"ON_HOLD"}
{"order_customer_id":3476,"order_id":7525,"order_status":"PENDING"}
{"order_customer_id":6310,"order_id":7526,"order_status":"PROCESSING"}
{"order_customer_id":502,"order_id":7527,"order_status":"PENDING_PAYMENT"}
{"order_customer_id":5599,"order_id":7528,"order_status":"PROCESSING"}
{"order_customer_id":10296,"order_id":7529,"order_status":"COMPLETE"}
{"order_customer_id":214,"order_id":7530,"order_status":"PROCESSING"}
{"order_customer_id":9113,"order_id":7531,"order_status":"CLOSED"}
{"order_customer_id":11793,"order_id":7532,"order_status":"ON_HOLD"}
{"order_customer_id":936,"order_id":7533,"order_status":"PENDING_PAYMENT"}
{"order_customer_id":10741,"order_id":7534,"order_status":"SUSPECTED_FRAUD"}
{"order_customer_id":4093,"order_id":7535,"order_status":"COMPLETE"}
{"order_customer_id":9754,"order_id":7536,"order_status":"PROCESSING"}
{"order_customer_id":11142,"order_id":7537,"order_status":"CLOSED"}
{"order_customer_id":10129,"order_id":7538,"order_status":"COMPLETE"}
{"order_customer_id":1352,"order_id":7539,"order_status":"COMPLETE"}
{"order_customer_id":71,"order_id":7540,"order_status":"PROCESSING"}
{"order_customer_id":4487,"order_id":7541,"order_status":"PROCESSING"}
{"order_customer_id":4400,"order_id":7542,"order_status":"PENDING_PAYMENT"}
{"order_customer_id":9506,"order_id":7543,"order_status":"COMPLETE"}
{"order_customer_id":9904,"order_id":7544,"order_status":"PENDING"}
{"order_customer_id":203,"order_id":7545,"order_status":"PENDING_PAYMENT"}
{"order_customer_id":6202,"order_id":7546,"order_status":"COMPLETE"}
{"order_customer_id":12107,"order_id":7547,"order_status":"COMPLETE"}
{"order_customer_id":8654,"order_id":7548,"order_status":"COMPLETE"}
{"order_customer_id":1106,"order_id":7549,"order_status":"COMPLETE"}
{"order_customer_id":8386,"order_id":7550,"order_status":"COMPLETE"}
{"order_customer_id":6521,"order_id":7551,"order_status":"COMPLETE"}
{"order_customer_id":11352,"order_id":7552,"order_status":"PENDING_PAYMENT"}
{"order_customer_id":4489,"order_id":7553,"order_status":"COMPLETE"}
{"order_customer_id":5080,"order_id":7554,"order_status":"COMPLETE"}
{"order_customer_id":2119,"order_id":7555,"order_status":"PENDING_PAYMENT"}
{"order_customer_id":11891,"order_id":7556,"order_status":"PENDING_PAYMENT"}
{"order_customer_id":8179,"order_id":7557,"order_status":"COMPLETE"}
{"order_customer_id":9732,"order_id":7558,"order_status":"PENDING_PAYMENT"}
{"order_customer_id":11738,"order_id":7559,"order_status":"PENDING"}
{"order_customer_id":12145,"order_id":7560,"order_status":"COMPLETE"}
{"order_customer_id":11662,"order_id":7561,"order_status":"ON_HOLD"}
{"order_customer_id":7339,"order_id":7562,"order_status":"PENDING"}
{"order_customer_id":2025,"order_id":7563,"order_status":"PENDING_PAYMENT"}
{"order_customer_id":8648,"order_id":7564,"order_status":"CLOSED"}
{"order_customer_id":1117,"order_id":7565,"order_status":"ON_HOLD"}
{"order_customer_id":112,"order_id":7566,"order_status":"CLOSED"}
{"order_customer_id":5429,"order_id":7567,"order_status":"PROCESSING"}
{"order_customer_id":8253,"order_id":7568,"order_status":"COMPLETE"}
{"order_customer_id":10671,"order_id":7569,"order_status":"PENDING_PAYMENT"}
{"order_customer_id":8562,"order_id":7570,"order_status":"COMPLETE"}
{"order_customer_id":9422,"order_id":7571,"order_status":"COMPLETE"}
{"order_customer_id":9576,"order_id":7572,"order_status":"PROCESSING"}
{"order_customer_id":10180,"order_id":7573,"order_status":"ON_HOLD"}
{"order_customer_id":8193,"order_id":7574,"order_status":"PENDING_PAYMENT"}
{"order_customer_id":7493,"order_id":7575,"order_status":"COMPLETE"}
{"order_customer_id":4931,"order_id":7576,"order_status":"PENDING_PAYMENT"}
{"order_customer_id":11979,"order_id":7577,"order_status":"CLOSED"}
{"order_customer_id":9095,"order_id":7578,"order_status":"PENDING_PAYMENT"}
{"order_customer_id":2150,"order_id":7579,"order_status":"COMPLETE"}
{"order_customer_id":1940,"order_id":7580,"order_status":"PENDING"}
{"order_customer_id":6992,"order_id":7581,"order_status":"PENDING_PAYMENT"}
{"order_customer_id":8573,"order_id":7582,"order_status":"COMPLETE"}
{"order_customer_id":8226,"order_id":7583,"order_status":"PENDING"}
{"order_customer_id":1993,"order_id":7584,"order_status":"PENDING_PAYMENT"}
{"order_customer_id":558,"order_id":7585,"order_status":"PENDING"}
{"order_customer_id":7369,"order_id":7586,"order_status":"PENDING_PAYMENT"}
{"order_customer_id":10689,"order_id":7587,"order_status":"PENDING_PAYMENT"}
{"order_customer_id":2472,"order_id":7588,"order_status":"COMPLETE"}
{"order_customer_id":739,"order_id":7589,"order_status":"COMPLETE"}
{"order_customer_id":1617,"order_id":7590,"order_status":"COMPLETE"}
{"order_customer_id":7059,"order_id":7591,"order_status":"COMPLETE"}
{"order_customer_id":7617,"order_id":7592,"order_status":"PENDING_PAYMENT"}
{"order_customer_id":11272,"order_id":7593,"order_status":"COMPLETE"}
{"order_customer_id":10927,"order_id":7594,"order_status":"PENDING_PAYMENT"}
{"order_customer_id":2970,"order_id":7595,"order_status":"PROCESSING"}
{"order_customer_id":7979,"order_id":7596,"order_status":"PROCESSING"}
{"order_customer_id":290,"order_id":58947,"order_status":"PROCESSING"}
{"order_customer_id":9988,"order_id":58948,"order_status":"COMPLETE"}
{"order_customer_id":226,"order_id":58949,"order_status":"PENDING_PAYMENT"}
{"order_customer_id":3796,"order_id":58950,"order_status":"PENDING"}
{"order_customer_id":8467,"order_id":58951,"order_status":"CLOSED"}
{"order_customer_id":3963,"order_id":58952,"order_status":"PENDING_PAYMENT"}
{"order_customer_id":9308,"order_id":58953,"order_status":"PENDING_PAYMENT"}
{"order_customer_id":4634,"order_id":58954,"order_status":"COMPLETE"}
{"order_customer_id":6429,"order_id":58955,"order_status":"COMPLETE"}
{"order_customer_id":3280,"order_id":58956,"order_status":"PENDING"}
{"order_customer_id":3085,"order_id":58957,"order_status":"PENDING_PAYMENT"}
{"order_customer_id":313,"order_id":58958,"order_status":"PENDING_PAYMENT"}
{"order_customer_id":7062,"order_id":58959,"order_status":"PENDING_PAYMENT"}
{"order_customer_id":2570,"order_id":58960,"order_status":"CLOSED"}
{"order_customer_id":1417,"order_id":58961,"order_status":"COMPLETE"}
{"order_customer_id":4747,"order_id":58962,"order_status":"PENDING_PAYMENT"}
{"order_customer_id":10320,"order_id":58963,"order_status":"PENDING_PAYMENT"}
{"order_customer_id":8457,"order_id":58964,"order_status":"CLOSED"}
{"order_customer_id":11844,"order_id":58965,"order_status":"PENDING_PAYMENT"}
{"order_customer_id":5175,"order_id":58966,"order_status":"CANCELED"}
{"order_customer_id":3257,"order_id":58967,"order_status":"COMPLETE"}
{"order_customer_id":5445,"order_id":58968,"order_status":"COMPLETE"}
{"order_customer_id":8225,"order_id":67596,"order_status":"PENDING_PAYMENT"}
{"order_customer_id":12034,"order_id":68715,"order_status":"PENDING_PAYMENT"}
