{"order_customer_id":8103,"order_id":1077,"order_status":"COMPLETE"}
{"order_customer_id":9303,"order_id":1078,"order_status":"CLOSED"}
{"order_customer_id":10348,"order_id":1079,"order_status":"PENDING_PAYMENT"}
{"order_customer_id":8212,"order_id":1080,"order_status":"PENDING"}
{"order_customer_id":2932,"order_id":1081,"order_status":"COMPLETE"}
{"order_customer_id":6078,"order_id":1082,"order_status":"PENDING_PAYMENT"}
{"order_customer_id":3957,"order_id":1083,"order_status":"SUSPECTED_FRAUD"}
{"order_customer_id":6607,"order_id":1084,"order_status":"PENDING_PAYMENT"}
{"order_customer_id":6318,"order_id":1085,"order_status":"PROCESSING"}
{"order_customer_id":7236,"order_id":1086,"order_status":"PROCESSING"}
{"order_customer_id":2613,"order_id":1087,"order_status":"CLOSED"}
{"order_customer_id":11139,"order_id":1088,"order_status":"PENDING_PAYMENT"}
{"order_customer_id":2298,"order_id":1089,"order_status":"PENDING_PAYMENT"}
{"order_customer_id":9940,"order_id":1090,"order_status":"PROCESSING"}
{"order_customer_id":7042,"order_id":1091,"order_status":"COMPLETE"}
{"order_customer_id":1372,"order_id":1092,"order_status":"PROCESSING"}
{"order_customer_id":9763,"order_id":1093,"order_status":"PENDING_PAYMENT"}
{"order_customer_id":6443,"order_id":1094,"order_status":"PENDING"}
{"order_customer_id":6590,"order_id":1095,"order_status":"PENDING_PAYMENT"}
{"order_customer_id":458,"order_id":1096,"order_status":"COMPLETE"}
{"order_customer_id":1030,"order_id":1097,"order_status":"COMPLETE"}
{"order_customer_id":11983,"order_id":1098,"order_status":"COMPLETE"}
{"order_customer_id":2653,"order_id":1099,"order_status":"COMPLETE"}
{"order_customer_id":2850,"order_id":1100,"order_status":"SUSPECTED_FRAUD"}
{"order_customer_id":11858,"order_id":1101,"order_status":"PENDING_PAYMENT"}
{"order_customer_id":1279,"order_id":1102,"order_status":"PROCESSING"}
{"order_customer_id":10519,"order_id":1103,"order_status":"PROCESSING"}
{"order_customer_id":10883,"order_id":1104,"order_status":"PENDING_PAYMENT"}
{"order_customer_id":9760,"order_id":1105,"order_status":"PROCESSING"}
{"order_customer_id":2106,"order_id":1106,"order_status":"COMPLETE"}
{"order_customer_id":3083,"order_id":1107,"order_status":"PROCESSING"}
{"order_customer_id":7700,"order_id":1108,"order_status":"PROCESSING"}
{"order_customer_id":10029,"order_id":1109,"order_status":"PENDING_PAYMENT"}
{"order_customer_id":4786,"order_id":1110,"order_status":"PENDING"}
{"order_customer_id":225,"order_id":1111,"order_status":"COMPLETE"}
{"order_customer_id":7877,"order_id":1112,"order_status":"COMPLETE"}
{"order_customer_id":6237,"order_id":1113,"order_status":"CLOSED"}
{"order_customer_id":1228,"order_id":1114,"order_status":"PENDING"}
{"order_customer_id":12113,"order_id":1115,"order_status":"PENDING_PAYMENT"}
{"order_customer_id":4383,"order_id":1116,"order_status":"PENDING_PAYMENT"}
{"order_customer_id":11352,"order_id":1117,"order_status":"SUSPECTED_FRAUD"}
{"order_customer_id":7903,"order_id":1118,"order_status":"PENDING_PAYMENT"}
{"order_customer_id":2267,"order_id":1119,"order_status":"COMPLETE"}
{"order_customer_id":6515,"order_id":1120,"order_status":"PENDING_PAYMENT"}
{"order_customer_id":423,"order_id":1121,"order_status":"PENDING_PAYMENT"}
{"order_customer_id":10235,"order_id":1122,"order_status":"PENDING"}
{"order_customer_id":2311,"order_id":1123,"order_status":"PENDING_PAYMENT"}
{"order_customer_id":3703,"order_id":1124,"order_status":"ON_HOLD"}
{"order_customer_id":7287,"order_id":1125,"order_status":"COMPLETE"}
{"order_customer_id":6649,"order_id":1126,"order_status":"COMPLETE"}
{"order_customer_id":1069,"order_id":1127,"order_status":"ON_HOLD"}
{"order_customer_id":1498,"order_id":1128,"order_status":"COMPLETE"}
{"order_customer_id":5367,"order_id":1129,"order_status":"PENDING_PAYMENT"}
{"order_customer_id":6983,"order_id":1130,"order_status":"PENDING"}
{"order_customer_id":5533,"order_id":1131,"order_status":"PROCESSING"}
{"order_customer_id":8386,"order_id":1132,"order_status":"COMPLETE"}
{"order_customer_id":5937,"order_id":1133,"order_status":"PROCESSING"}
{"order_customer_id":4181,"order_id":1134,"order_status":"COMPLETE"}
{"order_customer_id":5359,"order_id":1135,"order_status":"COMPLETE"}
{"order_customer_id":808,"order_id":1136,"order_status":"CLOSED"}
{"order_customer_id":9735,"order_id":1137,"order_status":"PROCESSING"}
{"order_customer_id":10777,"order_id":1138,"order_status":"COMPLETE"}
{"order_customer_id":3786,"order_id":1139,"order_status":"CLOSED"}
{"order_customer_id":1073,"order_id":1140,"order_status":"CLOSED"}
{"order_customer_id":11825,"order_id":1141,"order_status":"CLOSED"}
{"order_customer_id":10885,"order_id":1142,"order_status":"PENDING_PAYMENT"}
{"order_customer_id":9715,"order_id":1143,"order_status":"COMPLETE"}
{"order_customer_id":61,"order_id":1144,"order_status":"SUSPECTED_FRAUD"}
{"order_customer_id":3381,"order_id":1145,"order_status":"PENDING"}
{"order_customer_id":4044,"order_id":1146,"order_status":"COMPLETE"}
{"order_customer_id":5182,"order_id":1147,"order_status":"CLOSED"}
{"order_customer_id":6596,"order_id":1148,"order_status":"COMPLETE"}
{"order_customer_id":8767,"order_id":1149,"order_status":"COMPLETE"}
{"order_customer_id":2826,"order_id":1150,"order_status":"PENDING"}
{"order_customer_id":6022,"order_id":1151,"order_status":"PENDING_PAYMENT"}
{"order_customer_id":11725,"order_id":1152,"order_status":"PENDING_PAYMENT"}
{"order_customer_id":712,"order_id":1153,"order_status":"PENDING"}
{"order_customer_id":3554,"order_id":1154,"order_status":"COMPLETE"}
{"order_customer_id":12066,"order_id":1155,"order_status":"PENDING_PAYMENT"}
{"order_customer_id":4725,"order_id":1156,"order_status":"CLOSED"}
{"order_customer_id":7952,"order_id":1157,"order_status":"PENDING_PAYMENT"}
{"order_customer_id":7762,"order_id":1158,"order_status":"PAYMENT_REVIEW"}
{"order_customer_id":9619,"order_id":1159,"order_status":"ON_HOLD"}
{"order_customer_id":1498,"order_id":1160,"order_status":"CLOSED"}
{"order_customer_id":1657,"order_id":1161,"order_status":"PENDING_PAYMENT"}
{"order_customer_id":5195,"order_id":1162,"order_status":"COMPLETE"}
{"order_customer_id":965,"order_id":1163,"order_status":"COMPLETE"}
{"order_customer_id":7009,"order_id":1164,"order_status":"COMPLETE"}
{"order_customer_id":5885,"order_id":1165,"order_status":"COMPLETE"}
{"order_customer_id":8936,"order_id":1166,"order_status":"CLOSED"}
{"order_customer_id":1204,"order_id":1167,"order_status":"ON_HOLD"}
{"order_customer_id":61,"order_id":1168,"order_status":"PENDING_PAYMENT"}
{"order_customer_id":3971,"order_id":1169,"order_status":"CANCELED"}
{"order_customer_id":593,"order_id":1170,"order_status":"PENDING"}
{"order_customer_id":6798,"order_id":1171,"order_status":"PENDING_PAYMENT"}
{"order_customer_id":3137,"order_id":1172,"order_status":"PENDING"}
{"order_customer_id":5645,"order_id":1173,"order_status":"COMPLETE"}
{"order_customer_id":8290,"order_id":1174,"order_status":"COMPLETE"}
{"order_customer_id":1330,"order_id":1175,"order_status":"COMPLETE"}
{"order_customer_id":10952,"order_id":1176,"order_status":"COMPLETE"}
{"order_customer_id":9712,"order_id":1177,"order_status":"CLOSED"}
{"order_customer_id":10513,"order_id":1178,"order_status":"CLOSED"}
{"order_customer_id":3326,"order_id":1179,"order_status":"PENDING_PAYMENT"}
{"order_customer_id":7061,"order_id":1180,"order_status":"CLOSED"}
{"order_customer_id":5491,"order_id":1181,"order_status":"PENDING_PAYMENT"}
{"order_customer_id":6438,"order_id":1182,"order_status":"COMPLETE"}
{"order_customer_id":11732,"order_id":1183,"order_status":"PROCESSING"}
{"order_customer_id":5580,"order_id":1184,"order_status":"PENDING"}
{"order_customer_id":6153,"order_id":1185,"order_status":"CLOSED"}
{"order_customer_id":11947,"order_id":1186,"order_status":"CANCELED"}
{"order_customer_id":5813,"order_id":1187,"order_status":"ON_HOLD"}
{"order_customer_id":8957,"order_id":1188,"order_status":"COMPLETE"}
{"order_customer_id":10333,"order_id":1189,"order_status":"PENDING_PAYMENT"}
{"order_customer_id":12360,"order_id":1190,"order_status":"CANCELED"}
{"order_customer_id":3254,"order_id":1191,"order_status":"PENDING"}
{"order_customer_id":1402,"order_id":1192,"order_status":"PROCESSING"}
{"order_customer_id":10106,"order_id":1193,"order_status":"PENDING_PAYMENT"}
{"order_customer_id":12161,"order_id":1194,"order_status":"ON_HOLD"}
{"order_customer_id":7703,"order_id":1195,"order_status":"PENDING_PAYMENT"}
{"order_customer_id":2737,"order_id":1196,"order_status":"COMPLETE"}
{"order_customer_id":5003,"order_id":1197,"order_status":"COMPLETE"}
{"order_customer_id":182,"order_id":1198,"order_status":"PENDING"}
{"order_customer_id":244,"order_id":1199,"order_status":"PENDING_PAYMENT"}
{"order_customer_id":11994,"order_id":1200,"order_status":"COMPLETE"}
{"order_customer_id":6343,"order_id":1201,"order_status":"SUSPECTED_FRAUD"}
{"order_customer_id":883,"order_id":1202,"order_status":"CLOSED"}
{"order_customer_id":2447,"order_id":1203,"order_status":"COMPLETE"}
{"order_customer_id":731,"order_id":1204,"order_status":"PENDING_PAYMENT"}
{"order_customer_id":11907,"order_id":1205,"order_status":"COMPLETE"}
{"order_customer_id":6083,"order_id":1206,"order_status":"COMPLETE"}
{"order_customer_id":54,"order_id":1207,"order_status":"SUSPECTED_FRAUD"}
{"order_customer_id":12117,"order_id":1208,"order_status":"CLOSED"}
{"order_customer_id":2398,"order_id":1209,"order_status":"PENDING_PAYMENT"}
{"order_customer_id":6014,"order_id":1210,"order_status":"CLOSED"}
{"order_customer_id":10929,"order_id":1211,"order_status":"PENDING"}
{"order_customer_id":4100,"order_id":1212,"order_status":"PENDING"}
{"order_customer_id":9250,"order_id":1213,"order_status":"CLOSED"}
{"order_customer_id":7892,"order_id":1214,"order_status":"ON_HOLD"}
{"order_customer_id":2660,"order_id":1215,"order_status":"COMPLETE"}
{"order_customer_id":2846,"order_id":1216,"order_status":"ON_HOLD"}
{"order_customer_id":5328,"order_id":1217,"order_status":"COMPLETE"}
{"order_customer_id":4469,"order_id":1218,"order_status":"PENDING"}
{"order_customer_id":6728,"order_id":1219,"order_status":"PENDING_PAYMENT"}
{"order_customer_id":2944,"order_id":1220,"order_status":"ON_HOLD"}
{"order_customer_id":12032,"order_id":1221,"order_status":"PROCESSING"}
{"order_customer_id":6617,"order_id":1222,"order_status":"PENDING_PAYMENT"}
{"order_customer_id":7981,"order_id":1223,"order_status":"COMPLETE"}
{"order_customer_id":8781,"order_id":1224,"order_status":"PENDING_PAYMENT"}
{"order_customer_id":665,"order_id":1225,"order_status":"COMPLETE"}
{"order_customer_id":9643,"order_id":1226,"order_status":"COMPLETE"}
{"order_customer_id":8836,"order_id":1227,"order_status":"PENDING_PAYMENT"}
{"order_customer_id":10103,"order_id":1228,"order_status":"PENDING"}
{"order_customer_id":7822,"order_id":1229,"order_status":"PENDING_PAYMENT"}
{"order_customer_id":11855,"order_id":1230,"order_status":"COMPLETE"}
{"order_customer_id":987,"order_id":1231,"order_status":"PROCESSING"}
{"order_customer_id":11433,"order_id":1232,"order_status":"PENDING"}
{"order_customer_id":3184,"order_id":1233,"order_status":"ON_HOLD"}
{"order_customer_id":7639,"order_id":1234,"order_status":"PENDING"}
{"order_customer_id":11033,"order_id":1235,"order_status":"PENDING"}
{"order_customer_id":1835,"order_id":1236,"order_status":"CLOSED"}
{"order_customer_id":71,"order_id":1237,"order_status":"PENDING_PAYMENT"}
{"order_customer_id":2610,"order_id":1238,"order_status":"COMPLETE"}
{"order_customer_id":5397,"order_id":1239,"order_status":"PROCESSING"}
{"order_customer_id":749,"order_id":1240,"order_status":"COMPLETE"}
{"order_customer_id":7430,"order_id":1241,"order_status":"COMPLETE"}
{"order_customer_id":9807,"order_id":1242,"order_status":"PENDING_PAYMENT"}
{"order_customer_id":4434,"order_id":1243,"order_status":"PROCESSING"}
{"order_customer_id":10480,"order_id":1244,"order_status":"COMPLETE"}
{"order_customer_id":2686,"order_id":1245,"order_status":"PENDING_PAYMENT"}
{"order_customer_id":9098,"order_id":1246,"order_status":"COMPLETE"}
{"order_customer_id":10436,"order_id":1247,"order_status":"COMPLETE"}
{"order_customer_id":6952,"order_id":1248,"order_status":"PENDING_PAYMENT"}
{"order_customer_id":4014,"order_id":1249,"order_status":"PENDING_PAYMENT"}
{"order_customer_id":6845,"order_id":1250,"order_status":"COMPLETE"}
{"order_customer_id":11689,"order_id":1251,"order_status":"COMPLETE"}
{"order_customer_id":10504,"order_id":1252,"order_status":"PENDING"}
{"order_customer_id":5633,"order_id":1253,"order_status":"COMPLETE"}
{"order_customer_id":1729,"order_id":1254,"order_status":"COMPLETE"}
{"order_customer_id":8929,"order_id":1255,"order_status":"COMPLETE"}
{"order_customer_id":1834,"order_id":1256,"order_status":"PENDING_PAYMENT"}
{"order_customer_id":2255,"order_id":1257,"order_status":"PENDING"}
{"order_customer_id":7958,"order_id":1258,"order_status":"ON_HOLD"}
{"order_customer_id":2414,"order_id":1259,"order_status":"PENDING"}
{"order_customer_id":9123,"order_id":1260,"order_status":"PENDING"}
{"order_customer_id":11960,"order_id":1261,"order_status":"PROCESSING"}
{"order_customer_id":2972,"order_id":1262,"order_status":"COMPLETE"}
{"order_customer_id":1174,"order_id":1263,"order_status":"PROCESSING"}
{"order_customer_id":6474,"order_id":1264,"order_status":"PENDING_PAYMENT"}
{"order_customer_id":8982,"order_id":1265,"order_status":"COMPLETE"}
{"order_customer_id":10850,"order_id":1266,"order_status":"ON_HOLD"}
{"order_customer_id":1147,"order_id":1267,"order_status":"COMPLETE"}
{"order_customer_id":12018,"order_id":1268,"order_status":"ON_HOLD"}
{"order_customer_id":8069,"order_id":1269,"order_status":"COMPLETE"}
{"order_customer_id":6909,"order_id":1270,"order_status":"ON_HOLD"}
{"order_customer_id":10095,"order_id":1271,"order_status":"PROCESSING"}
{"order_customer_id":3127,"order_id":1272,"order_status":"PENDING_PAYMENT"}
{"order_customer_id":3322,"order_id":1273,"order_status":"COMPLETE"}
{"order_customer_id":5511,"order_id":1274,"order_status":"COMPLETE"}
{"order_customer_id":8091,"order_id":1275,"order_status":"CLOSED"}
{"order_customer_id":4202,"order_id":1276,"order_status":"PENDING_PAYMENT"}
{"order_customer_id":1939,"order_id":1277,"order_status":"COMPLETE"}
{"order_customer_id":3753,"order_id":1278,"order_status":"PENDING_PAYMENT"}
{"order_customer_id":4303,"order_id":1279,"order_status":"CLOSED"}
{"order_customer_id":5712,"order_id":1280,"order_status":"CLOSED"}
{"order_customer_id":10431,"order_id":1281,"order_status":"COMPLETE"}
{"order_customer_id":9392,"order_id":1282,"order_status":"PENDING_PAYMENT"}
{"order_customer_id":3951,"order_id":1283,"order_status":"CLOSED"}
{"order_customer_id":1750,"order_id":1284,"order_status":"ON_HOLD"}
{"order_customer_id":2543,"order_id":1285,"order_status":"PROCESSING"}
{"order_customer_id":8389,"order_id":1286,"order_status":"PENDING_PAYMENT"}
{"order_customer_id":2597,"order_id":1287,"order_status":"COMPLETE"}
{"order_customer_id":8482,"order_id":1288,"order_status":"PROCESSING"}
{"order_customer_id":11414,"order_id":1289,"order_status":"PROCESSING"}
{"order_customer_id":6742,"order_id":1290,"order_status":"PROCESSING"}
{"order_customer_id":704,"order_id":1291,"order_status":"COMPLETE"}
{"order_customer_id":11460,"order_id":1292,"order_status":"COMPLETE"}
{"order_customer_id":8351,"order_id":1293,"order_status":"PROCESSING"}
{"order_customer_id":7121,"order_id":1294,"order_status":"PENDING_PAYMENT"}
{"order_customer_id":611,"order_id":1295,"order_status":"CLOSED"}
{"order_customer_id":589,"order_id":1296,"order_status":"CLOSED"}
{"order_customer_id":8462,"order_id":57926,"order_status":"COMPLETE"}
{"order_customer_id":2760,"order_id":57927,"order_status":"PENDING"}
{"order_customer_id":7617,"order_id":57928,"order_status":"CLOSED"}
{"order_customer_id":7720,"order_id":57929,"order_status":"PROCESSING"}
{"order_customer_id":6954,"order_id":57930,"order_status":"COMPLETE"}
{"order_customer_id":12010,"order_id":57931,"order_status":"PENDING_PAYMENT"}
{"order_customer_id":7959,"order_id":57932,"order_status":"COMPLETE"}
{"order_customer_id":10847,"order_id":57933,"order_status":"COMPLETE"}
{"order_customer_id":3032,"order_id":57934,"order_status":"PENDING_PAYMENT"}
{"order_customer_id":1196,"order_id":57935,"order_status":"COMPLETE"}
{"order_customer_id":7658,"order_id":57936,"order_status":"COMPLETE"}
{"order_customer_id":11133,"order_id":57937,"order_status":"PENDING"}
{"order_customer_id":11210,"order_id":57938,"order_status":"PENDING_PAYMENT"}
{"order_customer_id":11814,"order_id":57939,"order_status":"COMPLETE"}
{"order_customer_id":8972,"order_id":57940,"order_status":"CLOSED"}
{"order_customer_id":2418,"order_id":57941,"order_status":"COMPLETE"}
{"order_customer_id":3095,"order_id":57942,"order_status":"PENDING_PAYMENT"}
{"order_customer_id":7198,"order_id":57943,"order_status":"PENDING"}
{"order_customer_id":7867,"order_id":57944,"order_status":"PENDING_PAYMENT"}
{"order_customer_id":2419,"order_id":57945,"order_status":"COMPLETE"}
{"order_customer_id":4226,"order_id":57946,"order_status":"PENDING_PAYMENT"}
{"order_customer_id":6569,"order_id":57947,"order_status":"COMPLETE"}
{"order_customer_id":3574,"order_id":57948,"order_status":"COMPLETE"}
{"order_customer_id":3158,"order_id":57949,"order_status":"PROCESSING"}
{"order_customer_id":12195,"order_id":57950,"order_status":"PROCESSING"}
{"order_customer_id":7983,"order_id":57951,"order_status":"PENDING_PAYMENT"}
{"order_customer_id":8434,"order_id":57952,"order_status":"PENDING_PAYMENT"}
{"order_customer_id":5570,"order_id":67443,"order_status":"COMPLETE"}
{"order_customer_id":1521,"order_id":67444,"order_status":"PENDING"}
{"order_customer_id":1175,"order_id":67445,"order_status":"PENDING_PAYMENT"}
{"order_customer_id":882,"order_id":67446,"order_status":"PENDING_PAYMENT"}
{"order_customer_id":5155,"order_id":68696,"order_status":"COMPLETE"}
