{"order_customer_id":816,"order_id":36675,"order_status":"ON_HOLD"}
{"order_customer_id":11945,"order_id":36676,"order_status":"COMPLETE"}
{"order_customer_id":5194,"order_id":36677,"order_status":"COMPLETE"}
{"order_customer_id":10350,"order_id":36678,"order_status":"PROCESSING"}
{"order_customer_id":669,"order_id":36679,"order_status":"COMPLETE"}
{"order_customer_id":7626,"order_id":36680,"order_status":"PENDING"}
{"order_customer_id":2305,"order_id":36681,"order_status":"PENDING"}
{"order_customer_id":4219,"order_id":36682,"order_status":"COMPLETE"}
{"order_customer_id":1094,"order_id":36683,"order_status":"PROCESSING"}
{"order_customer_id":272,"order_id":36684,"order_status":"PENDING_PAYMENT"}
{"order_customer_id":8650,"order_id":36685,"order_status":"SUSPECTED_FRAUD"}
{"order_customer_id":8839,"order_id":36686,"order_status":"COMPLETE"}
{"order_customer_id":8699,"order_id":36687,"order_status":"PENDING_PAYMENT"}
{"order_customer_id":10312,"order_id":36688,"order_status":"PENDING_PAYMENT"}
{"order_customer_id":4377,"order_id":36689,"order_status":"CLOSED"}
{"order_customer_id":3597,"order_id":36690,"order_status":"CLOSED"}
{"order_customer_id":1521,"order_id":36691,"order_status":"COMPLETE"}
{"order_customer_id":8410,"order_id":36692,"order_status":"PENDING_PAYMENT"}
{"order_customer_id":4464,"order_id":36693,"order_status":"PENDING_PAYMENT"}
{"order_customer_id":3053,"order_id":36694,"order_status":"COMPLETE"}
{"order_customer_id":10211,"order_id":36695,"order_status":"SUSPECTED_FRAUD"}
{"order_customer_id":3401,"order_id":36696,"order_status":"PROCESSING"}
{"order_customer_id":11688,"order_id":36697,"order_status":"CANCELED"}
{"order_customer_id":9542,"order_id":36698,"order_status":"CLOSED"}
{"order_customer_id":369,"order_id":36699,"order_status":"PENDING"}
{"order_customer_id":6098,"order_id":36700,"order_status":"PENDING"}
{"order_customer_id":4679,"order_id":36701,"order_status":"COMPLETE"}
{"order_customer_id":3468,"order_id":36702,"order_status":"PENDING_PAYMENT"}
{"order_customer_id":9596,"order_id":36703,"order_status":"ON_HOLD"}
{"order_customer_id":5302,"order_id":36704,"order_status":"PROCESSING"}
{"order_customer_id":11092,"order_id":36705,"order_status":"COMPLETE"}
{"order_customer_id":5019,"order_id":36706,"order_status":"COMPLETE"}
{"order_customer_id":1106,"order_id":36707,"order_status":"CLOSED"}
{"order_customer_id":7512,"order_id":36708,"order_status":"COMPLETE"}
{"order_customer_id":784,"order_id":36709,"order_status":"PENDING_PAYMENT"}
{"order_customer_id":3701,"order_id":36710,"order_status":"PENDING_PAYMENT"}
{"order_customer_id":3094,"order_id":36711,"order_status":"PENDING"}
{"order_customer_id":335,"order_id":36712,"order_status":"PENDING"}
{"order_customer_id":1511,"order_id":36713,"order_status":"PROCESSING"}
{"order_customer_id":4673,"order_id":36714,"order_status":"CLOSED"}
{"order_customer_id":7314,"order_id":36715,"order_status":"COMPLETE"}
{"order_customer_id":10258,"order_id":36716,"order_status":"COMPLETE"}
{"order_customer_id":6248,"order_id":36717,"order_status":"CANCELED"}
{"order_customer_id":12206,"order_id":36718,"order_status":"PENDING"}
{"order_customer_id":9662,"order_id":36719,"order_status":"COMPLETE"}
{"order_customer_id":12348,"order_id":36720,"order_status":"COMPLETE"}
{"order_customer_id":8757,"order_id":36721,"order_status":"PENDING_PAYMENT"}
{"order_customer_id":11199,"order_id":36722,"order_status":"PENDING"}
{"order_customer_id":2523,"order_id":36723,"order_status":"PENDING"}
{"order_customer_id":8609,"order_id":36724,"order_status":"PENDING"}
{"order_customer_id":6758,"order_id":36725,"order_status":"CLOSED"}
{"order_customer_id":2705,"order_id":36726,"order_status":"PROCESSING"}
{"order_customer_id":6679,"order_id":36727,"order_status":"PROCESSING"}
{"order_customer_id":3192,"order_id":36728,"order_status":"CLOSED"}
{"order_customer_id":6611,"order_id":36729,"order_status":"CANCELED"}
{"order_customer_id":11246,"order_id":36730,"order_status":"PENDING_PAYMENT"}
{"order_customer_id":11732,"order_id":36731,"order_status":"ON_HOLD"}
{"order_customer_id":5107,"order_id":36732,"order_status":"COMPLETE"}
{"order_customer_id":4013,"order_id":36733,"order_status":"PROCESSING"}
{"order_customer_id":10763,"order_id":36734,"order_status":"CLOSED"}
{"order_customer_id":5992,"order_id":36735,"order_status":"COMPLETE"}
{"order_customer_id":1372,"order_id":36736,"order_status":"COMPLETE"}
{"order_customer_id":9655,"order_id":36737,"order_status":"COMPLETE"}
{"order_customer_id":6533,"order_id":36738,"order_status":"PENDING"}
{"order_customer_id":11607,"order_id":36739,"order_status":"COMPLETE"}
{"order_customer_id":3083,"order_id":36740,"order_status":"PENDING_PAYMENT"}
{"order_customer_id":11723,"order_id":36741,"order_status":"COMPLETE"}
{"order_customer_id":2969,"order_id":36742,"order_status":"CLOSED"}
{"order_customer_id":5331,"order_id":36743,"order_status":"COMPLETE"}
{"order_customer_id":9300,"order_id":36744,"order_status":"CLOSED"}
{"order_customer_id":10340,"order_id":36745,"order_status":"PROCESSING"}
{"order_customer_id":10109,"order_id":36746,"order_status":"PENDING"}
{"order_customer_id":3235,"order_id":36747,"order_status":"PENDING_PAYMENT"}
{"order_customer_id":4902,"order_id":36748,"order_status":"PENDING_PAYMENT"}
{"order_customer_id":7887,"order_id":36749,"order_status":"COMPLETE"}
{"order_customer_id":9504,"order_id":36750,"order_status":"COMPLETE"}
{"order_customer_id":2980,"order_id":36751,"order_status":"COMPLETE"}
{"order_customer_id":7955,"order_id":36752,"order_status":"PENDING_PAYMENT"}
{"order_customer_id":3246,"order_id":36753,"order_status":"COMPLETE"}
{"order_customer_id":10160,"order_id":36754,"order_status":"PROCESSING"}
{"order_customer_id":1792,"order_id":36755,"order_status":"PENDING_PAYMENT"}
{"order_customer_id":12039,"order_id":36756,"order_status":"PENDING"}
{"order_customer_id":2456,"order_id":36757,"order_status":"PROCESSING"}
{"order_customer_id":7304,"order_id":36758,"order_status":"COMPLETE"}
{"order_customer_id":12384,"order_id":36759,"order_status":"COMPLETE"}
{"order_customer_id":11856,"order_id":36760,"order_status":"PENDING_PAYMENT"}
{"order_customer_id":6518,"order_id":36761,"order_status":"SUSPECTED_FRAUD"}
{"order_customer_id":11444,"order_id":36762,"order_status":"CANCELED"}
{"order_customer_id":4396,"order_id":36763,"order_status":"PENDING"}
{"order_customer_id":2442,"order_id":36764,"order_status":"PROCESSING"}
{"order_customer_id":1941,"order_id":36765,"order_status":"PENDING_PAYMENT"}
{"order_customer_id":9082,"order_id":36766,"order_status":"CLOSED"}
{"order_customer_id":508,"order_id":36767,"order_status":"ON_HOLD"}
{"order_customer_id":2438,"order_id":36768,"order_status":"COMPLETE"}
{"order_customer_id":2114,"order_id":36769,"order_status":"CLOSED"}
{"order_customer_id":10415,"order_id":36770,"order_status":"CLOSED"}
{"order_customer_id":4239,"order_id":36771,"order_status":"PENDING"}
{"order_customer_id":9381,"order_id":36772,"order_status":"COMPLETE"}
{"order_customer_id":12166,"order_id":36773,"order_status":"PENDING_PAYMENT"}
{"order_customer_id":7283,"order_id":36774,"order_status":"PENDING_PAYMENT"}
{"order_customer_id":3544,"order_id":36775,"order_status":"COMPLETE"}
{"order_customer_id":7141,"order_id":36776,"order_status":"COMPLETE"}
{"order_customer_id":10928,"order_id":36777,"order_status":"COMPLETE"}
{"order_customer_id":8930,"order_id":36778,"order_status":"PENDING"}
{"order_customer_id":9291,"order_id":36779,"order_status":"CLOSED"}
{"order_customer_id":1067,"order_id":36780,"order_status":"COMPLETE"}
{"order_customer_id":404,"order_id":36781,"order_status":"PENDING_PAYMENT"}
{"order_customer_id":8048,"order_id":36782,"order_status":"COMPLETE"}
{"order_customer_id":3378,"order_id":36783,"order_status":"COMPLETE"}
{"order_customer_id":8733,"order_id":36784,"order_status":"PENDING"}
{"order_customer_id":2939,"order_id":36785,"order_status":"PENDING"}
{"order_customer_id":6593,"order_id":36786,"order_status":"COMPLETE"}
{"order_customer_id":6103,"order_id":36787,"order_status":"ON_HOLD"}
{"order_customer_id":11882,"order_id":36788,"order_status":"PENDING_PAYMENT"}
{"order_customer_id":8534,"order_id":36789,"order_status":"PROCESSING"}
{"order_customer_id":352,"order_id":36790,"order_status":"SUSPECTED_FRAUD"}
{"order_customer_id":1927,"order_id":36791,"order_status":"COMPLETE"}
{"order_customer_id":3071,"order_id":36792,"order_status":"ON_HOLD"}
{"order_customer_id":1087,"order_id":36793,"order_status":"COMPLETE"}
{"order_customer_id":7879,"order_id":36794,"order_status":"CLOSED"}
{"order_customer_id":6319,"order_id":36795,"order_status":"COMPLETE"}
{"order_customer_id":9402,"order_id":36796,"order_status":"PENDING"}
{"order_customer_id":7268,"order_id":36797,"order_status":"COMPLETE"}
{"order_customer_id":9834,"order_id":36798,"order_status":"ON_HOLD"}
{"order_customer_id":5027,"order_id":36799,"order_status":"PENDING_PAYMENT"}
{"order_customer_id":2708,"order_id":36800,"order_status":"SUSPECTED_FRAUD"}
{"order_customer_id":3380,"order_id":36801,"order_status":"COMPLETE"}
{"order_customer_id":850,"order_id":36802,"order_status":"PENDING"}
{"order_customer_id":2445,"order_id":36803,"order_status":"ON_HOLD"}
{"order_customer_id":10132,"order_id":36804,"order_status":"COMPLETE"}
{"order_customer_id":2513,"order_id":36805,"order_status":"CLOSED"}
{"order_customer_id":6561,"order_id":36806,"order_status":"ON_HOLD"}
{"order_customer_id":10306,"order_id":36807,"order_status":"PENDING_PAYMENT"}
{"order_customer_id":4770,"order_id":36808,"order_status":"COMPLETE"}
{"order_customer_id":62,"order_id":36809,"order_status":"COMPLETE"}
{"order_customer_id":914,"order_id":36810,"order_status":"PENDING"}
{"order_customer_id":335,"order_id":36811,"order_status":"SUSPECTED_FRAUD"}
{"order_customer_id":545,"order_id":36812,"order_status":"PENDING"}
{"order_customer_id":2633,"order_id":36813,"order_status":"PENDING_PAYMENT"}
{"order_customer_id":7472,"order_id":36814,"order_status":"PROCESSING"}
{"order_customer_id":11557,"order_id":36815,"order_status":"COMPLETE"}
{"order_customer_id":3550,"order_id":36816,"order_status":"CLOSED"}
{"order_customer_id":5582,"order_id":36817,"order_status":"CLOSED"}
{"order_customer_id":3886,"order_id":36818,"order_status":"COMPLETE"}
{"order_customer_id":9418,"order_id":63678,"order_status":"COMPLETE"}
{"order_customer_id":10771,"order_id":63679,"order_status":"SUSPECTED_FRAUD"}
{"order_customer_id":2690,"order_id":63680,"order_status":"COMPLETE"}
{"order_customer_id":8555,"order_id":63681,"order_status":"ON_HOLD"}
{"order_customer_id":7194,"order_id":63682,"order_status":"CLOSED"}
{"order_customer_id":8845,"order_id":63683,"order_status":"PENDING"}
{"order_customer_id":11890,"order_id":63684,"order_status":"COMPLETE"}
{"order_customer_id":10984,"order_id":63685,"order_status":"CLOSED"}
{"order_customer_id":11005,"order_id":63686,"order_status":"PAYMENT_REVIEW"}
{"order_customer_id":6582,"order_id":63687,"order_status":"ON_HOLD"}
{"order_customer_id":5064,"order_id":63688,"order_status":"PENDING"}
{"order_customer_id":3377,"order_id":63689,"order_status":"COMPLETE"}
{"order_customer_id":516,"order_id":63690,"order_status":"PENDING_PAYMENT"}
{"order_customer_id":9489,"order_id":63691,"order_status":"COMPLETE"}
{"order_customer_id":1783,"order_id":63692,"order_status":"COMPLETE"}
{"order_customer_id":4559,"order_id":63693,"order_status":"PENDING"}
{"order_customer_id":12115,"order_id":63694,"order_status":"COMPLETE"}
{"order_customer_id":1568,"order_id":63695,"order_status":"PAYMENT_REVIEW"}
{"order_customer_id":10532,"order_id":63696,"order_status":"PENDING"}
{"order_customer_id":5824,"order_id":63697,"order_status":"SUSPECTED_FRAUD"}
{"order_customer_id":8932,"order_id":63698,"order_status":"PENDING"}
{"order_customer_id":326,"order_id":63699,"order_status":"PENDING_PAYMENT"}
{"order_customer_id":1089,"order_id":63700,"order_status":"COMPLETE"}
{"order_customer_id":2243,"order_id":63701,"order_status":"COMPLETE"}
{"order_customer_id":2124,"order_id":63702,"order_status":"PENDING_PAYMENT"}
{"order_customer_id":5231,"order_id":63703,"order_status":"ON_HOLD"}
{"order_customer_id":1149,"order_id":63704,"order_status":"PENDING_PAYMENT"}
{"order_customer_id":7763,"order_id":63705,"order_status":"PENDING"}
{"order_customer_id":6282,"order_id":63706,"order_status":"PROCESSING"}
{"order_customer_id":8214,"order_id":63707,"order_status":"CLOSED"}
{"order_customer_id":652,"order_id":63708,"order_status":"PENDING"}
{"order_customer_id":1651,"order_id":63709,"order_status":"PENDING_PAYMENT"}
{"order_customer_id":8501,"order_id":63710,"order_status":"COMPLETE"}
{"order_customer_id":3323,"order_id":63711,"order_status":"PENDING"}
{"order_customer_id":9662,"order_id":63712,"order_status":"COMPLETE"}
{"order_customer_id":2407,"order_id":63713,"order_status":"PENDING"}
{"order_customer_id":10785,"order_id":63714,"order_status":"PENDING"}
{"order_customer_id":6974,"order_id":63715,"order_status":"PENDING"}
{"order_customer_id":12022,"order_id":63716,"order_status":"PENDING_PAYMENT"}
{"order_customer_id":6282,"order_id":68213,"order_status":"PENDING_PAYMENT"}
{"order_customer_id":6998,"order_id":68214,"order_status":"PENDING_PAYMENT"}
{"order_customer_id":182,"order_id":68215,"order_status":"PENDING_PAYMENT"}
{"order_customer_id":4861,"order_id":68216,"order_status":"PENDING"}
{"order_customer_id":4615,"order_id":68217,"order_status":"PENDING_PAYMENT"}
