{"order_customer_id":1221,"order_id":37813,"order_status":"COMPLETE"}
{"order_customer_id":12271,"order_id":37814,"order_status":"COMPLETE"}
{"order_customer_id":2097,"order_id":37815,"order_status":"COMPLETE"}
{"order_customer_id":2948,"order_id":37816,"order_status":"CLOSED"}
{"order_customer_id":2174,"order_id":37817,"order_status":"PENDING_PAYMENT"}
{"order_customer_id":1385,"order_id":37818,"order_status":"PENDING_PAYMENT"}
{"order_customer_id":9005,"order_id":37819,"order_status":"PENDING_PAYMENT"}
{"order_customer_id":1741,"order_id":37820,"order_status":"PROCESSING"}
{"order_customer_id":7392,"order_id":37821,"order_status":"PENDING"}
{"order_customer_id":1654,"order_id":37822,"order_status":"CLOSED"}
{"order_customer_id":1050,"order_id":37823,"order_status":"COMPLETE"}
{"order_customer_id":6513,"order_id":37824,"order_status":"COMPLETE"}
{"order_customer_id":3353,"order_id":37825,"order_status":"CLOSED"}
{"order_customer_id":12271,"order_id":37826,"order_status":"PENDING_PAYMENT"}
{"order_customer_id":11223,"order_id":37827,"order_status":"PROCESSING"}
{"order_customer_id":8692,"order_id":37828,"order_status":"COMPLETE"}
{"order_customer_id":3310,"order_id":37829,"order_status":"PENDING"}
{"order_customer_id":8324,"order_id":37830,"order_status":"PENDING"}
{"order_customer_id":8799,"order_id":37831,"order_status":"CANCELED"}
{"order_customer_id":6574,"order_id":37832,"order_status":"CLOSED"}
{"order_customer_id":11133,"order_id":37833,"order_status":"ON_HOLD"}
{"order_customer_id":8064,"order_id":37834,"order_status":"COMPLETE"}
{"order_customer_id":10137,"order_id":37835,"order_status":"CLOSED"}
{"order_customer_id":1901,"order_id":37836,"order_status":"ON_HOLD"}
{"order_customer_id":538,"order_id":37837,"order_status":"PROCESSING"}
{"order_customer_id":4461,"order_id":37838,"order_status":"PENDING_PAYMENT"}
{"order_customer_id":2321,"order_id":37839,"order_status":"CLOSED"}
{"order_customer_id":9891,"order_id":37840,"order_status":"PENDING_PAYMENT"}
{"order_customer_id":822,"order_id":37841,"order_status":"CLOSED"}
{"order_customer_id":8924,"order_id":37842,"order_status":"ON_HOLD"}
{"order_customer_id":2531,"order_id":37843,"order_status":"COMPLETE"}
{"order_customer_id":9076,"order_id":37844,"order_status":"PENDING_PAYMENT"}
{"order_customer_id":3222,"order_id":37845,"order_status":"SUSPECTED_FRAUD"}
{"order_customer_id":12432,"order_id":37846,"order_status":"COMPLETE"}
{"order_customer_id":271,"order_id":37847,"order_status":"COMPLETE"}
{"order_customer_id":7894,"order_id":37848,"order_status":"SUSPECTED_FRAUD"}
{"order_customer_id":6073,"order_id":37849,"order_status":"PENDING_PAYMENT"}
{"order_customer_id":239,"order_id":37850,"order_status":"PROCESSING"}
{"order_customer_id":416,"order_id":37851,"order_status":"ON_HOLD"}
{"order_customer_id":11224,"order_id":37852,"order_status":"PENDING_PAYMENT"}
{"order_customer_id":5059,"order_id":37853,"order_status":"PROCESSING"}
{"order_customer_id":14,"order_id":37854,"order_status":"COMPLETE"}
{"order_customer_id":8891,"order_id":37855,"order_status":"COMPLETE"}
{"order_customer_id":1100,"order_id":37856,"order_status":"COMPLETE"}
{"order_customer_id":165,"order_id":37857,"order_status":"PROCESSING"}
{"order_customer_id":6907,"order_id":37858,"order_status":"CLOSED"}
{"order_customer_id":11702,"order_id":37859,"order_status":"CLOSED"}
{"order_customer_id":11805,"order_id":37860,"order_status":"CANCELED"}
{"order_customer_id":11039,"order_id":37861,"order_status":"PENDING"}
{"order_customer_id":11305,"order_id":37862,"order_status":"COMPLETE"}
{"order_customer_id":11982,"order_id":37863,"order_status":"COMPLETE"}
{"order_customer_id":176,"order_id":37864,"order_status":"CLOSED"}
{"order_customer_id":7078,"order_id":37865,"order_status":"PENDING"}
{"order_customer_id":5242,"order_id":37866,"order_status":"PENDING_PAYMENT"}
{"order_customer_id":11776,"order_id":37867,"order_status":"PENDING_PAYMENT"}
{"order_customer_id":4494,"order_id":37868,"order_status":"COMPLETE"}
{"order_customer_id":2767,"order_id":37869,"order_status":"PENDING"}
{"order_customer_id":2844,"order_id":37870,"order_status":"COMPLETE"}
{"order_customer_id":3448,"order_id":37871,"order_status":"PENDING_PAYMENT"}
{"order_customer_id":557,"order_id":37872,"order_status":"PENDING_PAYMENT"}
{"order_customer_id":7151,"order_id":37873,"order_status":"PENDING"}
{"order_customer_id":11254,"order_id":37874,"order_status":"PROCESSING"}
{"order_customer_id":11923,"order_id":37875,"order_status":"CLOSED"}
{"order_customer_id":6475,"order_id":37876,"order_status":"COMPLETE"}
{"order_customer_id":8282,"order_id":37877,"order_status":"CLOSED"}
{"order_customer_id":4,"order_id":37878,"order_status":"COMPLETE"}
{"order_customer_id":7532,"order_id":37879,"order_status":"ON_HOLD"}
{"order_customer_id":7116,"order_id":37880,"order_status":"PENDING_PAYMENT"}
{"order_customer_id":3981,"order_id":37881,"order_status":"CLOSED"}
{"order_customer_id":11977,"order_id":37882,"order_status":"COMPLETE"}
{"order_customer_id":8203,"order_id":37883,"order_status":"PENDING_PAYMENT"}
{"order_customer_id":9093,"order_id":37884,"order_status":"ON_HOLD"}
{"order_customer_id":1835,"order_id":37885,"order_status":"COMPLETE"}
{"order_customer_id":10334,"order_id":37886,"order_status":"PROCESSING"}
{"order_customer_id":8193,"order_id":37887,"order_status":"PENDING_PAYMENT"}
{"order_customer_id":8387,"order_id":37888,"order_status":"PROCESSING"}
{"order_customer_id":1059,"order_id":37889,"order_status":"ON_HOLD"}
{"order_customer_id":6527,"order_id":37890,"order_status":"COMPLETE"}
{"order_customer_id":11452,"order_id":37891,"order_status":"CLOSED"}
{"order_customer_id":1563,"order_id":37892,"order_status":"PENDING_PAYMENT"}
{"order_customer_id":7006,"order_id":37893,"order_status":"COMPLETE"}
{"order_customer_id":1943,"order_id":37894,"order_status":"PENDING_PAYMENT"}
{"order_customer_id":3946,"order_id":37895,"order_status":"PROCESSING"}
{"order_customer_id":7868,"order_id":37896,"order_status":"PENDING"}
{"order_customer_id":607,"order_id":37897,"order_status":"COMPLETE"}
{"order_customer_id":10887,"order_id":37898,"order_status":"COMPLETE"}
{"order_customer_id":12105,"order_id":37899,"order_status":"PENDING_PAYMENT"}
{"order_customer_id":9722,"order_id":37900,"order_status":"PENDING"}
{"order_customer_id":9253,"order_id":37901,"order_status":"PROCESSING"}
{"order_customer_id":9322,"order_id":37902,"order_status":"COMPLETE"}
{"order_customer_id":3168,"order_id":37903,"order_status":"ON_HOLD"}
{"order_customer_id":4153,"order_id":37904,"order_status":"PROCESSING"}
{"order_customer_id":10542,"order_id":37905,"order_status":"PENDING"}
{"order_customer_id":5652,"order_id":37906,"order_status":"PROCESSING"}
{"order_customer_id":10209,"order_id":37907,"order_status":"COMPLETE"}
{"order_customer_id":8813,"order_id":37908,"order_status":"PENDING_PAYMENT"}
{"order_customer_id":2074,"order_id":37909,"order_status":"PENDING"}
{"order_customer_id":9036,"order_id":37910,"order_status":"COMPLETE"}
{"order_customer_id":8920,"order_id":37911,"order_status":"COMPLETE"}
{"order_customer_id":5117,"order_id":37912,"order_status":"CLOSED"}
{"order_customer_id":7089,"order_id":37913,"order_status":"CLOSED"}
{"order_customer_id":7139,"order_id":37914,"order_status":"PENDING_PAYMENT"}
{"order_customer_id":5340,"order_id":37915,"order_status":"COMPLETE"}
{"order_customer_id":7219,"order_id":37916,"order_status":"PENDING_PAYMENT"}
{"order_customer_id":988,"order_id":37917,"order_status":"COMPLETE"}
{"order_customer_id":8314,"order_id":37918,"order_status":"CLOSED"}
{"order_customer_id":9058,"order_id":37919,"order_status":"COMPLETE"}
{"order_customer_id":6192,"order_id":37920,"order_status":"PENDING_PAYMENT"}
{"order_customer_id":639,"order_id":37921,"order_status":"SUSPECTED_FRAUD"}
{"order_customer_id":8362,"order_id":37922,"order_status":"COMPLETE"}
{"order_customer_id":1860,"order_id":37923,"order_status":"COMPLETE"}
{"order_customer_id":7972,"order_id":37924,"order_status":"COMPLETE"}
{"order_customer_id":4120,"order_id":37925,"order_status":"COMPLETE"}
{"order_customer_id":2417,"order_id":37926,"order_status":"PENDING_PAYMENT"}
{"order_customer_id":7516,"order_id":37927,"order_status":"COMPLETE"}
{"order_customer_id":10590,"order_id":37928,"order_status":"COMPLETE"}
{"order_customer_id":1540,"order_id":37929,"order_status":"PROCESSING"}
{"order_customer_id":8782,"order_id":37930,"order_status":"CLOSED"}
{"order_customer_id":3979,"order_id":37931,"order_status":"COMPLETE"}
{"order_customer_id":1557,"order_id":37932,"order_status":"COMPLETE"}
{"order_customer_id":849,"order_id":37933,"order_status":"PROCESSING"}
{"order_customer_id":4587,"order_id":37934,"order_status":"COMPLETE"}
{"order_customer_id":4805,"order_id":37935,"order_status":"COMPLETE"}
{"order_customer_id":4674,"order_id":37936,"order_status":"COMPLETE"}
{"order_customer_id":9473,"order_id":37937,"order_status":"COMPLETE"}
{"order_customer_id":10625,"order_id":37938,"order_status":"PROCESSING"}
{"order_customer_id":6643,"order_id":37939,"order_status":"CANCELED"}
{"order_customer_id":8472,"order_id":37940,"order_status":"COMPLETE"}
{"order_customer_id":8174,"order_id":37941,"order_status":"PENDING_PAYMENT"}
{"order_customer_id":10177,"order_id":37942,"order_status":"COMPLETE"}
{"order_customer_id":6810,"order_id":37943,"order_status":"COMPLETE"}
{"order_customer_id":2235,"order_id":37944,"order_status":"COMPLETE"}
{"order_customer_id":9197,"order_id":37945,"order_status":"PENDING"}
{"order_customer_id":3652,"order_id":37946,"order_status":"CLOSED"}
{"order_customer_id":10831,"order_id":37947,"order_status":"CLOSED"}
{"order_customer_id":7362,"order_id":37948,"order_status":"COMPLETE"}
{"order_customer_id":11550,"order_id":37949,"order_status":"COMPLETE"}
{"order_customer_id":830,"order_id":37950,"order_status":"PENDING"}
{"order_customer_id":12330,"order_id":37951,"order_status":"COMPLETE"}
{"order_customer_id":7960,"order_id":37952,"order_status":"COMPLETE"}
{"order_customer_id":2959,"order_id":37953,"order_status":"PROCESSING"}
{"order_customer_id":8942,"order_id":37954,"order_status":"ON_HOLD"}
{"order_customer_id":4367,"order_id":37955,"order_status":"COMPLETE"}
{"order_customer_id":9535,"order_id":37956,"order_status":"CLOSED"}
{"order_customer_id":10833,"order_id":37957,"order_status":"CLOSED"}
{"order_customer_id":7783,"order_id":37958,"order_status":"CANCELED"}
{"order_customer_id":8203,"order_id":37959,"order_status":"PENDING_PAYMENT"}
{"order_customer_id":6143,"order_id":37960,"order_status":"SUSPECTED_FRAUD"}
{"order_customer_id":8528,"order_id":37961,"order_status":"PENDING_PAYMENT"}
{"order_customer_id":10897,"order_id":37962,"order_status":"PENDING_PAYMENT"}
{"order_customer_id":11713,"order_id":37963,"order_status":"PAYMENT_REVIEW"}
{"order_customer_id":2458,"order_id":37964,"order_status":"PENDING_PAYMENT"}
{"order_customer_id":9495,"order_id":37965,"order_status":"CLOSED"}
{"order_customer_id":11668,"order_id":37966,"order_status":"PROCESSING"}
{"order_customer_id":4053,"order_id":37967,"order_status":"COMPLETE"}
{"order_customer_id":121,"order_id":37968,"order_status":"PROCESSING"}
{"order_customer_id":4388,"order_id":37969,"order_status":"PENDING_PAYMENT"}
{"order_customer_id":3515,"order_id":37970,"order_status":"SUSPECTED_FRAUD"}
{"order_customer_id":10257,"order_id":37971,"order_status":"PENDING_PAYMENT"}
{"order_customer_id":5294,"order_id":37972,"order_status":"PENDING_PAYMENT"}
{"order_customer_id":5644,"order_id":37973,"order_status":"PENDING_PAYMENT"}
{"order_customer_id":11149,"order_id":37974,"order_status":"COMPLETE"}
{"order_customer_id":1584,"order_id":37975,"order_status":"COMPLETE"}
{"order_customer_id":5575,"order_id":37976,"order_status":"COMPLETE"}
{"order_customer_id":7986,"order_id":37977,"order_status":"CLOSED"}
{"order_customer_id":6874,"order_id":37978,"order_status":"PENDING_PAYMENT"}
{"order_customer_id":7516,"order_id":37979,"order_status":"COMPLETE"}
{"order_customer_id":874,"order_id":37980,"order_status":"CLOSED"}
{"order_customer_id":10169,"order_id":37981,"order_status":"PENDING_PAYMENT"}
{"order_customer_id":2816,"order_id":37982,"order_status":"CLOSED"}
{"order_customer_id":4466,"order_id":37983,"order_status":"PENDING_PAYMENT"}
{"order_customer_id":264,"order_id":37984,"order_status":"COMPLETE"}
{"order_customer_id":7915,"order_id":37985,"order_status":"PENDING_PAYMENT"}
{"order_customer_id":7479,"order_id":37986,"order_status":"PENDING"}
{"order_customer_id":5819,"order_id":37987,"order_status":"COMPLETE"}
{"order_customer_id":531,"order_id":37988,"order_status":"COMPLETE"}
{"order_customer_id":6121,"order_id":37989,"order_status":"COMPLETE"}
{"order_customer_id":2626,"order_id":37990,"order_status":"COMPLETE"}
{"order_customer_id":6928,"order_id":37991,"order_status":"COMPLETE"}
{"order_customer_id":9881,"order_id":37992,"order_status":"COMPLETE"}
{"order_customer_id":11078,"order_id":37993,"order_status":"PROCESSING"}
{"order_customer_id":5510,"order_id":37994,"order_status":"COMPLETE"}
{"order_customer_id":10095,"order_id":37995,"order_status":"ON_HOLD"}
{"order_customer_id":2026,"order_id":37996,"order_status":"COMPLETE"}
{"order_customer_id":3014,"order_id":37997,"order_status":"PENDING_PAYMENT"}
{"order_customer_id":4154,"order_id":37998,"order_status":"COMPLETE"}
{"order_customer_id":7458,"order_id":37999,"order_status":"COMPLETE"}
{"order_customer_id":2718,"order_id":38000,"order_status":"PENDING_PAYMENT"}
{"order_customer_id":3053,"order_id":38001,"order_status":"PROCESSING"}
{"order_customer_id":402,"order_id":38002,"order_status":"CANCELED"}
{"order_customer_id":3369,"order_id":38003,"order_status":"PENDING_PAYMENT"}
{"order_customer_id":4986,"order_id":38004,"order_status":"PENDING"}
{"order_customer_id":4012,"order_id":38005,"order_status":"COMPLETE"}
{"order_customer_id":97,"order_id":38006,"order_status":"COMPLETE"}
{"order_customer_id":5316,"order_id":38007,"order_status":"PENDING"}
{"order_customer_id":9502,"order_id":38008,"order_status":"COMPLETE"}
{"order_customer_id":8415,"order_id":38009,"order_status":"PENDING"}
{"order_customer_id":8869,"order_id":38010,"order_status":"PENDING_PAYMENT"}
{"order_customer_id":5129,"order_id":38011,"order_status":"PENDING_PAYMENT"}
{"order_customer_id":896,"order_id":38012,"order_status":"PAYMENT_REVIEW"}
{"order_customer_id":8851,"order_id":38013,"order_status":"COMPLETE"}
{"order_customer_id":7831,"order_id":38014,"order_status":"COMPLETE"}
{"order_customer_id":2778,"order_id":38015,"order_status":"PENDING"}
{"order_customer_id":4730,"order_id":38016,"order_status":"CLOSED"}
{"order_customer_id":2135,"order_id":38017,"order_status":"COMPLETE"}
{"order_customer_id":10568,"order_id":38018,"order_status":"COMPLETE"}
{"order_customer_id":616,"order_id":38019,"order_status":"COMPLETE"}
{"order_customer_id":11518,"order_id":38020,"order_status":"PENDING_PAYMENT"}
{"order_customer_id":373,"order_id":38021,"order_status":"PENDING_PAYMENT"}
{"order_customer_id":5927,"order_id":38022,"order_status":"CLOSED"}
{"order_customer_id":5785,"order_id":38023,"order_status":"PROCESSING"}
{"order_customer_id":8166,"order_id":63846,"order_status":"ON_HOLD"}
{"order_customer_id":65,"order_id":63847,"order_status":"PENDING_PAYMENT"}
{"order_customer_id":10163,"order_id":63848,"order_status":"CLOSED"}
{"order_customer_id":2777,"order_id":63849,"order_status":"PROCESSING"}
{"order_customer_id":7220,"order_id":63850,"order_status":"COMPLETE"}
{"order_customer_id":7825,"order_id":63851,"order_status":"PENDING"}
{"order_customer_id":3490,"order_id":63852,"order_status":"SUSPECTED_FRAUD"}
{"order_customer_id":4973,"order_id":63853,"order_status":"COMPLETE"}
{"order_customer_id":600,"order_id":63854,"order_status":"COMPLETE"}
{"order_customer_id":836,"order_id":63855,"order_status":"PROCESSING"}
{"order_customer_id":5525,"order_id":63856,"order_status":"PENDING_PAYMENT"}
{"order_customer_id":9481,"order_id":63857,"order_status":"CLOSED"}
{"order_customer_id":5802,"order_id":63858,"order_status":"COMPLETE"}
{"order_customer_id":7239,"order_id":63859,"order_status":"PAYMENT_REVIEW"}
{"order_customer_id":4201,"order_id":63860,"order_status":"COMPLETE"}
{"order_customer_id":9264,"order_id":63861,"order_status":"COMPLETE"}
{"order_customer_id":5471,"order_id":63862,"order_status":"PROCESSING"}
{"order_customer_id":2961,"order_id":63863,"order_status":"COMPLETE"}
{"order_customer_id":4426,"order_id":63864,"order_status":"PROCESSING"}
{"order_customer_id":6289,"order_id":63865,"order_status":"PENDING_PAYMENT"}
{"order_customer_id":10306,"order_id":63866,"order_status":"PROCESSING"}
{"order_customer_id":261,"order_id":63867,"order_status":"PENDING_PAYMENT"}
{"order_customer_id":9825,"order_id":63868,"order_status":"PROCESSING"}
{"order_customer_id":990,"order_id":63869,"order_status":"COMPLETE"}
{"order_customer_id":4025,"order_id":63870,"order_status":"PENDING_PAYMENT"}
{"order_customer_id":8202,"order_id":63871,"order_status":"PROCESSING"}
{"order_customer_id":5473,"order_id":63872,"order_status":"CLOSED"}
{"order_customer_id":3411,"order_id":63873,"order_status":"PROCESSING"}
{"order_customer_id":3377,"order_id":63874,"order_status":"COMPLETE"}
{"order_customer_id":3899,"order_id":63875,"order_status":"COMPLETE"}
{"order_customer_id":2873,"order_id":68236,"order_status":"CLOSED"}
{"order_customer_id":3475,"order_id":68237,"order_status":"PAYMENT_REVIEW"}
{"order_customer_id":5927,"order_id":68238,"order_status":"PROCESSING"}
{"order_customer_id":3947,"order_id":68239,"order_status":"COMPLETE"}
{"order_customer_id":9178,"order_id":68240,"order_status":"COMPLETE"}
{"order_customer_id":9394,"order_id":68810,"order_status":"PROCESSING"}
