{"order_customer_id":2569,"order_id":21123,"order_status":"CANCELED"}
{"order_customer_id":7121,"order_id":21124,"order_status":"COMPLETE"}
{"order_customer_id":8928,"order_id":21125,"order_status":"COMPLETE"}
{"order_customer_id":987,"order_id":21126,"order_status":"PENDING"}
{"order_customer_id":3916,"order_id":21127,"order_status":"PROCESSING"}
{"order_customer_id":8499,"order_id":21128,"order_status":"PENDING"}
{"order_customer_id":6582,"order_id":21129,"order_status":"CLOSED"}
{"order_customer_id":6635,"order_id":21130,"order_status":"PENDING_PAYMENT"}
{"order_customer_id":2048,"order_id":21131,"order_status":"SUSPECTED_FRAUD"}
{"order_customer_id":11773,"order_id":21132,"order_status":"CLOSED"}
{"order_customer_id":10720,"order_id":21133,"order_status":"PENDING"}
{"order_customer_id":6786,"order_id":21134,"order_status":"CLOSED"}
{"order_customer_id":3548,"order_id":21135,"order_status":"COMPLETE"}
{"order_customer_id":10872,"order_id":21136,"order_status":"PENDING_PAYMENT"}
{"order_customer_id":4738,"order_id":21137,"order_status":"PROCESSING"}
{"order_customer_id":8883,"order_id":21138,"order_status":"COMPLETE"}
{"order_customer_id":3414,"order_id":21139,"order_status":"PENDING_PAYMENT"}
{"order_customer_id":664,"order_id":21140,"order_status":"COMPLETE"}
{"order_customer_id":3942,"order_id":21141,"order_status":"PENDING"}
{"order_customer_id":8797,"order_id":21142,"order_status":"PENDING_PAYMENT"}
{"order_customer_id":7632,"order_id":21143,"order_status":"CLOSED"}
{"order_customer_id":12217,"order_id":21144,"order_status":"PENDING_PAYMENT"}
{"order_customer_id":9710,"order_id":21145,"order_status":"PENDING_PAYMENT"}
{"order_customer_id":5144,"order_id":21146,"order_status":"COMPLETE"}
{"order_customer_id":1765,"order_id":21147,"order_status":"COMPLETE"}
{"order_customer_id":2810,"order_id":21148,"order_status":"PENDING_PAYMENT"}
{"order_customer_id":7829,"order_id":21149,"order_status":"CLOSED"}
{"order_customer_id":10975,"order_id":21150,"order_status":"SUSPECTED_FRAUD"}
{"order_customer_id":1484,"order_id":21151,"order_status":"ON_HOLD"}
{"order_customer_id":11504,"order_id":21152,"order_status":"PENDING_PAYMENT"}
{"order_customer_id":2771,"order_id":21153,"order_status":"PENDING"}
{"order_customer_id":12133,"order_id":21154,"order_status":"CANCELED"}
{"order_customer_id":3431,"order_id":21155,"order_status":"COMPLETE"}
{"order_customer_id":9746,"order_id":21156,"order_status":"PENDING_PAYMENT"}
{"order_customer_id":3650,"order_id":21157,"order_status":"PENDING"}
{"order_customer_id":3514,"order_id":21158,"order_status":"PROCESSING"}
{"order_customer_id":11988,"order_id":21159,"order_status":"PENDING_PAYMENT"}
{"order_customer_id":6318,"order_id":21160,"order_status":"COMPLETE"}
{"order_customer_id":3165,"order_id":21161,"order_status":"PROCESSING"}
{"order_customer_id":11389,"order_id":21162,"order_status":"CLOSED"}
{"order_customer_id":2538,"order_id":21163,"order_status":"COMPLETE"}
{"order_customer_id":5404,"order_id":21164,"order_status":"PENDING"}
{"order_customer_id":6025,"order_id":21165,"order_status":"CLOSED"}
{"order_customer_id":73,"order_id":21166,"order_status":"PENDING_PAYMENT"}
{"order_customer_id":4543,"order_id":21167,"order_status":"ON_HOLD"}
{"order_customer_id":3306,"order_id":21168,"order_status":"PENDING"}
{"order_customer_id":10955,"order_id":21169,"order_status":"COMPLETE"}
{"order_customer_id":6372,"order_id":21170,"order_status":"PENDING"}
{"order_customer_id":5790,"order_id":21171,"order_status":"COMPLETE"}
{"order_customer_id":3128,"order_id":21172,"order_status":"COMPLETE"}
{"order_customer_id":3492,"order_id":21173,"order_status":"PROCESSING"}
{"order_customer_id":7199,"order_id":21174,"order_status":"COMPLETE"}
{"order_customer_id":8225,"order_id":21175,"order_status":"COMPLETE"}
{"order_customer_id":771,"order_id":21176,"order_status":"PROCESSING"}
{"order_customer_id":7210,"order_id":21177,"order_status":"PROCESSING"}
{"order_customer_id":2785,"order_id":21178,"order_status":"PENDING_PAYMENT"}
{"order_customer_id":5465,"order_id":21179,"order_status":"PENDING_PAYMENT"}
{"order_customer_id":5618,"order_id":21180,"order_status":"PENDING_PAYMENT"}
{"order_customer_id":682,"order_id":21181,"order_status":"PROCESSING"}
{"order_customer_id":6517,"order_id":21182,"order_status":"PROCESSING"}
{"order_customer_id":5987,"order_id":21183,"order_status":"CLOSED"}
{"order_customer_id":4967,"order_id":21184,"order_status":"PENDING"}
{"order_customer_id":4259,"order_id":21185,"order_status":"PENDING"}
{"order_customer_id":4157,"order_id":21186,"order_status":"COMPLETE"}
{"order_customer_id":708,"order_id":21187,"order_status":"CLOSED"}
{"order_customer_id":11755,"order_id":21188,"order_status":"COMPLETE"}
{"order_customer_id":5712,"order_id":21189,"order_status":"COMPLETE"}
{"order_customer_id":10225,"order_id":21190,"order_status":"SUSPECTED_FRAUD"}
{"order_customer_id":7600,"order_id":21191,"order_status":"CLOSED"}
{"order_customer_id":8992,"order_id":21192,"order_status":"PENDING"}
{"order_customer_id":5074,"order_id":21193,"order_status":"PENDING"}
{"order_customer_id":92,"order_id":21194,"order_status":"CLOSED"}
{"order_customer_id":6309,"order_id":21195,"order_status":"PENDING_PAYMENT"}
{"order_customer_id":6738,"order_id":21196,"order_status":"PENDING"}
{"order_customer_id":9117,"order_id":61120,"order_status":"COMPLETE"}
{"order_customer_id":11128,"order_id":61121,"order_status":"PROCESSING"}
{"order_customer_id":2730,"order_id":61122,"order_status":"PENDING"}
{"order_customer_id":4649,"order_id":61123,"order_status":"ON_HOLD"}
{"order_customer_id":148,"order_id":61124,"order_status":"CLOSED"}
{"order_customer_id":1900,"order_id":61125,"order_status":"PENDING_PAYMENT"}
{"order_customer_id":1186,"order_id":61126,"order_status":"COMPLETE"}
{"order_customer_id":2364,"order_id":61127,"order_status":"COMPLETE"}
{"order_customer_id":5940,"order_id":61128,"order_status":"COMPLETE"}
{"order_customer_id":8255,"order_id":61129,"order_status":"ON_HOLD"}
{"order_customer_id":9359,"order_id":61130,"order_status":"PENDING_PAYMENT"}
{"order_customer_id":3645,"order_id":61131,"order_status":"PENDING"}
{"order_customer_id":10760,"order_id":61132,"order_status":"PENDING_PAYMENT"}
{"order_customer_id":5192,"order_id":61133,"order_status":"CLOSED"}
{"order_customer_id":5159,"order_id":61134,"order_status":"PROCESSING"}
{"order_customer_id":11154,"order_id":61135,"order_status":"PENDING_PAYMENT"}
{"order_customer_id":3626,"order_id":61136,"order_status":"PENDING_PAYMENT"}
{"order_customer_id":6640,"order_id":61137,"order_status":"PENDING_PAYMENT"}
{"order_customer_id":751,"order_id":61138,"order_status":"COMPLETE"}
{"order_customer_id":3118,"order_id":61139,"order_status":"PENDING"}
{"order_customer_id":5652,"order_id":61140,"order_status":"COMPLETE"}
{"order_customer_id":5129,"order_id":61141,"order_status":"PROCESSING"}
{"order_customer_id":372,"order_id":61142,"order_status":"CLOSED"}
{"order_customer_id":5929,"order_id":67866,"order_status":"PENDING"}
{"order_customer_id":7331,"order_id":67867,"order_status":"COMPLETE"}
