{"order_customer_id":1082,"order_id":29644,"order_status":"COMPLETE"}
{"order_customer_id":7287,"order_id":29645,"order_status":"COMPLETE"}
{"order_customer_id":7883,"order_id":29646,"order_status":"PAYMENT_REVIEW"}
{"order_customer_id":5589,"order_id":29647,"order_status":"PROCESSING"}
{"order_customer_id":449,"order_id":29648,"order_status":"SUSPECTED_FRAUD"}
{"order_customer_id":8244,"order_id":29649,"order_status":"COMPLETE"}
{"order_customer_id":10013,"order_id":29650,"order_status":"CLOSED"}
{"order_customer_id":6569,"order_id":29651,"order_status":"COMPLETE"}
{"order_customer_id":8566,"order_id":29652,"order_status":"COMPLETE"}
{"order_customer_id":8352,"order_id":29653,"order_status":"PROCESSING"}
{"order_customer_id":5361,"order_id":29654,"order_status":"PENDING_PAYMENT"}
{"order_customer_id":6737,"order_id":29655,"order_status":"SUSPECTED_FRAUD"}
{"order_customer_id":10500,"order_id":29656,"order_status":"PENDING_PAYMENT"}
{"order_customer_id":7415,"order_id":29657,"order_status":"PROCESSING"}
{"order_customer_id":7638,"order_id":29658,"order_status":"PROCESSING"}
{"order_customer_id":7315,"order_id":29659,"order_status":"COMPLETE"}
{"order_customer_id":8346,"order_id":29660,"order_status":"COMPLETE"}
{"order_customer_id":6151,"order_id":29661,"order_status":"PROCESSING"}
{"order_customer_id":10219,"order_id":29662,"order_status":"PENDING_PAYMENT"}
{"order_customer_id":2067,"order_id":29663,"order_status":"CLOSED"}
{"order_customer_id":7314,"order_id":29664,"order_status":"COMPLETE"}
{"order_customer_id":11672,"order_id":29665,"order_status":"PROCESSING"}
{"order_customer_id":3610,"order_id":29666,"order_status":"PENDING_PAYMENT"}
{"order_customer_id":5001,"order_id":29667,"order_status":"PENDING_PAYMENT"}
{"order_customer_id":4346,"order_id":29668,"order_status":"COMPLETE"}
{"order_customer_id":11987,"order_id":29669,"order_status":"PROCESSING"}
{"order_customer_id":5806,"order_id":29670,"order_status":"PENDING_PAYMENT"}
{"order_customer_id":9298,"order_id":29671,"order_status":"CLOSED"}
{"order_customer_id":5039,"order_id":29672,"order_status":"CLOSED"}
{"order_customer_id":9451,"order_id":29673,"order_status":"COMPLETE"}
{"order_customer_id":964,"order_id":29674,"order_status":"CLOSED"}
{"order_customer_id":4749,"order_id":29675,"order_status":"ON_HOLD"}
{"order_customer_id":10110,"order_id":29676,"order_status":"PROCESSING"}
{"order_customer_id":3207,"order_id":29677,"order_status":"COMPLETE"}
{"order_customer_id":12040,"order_id":29678,"order_status":"COMPLETE"}
{"order_customer_id":9092,"order_id":29679,"order_status":"PENDING_PAYMENT"}
{"order_customer_id":4932,"order_id":29680,"order_status":"COMPLETE"}
{"order_customer_id":3115,"order_id":29681,"order_status":"PENDING"}
{"order_customer_id":1020,"order_id":29682,"order_status":"COMPLETE"}
{"order_customer_id":1954,"order_id":29683,"order_status":"PENDING"}
{"order_customer_id":11342,"order_id":29684,"order_status":"PROCESSING"}
{"order_customer_id":10380,"order_id":29685,"order_status":"COMPLETE"}
{"order_customer_id":7802,"order_id":29686,"order_status":"COMPLETE"}
{"order_customer_id":9920,"order_id":29687,"order_status":"PROCESSING"}
{"order_customer_id":6001,"order_id":29688,"order_status":"COMPLETE"}
{"order_customer_id":2373,"order_id":29689,"order_status":"PENDING"}
{"order_customer_id":5594,"order_id":29690,"order_status":"PROCESSING"}
{"order_customer_id":7956,"order_id":29691,"order_status":"PROCESSING"}
{"order_customer_id":4234,"order_id":29692,"order_status":"COMPLETE"}
{"order_customer_id":9463,"order_id":29693,"order_status":"COMPLETE"}
{"order_customer_id":6752,"order_id":29694,"order_status":"CLOSED"}
{"order_customer_id":9157,"order_id":29695,"order_status":"PENDING_PAYMENT"}
{"order_customer_id":5217,"order_id":29696,"order_status":"SUSPECTED_FRAUD"}
{"order_customer_id":10092,"order_id":29697,"order_status":"PROCESSING"}
{"order_customer_id":427,"order_id":29698,"order_status":"COMPLETE"}
{"order_customer_id":5446,"order_id":29699,"order_status":"COMPLETE"}
{"order_customer_id":5862,"order_id":29700,"order_status":"COMPLETE"}
{"order_customer_id":8145,"order_id":29701,"order_status":"PENDING_PAYMENT"}
{"order_customer_id":11637,"order_id":29702,"order_status":"ON_HOLD"}
{"order_customer_id":1516,"order_id":29703,"order_status":"PROCESSING"}
{"order_customer_id":3455,"order_id":29704,"order_status":"PENDING"}
{"order_customer_id":2372,"order_id":29705,"order_status":"PENDING_PAYMENT"}
{"order_customer_id":3720,"order_id":29706,"order_status":"PROCESSING"}
{"order_customer_id":11142,"order_id":29707,"order_status":"PROCESSING"}
{"order_customer_id":412,"order_id":29708,"order_status":"PROCESSING"}
{"order_customer_id":4549,"order_id":29709,"order_status":"PROCESSING"}
{"order_customer_id":9305,"order_id":29710,"order_status":"COMPLETE"}
{"order_customer_id":10133,"order_id":29711,"order_status":"PROCESSING"}
{"order_customer_id":3516,"order_id":29712,"order_status":"PENDING_PAYMENT"}
{"order_customer_id":7186,"order_id":29713,"order_status":"PENDING_PAYMENT"}
{"order_customer_id":5148,"order_id":29714,"order_status":"CLOSED"}
{"order_customer_id":9690,"order_id":29715,"order_status":"COMPLETE"}
{"order_customer_id":484,"order_id":29716,"order_status":"PENDING"}
{"order_customer_id":5548,"order_id":29717,"order_status":"COMPLETE"}
{"order_customer_id":8045,"order_id":29718,"order_status":"COMPLETE"}
{"order_customer_id":841,"order_id":29719,"order_status":"PENDING_PAYMENT"}
{"order_customer_id":7282,"order_id":29720,"order_status":"PENDING"}
{"order_customer_id":10111,"order_id":29721,"order_status":"PENDING_PAYMENT"}
{"order_customer_id":2196,"order_id":29722,"order_status":"PENDING"}
{"order_customer_id":11942,"order_id":29723,"order_status":"PENDING"}
{"order_customer_id":11289,"order_id":29724,"order_status":"PENDING_PAYMENT"}
{"order_customer_id":9341,"order_id":29725,"order_status":"PENDING"}
{"order_customer_id":2065,"order_id":29726,"order_status":"COMPLETE"}
{"order_customer_id":10851,"order_id":29727,"order_status":"PAYMENT_REVIEW"}
{"order_customer_id":12129,"order_id":29728,"order_status":"PENDING_PAYMENT"}
{"order_customer_id":85,"order_id":29729,"order_status":"CLOSED"}
{"order_customer_id":11275,"order_id":29730,"order_status":"CLOSED"}
{"order_customer_id":3204,"order_id":29731,"order_status":"PENDING"}
{"order_customer_id":12398,"order_id":29732,"order_status":"COMPLETE"}
{"order_customer_id":2485,"order_id":29733,"order_status":"PENDING_PAYMENT"}
{"order_customer_id":10194,"order_id":29734,"order_status":"PROCESSING"}
{"order_customer_id":4436,"order_id":29735,"order_status":"CLOSED"}
{"order_customer_id":6297,"order_id":29736,"order_status":"PENDING_PAYMENT"}
{"order_customer_id":7439,"order_id":29737,"order_status":"COMPLETE"}
{"order_customer_id":9406,"order_id":29738,"order_status":"PENDING"}
{"order_customer_id":7853,"order_id":29739,"order_status":"COMPLETE"}
{"order_customer_id":5719,"order_id":29740,"order_status":"PROCESSING"}
{"order_customer_id":11992,"order_id":29741,"order_status":"PENDING_PAYMENT"}
{"order_customer_id":3678,"order_id":29742,"order_status":"COMPLETE"}
{"order_customer_id":7910,"order_id":29743,"order_status":"COMPLETE"}
{"order_customer_id":7765,"order_id":29744,"order_status":"COMPLETE"}
{"order_customer_id":9950,"order_id":29745,"order_status":"PENDING_PAYMENT"}
{"order_customer_id":11924,"order_id":29746,"order_status":"COMPLETE"}
{"order_customer_id":7670,"order_id":29747,"order_status":"PENDING"}
{"order_customer_id":6792,"order_id":29748,"order_status":"PENDING_PAYMENT"}
{"order_customer_id":4399,"order_id":29749,"order_status":"PENDING"}
{"order_customer_id":622,"order_id":29750,"order_status":"PENDING_PAYMENT"}
{"order_customer_id":1860,"order_id":29751,"order_status":"CLOSED"}
{"order_customer_id":7200,"order_id":29752,"order_status":"ON_HOLD"}
{"order_customer_id":2446,"order_id":29753,"order_status":"COMPLETE"}
{"order_customer_id":354,"order_id":29754,"order_status":"CLOSED"}
{"order_customer_id":2586,"order_id":62535,"order_status":"PENDING_PAYMENT"}
{"order_customer_id":603,"order_id":62536,"order_status":"COMPLETE"}
{"order_customer_id":10880,"order_id":62537,"order_status":"SUSPECTED_FRAUD"}
{"order_customer_id":3986,"order_id":62538,"order_status":"CLOSED"}
{"order_customer_id":4708,"order_id":62539,"order_status":"PENDING"}
{"order_customer_id":2976,"order_id":62540,"order_status":"PENDING_PAYMENT"}
{"order_customer_id":5237,"order_id":62541,"order_status":"CLOSED"}
{"order_customer_id":2444,"order_id":62542,"order_status":"CLOSED"}
{"order_customer_id":7409,"order_id":62543,"order_status":"COMPLETE"}
{"order_customer_id":2502,"order_id":62544,"order_status":"PENDING"}
{"order_customer_id":450,"order_id":62545,"order_status":"PENDING_PAYMENT"}
{"order_customer_id":1893,"order_id":62546,"order_status":"CANCELED"}
{"order_customer_id":11647,"order_id":62547,"order_status":"PROCESSING"}
{"order_customer_id":5441,"order_id":62548,"order_status":"COMPLETE"}
{"order_customer_id":4893,"order_id":62549,"order_status":"COMPLETE"}
{"order_customer_id":8814,"order_id":62550,"order_status":"ON_HOLD"}
{"order_customer_id":9823,"order_id":62551,"order_status":"PENDING_PAYMENT"}
{"order_customer_id":567,"order_id":62552,"order_status":"PROCESSING"}
{"order_customer_id":2204,"order_id":62553,"order_status":"COMPLETE"}
{"order_customer_id":3223,"order_id":62554,"order_status":"COMPLETE"}
{"order_customer_id":1970,"order_id":62555,"order_status":"PROCESSING"}
{"order_customer_id":8673,"order_id":62556,"order_status":"PROCESSING"}
{"order_customer_id":8176,"order_id":62557,"order_status":"CLOSED"}
{"order_customer_id":12103,"order_id":62558,"order_status":"PENDING_PAYMENT"}
{"order_customer_id":12115,"order_id":62559,"order_status":"PENDING_PAYMENT"}
{"order_customer_id":11376,"order_id":62560,"order_status":"COMPLETE"}
{"order_customer_id":334,"order_id":62561,"order_status":"SUSPECTED_FRAUD"}
{"order_customer_id":8291,"order_id":62562,"order_status":"COMPLETE"}
{"order_customer_id":4114,"order_id":62563,"order_status":"COMPLETE"}
{"order_customer_id":4330,"order_id":62564,"order_status":"COMPLETE"}
{"order_customer_id":8499,"order_id":62565,"order_status":"COMPLETE"}
{"order_customer_id":4849,"order_id":62566,"order_status":"CANCELED"}
{"order_customer_id":12112,"order_id":62567,"order_status":"PENDING"}
{"order_customer_id":5361,"order_id":62568,"order_status":"PROCESSING"}
{"order_customer_id":7022,"order_id":62569,"order_status":"PROCESSING"}
{"order_customer_id":9563,"order_id":62570,"order_status":"ON_HOLD"}
{"order_customer_id":9353,"order_id":62571,"order_status":"PENDING_PAYMENT"}
{"order_customer_id":4234,"order_id":62572,"order_status":"COMPLETE"}
{"order_customer_id":10636,"order_id":62573,"order_status":"ON_HOLD"}
{"order_customer_id":7117,"order_id":62574,"order_status":"PROCESSING"}
{"order_customer_id":3630,"order_id":62575,"order_status":"PENDING_PAYMENT"}
{"order_customer_id":4907,"order_id":62576,"order_status":"COMPLETE"}
{"order_customer_id":5153,"order_id":62577,"order_status":"PROCESSING"}
{"order_customer_id":70,"order_id":68051,"order_status":"PENDING"}
{"order_customer_id":2912,"order_id":68052,"order_status":"PENDING_PAYMENT"}
{"order_customer_id":11473,"order_id":68053,"order_status":"SUSPECTED_FRAUD"}
{"order_customer_id":4132,"order_id":68054,"order_status":"PENDING_PAYMENT"}
{"order_customer_id":7348,"order_id":68055,"order_status":"PENDING_PAYMENT"}
