{"order_customer_id":5481,"order_id":16557,"order_status":"PROCESSING"}
{"order_customer_id":6702,"order_id":16558,"order_status":"CLOSED"}
{"order_customer_id":11494,"order_id":16559,"order_status":"PENDING_PAYMENT"}
{"order_customer_id":8849,"order_id":16560,"order_status":"PENDING"}
{"order_customer_id":3782,"order_id":16561,"order_status":"CANCELED"}
{"order_customer_id":2568,"order_id":16562,"order_status":"PENDING_PAYMENT"}
{"order_customer_id":2547,"order_id":16563,"order_status":"PROCESSING"}
{"order_customer_id":7305,"order_id":16564,"order_status":"PENDING_PAYMENT"}
{"order_customer_id":8231,"order_id":16565,"order_status":"COMPLETE"}
{"order_customer_id":7810,"order_id":16566,"order_status":"COMPLETE"}
{"order_customer_id":11548,"order_id":16567,"order_status":"COMPLETE"}
{"order_customer_id":12338,"order_id":16568,"order_status":"PENDING"}
{"order_customer_id":10230,"order_id":16569,"order_status":"PENDING"}
{"order_customer_id":643,"order_id":16570,"order_status":"CLOSED"}
{"order_customer_id":6342,"order_id":16571,"order_status":"ON_HOLD"}
{"order_customer_id":5330,"order_id":16572,"order_status":"COMPLETE"}
{"order_customer_id":10126,"order_id":16573,"order_status":"PENDING_PAYMENT"}
{"order_customer_id":11491,"order_id":16574,"order_status":"PENDING_PAYMENT"}
{"order_customer_id":12164,"order_id":16575,"order_status":"PENDING"}
{"order_customer_id":12099,"order_id":16576,"order_status":"COMPLETE"}
{"order_customer_id":683,"order_id":16577,"order_status":"PENDING_PAYMENT"}
{"order_customer_id":2257,"order_id":16578,"order_status":"PROCESSING"}
{"order_customer_id":3315,"order_id":16579,"order_status":"PENDING_PAYMENT"}
{"order_customer_id":8695,"order_id":16580,"order_status":"SUSPECTED_FRAUD"}
{"order_customer_id":9478,"order_id":16581,"order_status":"COMPLETE"}
{"order_customer_id":9554,"order_id":16582,"order_status":"COMPLETE"}
{"order_customer_id":8347,"order_id":16583,"order_status":"ON_HOLD"}
{"order_customer_id":8179,"order_id":16584,"order_status":"PROCESSING"}
{"order_customer_id":1638,"order_id":16585,"order_status":"CANCELED"}
{"order_customer_id":4015,"order_id":16586,"order_status":"PENDING_PAYMENT"}
{"order_customer_id":5063,"order_id":16587,"order_status":"PROCESSING"}
{"order_customer_id":7758,"order_id":16588,"order_status":"COMPLETE"}
{"order_customer_id":8741,"order_id":16589,"order_status":"PENDING_PAYMENT"}
{"order_customer_id":11431,"order_id":16590,"order_status":"CANCELED"}
{"order_customer_id":6196,"order_id":16591,"order_status":"ON_HOLD"}
{"order_customer_id":11021,"order_id":16592,"order_status":"CLOSED"}
{"order_customer_id":5271,"order_id":16593,"order_status":"PROCESSING"}
{"order_customer_id":10427,"order_id":16594,"order_status":"PENDING_PAYMENT"}
{"order_customer_id":5897,"order_id":16595,"order_status":"PROCESSING"}
{"order_customer_id":7577,"order_id":16596,"order_status":"PENDING"}
{"order_customer_id":2326,"order_id":16597,"order_status":"PROCESSING"}
{"order_customer_id":10574,"order_id":16598,"order_status":"PENDING"}
{"order_customer_id":741,"order_id":16599,"order_status":"COMPLETE"}
{"order_customer_id":4668,"order_id":16600,"order_status":"PENDING"}
{"order_customer_id":131,"order_id":16601,"order_status":"COMPLETE"}
{"order_customer_id":10506,"order_id":16602,"order_status":"COMPLETE"}
{"order_customer_id":3180,"order_id":16603,"order_status":"COMPLETE"}
{"order_customer_id":4530,"order_id":16604,"order_status":"COMPLETE"}
{"order_customer_id":6095,"order_id":16605,"order_status":"PENDING_PAYMENT"}
{"order_customer_id":5897,"order_id":16606,"order_status":"CLOSED"}
{"order_customer_id":5841,"order_id":16607,"order_status":"PROCESSING"}
{"order_customer_id":7293,"order_id":16608,"order_status":"PENDING_PAYMENT"}
{"order_customer_id":591,"order_id":16609,"order_status":"CLOSED"}
{"order_customer_id":8550,"order_id":16610,"order_status":"COMPLETE"}
{"order_customer_id":3929,"order_id":16611,"order_status":"PROCESSING"}
{"order_customer_id":10137,"order_id":16612,"order_status":"PENDING_PAYMENT"}
{"order_customer_id":12100,"order_id":16613,"order_status":"PENDING"}
{"order_customer_id":9024,"order_id":16614,"order_status":"CLOSED"}
{"order_customer_id":8202,"order_id":16615,"order_status":"COMPLETE"}
{"order_customer_id":2231,"order_id":16616,"order_status":"ON_HOLD"}
{"order_customer_id":4047,"order_id":16617,"order_status":"COMPLETE"}
{"order_customer_id":11965,"order_id":16618,"order_status":"COMPLETE"}
{"order_customer_id":4047,"order_id":16619,"order_status":"PENDING_PAYMENT"}
{"order_customer_id":5660,"order_id":16620,"order_status":"COMPLETE"}
{"order_customer_id":11429,"order_id":16621,"order_status":"PROCESSING"}
{"order_customer_id":7741,"order_id":16622,"order_status":"COMPLETE"}
{"order_customer_id":3019,"order_id":16623,"order_status":"CLOSED"}
{"order_customer_id":3807,"order_id":16624,"order_status":"PENDING_PAYMENT"}
{"order_customer_id":10934,"order_id":16625,"order_status":"ON_HOLD"}
{"order_customer_id":4010,"order_id":16626,"order_status":"COMPLETE"}
{"order_customer_id":5608,"order_id":16627,"order_status":"PROCESSING"}
{"order_customer_id":8908,"order_id":16628,"order_status":"PENDING_PAYMENT"}
{"order_customer_id":7085,"order_id":16629,"order_status":"COMPLETE"}
{"order_customer_id":8201,"order_id":16630,"order_status":"SUSPECTED_FRAUD"}
{"order_customer_id":5629,"order_id":16631,"order_status":"COMPLETE"}
{"order_customer_id":1446,"order_id":16632,"order_status":"ON_HOLD"}
{"order_customer_id":11300,"order_id":16633,"order_status":"COMPLETE"}
{"order_customer_id":9302,"order_id":16634,"order_status":"PROCESSING"}
{"order_customer_id":4944,"order_id":16635,"order_status":"CLOSED"}
{"order_customer_id":650,"order_id":16636,"order_status":"PENDING_PAYMENT"}
{"order_customer_id":6391,"order_id":16637,"order_status":"COMPLETE"}
{"order_customer_id":318,"order_id":16638,"order_status":"COMPLETE"}
{"order_customer_id":11768,"order_id":16639,"order_status":"COMPLETE"}
{"order_customer_id":8469,"order_id":16640,"order_status":"COMPLETE"}
{"order_customer_id":666,"order_id":16641,"order_status":"CANCELED"}
{"order_customer_id":10828,"order_id":16642,"order_status":"PENDING_PAYMENT"}
{"order_customer_id":8069,"order_id":16643,"order_status":"PENDING_PAYMENT"}
{"order_customer_id":9245,"order_id":16644,"order_status":"PENDING"}
{"order_customer_id":2755,"order_id":16645,"order_status":"COMPLETE"}
{"order_customer_id":21,"order_id":16646,"order_status":"COMPLETE"}
{"order_customer_id":9161,"order_id":16647,"order_status":"PENDING_PAYMENT"}
{"order_customer_id":5557,"order_id":16648,"order_status":"PENDING_PAYMENT"}
{"order_customer_id":1547,"order_id":16649,"order_status":"COMPLETE"}
{"order_customer_id":7505,"order_id":16650,"order_status":"PENDING_PAYMENT"}
{"order_customer_id":4961,"order_id":16651,"order_status":"SUSPECTED_FRAUD"}
{"order_customer_id":7647,"order_id":16652,"order_status":"PENDING_PAYMENT"}
{"order_customer_id":4007,"order_id":16653,"order_status":"COMPLETE"}
{"order_customer_id":6498,"order_id":16654,"order_status":"PENDING_PAYMENT"}
{"order_customer_id":10498,"order_id":16655,"order_status":"PENDING_PAYMENT"}
{"order_customer_id":3957,"order_id":16656,"order_status":"SUSPECTED_FRAUD"}
{"order_customer_id":10488,"order_id":16657,"order_status":"COMPLETE"}
{"order_customer_id":11976,"order_id":16658,"order_status":"PROCESSING"}
{"order_customer_id":2027,"order_id":16659,"order_status":"COMPLETE"}
{"order_customer_id":9547,"order_id":16660,"order_status":"PROCESSING"}
{"order_customer_id":1910,"order_id":16661,"order_status":"COMPLETE"}
{"order_customer_id":12341,"order_id":16662,"order_status":"PENDING"}
{"order_customer_id":7031,"order_id":16663,"order_status":"COMPLETE"}
{"order_customer_id":455,"order_id":16664,"order_status":"COMPLETE"}
{"order_customer_id":11890,"order_id":16665,"order_status":"PENDING_PAYMENT"}
{"order_customer_id":6209,"order_id":16666,"order_status":"CLOSED"}
{"order_customer_id":9253,"order_id":16667,"order_status":"PROCESSING"}
{"order_customer_id":4550,"order_id":16668,"order_status":"PAYMENT_REVIEW"}
{"order_customer_id":9032,"order_id":16669,"order_status":"COMPLETE"}
{"order_customer_id":1979,"order_id":16670,"order_status":"COMPLETE"}
{"order_customer_id":11013,"order_id":16671,"order_status":"PENDING"}
{"order_customer_id":1559,"order_id":16672,"order_status":"COMPLETE"}
{"order_customer_id":10948,"order_id":16673,"order_status":"COMPLETE"}
{"order_customer_id":3665,"order_id":16674,"order_status":"CLOSED"}
{"order_customer_id":924,"order_id":16675,"order_status":"COMPLETE"}
{"order_customer_id":4893,"order_id":16676,"order_status":"PROCESSING"}
{"order_customer_id":5933,"order_id":16677,"order_status":"COMPLETE"}
{"order_customer_id":5702,"order_id":16678,"order_status":"PENDING_PAYMENT"}
{"order_customer_id":2964,"order_id":16679,"order_status":"PENDING_PAYMENT"}
{"order_customer_id":495,"order_id":16680,"order_status":"PROCESSING"}
{"order_customer_id":3480,"order_id":16681,"order_status":"COMPLETE"}
{"order_customer_id":5048,"order_id":16682,"order_status":"COMPLETE"}
{"order_customer_id":2746,"order_id":16683,"order_status":"PENDING_PAYMENT"}
{"order_customer_id":11225,"order_id":16684,"order_status":"COMPLETE"}
{"order_customer_id":7324,"order_id":16685,"order_status":"PENDING"}
{"order_customer_id":5704,"order_id":16686,"order_status":"COMPLETE"}
{"order_customer_id":2178,"order_id":16687,"order_status":"PENDING_PAYMENT"}
{"order_customer_id":7632,"order_id":16688,"order_status":"COMPLETE"}
{"order_customer_id":6156,"order_id":16689,"order_status":"PENDING"}
{"order_customer_id":2946,"order_id":16690,"order_status":"COMPLETE"}
{"order_customer_id":8026,"order_id":16691,"order_status":"PENDING"}
{"order_customer_id":7449,"order_id":16692,"order_status":"COMPLETE"}
{"order_customer_id":2111,"order_id":16693,"order_status":"PENDING"}
{"order_customer_id":6988,"order_id":16694,"order_status":"ON_HOLD"}
{"order_customer_id":10421,"order_id":16695,"order_status":"PENDING_PAYMENT"}
{"order_customer_id":9871,"order_id":16696,"order_status":"PENDING_PAYMENT"}
{"order_customer_id":6310,"order_id":16697,"order_status":"PENDING"}
{"order_customer_id":4528,"order_id":16698,"order_status":"COMPLETE"}
{"order_customer_id":10319,"order_id":16699,"order_status":"COMPLETE"}
{"order_customer_id":9995,"order_id":16700,"order_status":"COMPLETE"}
{"order_customer_id":1384,"order_id":16701,"order_status":"PENDING_PAYMENT"}
{"order_customer_id":5861,"order_id":16702,"order_status":"PROCESSING"}
{"order_customer_id":2251,"order_id":16703,"order_status":"PENDING"}
{"order_customer_id":9559,"order_id":16704,"order_status":"ON_HOLD"}
{"order_customer_id":7612,"order_id":16705,"order_status":"COMPLETE"}
{"order_customer_id":11523,"order_id":16706,"order_status":"PENDING_PAYMENT"}
{"order_customer_id":913,"order_id":16707,"order_status":"ON_HOLD"}
{"order_customer_id":2587,"order_id":16708,"order_status":"PENDING_PAYMENT"}
{"order_customer_id":6374,"order_id":16709,"order_status":"PENDING_PAYMENT"}
{"order_customer_id":11310,"order_id":16710,"order_status":"COMPLETE"}
{"order_customer_id":4737,"order_id":16711,"order_status":"PENDING_PAYMENT"}
{"order_customer_id":8285,"order_id":16712,"order_status":"CANCELED"}
{"order_customer_id":1147,"order_id":16713,"order_status":"CLOSED"}
{"order_customer_id":3494,"order_id":16714,"order_status":"PENDING"}
{"order_customer_id":1387,"order_id":16715,"order_status":"PROCESSING"}
{"order_customer_id":10869,"order_id":16716,"order_status":"SUSPECTED_FRAUD"}
{"order_customer_id":5900,"order_id":16717,"order_status":"PROCESSING"}
{"order_customer_id":2088,"order_id":16718,"order_status":"PENDING_PAYMENT"}
{"order_customer_id":1598,"order_id":16719,"order_status":"CLOSED"}
{"order_customer_id":7377,"order_id":16720,"order_status":"PENDING"}
{"order_customer_id":4029,"order_id":16721,"order_status":"PENDING_PAYMENT"}
{"order_customer_id":9808,"order_id":16722,"order_status":"COMPLETE"}
{"order_customer_id":10903,"order_id":16723,"order_status":"PENDING_PAYMENT"}
{"order_customer_id":8919,"order_id":16724,"order_status":"PENDING"}
{"order_customer_id":12195,"order_id":16725,"order_status":"PENDING_PAYMENT"}
{"order_customer_id":3276,"order_id":16726,"order_status":"PENDING_PAYMENT"}
{"order_customer_id":1765,"order_id":16727,"order_status":"PENDING_PAYMENT"}
{"order_customer_id":11509,"order_id":16728,"order_status":"CLOSED"}
{"order_customer_id":2714,"order_id":16729,"order_status":"COMPLETE"}
{"order_customer_id":5231,"order_id":16730,"order_status":"PENDING_PAYMENT"}
{"order_customer_id":424,"order_id":16731,"order_status":"COMPLETE"}
{"order_customer_id":970,"order_id":16732,"order_status":"PENDING_PAYMENT"}
{"order_customer_id":8780,"order_id":16733,"order_status":"COMPLETE"}
{"order_customer_id":5558,"order_id":16734,"order_status":"COMPLETE"}
{"order_customer_id":397,"order_id":16735,"order_status":"PROCESSING"}
{"order_customer_id":10443,"order_id":16736,"order_status":"COMPLETE"}
{"order_customer_id":3208,"order_id":16737,"order_status":"PENDING_PAYMENT"}
{"order_customer_id":1958,"order_id":16738,"order_status":"COMPLETE"}
{"order_customer_id":5703,"order_id":16739,"order_status":"CLOSED"}
{"order_customer_id":7894,"order_id":16740,"order_status":"COMPLETE"}
{"order_customer_id":8746,"order_id":16741,"order_status":"COMPLETE"}
{"order_customer_id":8167,"order_id":16742,"order_status":"PROCESSING"}
{"order_customer_id":8328,"order_id":16743,"order_status":"CLOSED"}
{"order_customer_id":10416,"order_id":16744,"order_status":"PROCESSING"}
{"order_customer_id":2675,"order_id":16745,"order_status":"COMPLETE"}
{"order_customer_id":2820,"order_id":16746,"order_status":"PENDING_PAYMENT"}
{"order_customer_id":11382,"order_id":16747,"order_status":"PENDING_PAYMENT"}
{"order_customer_id":660,"order_id":16748,"order_status":"SUSPECTED_FRAUD"}
{"order_customer_id":979,"order_id":16749,"order_status":"CANCELED"}
{"order_customer_id":8123,"order_id":16750,"order_status":"PROCESSING"}
{"order_customer_id":5338,"order_id":16751,"order_status":"PENDING"}
{"order_customer_id":9464,"order_id":16752,"order_status":"COMPLETE"}
{"order_customer_id":10318,"order_id":16753,"order_status":"COMPLETE"}
{"order_customer_id":8385,"order_id":16754,"order_status":"CLOSED"}
{"order_customer_id":4905,"order_id":16755,"order_status":"PROCESSING"}
{"order_customer_id":4007,"order_id":16756,"order_status":"CLOSED"}
{"order_customer_id":968,"order_id":16757,"order_status":"PENDING_PAYMENT"}
{"order_customer_id":3201,"order_id":16758,"order_status":"PENDING_PAYMENT"}
{"order_customer_id":1283,"order_id":16759,"order_status":"COMPLETE"}
{"order_customer_id":7787,"order_id":16760,"order_status":"PENDING_PAYMENT"}
{"order_customer_id":11722,"order_id":16761,"order_status":"PENDING_PAYMENT"}
{"order_customer_id":9443,"order_id":16762,"order_status":"ON_HOLD"}
{"order_customer_id":10282,"order_id":16763,"order_status":"ON_HOLD"}
{"order_customer_id":12327,"order_id":16764,"order_status":"COMPLETE"}
{"order_customer_id":4921,"order_id":16765,"order_status":"PENDING_PAYMENT"}
{"order_customer_id":548,"order_id":16766,"order_status":"PENDING_PAYMENT"}
{"order_customer_id":10132,"order_id":16767,"order_status":"COMPLETE"}
{"order_customer_id":4837,"order_id":16768,"order_status":"PROCESSING"}
{"order_customer_id":10934,"order_id":16769,"order_status":"PENDING_PAYMENT"}
{"order_customer_id":8889,"order_id":16770,"order_status":"PROCESSING"}
{"order_customer_id":5216,"order_id":60423,"order_status":"COMPLETE"}
{"order_customer_id":3731,"order_id":60424,"order_status":"COMPLETE"}
{"order_customer_id":10451,"order_id":60425,"order_status":"COMPLETE"}
{"order_customer_id":1179,"order_id":60426,"order_status":"COMPLETE"}
{"order_customer_id":11716,"order_id":60427,"order_status":"COMPLETE"}
{"order_customer_id":8118,"order_id":60428,"order_status":"COMPLETE"}
{"order_customer_id":8877,"order_id":60429,"order_status":"PENDING"}
{"order_customer_id":11796,"order_id":60430,"order_status":"PROCESSING"}
{"order_customer_id":11133,"order_id":60431,"order_status":"COMPLETE"}
{"order_customer_id":9214,"order_id":60432,"order_status":"CLOSED"}
{"order_customer_id":7268,"order_id":60433,"order_status":"COMPLETE"}
{"order_customer_id":5977,"order_id":60434,"order_status":"COMPLETE"}
{"order_customer_id":538,"order_id":60435,"order_status":"COMPLETE"}
{"order_customer_id":4890,"order_id":60436,"order_status":"PENDING_PAYMENT"}
{"order_customer_id":3929,"order_id":60437,"order_status":"COMPLETE"}
{"order_customer_id":1713,"order_id":60438,"order_status":"COMPLETE"}
{"order_customer_id":12298,"order_id":60439,"order_status":"PENDING_PAYMENT"}
{"order_customer_id":2124,"order_id":67782,"order_status":"PROCESSING"}
{"order_customer_id":11872,"order_id":67783,"order_status":"COMPLETE"}
{"order_customer_id":9359,"order_id":67784,"order_status":"PROCESSING"}
