{"order_customer_id":3387,"order_id":41565,"order_status":"COMPLETE"}
{"order_customer_id":1292,"order_id":41566,"order_status":"PROCESSING"}
{"order_customer_id":1473,"order_id":41567,"order_status":"PENDING_PAYMENT"}
{"order_customer_id":7590,"order_id":41568,"order_status":"COMPLETE"}
{"order_customer_id":8841,"order_id":41569,"order_status":"SUSPECTED_FRAUD"}
{"order_customer_id":4538,"order_id":41570,"order_status":"COMPLETE"}
{"order_customer_id":2888,"order_id":41571,"order_status":"ON_HOLD"}
{"order_customer_id":10031,"order_id":41572,"order_status":"PROCESSING"}
{"order_customer_id":6840,"order_id":41573,"order_status":"PENDING_PAYMENT"}
{"order_customer_id":5739,"order_id":41574,"order_status":"PENDING_PAYMENT"}
{"order_customer_id":2805,"order_id":41575,"order_status":"PROCESSING"}
{"order_customer_id":8000,"order_id":41576,"order_status":"COMPLETE"}
{"order_customer_id":5640,"order_id":41577,"order_status":"COMPLETE"}
{"order_customer_id":5582,"order_id":41578,"order_status":"PENDING"}
{"order_customer_id":3878,"order_id":41579,"order_status":"SUSPECTED_FRAUD"}
{"order_customer_id":5722,"order_id":41580,"order_status":"PROCESSING"}
{"order_customer_id":10849,"order_id":41581,"order_status":"PROCESSING"}
{"order_customer_id":9602,"order_id":41582,"order_status":"COMPLETE"}
{"order_customer_id":5236,"order_id":41583,"order_status":"COMPLETE"}
{"order_customer_id":6409,"order_id":41584,"order_status":"COMPLETE"}
{"order_customer_id":8707,"order_id":41585,"order_status":"PENDING_PAYMENT"}
{"order_customer_id":6868,"order_id":41586,"order_status":"COMPLETE"}
{"order_customer_id":5236,"order_id":41587,"order_status":"COMPLETE"}
{"order_customer_id":2747,"order_id":41588,"order_status":"COMPLETE"}
{"order_customer_id":1038,"order_id":41589,"order_status":"PROCESSING"}
{"order_customer_id":125,"order_id":41590,"order_status":"SUSPECTED_FRAUD"}
{"order_customer_id":10699,"order_id":41591,"order_status":"ON_HOLD"}
{"order_customer_id":911,"order_id":41592,"order_status":"COMPLETE"}
{"order_customer_id":6181,"order_id":41593,"order_status":"COMPLETE"}
{"order_customer_id":12410,"order_id":41594,"order_status":"ON_HOLD"}
{"order_customer_id":5983,"order_id":41595,"order_status":"ON_HOLD"}
{"order_customer_id":9658,"order_id":41596,"order_status":"PENDING_PAYMENT"}
{"order_customer_id":10108,"order_id":41597,"order_status":"PENDING_PAYMENT"}
{"order_customer_id":12161,"order_id":41598,"order_status":"COMPLETE"}
{"order_customer_id":7996,"order_id":41599,"order_status":"COMPLETE"}
{"order_customer_id":5820,"order_id":41600,"order_status":"PENDING"}
{"order_customer_id":3595,"order_id":41601,"order_status":"PENDING"}
{"order_customer_id":10415,"order_id":41602,"order_status":"ON_HOLD"}
{"order_customer_id":3139,"order_id":41603,"order_status":"PROCESSING"}
{"order_customer_id":658,"order_id":41604,"order_status":"PENDING_PAYMENT"}
{"order_customer_id":2609,"order_id":41605,"order_status":"COMPLETE"}
{"order_customer_id":2074,"order_id":41606,"order_status":"COMPLETE"}
{"order_customer_id":4661,"order_id":41607,"order_status":"CLOSED"}
{"order_customer_id":2454,"order_id":41608,"order_status":"COMPLETE"}
{"order_customer_id":11338,"order_id":41609,"order_status":"COMPLETE"}
{"order_customer_id":6969,"order_id":41610,"order_status":"PENDING_PAYMENT"}
{"order_customer_id":6450,"order_id":41611,"order_status":"COMPLETE"}
{"order_customer_id":1222,"order_id":41612,"order_status":"PROCESSING"}
{"order_customer_id":4547,"order_id":41613,"order_status":"PROCESSING"}
{"order_customer_id":8039,"order_id":41614,"order_status":"COMPLETE"}
{"order_customer_id":8074,"order_id":41615,"order_status":"COMPLETE"}
{"order_customer_id":3710,"order_id":41616,"order_status":"ON_HOLD"}
{"order_customer_id":3343,"order_id":41617,"order_status":"COMPLETE"}
{"order_customer_id":1891,"order_id":41618,"order_status":"COMPLETE"}
{"order_customer_id":4048,"order_id":41619,"order_status":"PROCESSING"}
{"order_customer_id":5245,"order_id":41620,"order_status":"COMPLETE"}
{"order_customer_id":9487,"order_id":41621,"order_status":"COMPLETE"}
{"order_customer_id":6808,"order_id":41622,"order_status":"PENDING_PAYMENT"}
{"order_customer_id":12253,"order_id":41623,"order_status":"SUSPECTED_FRAUD"}
{"order_customer_id":3393,"order_id":41624,"order_status":"PENDING"}
{"order_customer_id":7938,"order_id":41625,"order_status":"CLOSED"}
{"order_customer_id":9905,"order_id":41626,"order_status":"COMPLETE"}
{"order_customer_id":1005,"order_id":41627,"order_status":"PENDING_PAYMENT"}
{"order_customer_id":6016,"order_id":41628,"order_status":"CLOSED"}
{"order_customer_id":2834,"order_id":41629,"order_status":"PENDING_PAYMENT"}
{"order_customer_id":11700,"order_id":41630,"order_status":"COMPLETE"}
{"order_customer_id":2396,"order_id":41631,"order_status":"SUSPECTED_FRAUD"}
{"order_customer_id":1998,"order_id":41632,"order_status":"COMPLETE"}
{"order_customer_id":1747,"order_id":41633,"order_status":"COMPLETE"}
{"order_customer_id":3082,"order_id":41634,"order_status":"CANCELED"}
{"order_customer_id":4982,"order_id":41635,"order_status":"PENDING_PAYMENT"}
{"order_customer_id":9065,"order_id":41636,"order_status":"COMPLETE"}
{"order_customer_id":7321,"order_id":41637,"order_status":"PENDING_PAYMENT"}
{"order_customer_id":725,"order_id":41638,"order_status":"COMPLETE"}
{"order_customer_id":11731,"order_id":41639,"order_status":"PENDING_PAYMENT"}
{"order_customer_id":9189,"order_id":41640,"order_status":"PENDING_PAYMENT"}
{"order_customer_id":4899,"order_id":41641,"order_status":"PENDING"}
{"order_customer_id":3733,"order_id":41642,"order_status":"PENDING"}
{"order_customer_id":12435,"order_id":41643,"order_status":"PENDING"}
{"order_customer_id":5207,"order_id":41644,"order_status":"COMPLETE"}
{"order_customer_id":2609,"order_id":41645,"order_status":"COMPLETE"}
{"order_customer_id":7145,"order_id":41646,"order_status":"COMPLETE"}
{"order_customer_id":8334,"order_id":41647,"order_status":"PENDING"}
{"order_customer_id":5460,"order_id":41648,"order_status":"PENDING"}
{"order_customer_id":7694,"order_id":41649,"order_status":"PENDING_PAYMENT"}
{"order_customer_id":7582,"order_id":41650,"order_status":"PENDING"}
{"order_customer_id":3358,"order_id":41651,"order_status":"PENDING_PAYMENT"}
{"order_customer_id":8284,"order_id":41652,"order_status":"COMPLETE"}
{"order_customer_id":4542,"order_id":41653,"order_status":"PENDING"}
{"order_customer_id":11540,"order_id":41654,"order_status":"COMPLETE"}
{"order_customer_id":677,"order_id":41655,"order_status":"PENDING"}
{"order_customer_id":1079,"order_id":41656,"order_status":"COMPLETE"}
{"order_customer_id":8198,"order_id":41657,"order_status":"COMPLETE"}
{"order_customer_id":7462,"order_id":41658,"order_status":"PROCESSING"}
{"order_customer_id":1553,"order_id":41659,"order_status":"COMPLETE"}
{"order_customer_id":4096,"order_id":41660,"order_status":"PAYMENT_REVIEW"}
{"order_customer_id":11723,"order_id":41661,"order_status":"PROCESSING"}
{"order_customer_id":10134,"order_id":41662,"order_status":"CLOSED"}
{"order_customer_id":1313,"order_id":41663,"order_status":"COMPLETE"}
{"order_customer_id":3410,"order_id":41664,"order_status":"COMPLETE"}
{"order_customer_id":8260,"order_id":41665,"order_status":"COMPLETE"}
{"order_customer_id":9258,"order_id":41666,"order_status":"COMPLETE"}
{"order_customer_id":8720,"order_id":41667,"order_status":"COMPLETE"}
{"order_customer_id":4473,"order_id":41668,"order_status":"PENDING_PAYMENT"}
{"order_customer_id":388,"order_id":41669,"order_status":"CLOSED"}
{"order_customer_id":2991,"order_id":41670,"order_status":"PROCESSING"}
{"order_customer_id":10306,"order_id":41671,"order_status":"COMPLETE"}
{"order_customer_id":11535,"order_id":41672,"order_status":"PENDING_PAYMENT"}
{"order_customer_id":28,"order_id":41673,"order_status":"COMPLETE"}
{"order_customer_id":12251,"order_id":41674,"order_status":"COMPLETE"}
{"order_customer_id":9075,"order_id":41675,"order_status":"PROCESSING"}
{"order_customer_id":11372,"order_id":41676,"order_status":"COMPLETE"}
{"order_customer_id":3478,"order_id":41677,"order_status":"PROCESSING"}
{"order_customer_id":3717,"order_id":41678,"order_status":"PROCESSING"}
{"order_customer_id":2953,"order_id":41679,"order_status":"COMPLETE"}
{"order_customer_id":7864,"order_id":41680,"order_status":"PENDING"}
{"order_customer_id":4864,"order_id":41681,"order_status":"COMPLETE"}
{"order_customer_id":8974,"order_id":41682,"order_status":"CLOSED"}
{"order_customer_id":11148,"order_id":41683,"order_status":"COMPLETE"}
{"order_customer_id":9733,"order_id":41684,"order_status":"SUSPECTED_FRAUD"}
{"order_customer_id":285,"order_id":41685,"order_status":"PROCESSING"}
{"order_customer_id":7884,"order_id":41686,"order_status":"COMPLETE"}
{"order_customer_id":10367,"order_id":41687,"order_status":"PENDING_PAYMENT"}
{"order_customer_id":3006,"order_id":41688,"order_status":"PROCESSING"}
{"order_customer_id":3356,"order_id":41689,"order_status":"PENDING"}
{"order_customer_id":6233,"order_id":41690,"order_status":"COMPLETE"}
{"order_customer_id":10008,"order_id":41691,"order_status":"PENDING"}
{"order_customer_id":9540,"order_id":41692,"order_status":"PENDING_PAYMENT"}
{"order_customer_id":2432,"order_id":41693,"order_status":"PROCESSING"}
{"order_customer_id":7820,"order_id":41694,"order_status":"CLOSED"}
{"order_customer_id":8143,"order_id":41695,"order_status":"CLOSED"}
{"order_customer_id":2975,"order_id":41696,"order_status":"CLOSED"}
{"order_customer_id":3186,"order_id":41697,"order_status":"COMPLETE"}
{"order_customer_id":3531,"order_id":41698,"order_status":"PENDING_PAYMENT"}
{"order_customer_id":3215,"order_id":41699,"order_status":"PENDING_PAYMENT"}
{"order_customer_id":8167,"order_id":41700,"order_status":"COMPLETE"}
{"order_customer_id":3557,"order_id":41701,"order_status":"COMPLETE"}
{"order_customer_id":4147,"order_id":41702,"order_status":"CLOSED"}
{"order_customer_id":4071,"order_id":41703,"order_status":"PENDING_PAYMENT"}
{"order_customer_id":3766,"order_id":41704,"order_status":"COMPLETE"}
{"order_customer_id":796,"order_id":41705,"order_status":"PENDING"}
{"order_customer_id":10620,"order_id":41706,"order_status":"COMPLETE"}
{"order_customer_id":2682,"order_id":41707,"order_status":"COMPLETE"}
{"order_customer_id":3936,"order_id":41708,"order_status":"PENDING_PAYMENT"}
{"order_customer_id":1315,"order_id":41709,"order_status":"PENDING"}
{"order_customer_id":8110,"order_id":41710,"order_status":"PENDING"}
{"order_customer_id":11531,"order_id":41711,"order_status":"PROCESSING"}
{"order_customer_id":3469,"order_id":41712,"order_status":"COMPLETE"}
{"order_customer_id":6154,"order_id":41713,"order_status":"COMPLETE"}
{"order_customer_id":2940,"order_id":41714,"order_status":"ON_HOLD"}
{"order_customer_id":7358,"order_id":41715,"order_status":"PENDING_PAYMENT"}
{"order_customer_id":1695,"order_id":41716,"order_status":"PENDING"}
{"order_customer_id":5553,"order_id":41717,"order_status":"COMPLETE"}
{"order_customer_id":7492,"order_id":41718,"order_status":"COMPLETE"}
{"order_customer_id":1717,"order_id":41719,"order_status":"COMPLETE"}
{"order_customer_id":10558,"order_id":41720,"order_status":"COMPLETE"}
{"order_customer_id":8166,"order_id":41721,"order_status":"ON_HOLD"}
{"order_customer_id":2783,"order_id":41722,"order_status":"PROCESSING"}
{"order_customer_id":647,"order_id":41723,"order_status":"COMPLETE"}
{"order_customer_id":5492,"order_id":41724,"order_status":"PROCESSING"}
{"order_customer_id":1611,"order_id":41725,"order_status":"PENDING_PAYMENT"}
{"order_customer_id":8254,"order_id":41726,"order_status":"PROCESSING"}
{"order_customer_id":7397,"order_id":41727,"order_status":"PENDING_PAYMENT"}
{"order_customer_id":8849,"order_id":41728,"order_status":"COMPLETE"}
{"order_customer_id":5828,"order_id":41729,"order_status":"PENDING_PAYMENT"}
{"order_customer_id":9461,"order_id":41730,"order_status":"COMPLETE"}
{"order_customer_id":12154,"order_id":41731,"order_status":"COMPLETE"}
{"order_customer_id":11256,"order_id":41732,"order_status":"PENDING_PAYMENT"}
{"order_customer_id":2759,"order_id":41733,"order_status":"PENDING_PAYMENT"}
{"order_customer_id":8297,"order_id":41734,"order_status":"PROCESSING"}
{"order_customer_id":7114,"order_id":41735,"order_status":"COMPLETE"}
{"order_customer_id":4879,"order_id":41736,"order_status":"COMPLETE"}
{"order_customer_id":3865,"order_id":41737,"order_status":"PAYMENT_REVIEW"}
{"order_customer_id":8502,"order_id":41738,"order_status":"CLOSED"}
{"order_customer_id":7388,"order_id":41739,"order_status":"COMPLETE"}
{"order_customer_id":12317,"order_id":41740,"order_status":"PENDING_PAYMENT"}
{"order_customer_id":2240,"order_id":41741,"order_status":"PROCESSING"}
{"order_customer_id":2351,"order_id":41742,"order_status":"COMPLETE"}
{"order_customer_id":1615,"order_id":41743,"order_status":"COMPLETE"}
{"order_customer_id":8554,"order_id":41744,"order_status":"PENDING_PAYMENT"}
{"order_customer_id":4915,"order_id":41745,"order_status":"PROCESSING"}
{"order_customer_id":7988,"order_id":41746,"order_status":"CLOSED"}
{"order_customer_id":5535,"order_id":41747,"order_status":"PROCESSING"}
{"order_customer_id":3570,"order_id":41748,"order_status":"ON_HOLD"}
{"order_customer_id":9919,"order_id":41749,"order_status":"COMPLETE"}
{"order_customer_id":5995,"order_id":41750,"order_status":"PROCESSING"}
{"order_customer_id":1717,"order_id":41751,"order_status":"ON_HOLD"}
{"order_customer_id":2320,"order_id":41752,"order_status":"PROCESSING"}
{"order_customer_id":6914,"order_id":41753,"order_status":"COMPLETE"}
{"order_customer_id":10181,"order_id":41754,"order_status":"COMPLETE"}
{"order_customer_id":5691,"order_id":41755,"order_status":"PROCESSING"}
{"order_customer_id":11628,"order_id":41756,"order_status":"PENDING_PAYMENT"}
{"order_customer_id":8988,"order_id":41757,"order_status":"PENDING_PAYMENT"}
{"order_customer_id":1323,"order_id":41758,"order_status":"PROCESSING"}
{"order_customer_id":4596,"order_id":41759,"order_status":"ON_HOLD"}
{"order_customer_id":5553,"order_id":41760,"order_status":"COMPLETE"}
{"order_customer_id":6116,"order_id":41761,"order_status":"PENDING_PAYMENT"}
{"order_customer_id":6837,"order_id":41762,"order_status":"COMPLETE"}
{"order_customer_id":10999,"order_id":41763,"order_status":"PROCESSING"}
{"order_customer_id":7984,"order_id":41764,"order_status":"COMPLETE"}
{"order_customer_id":9885,"order_id":41765,"order_status":"COMPLETE"}
{"order_customer_id":5676,"order_id":41766,"order_status":"PENDING_PAYMENT"}
{"order_customer_id":2307,"order_id":41767,"order_status":"PROCESSING"}
{"order_customer_id":3433,"order_id":41768,"order_status":"COMPLETE"}
{"order_customer_id":6690,"order_id":41769,"order_status":"COMPLETE"}
{"order_customer_id":12220,"order_id":64470,"order_status":"PROCESSING"}
{"order_customer_id":5137,"order_id":64471,"order_status":"COMPLETE"}
{"order_customer_id":11846,"order_id":64472,"order_status":"PENDING_PAYMENT"}
{"order_customer_id":5951,"order_id":64473,"order_status":"CANCELED"}
{"order_customer_id":8515,"order_id":64474,"order_status":"PENDING"}
{"order_customer_id":10329,"order_id":64475,"order_status":"CLOSED"}
{"order_customer_id":490,"order_id":64476,"order_status":"COMPLETE"}
{"order_customer_id":6288,"order_id":64477,"order_status":"PROCESSING"}
{"order_customer_id":2463,"order_id":64478,"order_status":"COMPLETE"}
{"order_customer_id":5490,"order_id":64479,"order_status":"COMPLETE"}
{"order_customer_id":1175,"order_id":64480,"order_status":"COMPLETE"}
{"order_customer_id":6140,"order_id":64481,"order_status":"PENDING_PAYMENT"}
{"order_customer_id":3846,"order_id":64482,"order_status":"ON_HOLD"}
{"order_customer_id":8338,"order_id":64483,"order_status":"COMPLETE"}
{"order_customer_id":6242,"order_id":64484,"order_status":"COMPLETE"}
{"order_customer_id":11219,"order_id":64485,"order_status":"CLOSED"}
{"order_customer_id":11768,"order_id":64486,"order_status":"PROCESSING"}
{"order_customer_id":2453,"order_id":64487,"order_status":"PENDING_PAYMENT"}
{"order_customer_id":6773,"order_id":64488,"order_status":"CLOSED"}
{"order_customer_id":254,"order_id":64489,"order_status":"CLOSED"}
{"order_customer_id":394,"order_id":64490,"order_status":"PROCESSING"}
{"order_customer_id":659,"order_id":64491,"order_status":"COMPLETE"}
{"order_customer_id":11744,"order_id":64492,"order_status":"CLOSED"}
{"order_customer_id":10683,"order_id":68323,"order_status":"PENDING_PAYMENT"}
{"order_customer_id":5624,"order_id":68324,"order_status":"COMPLETE"}
{"order_customer_id":6268,"order_id":68325,"order_status":"PENDING"}
{"order_customer_id":3405,"order_id":68326,"order_status":"COMPLETE"}
{"order_customer_id":876,"order_id":68824,"order_status":"PENDING_PAYMENT"}
