{"order_customer_id":6348,"order_id":45068,"order_status":"PROCESSING"}
{"order_customer_id":12361,"order_id":45069,"order_status":"PROCESSING"}
{"order_customer_id":10277,"order_id":45070,"order_status":"PENDING_PAYMENT"}
{"order_customer_id":3676,"order_id":45071,"order_status":"COMPLETE"}
{"order_customer_id":12243,"order_id":45072,"order_status":"CLOSED"}
{"order_customer_id":10823,"order_id":45073,"order_status":"COMPLETE"}
{"order_customer_id":11723,"order_id":45074,"order_status":"PENDING_PAYMENT"}
{"order_customer_id":2156,"order_id":45075,"order_status":"PENDING"}
{"order_customer_id":466,"order_id":45076,"order_status":"ON_HOLD"}
{"order_customer_id":5584,"order_id":45077,"order_status":"PENDING_PAYMENT"}
{"order_customer_id":9043,"order_id":45078,"order_status":"PENDING"}
{"order_customer_id":10551,"order_id":45079,"order_status":"COMPLETE"}
{"order_customer_id":6986,"order_id":45080,"order_status":"CLOSED"}
{"order_customer_id":9699,"order_id":45081,"order_status":"PENDING"}
{"order_customer_id":4261,"order_id":45082,"order_status":"COMPLETE"}
{"order_customer_id":11593,"order_id":45083,"order_status":"PENDING_PAYMENT"}
{"order_customer_id":10552,"order_id":45084,"order_status":"SUSPECTED_FRAUD"}
{"order_customer_id":1267,"order_id":45085,"order_status":"COMPLETE"}
{"order_customer_id":3529,"order_id":45086,"order_status":"COMPLETE"}
{"order_customer_id":11294,"order_id":45087,"order_status":"CANCELED"}
{"order_customer_id":10288,"order_id":45088,"order_status":"PENDING"}
{"order_customer_id":3578,"order_id":45089,"order_status":"CLOSED"}
{"order_customer_id":4219,"order_id":45090,"order_status":"COMPLETE"}
{"order_customer_id":5264,"order_id":45091,"order_status":"PROCESSING"}
{"order_customer_id":10185,"order_id":45092,"order_status":"COMPLETE"}
{"order_customer_id":5284,"order_id":45093,"order_status":"CLOSED"}
{"order_customer_id":11767,"order_id":45094,"order_status":"COMPLETE"}
{"order_customer_id":4511,"order_id":45095,"order_status":"PENDING_PAYMENT"}
{"order_customer_id":1633,"order_id":45096,"order_status":"PENDING_PAYMENT"}
{"order_customer_id":5178,"order_id":45097,"order_status":"PENDING_PAYMENT"}
{"order_customer_id":10876,"order_id":45098,"order_status":"COMPLETE"}
{"order_customer_id":12186,"order_id":45099,"order_status":"PENDING_PAYMENT"}
{"order_customer_id":5752,"order_id":45100,"order_status":"PENDING"}
{"order_customer_id":2217,"order_id":45101,"order_status":"COMPLETE"}
{"order_customer_id":2329,"order_id":45102,"order_status":"CANCELED"}
{"order_customer_id":1120,"order_id":45103,"order_status":"COMPLETE"}
{"order_customer_id":2093,"order_id":45104,"order_status":"PROCESSING"}
{"order_customer_id":6670,"order_id":45105,"order_status":"PROCESSING"}
{"order_customer_id":218,"order_id":45106,"order_status":"COMPLETE"}
{"order_customer_id":5388,"order_id":45107,"order_status":"COMPLETE"}
{"order_customer_id":11092,"order_id":45108,"order_status":"COMPLETE"}
{"order_customer_id":4194,"order_id":45109,"order_status":"PENDING"}
{"order_customer_id":8641,"order_id":45110,"order_status":"PROCESSING"}
{"order_customer_id":5203,"order_id":45111,"order_status":"COMPLETE"}
{"order_customer_id":4471,"order_id":45112,"order_status":"COMPLETE"}
{"order_customer_id":11807,"order_id":45113,"order_status":"PENDING_PAYMENT"}
{"order_customer_id":7384,"order_id":45114,"order_status":"CANCELED"}
{"order_customer_id":8943,"order_id":45115,"order_status":"PROCESSING"}
{"order_customer_id":8133,"order_id":45116,"order_status":"PENDING"}
{"order_customer_id":8191,"order_id":45117,"order_status":"CANCELED"}
{"order_customer_id":4098,"order_id":45118,"order_status":"COMPLETE"}
{"order_customer_id":5092,"order_id":45119,"order_status":"PENDING"}
{"order_customer_id":7256,"order_id":45120,"order_status":"PENDING"}
{"order_customer_id":10765,"order_id":45121,"order_status":"COMPLETE"}
{"order_customer_id":8056,"order_id":45122,"order_status":"CLOSED"}
{"order_customer_id":3785,"order_id":45123,"order_status":"COMPLETE"}
{"order_customer_id":10882,"order_id":45124,"order_status":"PROCESSING"}
{"order_customer_id":5676,"order_id":45125,"order_status":"PENDING_PAYMENT"}
{"order_customer_id":4808,"order_id":45126,"order_status":"PENDING"}
{"order_customer_id":11633,"order_id":45127,"order_status":"PROCESSING"}
{"order_customer_id":10990,"order_id":45128,"order_status":"CLOSED"}
{"order_customer_id":6305,"order_id":45129,"order_status":"PENDING_PAYMENT"}
{"order_customer_id":7658,"order_id":45130,"order_status":"COMPLETE"}
{"order_customer_id":8151,"order_id":45131,"order_status":"CANCELED"}
{"order_customer_id":505,"order_id":45132,"order_status":"COMPLETE"}
{"order_customer_id":12168,"order_id":45133,"order_status":"PENDING"}
{"order_customer_id":4079,"order_id":45134,"order_status":"COMPLETE"}
{"order_customer_id":4322,"order_id":45135,"order_status":"ON_HOLD"}
{"order_customer_id":569,"order_id":45136,"order_status":"CLOSED"}
{"order_customer_id":8512,"order_id":45137,"order_status":"COMPLETE"}
{"order_customer_id":1555,"order_id":45138,"order_status":"COMPLETE"}
{"order_customer_id":12234,"order_id":45139,"order_status":"CLOSED"}
{"order_customer_id":10461,"order_id":45140,"order_status":"CLOSED"}
{"order_customer_id":11426,"order_id":45141,"order_status":"PENDING_PAYMENT"}
{"order_customer_id":8211,"order_id":45142,"order_status":"PROCESSING"}
{"order_customer_id":3347,"order_id":45143,"order_status":"PENDING"}
{"order_customer_id":5620,"order_id":45144,"order_status":"PROCESSING"}
{"order_customer_id":6182,"order_id":45145,"order_status":"ON_HOLD"}
{"order_customer_id":6930,"order_id":45146,"order_status":"PENDING_PAYMENT"}
{"order_customer_id":716,"order_id":45147,"order_status":"PENDING_PAYMENT"}
{"order_customer_id":156,"order_id":45148,"order_status":"PROCESSING"}
{"order_customer_id":2326,"order_id":45149,"order_status":"PENDING"}
{"order_customer_id":11701,"order_id":45150,"order_status":"COMPLETE"}
{"order_customer_id":11892,"order_id":45151,"order_status":"PENDING_PAYMENT"}
{"order_customer_id":4424,"order_id":45152,"order_status":"PENDING_PAYMENT"}
{"order_customer_id":5349,"order_id":45153,"order_status":"PENDING"}
{"order_customer_id":9097,"order_id":45154,"order_status":"COMPLETE"}
{"order_customer_id":2076,"order_id":45155,"order_status":"CLOSED"}
{"order_customer_id":9176,"order_id":45156,"order_status":"ON_HOLD"}
{"order_customer_id":11736,"order_id":45157,"order_status":"COMPLETE"}
{"order_customer_id":6472,"order_id":45158,"order_status":"COMPLETE"}
{"order_customer_id":7890,"order_id":45159,"order_status":"PENDING"}
{"order_customer_id":11218,"order_id":45160,"order_status":"COMPLETE"}
{"order_customer_id":3315,"order_id":45161,"order_status":"SUSPECTED_FRAUD"}
{"order_customer_id":4994,"order_id":45162,"order_status":"CLOSED"}
{"order_customer_id":10715,"order_id":45163,"order_status":"COMPLETE"}
{"order_customer_id":2595,"order_id":45164,"order_status":"PENDING"}
{"order_customer_id":1716,"order_id":45165,"order_status":"COMPLETE"}
{"order_customer_id":348,"order_id":45166,"order_status":"PROCESSING"}
{"order_customer_id":5935,"order_id":45167,"order_status":"PENDING_PAYMENT"}
{"order_customer_id":8983,"order_id":65077,"order_status":"PENDING_PAYMENT"}
{"order_customer_id":2773,"order_id":65078,"order_status":"PROCESSING"}
{"order_customer_id":1200,"order_id":65079,"order_status":"COMPLETE"}
{"order_customer_id":5423,"order_id":65080,"order_status":"PROCESSING"}
{"order_customer_id":10884,"order_id":65081,"order_status":"PENDING_PAYMENT"}
{"order_customer_id":2257,"order_id":65082,"order_status":"PENDING_PAYMENT"}
{"order_customer_id":2127,"order_id":65083,"order_status":"PENDING_PAYMENT"}
{"order_customer_id":8167,"order_id":65084,"order_status":"PROCESSING"}
{"order_customer_id":7727,"order_id":65085,"order_status":"PENDING_PAYMENT"}
{"order_customer_id":10757,"order_id":65086,"order_status":"PENDING_PAYMENT"}
{"order_customer_id":3364,"order_id":65087,"order_status":"ON_HOLD"}
{"order_customer_id":4495,"order_id":65088,"order_status":"PENDING_PAYMENT"}
{"order_customer_id":2616,"order_id":65089,"order_status":"ON_HOLD"}
{"order_customer_id":10902,"order_id":65090,"order_status":"PENDING_PAYMENT"}
{"order_customer_id":11123,"order_id":68402,"order_status":"CLOSED"}
{"order_customer_id":9957,"order_id":68403,"order_status":"COMPLETE"}
{"order_customer_id":10728,"order_id":68404,"order_status":"COMPLETE"}
{"order_customer_id":6224,"order_id":68405,"order_status":"PENDING_PAYMENT"}
{"order_customer_id":8833,"order_id":68406,"order_status":"COMPLETE"}
{"order_customer_id":11418,"order_id":68407,"order_status":"COMPLETE"}
{"order_customer_id":12428,"order_id":68833,"order_status":"PENDING_PAYMENT"}
