{"order_customer_id":9639,"order_id":4095,"order_status":"PENDING"}
{"order_customer_id":5479,"order_id":4096,"order_status":"CLOSED"}
{"order_customer_id":11558,"order_id":4097,"order_status":"PROCESSING"}
{"order_customer_id":5744,"order_id":4098,"order_status":"PENDING_PAYMENT"}
{"order_customer_id":12276,"order_id":4099,"order_status":"COMPLETE"}
{"order_customer_id":403,"order_id":4100,"order_status":"COMPLETE"}
{"order_customer_id":2185,"order_id":4101,"order_status":"COMPLETE"}
{"order_customer_id":3708,"order_id":4102,"order_status":"COMPLETE"}
{"order_customer_id":10563,"order_id":4103,"order_status":"PROCESSING"}
{"order_customer_id":12338,"order_id":4104,"order_status":"PENDING_PAYMENT"}
{"order_customer_id":8314,"order_id":4105,"order_status":"CLOSED"}
{"order_customer_id":5816,"order_id":4106,"order_status":"COMPLETE"}
{"order_customer_id":7231,"order_id":4107,"order_status":"CLOSED"}
{"order_customer_id":6027,"order_id":4108,"order_status":"COMPLETE"}
{"order_customer_id":1252,"order_id":4109,"order_status":"PENDING_PAYMENT"}
{"order_customer_id":1157,"order_id":4110,"order_status":"COMPLETE"}
{"order_customer_id":637,"order_id":4111,"order_status":"PENDING_PAYMENT"}
{"order_customer_id":8743,"order_id":4112,"order_status":"CLOSED"}
{"order_customer_id":12380,"order_id":4113,"order_status":"CLOSED"}
{"order_customer_id":10526,"order_id":4114,"order_status":"PENDING"}
{"order_customer_id":620,"order_id":4115,"order_status":"PENDING"}
{"order_customer_id":4255,"order_id":4116,"order_status":"PENDING_PAYMENT"}
{"order_customer_id":7974,"order_id":4117,"order_status":"PENDING_PAYMENT"}
{"order_customer_id":7253,"order_id":4118,"order_status":"PENDING"}
{"order_customer_id":2066,"order_id":4119,"order_status":"PENDING_PAYMENT"}
{"order_customer_id":3393,"order_id":4120,"order_status":"CLOSED"}
{"order_customer_id":5171,"order_id":4121,"order_status":"CLOSED"}
{"order_customer_id":11087,"order_id":4122,"order_status":"CLOSED"}
{"order_customer_id":9469,"order_id":4123,"order_status":"PENDING"}
{"order_customer_id":6758,"order_id":4124,"order_status":"PROCESSING"}
{"order_customer_id":10572,"order_id":4125,"order_status":"PENDING_PAYMENT"}
{"order_customer_id":12342,"order_id":4126,"order_status":"COMPLETE"}
{"order_customer_id":3929,"order_id":4127,"order_status":"PROCESSING"}
{"order_customer_id":10903,"order_id":4128,"order_status":"PENDING_PAYMENT"}
{"order_customer_id":4763,"order_id":4129,"order_status":"CLOSED"}
{"order_customer_id":12057,"order_id":4130,"order_status":"PENDING_PAYMENT"}
{"order_customer_id":1126,"order_id":4131,"order_status":"PENDING"}
{"order_customer_id":1554,"order_id":4132,"order_status":"PENDING_PAYMENT"}
{"order_customer_id":1203,"order_id":4133,"order_status":"COMPLETE"}
{"order_customer_id":7916,"order_id":4134,"order_status":"PENDING"}
{"order_customer_id":10041,"order_id":4135,"order_status":"PENDING_PAYMENT"}
{"order_customer_id":3358,"order_id":4136,"order_status":"CLOSED"}
{"order_customer_id":5548,"order_id":4137,"order_status":"COMPLETE"}
{"order_customer_id":5113,"order_id":4138,"order_status":"PROCESSING"}
{"order_customer_id":5812,"order_id":4139,"order_status":"COMPLETE"}
{"order_customer_id":9211,"order_id":4140,"order_status":"COMPLETE"}
{"order_customer_id":8974,"order_id":4141,"order_status":"PROCESSING"}
{"order_customer_id":2811,"order_id":4142,"order_status":"COMPLETE"}
{"order_customer_id":5974,"order_id":4143,"order_status":"COMPLETE"}
{"order_customer_id":1191,"order_id":4144,"order_status":"PENDING_PAYMENT"}
{"order_customer_id":11675,"order_id":4145,"order_status":"COMPLETE"}
{"order_customer_id":3428,"order_id":4146,"order_status":"COMPLETE"}
{"order_customer_id":2025,"order_id":4147,"order_status":"COMPLETE"}
{"order_customer_id":4941,"order_id":4148,"order_status":"PROCESSING"}
{"order_customer_id":11598,"order_id":4149,"order_status":"PROCESSING"}
{"order_customer_id":10602,"order_id":4150,"order_status":"PROCESSING"}
{"order_customer_id":1108,"order_id":4151,"order_status":"PENDING_PAYMENT"}
{"order_customer_id":675,"order_id":4152,"order_status":"COMPLETE"}
{"order_customer_id":2764,"order_id":4153,"order_status":"PENDING_PAYMENT"}
{"order_customer_id":8822,"order_id":4154,"order_status":"PENDING_PAYMENT"}
{"order_customer_id":12004,"order_id":4155,"order_status":"CLOSED"}
{"order_customer_id":733,"order_id":4156,"order_status":"PROCESSING"}
{"order_customer_id":504,"order_id":4157,"order_status":"CLOSED"}
{"order_customer_id":8916,"order_id":4158,"order_status":"PENDING"}
{"order_customer_id":2777,"order_id":4159,"order_status":"SUSPECTED_FRAUD"}
{"order_customer_id":8981,"order_id":4160,"order_status":"COMPLETE"}
{"order_customer_id":4078,"order_id":4161,"order_status":"COMPLETE"}
{"order_customer_id":594,"order_id":4162,"order_status":"COMPLETE"}
{"order_customer_id":654,"order_id":4163,"order_status":"ON_HOLD"}
{"order_customer_id":3182,"order_id":4164,"order_status":"PROCESSING"}
{"order_customer_id":3449,"order_id":4165,"order_status":"PENDING_PAYMENT"}
{"order_customer_id":7435,"order_id":4166,"order_status":"CLOSED"}
{"order_customer_id":6617,"order_id":4167,"order_status":"SUSPECTED_FRAUD"}
{"order_customer_id":2329,"order_id":4168,"order_status":"COMPLETE"}
{"order_customer_id":409,"order_id":4169,"order_status":"PENDING"}
{"order_customer_id":735,"order_id":4170,"order_status":"ON_HOLD"}
{"order_customer_id":7029,"order_id":4171,"order_status":"CLOSED"}
{"order_customer_id":11626,"order_id":4172,"order_status":"COMPLETE"}
{"order_customer_id":1749,"order_id":4173,"order_status":"COMPLETE"}
{"order_customer_id":4830,"order_id":4174,"order_status":"PENDING_PAYMENT"}
{"order_customer_id":4870,"order_id":4175,"order_status":"COMPLETE"}
{"order_customer_id":7922,"order_id":4176,"order_status":"COMPLETE"}
{"order_customer_id":6695,"order_id":4177,"order_status":"COMPLETE"}
{"order_customer_id":5948,"order_id":4178,"order_status":"CLOSED"}
{"order_customer_id":2294,"order_id":4179,"order_status":"COMPLETE"}
{"order_customer_id":2838,"order_id":4180,"order_status":"COMPLETE"}
{"order_customer_id":1934,"order_id":4181,"order_status":"PENDING_PAYMENT"}
{"order_customer_id":11537,"order_id":4182,"order_status":"PENDING_PAYMENT"}
{"order_customer_id":6445,"order_id":4183,"order_status":"CLOSED"}
{"order_customer_id":5123,"order_id":4184,"order_status":"PENDING"}
{"order_customer_id":7060,"order_id":4185,"order_status":"CLOSED"}
{"order_customer_id":4976,"order_id":4186,"order_status":"PROCESSING"}
{"order_customer_id":9283,"order_id":4187,"order_status":"COMPLETE"}
{"order_customer_id":11901,"order_id":4188,"order_status":"PENDING_PAYMENT"}
{"order_customer_id":1033,"order_id":4189,"order_status":"PENDING_PAYMENT"}
{"order_customer_id":12048,"order_id":4190,"order_status":"CLOSED"}
{"order_customer_id":11877,"order_id":4191,"order_status":"COMPLETE"}
{"order_customer_id":6592,"order_id":4192,"order_status":"PENDING_PAYMENT"}
{"order_customer_id":7432,"order_id":4193,"order_status":"COMPLETE"}
{"order_customer_id":9316,"order_id":4194,"order_status":"PENDING"}
{"order_customer_id":9671,"order_id":4195,"order_status":"PENDING"}
{"order_customer_id":10592,"order_id":4196,"order_status":"CLOSED"}
{"order_customer_id":8721,"order_id":4197,"order_status":"ON_HOLD"}
{"order_customer_id":12390,"order_id":4198,"order_status":"PENDING"}
{"order_customer_id":2180,"order_id":4199,"order_status":"PENDING_PAYMENT"}
{"order_customer_id":9686,"order_id":4200,"order_status":"COMPLETE"}
{"order_customer_id":3501,"order_id":4201,"order_status":"CLOSED"}
{"order_customer_id":12318,"order_id":4202,"order_status":"PENDING"}
{"order_customer_id":7474,"order_id":4203,"order_status":"COMPLETE"}
{"order_customer_id":9630,"order_id":4204,"order_status":"PENDING_PAYMENT"}
{"order_customer_id":4965,"order_id":4205,"order_status":"CANCELED"}
{"order_customer_id":8306,"order_id":4206,"order_status":"PROCESSING"}
{"order_customer_id":11076,"order_id":4207,"order_status":"COMPLETE"}
{"order_customer_id":820,"order_id":4208,"order_status":"PENDING"}
{"order_customer_id":4101,"order_id":4209,"order_status":"PENDING_PAYMENT"}
{"order_customer_id":1407,"order_id":4210,"order_status":"PROCESSING"}
{"order_customer_id":3975,"order_id":4211,"order_status":"COMPLETE"}
{"order_customer_id":2808,"order_id":4212,"order_status":"PENDING_PAYMENT"}
{"order_customer_id":2597,"order_id":4213,"order_status":"PENDING_PAYMENT"}
{"order_customer_id":10695,"order_id":4214,"order_status":"CLOSED"}
{"order_customer_id":8687,"order_id":4215,"order_status":"PENDING"}
{"order_customer_id":1475,"order_id":4216,"order_status":"COMPLETE"}
{"order_customer_id":1905,"order_id":4217,"order_status":"PENDING"}
{"order_customer_id":4089,"order_id":4218,"order_status":"PENDING"}
{"order_customer_id":3488,"order_id":4219,"order_status":"PROCESSING"}
{"order_customer_id":12107,"order_id":4220,"order_status":"COMPLETE"}
{"order_customer_id":628,"order_id":4221,"order_status":"COMPLETE"}
{"order_customer_id":4038,"order_id":4222,"order_status":"PAYMENT_REVIEW"}
{"order_customer_id":3284,"order_id":4223,"order_status":"CANCELED"}
{"order_customer_id":141,"order_id":4224,"order_status":"ON_HOLD"}
{"order_customer_id":6459,"order_id":4225,"order_status":"PENDING_PAYMENT"}
{"order_customer_id":4457,"order_id":4226,"order_status":"PENDING_PAYMENT"}
{"order_customer_id":12106,"order_id":4227,"order_status":"PROCESSING"}
{"order_customer_id":184,"order_id":4228,"order_status":"COMPLETE"}
{"order_customer_id":1997,"order_id":4229,"order_status":"COMPLETE"}
{"order_customer_id":11338,"order_id":4230,"order_status":"PENDING_PAYMENT"}
{"order_customer_id":3830,"order_id":4231,"order_status":"COMPLETE"}
{"order_customer_id":3202,"order_id":4232,"order_status":"ON_HOLD"}
{"order_customer_id":2701,"order_id":4233,"order_status":"COMPLETE"}
{"order_customer_id":9274,"order_id":4234,"order_status":"COMPLETE"}
{"order_customer_id":4656,"order_id":4235,"order_status":"COMPLETE"}
{"order_customer_id":3604,"order_id":4236,"order_status":"PENDING"}
{"order_customer_id":11351,"order_id":4237,"order_status":"PENDING_PAYMENT"}
{"order_customer_id":6585,"order_id":4238,"order_status":"ON_HOLD"}
{"order_customer_id":5982,"order_id":4239,"order_status":"CLOSED"}
{"order_customer_id":11822,"order_id":4240,"order_status":"COMPLETE"}
{"order_customer_id":8920,"order_id":4241,"order_status":"PENDING_PAYMENT"}
{"order_customer_id":3724,"order_id":4242,"order_status":"COMPLETE"}
{"order_customer_id":2248,"order_id":4243,"order_status":"ON_HOLD"}
{"order_customer_id":791,"order_id":4244,"order_status":"COMPLETE"}
{"order_customer_id":4460,"order_id":4245,"order_status":"COMPLETE"}
{"order_customer_id":2296,"order_id":4246,"order_status":"PENDING"}
{"order_customer_id":7384,"order_id":4247,"order_status":"PROCESSING"}
{"order_customer_id":3854,"order_id":4248,"order_status":"COMPLETE"}
{"order_customer_id":3337,"order_id":58349,"order_status":"PENDING_PAYMENT"}
{"order_customer_id":1453,"order_id":58350,"order_status":"PENDING_PAYMENT"}
{"order_customer_id":5862,"order_id":58351,"order_status":"CLOSED"}
{"order_customer_id":1985,"order_id":58352,"order_status":"ON_HOLD"}
{"order_customer_id":1752,"order_id":58353,"order_status":"COMPLETE"}
{"order_customer_id":8140,"order_id":58354,"order_status":"ON_HOLD"}
{"order_customer_id":5381,"order_id":58355,"order_status":"PROCESSING"}
{"order_customer_id":3928,"order_id":58356,"order_status":"CLOSED"}
{"order_customer_id":7963,"order_id":58357,"order_status":"CLOSED"}
{"order_customer_id":6195,"order_id":58358,"order_status":"PENDING_PAYMENT"}
{"order_customer_id":3945,"order_id":58359,"order_status":"PENDING"}
{"order_customer_id":6107,"order_id":58360,"order_status":"PENDING_PAYMENT"}
{"order_customer_id":9435,"order_id":58361,"order_status":"COMPLETE"}
{"order_customer_id":10287,"order_id":58362,"order_status":"PROCESSING"}
{"order_customer_id":4470,"order_id":58363,"order_status":"COMPLETE"}
{"order_customer_id":5280,"order_id":58364,"order_status":"PENDING_PAYMENT"}
{"order_customer_id":3144,"order_id":58365,"order_status":"COMPLETE"}
{"order_customer_id":8008,"order_id":58366,"order_status":"PENDING_PAYMENT"}
{"order_customer_id":3279,"order_id":58367,"order_status":"PROCESSING"}
{"order_customer_id":2978,"order_id":58368,"order_status":"PENDING_PAYMENT"}
{"order_customer_id":5285,"order_id":58369,"order_status":"COMPLETE"}
{"order_customer_id":2428,"order_id":58370,"order_status":"COMPLETE"}
{"order_customer_id":6374,"order_id":58371,"order_status":"COMPLETE"}
{"order_customer_id":7910,"order_id":58372,"order_status":"COMPLETE"}
{"order_customer_id":3909,"order_id":58373,"order_status":"COMPLETE"}
{"order_customer_id":4421,"order_id":58374,"order_status":"CLOSED"}
{"order_customer_id":3990,"order_id":58375,"order_status":"PENDING"}
{"order_customer_id":11106,"order_id":58376,"order_status":"PENDING_PAYMENT"}
{"order_customer_id":8229,"order_id":58377,"order_status":"COMPLETE"}
{"order_customer_id":1798,"order_id":58378,"order_status":"SUSPECTED_FRAUD"}
{"order_customer_id":4291,"order_id":58379,"order_status":"PENDING_PAYMENT"}
{"order_customer_id":5102,"order_id":58380,"order_status":"PENDING_PAYMENT"}
{"order_customer_id":10442,"order_id":58381,"order_status":"COMPLETE"}
{"order_customer_id":262,"order_id":58382,"order_status":"PENDING"}
{"order_customer_id":8506,"order_id":58383,"order_status":"COMPLETE"}
{"order_customer_id":11697,"order_id":58384,"order_status":"PENDING_PAYMENT"}
{"order_customer_id":2525,"order_id":58385,"order_status":"PENDING_PAYMENT"}
{"order_customer_id":9757,"order_id":58386,"order_status":"PENDING_PAYMENT"}
{"order_customer_id":8184,"order_id":58387,"order_status":"PENDING"}
{"order_customer_id":12407,"order_id":58388,"order_status":"CLOSED"}
{"order_customer_id":9971,"order_id":58389,"order_status":"COMPLETE"}
{"order_customer_id":9205,"order_id":58390,"order_status":"COMPLETE"}
{"order_customer_id":9075,"order_id":58391,"order_status":"PROCESSING"}
{"order_customer_id":3174,"order_id":67508,"order_status":"PROCESSING"}
{"order_customer_id":5204,"order_id":68704,"order_status":"PROCESSING"}
