{"order_customer_id":10068,"order_id":43827,"order_status":"PROCESSING"}
{"order_customer_id":10925,"order_id":43828,"order_status":"PROCESSING"}
{"order_customer_id":11571,"order_id":43829,"order_status":"PROCESSING"}
{"order_customer_id":1593,"order_id":43830,"order_status":"PROCESSING"}
{"order_customer_id":6090,"order_id":43831,"order_status":"PENDING"}
{"order_customer_id":9611,"order_id":43832,"order_status":"COMPLETE"}
{"order_customer_id":12123,"order_id":43833,"order_status":"ON_HOLD"}
{"order_customer_id":9830,"order_id":43834,"order_status":"CLOSED"}
{"order_customer_id":6907,"order_id":43835,"order_status":"COMPLETE"}
{"order_customer_id":6368,"order_id":43836,"order_status":"COMPLETE"}
{"order_customer_id":1262,"order_id":43837,"order_status":"COMPLETE"}
{"order_customer_id":1167,"order_id":43838,"order_status":"PENDING"}
{"order_customer_id":7248,"order_id":43839,"order_status":"PENDING_PAYMENT"}
{"order_customer_id":5162,"order_id":43840,"order_status":"COMPLETE"}
{"order_customer_id":1242,"order_id":43841,"order_status":"COMPLETE"}
{"order_customer_id":10511,"order_id":43842,"order_status":"ON_HOLD"}
{"order_customer_id":7194,"order_id":43843,"order_status":"CLOSED"}
{"order_customer_id":11878,"order_id":43844,"order_status":"CLOSED"}
{"order_customer_id":11097,"order_id":43845,"order_status":"PENDING"}
{"order_customer_id":1684,"order_id":43846,"order_status":"ON_HOLD"}
{"order_customer_id":8256,"order_id":43847,"order_status":"PAYMENT_REVIEW"}
{"order_customer_id":3020,"order_id":43848,"order_status":"PENDING"}
{"order_customer_id":8471,"order_id":43849,"order_status":"CLOSED"}
{"order_customer_id":396,"order_id":43850,"order_status":"PENDING_PAYMENT"}
{"order_customer_id":11888,"order_id":43851,"order_status":"ON_HOLD"}
{"order_customer_id":3718,"order_id":43852,"order_status":"COMPLETE"}
{"order_customer_id":12095,"order_id":43853,"order_status":"ON_HOLD"}
{"order_customer_id":4636,"order_id":43854,"order_status":"PROCESSING"}
{"order_customer_id":4060,"order_id":43855,"order_status":"COMPLETE"}
{"order_customer_id":12250,"order_id":43856,"order_status":"PENDING_PAYMENT"}
{"order_customer_id":1854,"order_id":43857,"order_status":"COMPLETE"}
{"order_customer_id":9822,"order_id":43858,"order_status":"COMPLETE"}
{"order_customer_id":583,"order_id":43859,"order_status":"PENDING"}
{"order_customer_id":198,"order_id":43860,"order_status":"PROCESSING"}
{"order_customer_id":10376,"order_id":43861,"order_status":"PROCESSING"}
{"order_customer_id":1814,"order_id":43862,"order_status":"COMPLETE"}
{"order_customer_id":3433,"order_id":43863,"order_status":"PENDING"}
{"order_customer_id":1626,"order_id":43864,"order_status":"COMPLETE"}
{"order_customer_id":1708,"order_id":43865,"order_status":"PENDING_PAYMENT"}
{"order_customer_id":7329,"order_id":43866,"order_status":"COMPLETE"}
{"order_customer_id":11098,"order_id":43867,"order_status":"COMPLETE"}
{"order_customer_id":6274,"order_id":43868,"order_status":"PENDING_PAYMENT"}
{"order_customer_id":6995,"order_id":43869,"order_status":"PROCESSING"}
{"order_customer_id":3159,"order_id":43870,"order_status":"COMPLETE"}
{"order_customer_id":4316,"order_id":43871,"order_status":"PROCESSING"}
{"order_customer_id":12294,"order_id":43872,"order_status":"PROCESSING"}
{"order_customer_id":3330,"order_id":43873,"order_status":"CLOSED"}
{"order_customer_id":783,"order_id":43874,"order_status":"SUSPECTED_FRAUD"}
{"order_customer_id":4945,"order_id":43875,"order_status":"COMPLETE"}
{"order_customer_id":9074,"order_id":43876,"order_status":"COMPLETE"}
{"order_customer_id":11541,"order_id":43877,"order_status":"COMPLETE"}
{"order_customer_id":9077,"order_id":43878,"order_status":"CLOSED"}
{"order_customer_id":12160,"order_id":43879,"order_status":"COMPLETE"}
{"order_customer_id":11581,"order_id":43880,"order_status":"COMPLETE"}
{"order_customer_id":98,"order_id":43881,"order_status":"SUSPECTED_FRAUD"}
{"order_customer_id":10573,"order_id":43882,"order_status":"PROCESSING"}
{"order_customer_id":6893,"order_id":43883,"order_status":"PROCESSING"}
{"order_customer_id":11378,"order_id":43884,"order_status":"PENDING_PAYMENT"}
{"order_customer_id":5278,"order_id":43885,"order_status":"COMPLETE"}
{"order_customer_id":3074,"order_id":43886,"order_status":"PENDING_PAYMENT"}
{"order_customer_id":2448,"order_id":43887,"order_status":"PROCESSING"}
{"order_customer_id":9035,"order_id":43888,"order_status":"COMPLETE"}
{"order_customer_id":11947,"order_id":43889,"order_status":"COMPLETE"}
{"order_customer_id":9182,"order_id":43890,"order_status":"SUSPECTED_FRAUD"}
{"order_customer_id":6952,"order_id":43891,"order_status":"PENDING"}
{"order_customer_id":8527,"order_id":43892,"order_status":"PENDING_PAYMENT"}
{"order_customer_id":10090,"order_id":43893,"order_status":"PENDING_PAYMENT"}
{"order_customer_id":11186,"order_id":43894,"order_status":"PENDING_PAYMENT"}
{"order_customer_id":168,"order_id":43895,"order_status":"COMPLETE"}
{"order_customer_id":4859,"order_id":43896,"order_status":"COMPLETE"}
{"order_customer_id":5426,"order_id":43897,"order_status":"PENDING"}
{"order_customer_id":92,"order_id":43898,"order_status":"CLOSED"}
{"order_customer_id":4587,"order_id":43899,"order_status":"PENDING_PAYMENT"}
{"order_customer_id":11418,"order_id":43900,"order_status":"COMPLETE"}
{"order_customer_id":10447,"order_id":43901,"order_status":"COMPLETE"}
{"order_customer_id":3006,"order_id":43902,"order_status":"CLOSED"}
{"order_customer_id":6225,"order_id":43903,"order_status":"PENDING_PAYMENT"}
{"order_customer_id":9651,"order_id":43904,"order_status":"PROCESSING"}
{"order_customer_id":4260,"order_id":43905,"order_status":"CLOSED"}
{"order_customer_id":6851,"order_id":43906,"order_status":"COMPLETE"}
{"order_customer_id":2735,"order_id":43907,"order_status":"COMPLETE"}
{"order_customer_id":2035,"order_id":43908,"order_status":"PENDING"}
{"order_customer_id":12292,"order_id":43909,"order_status":"ON_HOLD"}
{"order_customer_id":898,"order_id":43910,"order_status":"COMPLETE"}
{"order_customer_id":9104,"order_id":43911,"order_status":"PENDING_PAYMENT"}
{"order_customer_id":5326,"order_id":43912,"order_status":"COMPLETE"}
{"order_customer_id":3911,"order_id":43913,"order_status":"COMPLETE"}
{"order_customer_id":5112,"order_id":43914,"order_status":"CLOSED"}
{"order_customer_id":6097,"order_id":43915,"order_status":"CLOSED"}
{"order_customer_id":1043,"order_id":43916,"order_status":"PROCESSING"}
{"order_customer_id":7201,"order_id":43917,"order_status":"PENDING"}
{"order_customer_id":6282,"order_id":43918,"order_status":"CLOSED"}
{"order_customer_id":824,"order_id":43919,"order_status":"COMPLETE"}
{"order_customer_id":11750,"order_id":43920,"order_status":"COMPLETE"}
{"order_customer_id":2585,"order_id":43921,"order_status":"PROCESSING"}
{"order_customer_id":7704,"order_id":43922,"order_status":"PROCESSING"}
{"order_customer_id":447,"order_id":43923,"order_status":"COMPLETE"}
{"order_customer_id":11349,"order_id":43924,"order_status":"PROCESSING"}
{"order_customer_id":9582,"order_id":43925,"order_status":"PROCESSING"}
{"order_customer_id":5672,"order_id":43926,"order_status":"COMPLETE"}
{"order_customer_id":8169,"order_id":43927,"order_status":"PENDING"}
{"order_customer_id":944,"order_id":43928,"order_status":"PENDING_PAYMENT"}
{"order_customer_id":2122,"order_id":43929,"order_status":"COMPLETE"}
{"order_customer_id":3237,"order_id":43930,"order_status":"PENDING_PAYMENT"}
{"order_customer_id":4809,"order_id":43931,"order_status":"PENDING_PAYMENT"}
{"order_customer_id":7829,"order_id":43932,"order_status":"PROCESSING"}
{"order_customer_id":8029,"order_id":43933,"order_status":"CANCELED"}
{"order_customer_id":7744,"order_id":43934,"order_status":"PENDING"}
{"order_customer_id":8811,"order_id":43935,"order_status":"COMPLETE"}
{"order_customer_id":2243,"order_id":43936,"order_status":"PROCESSING"}
{"order_customer_id":1520,"order_id":43937,"order_status":"PENDING_PAYMENT"}
{"order_customer_id":5402,"order_id":43938,"order_status":"PENDING_PAYMENT"}
{"order_customer_id":4212,"order_id":43939,"order_status":"COMPLETE"}
{"order_customer_id":2984,"order_id":43940,"order_status":"CLOSED"}
{"order_customer_id":842,"order_id":43941,"order_status":"COMPLETE"}
{"order_customer_id":8816,"order_id":43942,"order_status":"CLOSED"}
{"order_customer_id":10291,"order_id":43943,"order_status":"PENDING_PAYMENT"}
{"order_customer_id":1245,"order_id":43944,"order_status":"COMPLETE"}
{"order_customer_id":12288,"order_id":43945,"order_status":"CANCELED"}
{"order_customer_id":5866,"order_id":43946,"order_status":"PROCESSING"}
{"order_customer_id":4575,"order_id":43947,"order_status":"ON_HOLD"}
{"order_customer_id":5371,"order_id":43948,"order_status":"CLOSED"}
{"order_customer_id":854,"order_id":43949,"order_status":"COMPLETE"}
{"order_customer_id":8670,"order_id":43950,"order_status":"PENDING"}
{"order_customer_id":943,"order_id":43951,"order_status":"CANCELED"}
{"order_customer_id":1931,"order_id":43952,"order_status":"COMPLETE"}
{"order_customer_id":11428,"order_id":43953,"order_status":"COMPLETE"}
{"order_customer_id":2594,"order_id":43954,"order_status":"PENDING_PAYMENT"}
{"order_customer_id":12378,"order_id":43955,"order_status":"PROCESSING"}
{"order_customer_id":9506,"order_id":43956,"order_status":"CLOSED"}
{"order_customer_id":6498,"order_id":43957,"order_status":"COMPLETE"}
{"order_customer_id":4147,"order_id":43958,"order_status":"COMPLETE"}
{"order_customer_id":9905,"order_id":43959,"order_status":"COMPLETE"}
{"order_customer_id":3593,"order_id":43960,"order_status":"PENDING_PAYMENT"}
{"order_customer_id":6124,"order_id":43961,"order_status":"PENDING_PAYMENT"}
{"order_customer_id":3261,"order_id":43962,"order_status":"CLOSED"}
{"order_customer_id":2016,"order_id":43963,"order_status":"COMPLETE"}
{"order_customer_id":2149,"order_id":43964,"order_status":"PROCESSING"}
{"order_customer_id":8336,"order_id":43965,"order_status":"COMPLETE"}
{"order_customer_id":714,"order_id":43966,"order_status":"COMPLETE"}
{"order_customer_id":11324,"order_id":43967,"order_status":"PENDING_PAYMENT"}
{"order_customer_id":11591,"order_id":43968,"order_status":"ON_HOLD"}
{"order_customer_id":1092,"order_id":43969,"order_status":"ON_HOLD"}
{"order_customer_id":10835,"order_id":43970,"order_status":"COMPLETE"}
{"order_customer_id":5614,"order_id":43971,"order_status":"SUSPECTED_FRAUD"}
{"order_customer_id":1276,"order_id":43972,"order_status":"COMPLETE"}
{"order_customer_id":7676,"order_id":43973,"order_status":"PENDING"}
{"order_customer_id":12222,"order_id":43974,"order_status":"CLOSED"}
{"order_customer_id":7842,"order_id":43975,"order_status":"SUSPECTED_FRAUD"}
{"order_customer_id":1171,"order_id":43976,"order_status":"PENDING_PAYMENT"}
{"order_customer_id":7050,"order_id":43977,"order_status":"COMPLETE"}
{"order_customer_id":4171,"order_id":43978,"order_status":"PENDING_PAYMENT"}
{"order_customer_id":1765,"order_id":43979,"order_status":"CLOSED"}
{"order_customer_id":1723,"order_id":43980,"order_status":"PROCESSING"}
{"order_customer_id":11441,"order_id":43981,"order_status":"COMPLETE"}
{"order_customer_id":221,"order_id":43982,"order_status":"COMPLETE"}
{"order_customer_id":5731,"order_id":43983,"order_status":"COMPLETE"}
{"order_customer_id":3806,"order_id":43984,"order_status":"COMPLETE"}
{"order_customer_id":4959,"order_id":43985,"order_status":"PROCESSING"}
{"order_customer_id":9525,"order_id":43986,"order_status":"COMPLETE"}
{"order_customer_id":8328,"order_id":43987,"order_status":"COMPLETE"}
{"order_customer_id":11427,"order_id":43988,"order_status":"ON_HOLD"}
{"order_customer_id":10850,"order_id":43989,"order_status":"COMPLETE"}
{"order_customer_id":5307,"order_id":43990,"order_status":"ON_HOLD"}
{"order_customer_id":368,"order_id":43991,"order_status":"PROCESSING"}
{"order_customer_id":2126,"order_id":43992,"order_status":"CLOSED"}
{"order_customer_id":3346,"order_id":43993,"order_status":"PENDING_PAYMENT"}
{"order_customer_id":11512,"order_id":43994,"order_status":"COMPLETE"}
{"order_customer_id":8461,"order_id":43995,"order_status":"COMPLETE"}
{"order_customer_id":2043,"order_id":43996,"order_status":"CLOSED"}
{"order_customer_id":4985,"order_id":43997,"order_status":"PENDING_PAYMENT"}
{"order_customer_id":6913,"order_id":43998,"order_status":"ON_HOLD"}
{"order_customer_id":6939,"order_id":43999,"order_status":"PROCESSING"}
{"order_customer_id":5827,"order_id":44000,"order_status":"PENDING"}
{"order_customer_id":8431,"order_id":44001,"order_status":"PENDING_PAYMENT"}
{"order_customer_id":6363,"order_id":44002,"order_status":"CLOSED"}
{"order_customer_id":5708,"order_id":44003,"order_status":"PENDING_PAYMENT"}
{"order_customer_id":11768,"order_id":64882,"order_status":"PROCESSING"}
{"order_customer_id":7570,"order_id":64883,"order_status":"PENDING_PAYMENT"}
{"order_customer_id":2352,"order_id":64884,"order_status":"PENDING"}
{"order_customer_id":471,"order_id":64885,"order_status":"PROCESSING"}
{"order_customer_id":2755,"order_id":64886,"order_status":"PENDING_PAYMENT"}
{"order_customer_id":10246,"order_id":64887,"order_status":"COMPLETE"}
{"order_customer_id":6512,"order_id":64888,"order_status":"SUSPECTED_FRAUD"}
{"order_customer_id":5177,"order_id":64889,"order_status":"COMPLETE"}
{"order_customer_id":1178,"order_id":64890,"order_status":"COMPLETE"}
{"order_customer_id":9961,"order_id":64891,"order_status":"COMPLETE"}
{"order_customer_id":2947,"order_id":64892,"order_status":"PROCESSING"}
{"order_customer_id":12302,"order_id":64893,"order_status":"PENDING"}
{"order_customer_id":7492,"order_id":64894,"order_status":"COMPLETE"}
{"order_customer_id":11992,"order_id":64895,"order_status":"COMPLETE"}
{"order_customer_id":1195,"order_id":64896,"order_status":"COMPLETE"}
{"order_customer_id":5805,"order_id":64897,"order_status":"PENDING"}
{"order_customer_id":11115,"order_id":64898,"order_status":"CLOSED"}
{"order_customer_id":9420,"order_id":64899,"order_status":"ON_HOLD"}
{"order_customer_id":2904,"order_id":64900,"order_status":"PENDING_PAYMENT"}
{"order_customer_id":6311,"order_id":64901,"order_status":"CLOSED"}
{"order_customer_id":11215,"order_id":64902,"order_status":"ON_HOLD"}
{"order_customer_id":12044,"order_id":64903,"order_status":"COMPLETE"}
{"order_customer_id":4197,"order_id":64904,"order_status":"PROCESSING"}
{"order_customer_id":4495,"order_id":64905,"order_status":"PENDING_PAYMENT"}
{"order_customer_id":3350,"order_id":64906,"order_status":"COMPLETE"}
{"order_customer_id":8538,"order_id":64907,"order_status":"COMPLETE"}
{"order_customer_id":9606,"order_id":64908,"order_status":"PENDING"}
{"order_customer_id":593,"order_id":64909,"order_status":"CLOSED"}
{"order_customer_id":1154,"order_id":64910,"order_status":"PENDING_PAYMENT"}
{"order_customer_id":1832,"order_id":64911,"order_status":"PENDING"}
{"order_customer_id":1568,"order_id":64912,"order_status":"COMPLETE"}
{"order_customer_id":1965,"order_id":64913,"order_status":"PENDING_PAYMENT"}
{"order_customer_id":1785,"order_id":64914,"order_status":"PAYMENT_REVIEW"}
{"order_customer_id":11526,"order_id":64915,"order_status":"COMPLETE"}
{"order_customer_id":5388,"order_id":64916,"order_status":"CLOSED"}
{"order_customer_id":8015,"order_id":64917,"order_status":"CLOSED"}
{"order_customer_id":1644,"order_id":68376,"order_status":"PENDING_PAYMENT"}
{"order_customer_id":1679,"order_id":68377,"order_status":"PROCESSING"}
{"order_customer_id":5175,"order_id":68378,"order_status":"PENDING_PAYMENT"}
{"order_customer_id":8018,"order_id":68379,"order_status":"PENDING_PAYMENT"}
{"order_customer_id":10164,"order_id":68380,"order_status":"COMPLETE"}
{"order_customer_id":11361,"order_id":68381,"order_status":"PROCESSING"}
{"order_customer_id":4952,"order_id":68830,"order_status":"ON_HOLD"}
