{"order_customer_id":5263,"order_id":17698,"order_status":"PENDING_PAYMENT"}
{"order_customer_id":152,"order_id":17699,"order_status":"COMPLETE"}
{"order_customer_id":1807,"order_id":17700,"order_status":"PENDING_PAYMENT"}
{"order_customer_id":6017,"order_id":17701,"order_status":"PROCESSING"}
{"order_customer_id":3553,"order_id":17702,"order_status":"PENDING"}
{"order_customer_id":2177,"order_id":17703,"order_status":"PAYMENT_REVIEW"}
{"order_customer_id":9576,"order_id":17704,"order_status":"SUSPECTED_FRAUD"}
{"order_customer_id":10854,"order_id":17705,"order_status":"COMPLETE"}
{"order_customer_id":9361,"order_id":17706,"order_status":"PROCESSING"}
{"order_customer_id":6604,"order_id":17707,"order_status":"COMPLETE"}
{"order_customer_id":8200,"order_id":17708,"order_status":"PENDING_PAYMENT"}
{"order_customer_id":6664,"order_id":17709,"order_status":"CLOSED"}
{"order_customer_id":9388,"order_id":17710,"order_status":"PENDING"}
{"order_customer_id":380,"order_id":17711,"order_status":"COMPLETE"}
{"order_customer_id":7414,"order_id":17712,"order_status":"PAYMENT_REVIEW"}
{"order_customer_id":11732,"order_id":17713,"order_status":"COMPLETE"}
{"order_customer_id":11968,"order_id":17714,"order_status":"PROCESSING"}
{"order_customer_id":9533,"order_id":17715,"order_status":"COMPLETE"}
{"order_customer_id":5872,"order_id":17716,"order_status":"ON_HOLD"}
{"order_customer_id":2072,"order_id":17717,"order_status":"PENDING_PAYMENT"}
{"order_customer_id":7927,"order_id":17718,"order_status":"PENDING"}
{"order_customer_id":2439,"order_id":17719,"order_status":"PENDING_PAYMENT"}
{"order_customer_id":7204,"order_id":17720,"order_status":"CLOSED"}
{"order_customer_id":8369,"order_id":17721,"order_status":"CLOSED"}
{"order_customer_id":8920,"order_id":17722,"order_status":"PENDING_PAYMENT"}
{"order_customer_id":6937,"order_id":17723,"order_status":"PENDING_PAYMENT"}
{"order_customer_id":3749,"order_id":17724,"order_status":"COMPLETE"}
{"order_customer_id":7336,"order_id":17725,"order_status":"PENDING_PAYMENT"}
{"order_customer_id":2256,"order_id":17726,"order_status":"COMPLETE"}
{"order_customer_id":8386,"order_id":17727,"order_status":"COMPLETE"}
{"order_customer_id":4638,"order_id":17728,"order_status":"PENDING_PAYMENT"}
{"order_customer_id":2549,"order_id":17729,"order_status":"COMPLETE"}
{"order_customer_id":5387,"order_id":17730,"order_status":"COMPLETE"}
{"order_customer_id":4602,"order_id":17731,"order_status":"PENDING_PAYMENT"}
{"order_customer_id":9778,"order_id":17732,"order_status":"PENDING_PAYMENT"}
{"order_customer_id":5424,"order_id":17733,"order_status":"PENDING_PAYMENT"}
{"order_customer_id":3976,"order_id":17734,"order_status":"COMPLETE"}
{"order_customer_id":9911,"order_id":17735,"order_status":"PENDING_PAYMENT"}
{"order_customer_id":1454,"order_id":17736,"order_status":"ON_HOLD"}
{"order_customer_id":11605,"order_id":17737,"order_status":"PROCESSING"}
{"order_customer_id":5338,"order_id":17738,"order_status":"COMPLETE"}
{"order_customer_id":1695,"order_id":17739,"order_status":"PROCESSING"}
{"order_customer_id":9111,"order_id":17740,"order_status":"PAYMENT_REVIEW"}
{"order_customer_id":1532,"order_id":17741,"order_status":"PROCESSING"}
{"order_customer_id":2852,"order_id":17742,"order_status":"PENDING_PAYMENT"}
{"order_customer_id":6473,"order_id":17743,"order_status":"COMPLETE"}
{"order_customer_id":8710,"order_id":17744,"order_status":"COMPLETE"}
{"order_customer_id":6620,"order_id":17745,"order_status":"PENDING_PAYMENT"}
{"order_customer_id":9684,"order_id":17746,"order_status":"PENDING_PAYMENT"}
{"order_customer_id":731,"order_id":17747,"order_status":"CLOSED"}
{"order_customer_id":9712,"order_id":17748,"order_status":"COMPLETE"}
{"order_customer_id":8972,"order_id":17749,"order_status":"PENDING_PAYMENT"}
{"order_customer_id":6655,"order_id":17750,"order_status":"COMPLETE"}
{"order_customer_id":4157,"order_id":17751,"order_status":"PAYMENT_REVIEW"}
{"order_customer_id":11038,"order_id":17752,"order_status":"PENDING_PAYMENT"}
{"order_customer_id":2544,"order_id":17753,"order_status":"SUSPECTED_FRAUD"}
{"order_customer_id":8637,"order_id":17754,"order_status":"CLOSED"}
{"order_customer_id":8380,"order_id":17755,"order_status":"PENDING_PAYMENT"}
{"order_customer_id":10940,"order_id":17756,"order_status":"COMPLETE"}
{"order_customer_id":11652,"order_id":17757,"order_status":"CLOSED"}
{"order_customer_id":7423,"order_id":17758,"order_status":"CLOSED"}
{"order_customer_id":6375,"order_id":17759,"order_status":"COMPLETE"}
{"order_customer_id":10946,"order_id":17760,"order_status":"PENDING"}
{"order_customer_id":4796,"order_id":17761,"order_status":"PROCESSING"}
{"order_customer_id":3574,"order_id":17762,"order_status":"PROCESSING"}
{"order_customer_id":4000,"order_id":17763,"order_status":"PENDING_PAYMENT"}
{"order_customer_id":11645,"order_id":17764,"order_status":"COMPLETE"}
{"order_customer_id":6334,"order_id":17765,"order_status":"PENDING_PAYMENT"}
{"order_customer_id":10863,"order_id":17766,"order_status":"PENDING_PAYMENT"}
{"order_customer_id":5289,"order_id":17767,"order_status":"PENDING_PAYMENT"}
{"order_customer_id":8174,"order_id":17768,"order_status":"PENDING_PAYMENT"}
{"order_customer_id":12097,"order_id":17769,"order_status":"COMPLETE"}
{"order_customer_id":9957,"order_id":17770,"order_status":"COMPLETE"}
{"order_customer_id":6402,"order_id":17771,"order_status":"PENDING"}
{"order_customer_id":5092,"order_id":17772,"order_status":"COMPLETE"}
{"order_customer_id":10047,"order_id":17773,"order_status":"CLOSED"}
{"order_customer_id":4223,"order_id":17774,"order_status":"PROCESSING"}
{"order_customer_id":5166,"order_id":17775,"order_status":"PROCESSING"}
{"order_customer_id":10907,"order_id":17776,"order_status":"CLOSED"}
{"order_customer_id":11950,"order_id":17777,"order_status":"COMPLETE"}
{"order_customer_id":7829,"order_id":17778,"order_status":"COMPLETE"}
{"order_customer_id":3423,"order_id":17779,"order_status":"ON_HOLD"}
{"order_customer_id":3291,"order_id":17780,"order_status":"COMPLETE"}
{"order_customer_id":8120,"order_id":17781,"order_status":"ON_HOLD"}
{"order_customer_id":8297,"order_id":17782,"order_status":"ON_HOLD"}
{"order_customer_id":6889,"order_id":17783,"order_status":"PENDING_PAYMENT"}
{"order_customer_id":6670,"order_id":17784,"order_status":"COMPLETE"}
{"order_customer_id":7944,"order_id":17785,"order_status":"PENDING"}
{"order_customer_id":7488,"order_id":17786,"order_status":"COMPLETE"}
{"order_customer_id":4386,"order_id":17787,"order_status":"COMPLETE"}
{"order_customer_id":1058,"order_id":17788,"order_status":"COMPLETE"}
{"order_customer_id":8202,"order_id":17789,"order_status":"PENDING_PAYMENT"}
{"order_customer_id":2500,"order_id":17790,"order_status":"CANCELED"}
{"order_customer_id":7393,"order_id":17791,"order_status":"SUSPECTED_FRAUD"}
{"order_customer_id":7496,"order_id":17792,"order_status":"PENDING"}
{"order_customer_id":6730,"order_id":17793,"order_status":"CLOSED"}
{"order_customer_id":12254,"order_id":17794,"order_status":"COMPLETE"}
{"order_customer_id":7771,"order_id":17795,"order_status":"PROCESSING"}
{"order_customer_id":12381,"order_id":17796,"order_status":"PENDING_PAYMENT"}
{"order_customer_id":2867,"order_id":17797,"order_status":"PROCESSING"}
{"order_customer_id":1031,"order_id":17798,"order_status":"PENDING_PAYMENT"}
{"order_customer_id":7565,"order_id":17799,"order_status":"COMPLETE"}
{"order_customer_id":10991,"order_id":17800,"order_status":"COMPLETE"}
{"order_customer_id":11068,"order_id":17801,"order_status":"CLOSED"}
{"order_customer_id":11672,"order_id":17802,"order_status":"SUSPECTED_FRAUD"}
{"order_customer_id":8781,"order_id":17803,"order_status":"PENDING"}
{"order_customer_id":2227,"order_id":17804,"order_status":"SUSPECTED_FRAUD"}
{"order_customer_id":2891,"order_id":17805,"order_status":"PROCESSING"}
{"order_customer_id":6994,"order_id":17806,"order_status":"SUSPECTED_FRAUD"}
{"order_customer_id":7663,"order_id":17807,"order_status":"ON_HOLD"}
{"order_customer_id":2215,"order_id":17808,"order_status":"PENDING_PAYMENT"}
{"order_customer_id":4022,"order_id":17809,"order_status":"PENDING"}
{"order_customer_id":6365,"order_id":17810,"order_status":"COMPLETE"}
{"order_customer_id":3321,"order_id":17811,"order_status":"CLOSED"}
{"order_customer_id":2905,"order_id":17812,"order_status":"PENDING_PAYMENT"}
{"order_customer_id":11942,"order_id":17813,"order_status":"PENDING_PAYMENT"}
{"order_customer_id":7766,"order_id":17814,"order_status":"PROCESSING"}
{"order_customer_id":8289,"order_id":17815,"order_status":"CLOSED"}
{"order_customer_id":4931,"order_id":17816,"order_status":"PENDING_PAYMENT"}
{"order_customer_id":5579,"order_id":17817,"order_status":"PENDING"}
{"order_customer_id":6221,"order_id":17818,"order_status":"PENDING_PAYMENT"}
{"order_customer_id":4080,"order_id":17819,"order_status":"PAYMENT_REVIEW"}
{"order_customer_id":9283,"order_id":17820,"order_status":"PROCESSING"}
{"order_customer_id":5368,"order_id":17821,"order_status":"PENDING_PAYMENT"}
{"order_customer_id":2365,"order_id":17822,"order_status":"PENDING"}
{"order_customer_id":9934,"order_id":17823,"order_status":"ON_HOLD"}
{"order_customer_id":543,"order_id":17824,"order_status":"COMPLETE"}
{"order_customer_id":10265,"order_id":17825,"order_status":"CLOSED"}
{"order_customer_id":12317,"order_id":17826,"order_status":"PENDING_PAYMENT"}
{"order_customer_id":1487,"order_id":17827,"order_status":"COMPLETE"}
{"order_customer_id":8978,"order_id":17828,"order_status":"CLOSED"}
{"order_customer_id":10492,"order_id":17829,"order_status":"PENDING_PAYMENT"}
{"order_customer_id":6774,"order_id":17830,"order_status":"COMPLETE"}
{"order_customer_id":8041,"order_id":17831,"order_status":"COMPLETE"}
{"order_customer_id":5609,"order_id":17832,"order_status":"COMPLETE"}
{"order_customer_id":5140,"order_id":17833,"order_status":"CANCELED"}
{"order_customer_id":5209,"order_id":17834,"order_status":"COMPLETE"}
{"order_customer_id":6568,"order_id":17835,"order_status":"ON_HOLD"}
{"order_customer_id":4282,"order_id":17836,"order_status":"COMPLETE"}
{"order_customer_id":9009,"order_id":17837,"order_status":"ON_HOLD"}
{"order_customer_id":1588,"order_id":17838,"order_status":"PENDING_PAYMENT"}
{"order_customer_id":6145,"order_id":17839,"order_status":"SUSPECTED_FRAUD"}
{"order_customer_id":4798,"order_id":17840,"order_status":"COMPLETE"}
{"order_customer_id":2760,"order_id":17841,"order_status":"PENDING"}
{"order_customer_id":5119,"order_id":17842,"order_status":"COMPLETE"}
{"order_customer_id":5003,"order_id":17843,"order_status":"CLOSED"}
{"order_customer_id":1200,"order_id":17844,"order_status":"COMPLETE"}
{"order_customer_id":3172,"order_id":17845,"order_status":"PROCESSING"}
{"order_customer_id":3222,"order_id":17846,"order_status":"PENDING_PAYMENT"}
{"order_customer_id":11045,"order_id":17847,"order_status":"PENDING_PAYMENT"}
{"order_customer_id":3351,"order_id":17848,"order_status":"PENDING"}
{"order_customer_id":9491,"order_id":17849,"order_status":"ON_HOLD"}
{"order_customer_id":4495,"order_id":17850,"order_status":"PROCESSING"}
{"order_customer_id":9985,"order_id":17851,"order_status":"ON_HOLD"}
{"order_customer_id":2373,"order_id":17852,"order_status":"COMPLETE"}
{"order_customer_id":710,"order_id":17853,"order_status":"CLOSED"}
{"order_customer_id":4592,"order_id":17854,"order_status":"COMPLETE"}
{"order_customer_id":5363,"order_id":17855,"order_status":"PROCESSING"}
{"order_customer_id":9505,"order_id":17856,"order_status":"PENDING_PAYMENT"}
{"order_customer_id":350,"order_id":17857,"order_status":"PENDING_PAYMENT"}
{"order_customer_id":4651,"order_id":17858,"order_status":"PENDING_PAYMENT"}
{"order_customer_id":3795,"order_id":17859,"order_status":"SUSPECTED_FRAUD"}
{"order_customer_id":6869,"order_id":17860,"order_status":"COMPLETE"}
{"order_customer_id":4985,"order_id":17861,"order_status":"COMPLETE"}
{"order_customer_id":5946,"order_id":60560,"order_status":"COMPLETE"}
{"order_customer_id":11766,"order_id":60561,"order_status":"PENDING_PAYMENT"}
{"order_customer_id":2293,"order_id":60562,"order_status":"PENDING"}
{"order_customer_id":2818,"order_id":60563,"order_status":"PENDING_PAYMENT"}
{"order_customer_id":3161,"order_id":60564,"order_status":"PROCESSING"}
{"order_customer_id":6202,"order_id":60565,"order_status":"COMPLETE"}
{"order_customer_id":8251,"order_id":60566,"order_status":"COMPLETE"}
{"order_customer_id":8517,"order_id":60567,"order_status":"PROCESSING"}
{"order_customer_id":10398,"order_id":60568,"order_status":"PENDING"}
{"order_customer_id":3850,"order_id":60569,"order_status":"PENDING"}
{"order_customer_id":6266,"order_id":60570,"order_status":"PENDING_PAYMENT"}
{"order_customer_id":2631,"order_id":60571,"order_status":"PENDING"}
{"order_customer_id":4653,"order_id":60572,"order_status":"CLOSED"}
{"order_customer_id":8925,"order_id":60573,"order_status":"COMPLETE"}
{"order_customer_id":6027,"order_id":60574,"order_status":"SUSPECTED_FRAUD"}
{"order_customer_id":8251,"order_id":67805,"order_status":"PENDING_PAYMENT"}
{"order_customer_id":6652,"order_id":67806,"order_status":"PROCESSING"}
{"order_customer_id":6110,"order_id":68751,"order_status":"PENDING"}
