{"order_customer_id":2983,"order_id":37637,"order_status":"SUSPECTED_FRAUD"}
{"order_customer_id":1882,"order_id":37638,"order_status":"PENDING"}
{"order_customer_id":1711,"order_id":37639,"order_status":"COMPLETE"}
{"order_customer_id":9799,"order_id":37640,"order_status":"SUSPECTED_FRAUD"}
{"order_customer_id":11732,"order_id":37641,"order_status":"PENDING"}
{"order_customer_id":12136,"order_id":37642,"order_status":"SUSPECTED_FRAUD"}
{"order_customer_id":6430,"order_id":37643,"order_status":"PENDING_PAYMENT"}
{"order_customer_id":11186,"order_id":37644,"order_status":"COMPLETE"}
{"order_customer_id":1380,"order_id":37645,"order_status":"PENDING"}
{"order_customer_id":2469,"order_id":37646,"order_status":"PENDING_PAYMENT"}
{"order_customer_id":12200,"order_id":37647,"order_status":"COMPLETE"}
{"order_customer_id":6064,"order_id":37648,"order_status":"COMPLETE"}
{"order_customer_id":5883,"order_id":37649,"order_status":"COMPLETE"}
{"order_customer_id":2446,"order_id":37650,"order_status":"SUSPECTED_FRAUD"}
{"order_customer_id":12144,"order_id":37651,"order_status":"PROCESSING"}
{"order_customer_id":7479,"order_id":37652,"order_status":"PENDING_PAYMENT"}
{"order_customer_id":10771,"order_id":37653,"order_status":"PROCESSING"}
{"order_customer_id":231,"order_id":37654,"order_status":"COMPLETE"}
{"order_customer_id":3334,"order_id":37655,"order_status":"COMPLETE"}
{"order_customer_id":6517,"order_id":37656,"order_status":"PENDING_PAYMENT"}
{"order_customer_id":3823,"order_id":37657,"order_status":"COMPLETE"}
{"order_customer_id":6342,"order_id":37658,"order_status":"SUSPECTED_FRAUD"}
{"order_customer_id":5175,"order_id":37659,"order_status":"COMPLETE"}
{"order_customer_id":4915,"order_id":37660,"order_status":"PENDING_PAYMENT"}
{"order_customer_id":9940,"order_id":37661,"order_status":"COMPLETE"}
{"order_customer_id":627,"order_id":37662,"order_status":"ON_HOLD"}
{"order_customer_id":3891,"order_id":37663,"order_status":"PENDING"}
{"order_customer_id":4321,"order_id":37664,"order_status":"PROCESSING"}
{"order_customer_id":6505,"order_id":37665,"order_status":"ON_HOLD"}
{"order_customer_id":5904,"order_id":37666,"order_status":"PENDING_PAYMENT"}
{"order_customer_id":6925,"order_id":37667,"order_status":"PENDING_PAYMENT"}
{"order_customer_id":2039,"order_id":37668,"order_status":"COMPLETE"}
{"order_customer_id":6405,"order_id":37669,"order_status":"PENDING_PAYMENT"}
{"order_customer_id":5651,"order_id":37670,"order_status":"PROCESSING"}
{"order_customer_id":2508,"order_id":37671,"order_status":"PENDING"}
{"order_customer_id":8875,"order_id":37672,"order_status":"PENDING_PAYMENT"}
{"order_customer_id":6922,"order_id":37673,"order_status":"PENDING"}
{"order_customer_id":1016,"order_id":37674,"order_status":"CLOSED"}
{"order_customer_id":2136,"order_id":37675,"order_status":"PROCESSING"}
{"order_customer_id":4462,"order_id":37676,"order_status":"CLOSED"}
{"order_customer_id":7797,"order_id":37677,"order_status":"COMPLETE"}
{"order_customer_id":1368,"order_id":37678,"order_status":"PENDING_PAYMENT"}
{"order_customer_id":5765,"order_id":37679,"order_status":"COMPLETE"}
{"order_customer_id":5264,"order_id":37680,"order_status":"PENDING_PAYMENT"}
{"order_customer_id":120,"order_id":37681,"order_status":"CLOSED"}
{"order_customer_id":7170,"order_id":37682,"order_status":"PENDING_PAYMENT"}
{"order_customer_id":6118,"order_id":37683,"order_status":"CLOSED"}
{"order_customer_id":7590,"order_id":37684,"order_status":"PENDING_PAYMENT"}
{"order_customer_id":1479,"order_id":37685,"order_status":"COMPLETE"}
{"order_customer_id":8545,"order_id":37686,"order_status":"CLOSED"}
{"order_customer_id":7064,"order_id":37687,"order_status":"CLOSED"}
{"order_customer_id":1950,"order_id":37688,"order_status":"PENDING_PAYMENT"}
{"order_customer_id":6336,"order_id":37689,"order_status":"CLOSED"}
{"order_customer_id":4860,"order_id":37690,"order_status":"PENDING_PAYMENT"}
{"order_customer_id":3403,"order_id":37691,"order_status":"COMPLETE"}
{"order_customer_id":7023,"order_id":37692,"order_status":"COMPLETE"}
{"order_customer_id":4859,"order_id":37693,"order_status":"PENDING_PAYMENT"}
{"order_customer_id":9996,"order_id":37694,"order_status":"CLOSED"}
{"order_customer_id":6466,"order_id":37695,"order_status":"ON_HOLD"}
{"order_customer_id":7615,"order_id":37696,"order_status":"PENDING_PAYMENT"}
{"order_customer_id":3459,"order_id":37697,"order_status":"PENDING_PAYMENT"}
{"order_customer_id":2688,"order_id":37698,"order_status":"COMPLETE"}
{"order_customer_id":8368,"order_id":37699,"order_status":"COMPLETE"}
{"order_customer_id":2748,"order_id":37700,"order_status":"PENDING_PAYMENT"}
{"order_customer_id":12226,"order_id":37701,"order_status":"PENDING_PAYMENT"}
{"order_customer_id":9129,"order_id":37702,"order_status":"PENDING"}
{"order_customer_id":7190,"order_id":37703,"order_status":"PENDING_PAYMENT"}
{"order_customer_id":950,"order_id":37704,"order_status":"COMPLETE"}
{"order_customer_id":196,"order_id":37705,"order_status":"COMPLETE"}
{"order_customer_id":3425,"order_id":37706,"order_status":"PENDING_PAYMENT"}
{"order_customer_id":10339,"order_id":37707,"order_status":"COMPLETE"}
{"order_customer_id":7158,"order_id":37708,"order_status":"ON_HOLD"}
{"order_customer_id":5879,"order_id":37709,"order_status":"PENDING"}
{"order_customer_id":11325,"order_id":37710,"order_status":"PROCESSING"}
{"order_customer_id":4193,"order_id":37711,"order_status":"CANCELED"}
{"order_customer_id":10902,"order_id":37712,"order_status":"PROCESSING"}
{"order_customer_id":5043,"order_id":37713,"order_status":"COMPLETE"}
{"order_customer_id":7643,"order_id":37714,"order_status":"PROCESSING"}
{"order_customer_id":9457,"order_id":37715,"order_status":"ON_HOLD"}
{"order_customer_id":9233,"order_id":37716,"order_status":"PENDING_PAYMENT"}
{"order_customer_id":5452,"order_id":37717,"order_status":"PENDING"}
{"order_customer_id":1627,"order_id":37718,"order_status":"CANCELED"}
{"order_customer_id":4690,"order_id":37719,"order_status":"COMPLETE"}
{"order_customer_id":398,"order_id":37720,"order_status":"COMPLETE"}
{"order_customer_id":5363,"order_id":37721,"order_status":"PENDING_PAYMENT"}
{"order_customer_id":3069,"order_id":37722,"order_status":"CANCELED"}
{"order_customer_id":7561,"order_id":37723,"order_status":"CLOSED"}
{"order_customer_id":5465,"order_id":37724,"order_status":"PROCESSING"}
{"order_customer_id":10442,"order_id":37725,"order_status":"COMPLETE"}
{"order_customer_id":12128,"order_id":37726,"order_status":"PENDING"}
{"order_customer_id":1676,"order_id":37727,"order_status":"PENDING_PAYMENT"}
{"order_customer_id":11935,"order_id":37728,"order_status":"PENDING_PAYMENT"}
{"order_customer_id":9200,"order_id":37729,"order_status":"PROCESSING"}
{"order_customer_id":12376,"order_id":37730,"order_status":"COMPLETE"}
{"order_customer_id":9081,"order_id":37731,"order_status":"PENDING"}
{"order_customer_id":10977,"order_id":37732,"order_status":"PROCESSING"}
{"order_customer_id":3949,"order_id":37733,"order_status":"PENDING_PAYMENT"}
{"order_customer_id":8201,"order_id":37734,"order_status":"CLOSED"}
{"order_customer_id":9387,"order_id":37735,"order_status":"SUSPECTED_FRAUD"}
{"order_customer_id":393,"order_id":37736,"order_status":"PENDING_PAYMENT"}
{"order_customer_id":273,"order_id":37737,"order_status":"PAYMENT_REVIEW"}
{"order_customer_id":2833,"order_id":37738,"order_status":"PENDING_PAYMENT"}
{"order_customer_id":3752,"order_id":37739,"order_status":"PENDING"}
{"order_customer_id":10900,"order_id":37740,"order_status":"COMPLETE"}
{"order_customer_id":8651,"order_id":37741,"order_status":"COMPLETE"}
{"order_customer_id":7843,"order_id":37742,"order_status":"PENDING"}
{"order_customer_id":2449,"order_id":37743,"order_status":"PROCESSING"}
{"order_customer_id":10746,"order_id":37744,"order_status":"COMPLETE"}
{"order_customer_id":3900,"order_id":37745,"order_status":"PROCESSING"}
{"order_customer_id":6863,"order_id":37746,"order_status":"ON_HOLD"}
{"order_customer_id":370,"order_id":37747,"order_status":"COMPLETE"}
{"order_customer_id":5105,"order_id":37748,"order_status":"PENDING_PAYMENT"}
{"order_customer_id":2667,"order_id":37749,"order_status":"COMPLETE"}
{"order_customer_id":7929,"order_id":37750,"order_status":"SUSPECTED_FRAUD"}
{"order_customer_id":10259,"order_id":37751,"order_status":"COMPLETE"}
{"order_customer_id":1535,"order_id":37752,"order_status":"CLOSED"}
{"order_customer_id":1475,"order_id":37753,"order_status":"COMPLETE"}
{"order_customer_id":12081,"order_id":37754,"order_status":"PROCESSING"}
{"order_customer_id":10120,"order_id":37755,"order_status":"SUSPECTED_FRAUD"}
{"order_customer_id":2004,"order_id":37756,"order_status":"COMPLETE"}
{"order_customer_id":10067,"order_id":37757,"order_status":"PENDING"}
{"order_customer_id":3336,"order_id":37758,"order_status":"PROCESSING"}
{"order_customer_id":4596,"order_id":37759,"order_status":"CLOSED"}
{"order_customer_id":8077,"order_id":37760,"order_status":"PAYMENT_REVIEW"}
{"order_customer_id":98,"order_id":37761,"order_status":"ON_HOLD"}
{"order_customer_id":7434,"order_id":37762,"order_status":"ON_HOLD"}
{"order_customer_id":5870,"order_id":37763,"order_status":"PENDING_PAYMENT"}
{"order_customer_id":4376,"order_id":37764,"order_status":"COMPLETE"}
{"order_customer_id":7227,"order_id":37765,"order_status":"COMPLETE"}
{"order_customer_id":3925,"order_id":37766,"order_status":"COMPLETE"}
{"order_customer_id":5196,"order_id":37767,"order_status":"CLOSED"}
{"order_customer_id":6802,"order_id":37768,"order_status":"PENDING_PAYMENT"}
{"order_customer_id":4724,"order_id":37769,"order_status":"PROCESSING"}
{"order_customer_id":8597,"order_id":37770,"order_status":"CLOSED"}
{"order_customer_id":2833,"order_id":37771,"order_status":"COMPLETE"}
{"order_customer_id":11079,"order_id":37772,"order_status":"PENDING_PAYMENT"}
{"order_customer_id":2136,"order_id":37773,"order_status":"COMPLETE"}
{"order_customer_id":3414,"order_id":37774,"order_status":"COMPLETE"}
{"order_customer_id":1921,"order_id":37775,"order_status":"COMPLETE"}
{"order_customer_id":8457,"order_id":37776,"order_status":"ON_HOLD"}
{"order_customer_id":11512,"order_id":37777,"order_status":"COMPLETE"}
{"order_customer_id":672,"order_id":37778,"order_status":"COMPLETE"}
{"order_customer_id":5277,"order_id":37779,"order_status":"ON_HOLD"}
{"order_customer_id":12360,"order_id":37780,"order_status":"PROCESSING"}
{"order_customer_id":8520,"order_id":37781,"order_status":"COMPLETE"}
{"order_customer_id":4145,"order_id":37782,"order_status":"CLOSED"}
{"order_customer_id":4332,"order_id":37783,"order_status":"CLOSED"}
{"order_customer_id":1897,"order_id":37784,"order_status":"PENDING"}
{"order_customer_id":7018,"order_id":37785,"order_status":"COMPLETE"}
{"order_customer_id":10726,"order_id":37786,"order_status":"PROCESSING"}
{"order_customer_id":389,"order_id":37787,"order_status":"CANCELED"}
{"order_customer_id":12101,"order_id":37788,"order_status":"PENDING_PAYMENT"}
{"order_customer_id":8620,"order_id":37789,"order_status":"PENDING"}
{"order_customer_id":831,"order_id":37790,"order_status":"COMPLETE"}
{"order_customer_id":11883,"order_id":37791,"order_status":"COMPLETE"}
{"order_customer_id":726,"order_id":37792,"order_status":"SUSPECTED_FRAUD"}
{"order_customer_id":12429,"order_id":37793,"order_status":"PROCESSING"}
{"order_customer_id":7300,"order_id":37794,"order_status":"COMPLETE"}
{"order_customer_id":8207,"order_id":37795,"order_status":"ON_HOLD"}
{"order_customer_id":9633,"order_id":37796,"order_status":"PROCESSING"}
{"order_customer_id":7544,"order_id":37797,"order_status":"ON_HOLD"}
{"order_customer_id":10382,"order_id":37798,"order_status":"PENDING_PAYMENT"}
{"order_customer_id":9597,"order_id":37799,"order_status":"COMPLETE"}
{"order_customer_id":1025,"order_id":37800,"order_status":"CANCELED"}
{"order_customer_id":10419,"order_id":37801,"order_status":"PENDING_PAYMENT"}
{"order_customer_id":2127,"order_id":37802,"order_status":"CLOSED"}
{"order_customer_id":6181,"order_id":37803,"order_status":"PROCESSING"}
{"order_customer_id":6498,"order_id":37804,"order_status":"PENDING"}
{"order_customer_id":4947,"order_id":37805,"order_status":"COMPLETE"}
{"order_customer_id":10382,"order_id":37806,"order_status":"CLOSED"}
{"order_customer_id":6739,"order_id":37807,"order_status":"CLOSED"}
{"order_customer_id":11576,"order_id":37808,"order_status":"COMPLETE"}
{"order_customer_id":1671,"order_id":37809,"order_status":"COMPLETE"}
{"order_customer_id":7847,"order_id":37810,"order_status":"PENDING"}
{"order_customer_id":11468,"order_id":37811,"order_status":"COMPLETE"}
{"order_customer_id":1162,"order_id":37812,"order_status":"COMPLETE"}
{"order_customer_id":4245,"order_id":63825,"order_status":"CANCELED"}
{"order_customer_id":3194,"order_id":63826,"order_status":"CLOSED"}
{"order_customer_id":11262,"order_id":63827,"order_status":"CLOSED"}
{"order_customer_id":4225,"order_id":63828,"order_status":"PROCESSING"}
{"order_customer_id":4121,"order_id":63829,"order_status":"PENDING"}
{"order_customer_id":2135,"order_id":63830,"order_status":"COMPLETE"}
{"order_customer_id":8920,"order_id":63831,"order_status":"PENDING"}
{"order_customer_id":3530,"order_id":63832,"order_status":"COMPLETE"}
{"order_customer_id":1043,"order_id":63833,"order_status":"PENDING"}
{"order_customer_id":7551,"order_id":63834,"order_status":"CLOSED"}
{"order_customer_id":9892,"order_id":63835,"order_status":"PENDING_PAYMENT"}
{"order_customer_id":9606,"order_id":63836,"order_status":"PENDING_PAYMENT"}
{"order_customer_id":8689,"order_id":63837,"order_status":"PROCESSING"}
{"order_customer_id":4040,"order_id":63838,"order_status":"PENDING_PAYMENT"}
{"order_customer_id":1967,"order_id":63839,"order_status":"PENDING_PAYMENT"}
{"order_customer_id":7223,"order_id":63840,"order_status":"CLOSED"}
{"order_customer_id":3625,"order_id":63841,"order_status":"PENDING"}
{"order_customer_id":9530,"order_id":63842,"order_status":"COMPLETE"}
{"order_customer_id":8065,"order_id":63843,"order_status":"COMPLETE"}
{"order_customer_id":12313,"order_id":63844,"order_status":"PENDING_PAYMENT"}
{"order_customer_id":722,"order_id":63845,"order_status":"PROCESSING"}
{"order_customer_id":4779,"order_id":68232,"order_status":"PENDING"}
{"order_customer_id":6525,"order_id":68233,"order_status":"COMPLETE"}
{"order_customer_id":6368,"order_id":68234,"order_status":"PENDING"}
{"order_customer_id":4291,"order_id":68235,"order_status":"PROCESSING"}
