{"order_customer_id":3004,"order_id":23006,"order_status":"PENDING_PAYMENT"}
{"order_customer_id":656,"order_id":23007,"order_status":"PENDING_PAYMENT"}
{"order_customer_id":6660,"order_id":23008,"order_status":"ON_HOLD"}
{"order_customer_id":11630,"order_id":23009,"order_status":"PENDING"}
{"order_customer_id":4464,"order_id":23010,"order_status":"CLOSED"}
{"order_customer_id":1568,"order_id":23011,"order_status":"PROCESSING"}
{"order_customer_id":1894,"order_id":23012,"order_status":"PENDING_PAYMENT"}
{"order_customer_id":7651,"order_id":23013,"order_status":"PENDING_PAYMENT"}
{"order_customer_id":9590,"order_id":23014,"order_status":"ON_HOLD"}
{"order_customer_id":5013,"order_id":23015,"order_status":"PENDING_PAYMENT"}
{"order_customer_id":9855,"order_id":23016,"order_status":"PAYMENT_REVIEW"}
{"order_customer_id":5731,"order_id":23017,"order_status":"PROCESSING"}
{"order_customer_id":6498,"order_id":23018,"order_status":"CLOSED"}
{"order_customer_id":10635,"order_id":23019,"order_status":"COMPLETE"}
{"order_customer_id":5065,"order_id":23020,"order_status":"PENDING"}
{"order_customer_id":3005,"order_id":23021,"order_status":"COMPLETE"}
{"order_customer_id":3833,"order_id":23022,"order_status":"PENDING_PAYMENT"}
{"order_customer_id":3311,"order_id":23023,"order_status":"PENDING_PAYMENT"}
{"order_customer_id":935,"order_id":23024,"order_status":"PENDING_PAYMENT"}
{"order_customer_id":4815,"order_id":23025,"order_status":"COMPLETE"}
{"order_customer_id":3439,"order_id":23026,"order_status":"COMPLETE"}
{"order_customer_id":1365,"order_id":23027,"order_status":"COMPLETE"}
{"order_customer_id":8753,"order_id":23028,"order_status":"PENDING"}
{"order_customer_id":7074,"order_id":23029,"order_status":"PENDING_PAYMENT"}
{"order_customer_id":6834,"order_id":23030,"order_status":"COMPLETE"}
{"order_customer_id":1031,"order_id":23031,"order_status":"CLOSED"}
{"order_customer_id":8478,"order_id":23032,"order_status":"PENDING"}
{"order_customer_id":6955,"order_id":23033,"order_status":"CLOSED"}
{"order_customer_id":5789,"order_id":23034,"order_status":"COMPLETE"}
{"order_customer_id":5136,"order_id":23035,"order_status":"SUSPECTED_FRAUD"}
{"order_customer_id":3139,"order_id":23036,"order_status":"COMPLETE"}
{"order_customer_id":11491,"order_id":23037,"order_status":"PROCESSING"}
{"order_customer_id":4698,"order_id":23038,"order_status":"PROCESSING"}
{"order_customer_id":6025,"order_id":23039,"order_status":"PENDING_PAYMENT"}
{"order_customer_id":4432,"order_id":23040,"order_status":"PENDING"}
{"order_customer_id":5171,"order_id":23041,"order_status":"CLOSED"}
{"order_customer_id":9106,"order_id":23042,"order_status":"COMPLETE"}
{"order_customer_id":6294,"order_id":23043,"order_status":"PENDING"}
{"order_customer_id":8945,"order_id":23044,"order_status":"PENDING"}
{"order_customer_id":10865,"order_id":23045,"order_status":"PENDING"}
{"order_customer_id":5324,"order_id":23046,"order_status":"PROCESSING"}
{"order_customer_id":242,"order_id":23047,"order_status":"CLOSED"}
{"order_customer_id":1335,"order_id":23048,"order_status":"PROCESSING"}
{"order_customer_id":11602,"order_id":23049,"order_status":"PROCESSING"}
{"order_customer_id":1651,"order_id":23050,"order_status":"CLOSED"}
{"order_customer_id":5821,"order_id":23051,"order_status":"PENDING_PAYMENT"}
{"order_customer_id":10009,"order_id":23052,"order_status":"COMPLETE"}
{"order_customer_id":9585,"order_id":23053,"order_status":"CLOSED"}
{"order_customer_id":1806,"order_id":23054,"order_status":"COMPLETE"}
{"order_customer_id":1661,"order_id":23055,"order_status":"COMPLETE"}
{"order_customer_id":3895,"order_id":23056,"order_status":"PROCESSING"}
{"order_customer_id":12294,"order_id":23057,"order_status":"COMPLETE"}
{"order_customer_id":1615,"order_id":23058,"order_status":"PENDING_PAYMENT"}
{"order_customer_id":10828,"order_id":23059,"order_status":"COMPLETE"}
{"order_customer_id":7002,"order_id":23060,"order_status":"PENDING_PAYMENT"}
{"order_customer_id":2693,"order_id":23061,"order_status":"PENDING_PAYMENT"}
{"order_customer_id":9186,"order_id":23062,"order_status":"COMPLETE"}
{"order_customer_id":8924,"order_id":23063,"order_status":"ON_HOLD"}
{"order_customer_id":704,"order_id":23064,"order_status":"CLOSED"}
{"order_customer_id":10857,"order_id":23065,"order_status":"COMPLETE"}
{"order_customer_id":10888,"order_id":23066,"order_status":"COMPLETE"}
{"order_customer_id":6757,"order_id":61427,"order_status":"COMPLETE"}
{"order_customer_id":2993,"order_id":61428,"order_status":"PENDING_PAYMENT"}
{"order_customer_id":11377,"order_id":61429,"order_status":"COMPLETE"}
{"order_customer_id":12177,"order_id":61430,"order_status":"PENDING_PAYMENT"}
{"order_customer_id":4025,"order_id":61431,"order_status":"PENDING_PAYMENT"}
{"order_customer_id":11183,"order_id":61432,"order_status":"CLOSED"}
{"order_customer_id":12160,"order_id":61433,"order_status":"PROCESSING"}
{"order_customer_id":5644,"order_id":61434,"order_status":"COMPLETE"}
{"order_customer_id":956,"order_id":61435,"order_status":"CANCELED"}
{"order_customer_id":2757,"order_id":61436,"order_status":"PENDING_PAYMENT"}
{"order_customer_id":4275,"order_id":61437,"order_status":"CLOSED"}
{"order_customer_id":8852,"order_id":61438,"order_status":"CLOSED"}
{"order_customer_id":2250,"order_id":61439,"order_status":"PENDING_PAYMENT"}
{"order_customer_id":10989,"order_id":61440,"order_status":"COMPLETE"}
{"order_customer_id":8870,"order_id":61441,"order_status":"PENDING"}
{"order_customer_id":5198,"order_id":61442,"order_status":"PENDING_PAYMENT"}
{"order_customer_id":3434,"order_id":61443,"order_status":"PENDING"}
{"order_customer_id":2310,"order_id":61444,"order_status":"CLOSED"}
{"order_customer_id":8760,"order_id":61445,"order_status":"PENDING_PAYMENT"}
{"order_customer_id":1585,"order_id":61446,"order_status":"PENDING"}
{"order_customer_id":10757,"order_id":61447,"order_status":"COMPLETE"}
{"order_customer_id":8626,"order_id":61448,"order_status":"CLOSED"}
{"order_customer_id":699,"order_id":61449,"order_status":"COMPLETE"}
{"order_customer_id":4904,"order_id":61450,"order_status":"PENDING_PAYMENT"}
{"order_customer_id":6026,"order_id":61451,"order_status":"PENDING_PAYMENT"}
{"order_customer_id":8159,"order_id":61452,"order_status":"PENDING_PAYMENT"}
{"order_customer_id":3,"order_id":61453,"order_status":"COMPLETE"}
{"order_customer_id":10305,"order_id":61454,"order_status":"COMPLETE"}
{"order_customer_id":7331,"order_id":61455,"order_status":"PENDING_PAYMENT"}
{"order_customer_id":10162,"order_id":61456,"order_status":"COMPLETE"}
{"order_customer_id":628,"order_id":61457,"order_status":"COMPLETE"}
{"order_customer_id":11985,"order_id":61458,"order_status":"PENDING_PAYMENT"}
{"order_customer_id":8950,"order_id":61459,"order_status":"COMPLETE"}
{"order_customer_id":1646,"order_id":61460,"order_status":"PENDING_PAYMENT"}
{"order_customer_id":12223,"order_id":61461,"order_status":"COMPLETE"}
{"order_customer_id":5128,"order_id":61462,"order_status":"PROCESSING"}
{"order_customer_id":671,"order_id":61463,"order_status":"PENDING_PAYMENT"}
{"order_customer_id":11252,"order_id":61464,"order_status":"PROCESSING"}
{"order_customer_id":5596,"order_id":67909,"order_status":"PENDING"}
