{"order_customer_id":7356,"order_id":38024,"order_status":"PENDING_PAYMENT"}
{"order_customer_id":5271,"order_id":38025,"order_status":"PROCESSING"}
{"order_customer_id":2145,"order_id":38026,"order_status":"ON_HOLD"}
{"order_customer_id":7865,"order_id":38027,"order_status":"COMPLETE"}
{"order_customer_id":10872,"order_id":38028,"order_status":"CLOSED"}
{"order_customer_id":7533,"order_id":38029,"order_status":"CLOSED"}
{"order_customer_id":2492,"order_id":38030,"order_status":"PROCESSING"}
{"order_customer_id":1247,"order_id":38031,"order_status":"PENDING_PAYMENT"}
{"order_customer_id":3015,"order_id":38032,"order_status":"SUSPECTED_FRAUD"}
{"order_customer_id":2932,"order_id":38033,"order_status":"PENDING_PAYMENT"}
{"order_customer_id":8692,"order_id":38034,"order_status":"ON_HOLD"}
{"order_customer_id":8456,"order_id":38035,"order_status":"SUSPECTED_FRAUD"}
{"order_customer_id":1415,"order_id":38036,"order_status":"PENDING"}
{"order_customer_id":5018,"order_id":38037,"order_status":"COMPLETE"}
{"order_customer_id":32,"order_id":38038,"order_status":"CLOSED"}
{"order_customer_id":11764,"order_id":38039,"order_status":"COMPLETE"}
{"order_customer_id":6089,"order_id":38040,"order_status":"CLOSED"}
{"order_customer_id":512,"order_id":38041,"order_status":"PENDING_PAYMENT"}
{"order_customer_id":3669,"order_id":38042,"order_status":"PENDING_PAYMENT"}
{"order_customer_id":10668,"order_id":38043,"order_status":"COMPLETE"}
{"order_customer_id":5061,"order_id":38044,"order_status":"PENDING"}
{"order_customer_id":12234,"order_id":38045,"order_status":"CLOSED"}
{"order_customer_id":9682,"order_id":38046,"order_status":"COMPLETE"}
{"order_customer_id":1051,"order_id":38047,"order_status":"PENDING_PAYMENT"}
{"order_customer_id":4644,"order_id":38048,"order_status":"COMPLETE"}
{"order_customer_id":1755,"order_id":38049,"order_status":"PROCESSING"}
{"order_customer_id":10418,"order_id":38050,"order_status":"PENDING_PAYMENT"}
{"order_customer_id":578,"order_id":38051,"order_status":"PENDING_PAYMENT"}
{"order_customer_id":2064,"order_id":38052,"order_status":"COMPLETE"}
{"order_customer_id":7054,"order_id":38053,"order_status":"PENDING_PAYMENT"}
{"order_customer_id":11132,"order_id":38054,"order_status":"COMPLETE"}
{"order_customer_id":6544,"order_id":38055,"order_status":"COMPLETE"}
{"order_customer_id":11789,"order_id":38056,"order_status":"PENDING_PAYMENT"}
{"order_customer_id":9944,"order_id":38057,"order_status":"PROCESSING"}
{"order_customer_id":2020,"order_id":38058,"order_status":"COMPLETE"}
{"order_customer_id":3766,"order_id":38059,"order_status":"PENDING_PAYMENT"}
{"order_customer_id":11013,"order_id":38060,"order_status":"PENDING"}
{"order_customer_id":9254,"order_id":38061,"order_status":"COMPLETE"}
{"order_customer_id":3832,"order_id":38062,"order_status":"CLOSED"}
{"order_customer_id":9593,"order_id":38063,"order_status":"CLOSED"}
{"order_customer_id":9168,"order_id":38064,"order_status":"COMPLETE"}
{"order_customer_id":7281,"order_id":38065,"order_status":"COMPLETE"}
{"order_customer_id":9231,"order_id":38066,"order_status":"SUSPECTED_FRAUD"}
{"order_customer_id":12383,"order_id":38067,"order_status":"PROCESSING"}
{"order_customer_id":3257,"order_id":38068,"order_status":"COMPLETE"}
{"order_customer_id":8137,"order_id":38069,"order_status":"PENDING_PAYMENT"}
{"order_customer_id":3754,"order_id":38070,"order_status":"PENDING_PAYMENT"}
{"order_customer_id":7029,"order_id":38071,"order_status":"COMPLETE"}
{"order_customer_id":9278,"order_id":38072,"order_status":"PENDING_PAYMENT"}
{"order_customer_id":5791,"order_id":38073,"order_status":"COMPLETE"}
{"order_customer_id":9407,"order_id":38074,"order_status":"PROCESSING"}
{"order_customer_id":1004,"order_id":38075,"order_status":"PENDING_PAYMENT"}
{"order_customer_id":2524,"order_id":38076,"order_status":"COMPLETE"}
{"order_customer_id":4747,"order_id":38077,"order_status":"PENDING_PAYMENT"}
{"order_customer_id":11465,"order_id":38078,"order_status":"PENDING_PAYMENT"}
{"order_customer_id":6266,"order_id":38079,"order_status":"CANCELED"}
{"order_customer_id":9237,"order_id":38080,"order_status":"COMPLETE"}
{"order_customer_id":1407,"order_id":38081,"order_status":"PENDING_PAYMENT"}
{"order_customer_id":6773,"order_id":38082,"order_status":"PROCESSING"}
{"order_customer_id":463,"order_id":38083,"order_status":"COMPLETE"}
{"order_customer_id":668,"order_id":38084,"order_status":"PENDING_PAYMENT"}
{"order_customer_id":5656,"order_id":38085,"order_status":"PROCESSING"}
{"order_customer_id":1153,"order_id":38086,"order_status":"COMPLETE"}
{"order_customer_id":11405,"order_id":38087,"order_status":"PENDING_PAYMENT"}
{"order_customer_id":2109,"order_id":38088,"order_status":"PROCESSING"}
{"order_customer_id":8733,"order_id":38089,"order_status":"ON_HOLD"}
{"order_customer_id":9741,"order_id":38090,"order_status":"PROCESSING"}
{"order_customer_id":8667,"order_id":38091,"order_status":"PENDING_PAYMENT"}
{"order_customer_id":10516,"order_id":38092,"order_status":"PENDING_PAYMENT"}
{"order_customer_id":2547,"order_id":38093,"order_status":"COMPLETE"}
{"order_customer_id":10291,"order_id":38094,"order_status":"COMPLETE"}
{"order_customer_id":6504,"order_id":38095,"order_status":"COMPLETE"}
{"order_customer_id":5891,"order_id":38096,"order_status":"PENDING_PAYMENT"}
{"order_customer_id":8847,"order_id":38097,"order_status":"PENDING"}
{"order_customer_id":8974,"order_id":38098,"order_status":"COMPLETE"}
{"order_customer_id":7798,"order_id":38099,"order_status":"PENDING_PAYMENT"}
{"order_customer_id":2925,"order_id":38100,"order_status":"COMPLETE"}
{"order_customer_id":8836,"order_id":38101,"order_status":"PROCESSING"}
{"order_customer_id":10376,"order_id":38102,"order_status":"COMPLETE"}
{"order_customer_id":3879,"order_id":38103,"order_status":"ON_HOLD"}
{"order_customer_id":7086,"order_id":38104,"order_status":"ON_HOLD"}
{"order_customer_id":5834,"order_id":38105,"order_status":"SUSPECTED_FRAUD"}
{"order_customer_id":6299,"order_id":38106,"order_status":"PENDING_PAYMENT"}
{"order_customer_id":4341,"order_id":38107,"order_status":"COMPLETE"}
{"order_customer_id":4579,"order_id":38108,"order_status":"COMPLETE"}
{"order_customer_id":7307,"order_id":38109,"order_status":"ON_HOLD"}
{"order_customer_id":1856,"order_id":38110,"order_status":"COMPLETE"}
{"order_customer_id":11079,"order_id":38111,"order_status":"PENDING_PAYMENT"}
{"order_customer_id":4391,"order_id":38112,"order_status":"PENDING_PAYMENT"}
{"order_customer_id":11000,"order_id":38113,"order_status":"ON_HOLD"}
{"order_customer_id":11063,"order_id":38114,"order_status":"COMPLETE"}
{"order_customer_id":6757,"order_id":38115,"order_status":"PENDING"}
{"order_customer_id":3137,"order_id":38116,"order_status":"COMPLETE"}
{"order_customer_id":8875,"order_id":38117,"order_status":"PROCESSING"}
{"order_customer_id":2343,"order_id":38118,"order_status":"PENDING_PAYMENT"}
{"order_customer_id":8954,"order_id":38119,"order_status":"COMPLETE"}
{"order_customer_id":2275,"order_id":38120,"order_status":"PENDING"}
{"order_customer_id":8148,"order_id":38121,"order_status":"PENDING"}
{"order_customer_id":11545,"order_id":38122,"order_status":"PROCESSING"}
{"order_customer_id":4712,"order_id":38123,"order_status":"COMPLETE"}
{"order_customer_id":10048,"order_id":38124,"order_status":"PROCESSING"}
{"order_customer_id":12332,"order_id":38125,"order_status":"PENDING_PAYMENT"}
{"order_customer_id":1716,"order_id":38126,"order_status":"CLOSED"}
{"order_customer_id":7388,"order_id":38127,"order_status":"ON_HOLD"}
{"order_customer_id":3654,"order_id":38128,"order_status":"COMPLETE"}
{"order_customer_id":2319,"order_id":38129,"order_status":"PENDING"}
{"order_customer_id":8573,"order_id":38130,"order_status":"PENDING"}
{"order_customer_id":7126,"order_id":38131,"order_status":"COMPLETE"}
{"order_customer_id":112,"order_id":38132,"order_status":"PENDING"}
{"order_customer_id":9503,"order_id":38133,"order_status":"PROCESSING"}
{"order_customer_id":4765,"order_id":38134,"order_status":"COMPLETE"}
{"order_customer_id":10939,"order_id":38135,"order_status":"CLOSED"}
{"order_customer_id":7273,"order_id":38136,"order_status":"CLOSED"}
{"order_customer_id":3114,"order_id":38137,"order_status":"PENDING"}
{"order_customer_id":8424,"order_id":38138,"order_status":"PENDING"}
{"order_customer_id":6729,"order_id":38139,"order_status":"COMPLETE"}
{"order_customer_id":213,"order_id":38140,"order_status":"PENDING_PAYMENT"}
{"order_customer_id":3620,"order_id":38141,"order_status":"PENDING_PAYMENT"}
{"order_customer_id":8524,"order_id":38142,"order_status":"COMPLETE"}
{"order_customer_id":9353,"order_id":38143,"order_status":"COMPLETE"}
{"order_customer_id":1506,"order_id":38144,"order_status":"COMPLETE"}
{"order_customer_id":1804,"order_id":38145,"order_status":"PENDING"}
{"order_customer_id":695,"order_id":38146,"order_status":"COMPLETE"}
{"order_customer_id":5906,"order_id":38147,"order_status":"CLOSED"}
{"order_customer_id":10432,"order_id":38148,"order_status":"PROCESSING"}
{"order_customer_id":10993,"order_id":38149,"order_status":"COMPLETE"}
{"order_customer_id":11707,"order_id":38150,"order_status":"PENDING_PAYMENT"}
{"order_customer_id":11417,"order_id":38151,"order_status":"COMPLETE"}
{"order_customer_id":11814,"order_id":38152,"order_status":"PROCESSING"}
{"order_customer_id":11634,"order_id":38153,"order_status":"PAYMENT_REVIEW"}
{"order_customer_id":1138,"order_id":38154,"order_status":"PENDING_PAYMENT"}
{"order_customer_id":8842,"order_id":38155,"order_status":"PENDING"}
{"order_customer_id":2704,"order_id":38156,"order_status":"COMPLETE"}
{"order_customer_id":5331,"order_id":38157,"order_status":"COMPLETE"}
{"order_customer_id":1761,"order_id":38158,"order_status":"PROCESSING"}
{"order_customer_id":502,"order_id":38159,"order_status":"PENDING"}
{"order_customer_id":5367,"order_id":38160,"order_status":"SUSPECTED_FRAUD"}
{"order_customer_id":6388,"order_id":38161,"order_status":"ON_HOLD"}
{"order_customer_id":7097,"order_id":38162,"order_status":"PAYMENT_REVIEW"}
{"order_customer_id":7129,"order_id":38163,"order_status":"ON_HOLD"}
{"order_customer_id":10111,"order_id":38164,"order_status":"COMPLETE"}
{"order_customer_id":9161,"order_id":38165,"order_status":"PAYMENT_REVIEW"}
{"order_customer_id":12410,"order_id":38166,"order_status":"PENDING_PAYMENT"}
{"order_customer_id":6835,"order_id":38167,"order_status":"COMPLETE"}
{"order_customer_id":10032,"order_id":38168,"order_status":"COMPLETE"}
{"order_customer_id":3155,"order_id":38169,"order_status":"PROCESSING"}
{"order_customer_id":8269,"order_id":38170,"order_status":"COMPLETE"}
{"order_customer_id":626,"order_id":38171,"order_status":"COMPLETE"}
{"order_customer_id":3250,"order_id":38172,"order_status":"COMPLETE"}
{"order_customer_id":1634,"order_id":38173,"order_status":"COMPLETE"}
{"order_customer_id":7012,"order_id":38174,"order_status":"COMPLETE"}
{"order_customer_id":5198,"order_id":38175,"order_status":"PENDING_PAYMENT"}
{"order_customer_id":4322,"order_id":38176,"order_status":"PENDING_PAYMENT"}
{"order_customer_id":8413,"order_id":38177,"order_status":"PROCESSING"}
{"order_customer_id":3038,"order_id":38178,"order_status":"COMPLETE"}
{"order_customer_id":5673,"order_id":38179,"order_status":"COMPLETE"}
{"order_customer_id":4911,"order_id":38180,"order_status":"PENDING"}
{"order_customer_id":9429,"order_id":38181,"order_status":"COMPLETE"}
{"order_customer_id":9588,"order_id":38182,"order_status":"COMPLETE"}
{"order_customer_id":731,"order_id":38183,"order_status":"COMPLETE"}
{"order_customer_id":6654,"order_id":38184,"order_status":"ON_HOLD"}
{"order_customer_id":2821,"order_id":38185,"order_status":"COMPLETE"}
{"order_customer_id":3944,"order_id":38186,"order_status":"PENDING_PAYMENT"}
{"order_customer_id":1288,"order_id":38187,"order_status":"COMPLETE"}
{"order_customer_id":10187,"order_id":63876,"order_status":"CLOSED"}
{"order_customer_id":7855,"order_id":63877,"order_status":"PENDING_PAYMENT"}
{"order_customer_id":5905,"order_id":63878,"order_status":"PENDING_PAYMENT"}
{"order_customer_id":9169,"order_id":63879,"order_status":"PENDING_PAYMENT"}
{"order_customer_id":6745,"order_id":63880,"order_status":"PENDING"}
{"order_customer_id":3054,"order_id":63881,"order_status":"COMPLETE"}
{"order_customer_id":8818,"order_id":63882,"order_status":"COMPLETE"}
{"order_customer_id":2078,"order_id":63883,"order_status":"COMPLETE"}
{"order_customer_id":5315,"order_id":63884,"order_status":"PENDING_PAYMENT"}
{"order_customer_id":3655,"order_id":63885,"order_status":"PROCESSING"}
{"order_customer_id":3636,"order_id":63886,"order_status":"CLOSED"}
{"order_customer_id":8607,"order_id":63887,"order_status":"COMPLETE"}
{"order_customer_id":308,"order_id":63888,"order_status":"COMPLETE"}
{"order_customer_id":2719,"order_id":63889,"order_status":"PROCESSING"}
{"order_customer_id":1430,"order_id":63890,"order_status":"PROCESSING"}
{"order_customer_id":4597,"order_id":63891,"order_status":"PENDING_PAYMENT"}
{"order_customer_id":5983,"order_id":63892,"order_status":"COMPLETE"}
{"order_customer_id":3733,"order_id":63893,"order_status":"PENDING_PAYMENT"}
{"order_customer_id":10257,"order_id":63894,"order_status":"COMPLETE"}
{"order_customer_id":5173,"order_id":63895,"order_status":"CLOSED"}
{"order_customer_id":10572,"order_id":63896,"order_status":"PENDING_PAYMENT"}
{"order_customer_id":9298,"order_id":68241,"order_status":"PROCESSING"}
{"order_customer_id":2733,"order_id":68242,"order_status":"PENDING_PAYMENT"}
