{"order_customer_id":11192,"order_id":44304,"order_status":"COMPLETE"}
{"order_customer_id":6630,"order_id":44305,"order_status":"CLOSED"}
{"order_customer_id":9647,"order_id":44306,"order_status":"COMPLETE"}
{"order_customer_id":740,"order_id":44307,"order_status":"COMPLETE"}
{"order_customer_id":3506,"order_id":44308,"order_status":"PENDING_PAYMENT"}
{"order_customer_id":8152,"order_id":44309,"order_status":"PENDING_PAYMENT"}
{"order_customer_id":9664,"order_id":44310,"order_status":"PROCESSING"}
{"order_customer_id":1307,"order_id":44311,"order_status":"COMPLETE"}
{"order_customer_id":9433,"order_id":44312,"order_status":"PENDING_PAYMENT"}
{"order_customer_id":4350,"order_id":44313,"order_status":"PENDING_PAYMENT"}
{"order_customer_id":3172,"order_id":44314,"order_status":"COMPLETE"}
{"order_customer_id":11157,"order_id":44315,"order_status":"PROCESSING"}
{"order_customer_id":5598,"order_id":44316,"order_status":"PROCESSING"}
{"order_customer_id":10846,"order_id":44317,"order_status":"PENDING_PAYMENT"}
{"order_customer_id":3669,"order_id":44318,"order_status":"COMPLETE"}
{"order_customer_id":8927,"order_id":44319,"order_status":"COMPLETE"}
{"order_customer_id":2971,"order_id":44320,"order_status":"COMPLETE"}
{"order_customer_id":1649,"order_id":44321,"order_status":"COMPLETE"}
{"order_customer_id":3586,"order_id":44322,"order_status":"PROCESSING"}
{"order_customer_id":10619,"order_id":44323,"order_status":"ON_HOLD"}
{"order_customer_id":12390,"order_id":44324,"order_status":"COMPLETE"}
{"order_customer_id":8476,"order_id":44325,"order_status":"COMPLETE"}
{"order_customer_id":9773,"order_id":44326,"order_status":"COMPLETE"}
{"order_customer_id":8672,"order_id":44327,"order_status":"PROCESSING"}
{"order_customer_id":8501,"order_id":44328,"order_status":"ON_HOLD"}
{"order_customer_id":3265,"order_id":44329,"order_status":"PENDING_PAYMENT"}
{"order_customer_id":4154,"order_id":44330,"order_status":"COMPLETE"}
{"order_customer_id":10132,"order_id":44331,"order_status":"PROCESSING"}
{"order_customer_id":6491,"order_id":44332,"order_status":"CLOSED"}
{"order_customer_id":7363,"order_id":44333,"order_status":"PENDING"}
{"order_customer_id":5492,"order_id":44334,"order_status":"ON_HOLD"}
{"order_customer_id":9210,"order_id":44335,"order_status":"CLOSED"}
{"order_customer_id":1395,"order_id":44336,"order_status":"PROCESSING"}
{"order_customer_id":6506,"order_id":44337,"order_status":"PROCESSING"}
{"order_customer_id":370,"order_id":44338,"order_status":"PENDING_PAYMENT"}
{"order_customer_id":9187,"order_id":44339,"order_status":"COMPLETE"}
{"order_customer_id":4343,"order_id":44340,"order_status":"COMPLETE"}
{"order_customer_id":6499,"order_id":44341,"order_status":"SUSPECTED_FRAUD"}
{"order_customer_id":1834,"order_id":44342,"order_status":"COMPLETE"}
{"order_customer_id":5175,"order_id":44343,"order_status":"COMPLETE"}
{"order_customer_id":10173,"order_id":44344,"order_status":"ON_HOLD"}
{"order_customer_id":4479,"order_id":44345,"order_status":"PENDING"}
{"order_customer_id":10760,"order_id":44346,"order_status":"PENDING"}
{"order_customer_id":7135,"order_id":44347,"order_status":"PROCESSING"}
{"order_customer_id":893,"order_id":44348,"order_status":"COMPLETE"}
{"order_customer_id":6898,"order_id":44349,"order_status":"PROCESSING"}
{"order_customer_id":11937,"order_id":44350,"order_status":"COMPLETE"}
{"order_customer_id":7662,"order_id":44351,"order_status":"CLOSED"}
{"order_customer_id":5654,"order_id":44352,"order_status":"COMPLETE"}
{"order_customer_id":11356,"order_id":44353,"order_status":"PROCESSING"}
{"order_customer_id":2254,"order_id":44354,"order_status":"PENDING_PAYMENT"}
{"order_customer_id":1056,"order_id":44355,"order_status":"PENDING"}
{"order_customer_id":455,"order_id":44356,"order_status":"PENDING"}
{"order_customer_id":9074,"order_id":44357,"order_status":"CLOSED"}
{"order_customer_id":3977,"order_id":44358,"order_status":"COMPLETE"}
{"order_customer_id":956,"order_id":44359,"order_status":"COMPLETE"}
{"order_customer_id":202,"order_id":44360,"order_status":"ON_HOLD"}
{"order_customer_id":9352,"order_id":44361,"order_status":"PENDING"}
{"order_customer_id":3328,"order_id":44362,"order_status":"COMPLETE"}
{"order_customer_id":1375,"order_id":44363,"order_status":"PENDING_PAYMENT"}
{"order_customer_id":8975,"order_id":44364,"order_status":"COMPLETE"}
{"order_customer_id":11350,"order_id":44365,"order_status":"COMPLETE"}
{"order_customer_id":9652,"order_id":44366,"order_status":"COMPLETE"}
{"order_customer_id":8256,"order_id":44367,"order_status":"COMPLETE"}
{"order_customer_id":748,"order_id":44368,"order_status":"PENDING"}
{"order_customer_id":120,"order_id":44369,"order_status":"COMPLETE"}
{"order_customer_id":6959,"order_id":44370,"order_status":"CLOSED"}
{"order_customer_id":9540,"order_id":44371,"order_status":"COMPLETE"}
{"order_customer_id":1525,"order_id":44372,"order_status":"CLOSED"}
{"order_customer_id":473,"order_id":44373,"order_status":"ON_HOLD"}
{"order_customer_id":8269,"order_id":44374,"order_status":"COMPLETE"}
{"order_customer_id":3503,"order_id":44375,"order_status":"CLOSED"}
{"order_customer_id":2900,"order_id":44376,"order_status":"PENDING"}
{"order_customer_id":8740,"order_id":44377,"order_status":"SUSPECTED_FRAUD"}
{"order_customer_id":5838,"order_id":44378,"order_status":"CLOSED"}
{"order_customer_id":11650,"order_id":44379,"order_status":"COMPLETE"}
{"order_customer_id":10193,"order_id":44380,"order_status":"COMPLETE"}
{"order_customer_id":7365,"order_id":44381,"order_status":"COMPLETE"}
{"order_customer_id":11698,"order_id":44382,"order_status":"COMPLETE"}
{"order_customer_id":4561,"order_id":44383,"order_status":"COMPLETE"}
{"order_customer_id":4400,"order_id":44384,"order_status":"COMPLETE"}
{"order_customer_id":870,"order_id":44385,"order_status":"PROCESSING"}
{"order_customer_id":1970,"order_id":44386,"order_status":"CANCELED"}
{"order_customer_id":1506,"order_id":44387,"order_status":"PENDING_PAYMENT"}
{"order_customer_id":468,"order_id":44388,"order_status":"COMPLETE"}
{"order_customer_id":2723,"order_id":44389,"order_status":"PROCESSING"}
{"order_customer_id":8709,"order_id":44390,"order_status":"PENDING"}
{"order_customer_id":6532,"order_id":44391,"order_status":"ON_HOLD"}
{"order_customer_id":3435,"order_id":44392,"order_status":"COMPLETE"}
{"order_customer_id":1545,"order_id":44393,"order_status":"COMPLETE"}
{"order_customer_id":7035,"order_id":44394,"order_status":"PENDING_PAYMENT"}
{"order_customer_id":10264,"order_id":44395,"order_status":"PENDING_PAYMENT"}
{"order_customer_id":5141,"order_id":44396,"order_status":"CANCELED"}
{"order_customer_id":4743,"order_id":44397,"order_status":"PROCESSING"}
{"order_customer_id":1562,"order_id":44398,"order_status":"CLOSED"}
{"order_customer_id":283,"order_id":44399,"order_status":"COMPLETE"}
{"order_customer_id":11081,"order_id":44400,"order_status":"PROCESSING"}
{"order_customer_id":3460,"order_id":44401,"order_status":"PENDING_PAYMENT"}
{"order_customer_id":5306,"order_id":44402,"order_status":"CLOSED"}
{"order_customer_id":5659,"order_id":44403,"order_status":"PROCESSING"}
{"order_customer_id":2047,"order_id":44404,"order_status":"CLOSED"}
{"order_customer_id":3763,"order_id":44405,"order_status":"COMPLETE"}
{"order_customer_id":12193,"order_id":44406,"order_status":"PROCESSING"}
{"order_customer_id":8368,"order_id":44407,"order_status":"PENDING"}
{"order_customer_id":11431,"order_id":44408,"order_status":"PENDING"}
{"order_customer_id":4799,"order_id":44409,"order_status":"PENDING"}
{"order_customer_id":12104,"order_id":44410,"order_status":"COMPLETE"}
{"order_customer_id":9810,"order_id":44411,"order_status":"CLOSED"}
{"order_customer_id":2038,"order_id":44412,"order_status":"PENDING_PAYMENT"}
{"order_customer_id":12157,"order_id":44413,"order_status":"COMPLETE"}
{"order_customer_id":573,"order_id":44414,"order_status":"PENDING"}
{"order_customer_id":11588,"order_id":44415,"order_status":"COMPLETE"}
{"order_customer_id":8368,"order_id":44416,"order_status":"PENDING_PAYMENT"}
{"order_customer_id":9643,"order_id":44417,"order_status":"CANCELED"}
{"order_customer_id":6143,"order_id":44418,"order_status":"COMPLETE"}
{"order_customer_id":3408,"order_id":44419,"order_status":"CLOSED"}
{"order_customer_id":6535,"order_id":44420,"order_status":"PENDING_PAYMENT"}
{"order_customer_id":3289,"order_id":44421,"order_status":"COMPLETE"}
{"order_customer_id":5185,"order_id":44422,"order_status":"PENDING_PAYMENT"}
{"order_customer_id":3395,"order_id":44423,"order_status":"PROCESSING"}
{"order_customer_id":2360,"order_id":44424,"order_status":"PENDING_PAYMENT"}
{"order_customer_id":3497,"order_id":44425,"order_status":"PROCESSING"}
{"order_customer_id":6867,"order_id":44426,"order_status":"PENDING_PAYMENT"}
{"order_customer_id":9427,"order_id":44427,"order_status":"PROCESSING"}
{"order_customer_id":326,"order_id":44428,"order_status":"COMPLETE"}
{"order_customer_id":8058,"order_id":44429,"order_status":"COMPLETE"}
{"order_customer_id":5010,"order_id":44430,"order_status":"PENDING_PAYMENT"}
{"order_customer_id":10577,"order_id":44431,"order_status":"ON_HOLD"}
{"order_customer_id":8994,"order_id":44432,"order_status":"SUSPECTED_FRAUD"}
{"order_customer_id":5531,"order_id":44433,"order_status":"COMPLETE"}
{"order_customer_id":4807,"order_id":44434,"order_status":"COMPLETE"}
{"order_customer_id":11204,"order_id":44435,"order_status":"PENDING_PAYMENT"}
{"order_customer_id":6768,"order_id":44436,"order_status":"ON_HOLD"}
{"order_customer_id":11503,"order_id":44437,"order_status":"COMPLETE"}
{"order_customer_id":9065,"order_id":44438,"order_status":"ON_HOLD"}
{"order_customer_id":4357,"order_id":44439,"order_status":"ON_HOLD"}
{"order_customer_id":1843,"order_id":44440,"order_status":"PROCESSING"}
{"order_customer_id":7884,"order_id":44441,"order_status":"PROCESSING"}
{"order_customer_id":2719,"order_id":44442,"order_status":"COMPLETE"}
{"order_customer_id":12089,"order_id":44443,"order_status":"COMPLETE"}
{"order_customer_id":11886,"order_id":44444,"order_status":"PENDING_PAYMENT"}
{"order_customer_id":4034,"order_id":44445,"order_status":"PENDING_PAYMENT"}
{"order_customer_id":5033,"order_id":44446,"order_status":"PENDING_PAYMENT"}
{"order_customer_id":3981,"order_id":44447,"order_status":"ON_HOLD"}
{"order_customer_id":10945,"order_id":44448,"order_status":"PENDING_PAYMENT"}
{"order_customer_id":10275,"order_id":44449,"order_status":"COMPLETE"}
{"order_customer_id":1991,"order_id":44450,"order_status":"PENDING_PAYMENT"}
{"order_customer_id":6935,"order_id":44451,"order_status":"COMPLETE"}
{"order_customer_id":1250,"order_id":44452,"order_status":"SUSPECTED_FRAUD"}
{"order_customer_id":10627,"order_id":44453,"order_status":"ON_HOLD"}
{"order_customer_id":1541,"order_id":44454,"order_status":"COMPLETE"}
{"order_customer_id":10176,"order_id":44455,"order_status":"CLOSED"}
{"order_customer_id":11447,"order_id":44456,"order_status":"COMPLETE"}
{"order_customer_id":8125,"order_id":44457,"order_status":"COMPLETE"}
{"order_customer_id":618,"order_id":44458,"order_status":"SUSPECTED_FRAUD"}
{"order_customer_id":4877,"order_id":44459,"order_status":"PENDING"}
{"order_customer_id":2413,"order_id":44460,"order_status":"PENDING"}
{"order_customer_id":1037,"order_id":44461,"order_status":"COMPLETE"}
{"order_customer_id":8436,"order_id":44462,"order_status":"PENDING_PAYMENT"}
{"order_customer_id":9714,"order_id":44463,"order_status":"SUSPECTED_FRAUD"}
{"order_customer_id":8221,"order_id":44464,"order_status":"COMPLETE"}
{"order_customer_id":5464,"order_id":44465,"order_status":"COMPLETE"}
{"order_customer_id":7060,"order_id":44466,"order_status":"CLOSED"}
{"order_customer_id":5475,"order_id":44467,"order_status":"COMPLETE"}
{"order_customer_id":11675,"order_id":44468,"order_status":"COMPLETE"}
{"order_customer_id":12274,"order_id":44469,"order_status":"PROCESSING"}
{"order_customer_id":6323,"order_id":44470,"order_status":"ON_HOLD"}
{"order_customer_id":10641,"order_id":44471,"order_status":"COMPLETE"}
{"order_customer_id":10877,"order_id":44472,"order_status":"CLOSED"}
{"order_customer_id":8442,"order_id":44473,"order_status":"PROCESSING"}
{"order_customer_id":4830,"order_id":44474,"order_status":"PROCESSING"}
{"order_customer_id":1128,"order_id":44475,"order_status":"COMPLETE"}
{"order_customer_id":6983,"order_id":44476,"order_status":"ON_HOLD"}
{"order_customer_id":1495,"order_id":44477,"order_status":"COMPLETE"}
{"order_customer_id":6211,"order_id":44478,"order_status":"PAYMENT_REVIEW"}
{"order_customer_id":7376,"order_id":44479,"order_status":"PENDING_PAYMENT"}
{"order_customer_id":7878,"order_id":44480,"order_status":"PENDING_PAYMENT"}
{"order_customer_id":5944,"order_id":44481,"order_status":"PENDING_PAYMENT"}
{"order_customer_id":2756,"order_id":44482,"order_status":"PENDING_PAYMENT"}
{"order_customer_id":6441,"order_id":44483,"order_status":"COMPLETE"}
{"order_customer_id":1361,"order_id":44484,"order_status":"COMPLETE"}
{"order_customer_id":7393,"order_id":44485,"order_status":"PENDING_PAYMENT"}
{"order_customer_id":3596,"order_id":44486,"order_status":"PENDING_PAYMENT"}
{"order_customer_id":1507,"order_id":44487,"order_status":"CLOSED"}
{"order_customer_id":4345,"order_id":44488,"order_status":"PENDING_PAYMENT"}
{"order_customer_id":3560,"order_id":44489,"order_status":"PENDING_PAYMENT"}
{"order_customer_id":8736,"order_id":44490,"order_status":"PENDING_PAYMENT"}
{"order_customer_id":4382,"order_id":44491,"order_status":"PENDING_PAYMENT"}
{"order_customer_id":2934,"order_id":44492,"order_status":"PENDING"}
{"order_customer_id":8869,"order_id":44493,"order_status":"PENDING_PAYMENT"}
{"order_customer_id":412,"order_id":44494,"order_status":"COMPLETE"}
{"order_customer_id":10563,"order_id":44495,"order_status":"COMPLETE"}
{"order_customer_id":4296,"order_id":44496,"order_status":"COMPLETE"}
{"order_customer_id":604,"order_id":44497,"order_status":"PENDING_PAYMENT"}
{"order_customer_id":7971,"order_id":44498,"order_status":"PENDING_PAYMENT"}
{"order_customer_id":392,"order_id":44499,"order_status":"CLOSED"}
{"order_customer_id":1712,"order_id":44500,"order_status":"PENDING_PAYMENT"}
{"order_customer_id":5333,"order_id":44501,"order_status":"PROCESSING"}
{"order_customer_id":7570,"order_id":44502,"order_status":"COMPLETE"}
{"order_customer_id":5480,"order_id":44503,"order_status":"PENDING_PAYMENT"}
{"order_customer_id":8544,"order_id":44504,"order_status":"COMPLETE"}
{"order_customer_id":9297,"order_id":44505,"order_status":"PENDING_PAYMENT"}
{"order_customer_id":8523,"order_id":44506,"order_status":"COMPLETE"}
{"order_customer_id":7783,"order_id":44507,"order_status":"COMPLETE"}
{"order_customer_id":5417,"order_id":44508,"order_status":"PENDING_PAYMENT"}
{"order_customer_id":2919,"order_id":44509,"order_status":"CLOSED"}
{"order_customer_id":9702,"order_id":44510,"order_status":"COMPLETE"}
{"order_customer_id":1257,"order_id":44511,"order_status":"ON_HOLD"}
{"order_customer_id":7301,"order_id":44512,"order_status":"PENDING_PAYMENT"}
{"order_customer_id":7044,"order_id":44513,"order_status":"CLOSED"}
{"order_customer_id":9604,"order_id":44514,"order_status":"PROCESSING"}
{"order_customer_id":11766,"order_id":44515,"order_status":"COMPLETE"}
{"order_customer_id":6087,"order_id":44516,"order_status":"PENDING"}
{"order_customer_id":5039,"order_id":44517,"order_status":"PROCESSING"}
{"order_customer_id":9610,"order_id":44518,"order_status":"PENDING_PAYMENT"}
{"order_customer_id":11330,"order_id":44519,"order_status":"COMPLETE"}
{"order_customer_id":2189,"order_id":44520,"order_status":"PENDING_PAYMENT"}
{"order_customer_id":2664,"order_id":44521,"order_status":"ON_HOLD"}
{"order_customer_id":10309,"order_id":44522,"order_status":"COMPLETE"}
{"order_customer_id":3701,"order_id":64985,"order_status":"PENDING"}
{"order_customer_id":6498,"order_id":64986,"order_status":"PENDING_PAYMENT"}
{"order_customer_id":6771,"order_id":64987,"order_status":"PENDING_PAYMENT"}
{"order_customer_id":7800,"order_id":64988,"order_status":"SUSPECTED_FRAUD"}
{"order_customer_id":9731,"order_id":64989,"order_status":"PENDING"}
{"order_customer_id":4169,"order_id":64990,"order_status":"PENDING_PAYMENT"}
{"order_customer_id":12028,"order_id":64991,"order_status":"COMPLETE"}
{"order_customer_id":7543,"order_id":64992,"order_status":"PROCESSING"}
{"order_customer_id":4478,"order_id":64993,"order_status":"COMPLETE"}
{"order_customer_id":6346,"order_id":64994,"order_status":"PENDING_PAYMENT"}
{"order_customer_id":4714,"order_id":64995,"order_status":"COMPLETE"}
{"order_customer_id":8443,"order_id":64996,"order_status":"COMPLETE"}
{"order_customer_id":9760,"order_id":64997,"order_status":"PENDING_PAYMENT"}
{"order_customer_id":5072,"order_id":64998,"order_status":"PROCESSING"}
{"order_customer_id":10046,"order_id":64999,"order_status":"COMPLETE"}
{"order_customer_id":1081,"order_id":65000,"order_status":"PENDING_PAYMENT"}
{"order_customer_id":4193,"order_id":65001,"order_status":"PROCESSING"}
{"order_customer_id":7079,"order_id":65002,"order_status":"COMPLETE"}
{"order_customer_id":2279,"order_id":65003,"order_status":"COMPLETE"}
{"order_customer_id":8431,"order_id":65004,"order_status":"COMPLETE"}
{"order_customer_id":1956,"order_id":65005,"order_status":"COMPLETE"}
{"order_customer_id":5202,"order_id":65006,"order_status":"PROCESSING"}
{"order_customer_id":5362,"order_id":65007,"order_status":"CLOSED"}
{"order_customer_id":8730,"order_id":65008,"order_status":"COMPLETE"}
{"order_customer_id":4607,"order_id":65009,"order_status":"PENDING"}
{"order_customer_id":3483,"order_id":65010,"order_status":"COMPLETE"}
{"order_customer_id":2270,"order_id":65011,"order_status":"COMPLETE"}
{"order_customer_id":1608,"order_id":68387,"order_status":"ON_HOLD"}
{"order_customer_id":7110,"order_id":68388,"order_status":"PENDING_PAYMENT"}
{"order_customer_id":12121,"order_id":68389,"order_status":"PENDING_PAYMENT"}
{"order_customer_id":8939,"order_id":68390,"order_status":"PENDING_PAYMENT"}
{"order_customer_id":11203,"order_id":68832,"order_status":"PROCESSING"}
