{"order_customer_id":8169,"order_id":47818,"order_status":"PENDING_PAYMENT"}
{"order_customer_id":6233,"order_id":47819,"order_status":"PENDING"}
{"order_customer_id":6090,"order_id":47820,"order_status":"SUSPECTED_FRAUD"}
{"order_customer_id":12018,"order_id":47821,"order_status":"PAYMENT_REVIEW"}
{"order_customer_id":3103,"order_id":47822,"order_status":"COMPLETE"}
{"order_customer_id":9848,"order_id":47823,"order_status":"COMPLETE"}
{"order_customer_id":2801,"order_id":47824,"order_status":"ON_HOLD"}
{"order_customer_id":10420,"order_id":47825,"order_status":"ON_HOLD"}
{"order_customer_id":3383,"order_id":47826,"order_status":"PENDING"}
{"order_customer_id":7663,"order_id":47827,"order_status":"COMPLETE"}
{"order_customer_id":6232,"order_id":47828,"order_status":"COMPLETE"}
{"order_customer_id":8500,"order_id":47829,"order_status":"COMPLETE"}
{"order_customer_id":11763,"order_id":47830,"order_status":"PENDING_PAYMENT"}
{"order_customer_id":9020,"order_id":47831,"order_status":"COMPLETE"}
{"order_customer_id":10090,"order_id":47832,"order_status":"CLOSED"}
{"order_customer_id":2528,"order_id":47833,"order_status":"COMPLETE"}
{"order_customer_id":5491,"order_id":47834,"order_status":"PENDING"}
{"order_customer_id":9046,"order_id":47835,"order_status":"CLOSED"}
{"order_customer_id":3672,"order_id":47836,"order_status":"COMPLETE"}
{"order_customer_id":8472,"order_id":47837,"order_status":"COMPLETE"}
{"order_customer_id":4503,"order_id":47838,"order_status":"PENDING"}
{"order_customer_id":3161,"order_id":47839,"order_status":"PROCESSING"}
{"order_customer_id":2728,"order_id":47840,"order_status":"SUSPECTED_FRAUD"}
{"order_customer_id":851,"order_id":47841,"order_status":"COMPLETE"}
{"order_customer_id":6440,"order_id":47842,"order_status":"PROCESSING"}
{"order_customer_id":5039,"order_id":47843,"order_status":"PENDING_PAYMENT"}
{"order_customer_id":1277,"order_id":47844,"order_status":"COMPLETE"}
{"order_customer_id":5733,"order_id":47845,"order_status":"PENDING_PAYMENT"}
{"order_customer_id":6073,"order_id":47846,"order_status":"PENDING"}
{"order_customer_id":11376,"order_id":47847,"order_status":"PENDING_PAYMENT"}
{"order_customer_id":7700,"order_id":47848,"order_status":"COMPLETE"}
{"order_customer_id":5026,"order_id":47849,"order_status":"COMPLETE"}
{"order_customer_id":4960,"order_id":47850,"order_status":"COMPLETE"}
{"order_customer_id":10634,"order_id":47851,"order_status":"PENDING"}
{"order_customer_id":1960,"order_id":47852,"order_status":"COMPLETE"}
{"order_customer_id":11839,"order_id":47853,"order_status":"COMPLETE"}
{"order_customer_id":598,"order_id":47854,"order_status":"COMPLETE"}
{"order_customer_id":4058,"order_id":47855,"order_status":"PENDING"}
{"order_customer_id":1406,"order_id":47856,"order_status":"COMPLETE"}
{"order_customer_id":1940,"order_id":47857,"order_status":"ON_HOLD"}
{"order_customer_id":1000,"order_id":47858,"order_status":"COMPLETE"}
{"order_customer_id":7548,"order_id":47859,"order_status":"COMPLETE"}
{"order_customer_id":6248,"order_id":47860,"order_status":"CLOSED"}
{"order_customer_id":10375,"order_id":47861,"order_status":"PENDING_PAYMENT"}
{"order_customer_id":3259,"order_id":47862,"order_status":"CLOSED"}
{"order_customer_id":3015,"order_id":47863,"order_status":"PROCESSING"}
{"order_customer_id":6676,"order_id":47864,"order_status":"PENDING"}
{"order_customer_id":2767,"order_id":47865,"order_status":"COMPLETE"}
{"order_customer_id":6996,"order_id":47866,"order_status":"COMPLETE"}
{"order_customer_id":6233,"order_id":47867,"order_status":"PROCESSING"}
{"order_customer_id":7299,"order_id":47868,"order_status":"PENDING_PAYMENT"}
{"order_customer_id":11262,"order_id":47869,"order_status":"COMPLETE"}
{"order_customer_id":3702,"order_id":47870,"order_status":"PROCESSING"}
{"order_customer_id":11248,"order_id":47871,"order_status":"COMPLETE"}
{"order_customer_id":12305,"order_id":47872,"order_status":"COMPLETE"}
{"order_customer_id":3984,"order_id":47873,"order_status":"PENDING_PAYMENT"}
{"order_customer_id":189,"order_id":47874,"order_status":"CLOSED"}
{"order_customer_id":11951,"order_id":47875,"order_status":"PENDING"}
{"order_customer_id":4610,"order_id":47876,"order_status":"PENDING_PAYMENT"}
{"order_customer_id":7606,"order_id":47877,"order_status":"COMPLETE"}
{"order_customer_id":1673,"order_id":47878,"order_status":"COMPLETE"}
{"order_customer_id":1163,"order_id":47879,"order_status":"COMPLETE"}
{"order_customer_id":3955,"order_id":47880,"order_status":"PENDING"}
{"order_customer_id":10131,"order_id":47881,"order_status":"PROCESSING"}
{"order_customer_id":12117,"order_id":47882,"order_status":"PENDING"}
{"order_customer_id":9489,"order_id":47883,"order_status":"PENDING_PAYMENT"}
{"order_customer_id":3092,"order_id":47884,"order_status":"PENDING"}
{"order_customer_id":9682,"order_id":47885,"order_status":"PAYMENT_REVIEW"}
{"order_customer_id":4517,"order_id":47886,"order_status":"SUSPECTED_FRAUD"}
{"order_customer_id":2600,"order_id":47887,"order_status":"PROCESSING"}
{"order_customer_id":10550,"order_id":47888,"order_status":"ON_HOLD"}
{"order_customer_id":5979,"order_id":47889,"order_status":"PENDING"}
{"order_customer_id":12329,"order_id":47890,"order_status":"PENDING_PAYMENT"}
{"order_customer_id":6836,"order_id":47891,"order_status":"PROCESSING"}
{"order_customer_id":12099,"order_id":47892,"order_status":"COMPLETE"}
{"order_customer_id":6241,"order_id":47893,"order_status":"ON_HOLD"}
{"order_customer_id":6988,"order_id":47894,"order_status":"COMPLETE"}
{"order_customer_id":805,"order_id":47895,"order_status":"COMPLETE"}
{"order_customer_id":4901,"order_id":47896,"order_status":"PROCESSING"}
{"order_customer_id":9215,"order_id":47897,"order_status":"CLOSED"}
{"order_customer_id":10008,"order_id":47898,"order_status":"COMPLETE"}
{"order_customer_id":1695,"order_id":47899,"order_status":"COMPLETE"}
{"order_customer_id":4815,"order_id":47900,"order_status":"PENDING"}
{"order_customer_id":3650,"order_id":47901,"order_status":"PENDING_PAYMENT"}
{"order_customer_id":8235,"order_id":47902,"order_status":"PENDING"}
{"order_customer_id":9018,"order_id":47903,"order_status":"COMPLETE"}
{"order_customer_id":10218,"order_id":47904,"order_status":"PENDING_PAYMENT"}
{"order_customer_id":11263,"order_id":47905,"order_status":"COMPLETE"}
{"order_customer_id":9078,"order_id":47906,"order_status":"PENDING_PAYMENT"}
{"order_customer_id":3798,"order_id":47907,"order_status":"PENDING_PAYMENT"}
{"order_customer_id":6944,"order_id":47908,"order_status":"PENDING_PAYMENT"}
{"order_customer_id":4725,"order_id":47909,"order_status":"COMPLETE"}
{"order_customer_id":7326,"order_id":47910,"order_status":"PROCESSING"}
{"order_customer_id":7086,"order_id":47911,"order_status":"PENDING_PAYMENT"}
{"order_customer_id":8004,"order_id":47912,"order_status":"PENDING_PAYMENT"}
{"order_customer_id":3381,"order_id":47913,"order_status":"COMPLETE"}
{"order_customer_id":11956,"order_id":47914,"order_status":"SUSPECTED_FRAUD"}
{"order_customer_id":3066,"order_id":47915,"order_status":"PROCESSING"}
{"order_customer_id":10757,"order_id":47916,"order_status":"COMPLETE"}
{"order_customer_id":7810,"order_id":47917,"order_status":"PROCESSING"}
{"order_customer_id":2091,"order_id":47918,"order_status":"PENDING_PAYMENT"}
{"order_customer_id":10482,"order_id":47919,"order_status":"COMPLETE"}
{"order_customer_id":7162,"order_id":47920,"order_status":"COMPLETE"}
{"order_customer_id":7260,"order_id":47921,"order_status":"SUSPECTED_FRAUD"}
{"order_customer_id":1128,"order_id":47922,"order_status":"SUSPECTED_FRAUD"}
{"order_customer_id":1749,"order_id":47923,"order_status":"COMPLETE"}
{"order_customer_id":4695,"order_id":47924,"order_status":"CLOSED"}
{"order_customer_id":169,"order_id":47925,"order_status":"COMPLETE"}
{"order_customer_id":3569,"order_id":47926,"order_status":"PENDING_PAYMENT"}
{"order_customer_id":6532,"order_id":47927,"order_status":"COMPLETE"}
{"order_customer_id":1949,"order_id":47928,"order_status":"ON_HOLD"}
{"order_customer_id":11189,"order_id":47929,"order_status":"PROCESSING"}
{"order_customer_id":11602,"order_id":47930,"order_status":"CLOSED"}
{"order_customer_id":10479,"order_id":47931,"order_status":"CLOSED"}
{"order_customer_id":2923,"order_id":47932,"order_status":"PENDING"}
{"order_customer_id":3949,"order_id":47933,"order_status":"COMPLETE"}
{"order_customer_id":510,"order_id":47934,"order_status":"PENDING"}
{"order_customer_id":10526,"order_id":65545,"order_status":"COMPLETE"}
{"order_customer_id":6676,"order_id":65546,"order_status":"PENDING"}
{"order_customer_id":5212,"order_id":65547,"order_status":"PENDING_PAYMENT"}
{"order_customer_id":10084,"order_id":65548,"order_status":"CLOSED"}
{"order_customer_id":10966,"order_id":65549,"order_status":"COMPLETE"}
{"order_customer_id":8424,"order_id":65550,"order_status":"PENDING_PAYMENT"}
{"order_customer_id":4103,"order_id":65551,"order_status":"PROCESSING"}
{"order_customer_id":4966,"order_id":65552,"order_status":"CANCELED"}
{"order_customer_id":957,"order_id":65553,"order_status":"COMPLETE"}
{"order_customer_id":3896,"order_id":65554,"order_status":"COMPLETE"}
{"order_customer_id":1293,"order_id":65555,"order_status":"COMPLETE"}
{"order_customer_id":6003,"order_id":65556,"order_status":"ON_HOLD"}
{"order_customer_id":10243,"order_id":65557,"order_status":"COMPLETE"}
{"order_customer_id":4322,"order_id":65558,"order_status":"CLOSED"}
{"order_customer_id":9756,"order_id":65559,"order_status":"COMPLETE"}
{"order_customer_id":7653,"order_id":65560,"order_status":"PROCESSING"}
{"order_customer_id":3940,"order_id":65561,"order_status":"COMPLETE"}
{"order_customer_id":2630,"order_id":65562,"order_status":"ON_HOLD"}
{"order_customer_id":5614,"order_id":65563,"order_status":"COMPLETE"}
{"order_customer_id":2104,"order_id":65564,"order_status":"COMPLETE"}
{"order_customer_id":6516,"order_id":65565,"order_status":"PENDING_PAYMENT"}
{"order_customer_id":4372,"order_id":65566,"order_status":"PENDING_PAYMENT"}
{"order_customer_id":10566,"order_id":65567,"order_status":"COMPLETE"}
{"order_customer_id":1325,"order_id":65568,"order_status":"PENDING_PAYMENT"}
{"order_customer_id":8197,"order_id":65569,"order_status":"PENDING_PAYMENT"}
{"order_customer_id":10631,"order_id":65570,"order_status":"PENDING_PAYMENT"}
{"order_customer_id":8721,"order_id":65571,"order_status":"COMPLETE"}
{"order_customer_id":7180,"order_id":65572,"order_status":"CLOSED"}
{"order_customer_id":1038,"order_id":65573,"order_status":"PENDING_PAYMENT"}
{"order_customer_id":787,"order_id":65574,"order_status":"SUSPECTED_FRAUD"}
{"order_customer_id":9575,"order_id":65575,"order_status":"COMPLETE"}
{"order_customer_id":12041,"order_id":65576,"order_status":"COMPLETE"}
{"order_customer_id":4828,"order_id":65577,"order_status":"PENDING"}
{"order_customer_id":12330,"order_id":65578,"order_status":"COMPLETE"}
{"order_customer_id":10089,"order_id":68458,"order_status":"PENDING_PAYMENT"}
{"order_customer_id":10423,"order_id":68459,"order_status":"COMPLETE"}
{"order_customer_id":10096,"order_id":68460,"order_status":"CLOSED"}
{"order_customer_id":759,"order_id":68461,"order_status":"ON_HOLD"}
{"order_customer_id":10438,"order_id":68462,"order_status":"PENDING_PAYMENT"}
{"order_customer_id":11028,"order_id":68463,"order_status":"PROCESSING"}
{"order_customer_id":443,"order_id":68844,"order_status":"COMPLETE"}
