{"order_customer_id":8361,"order_id":3860,"order_status":"COMPLETE"}
{"order_customer_id":10289,"order_id":3861,"order_status":"ON_HOLD"}
{"order_customer_id":10364,"order_id":3862,"order_status":"PENDING"}
{"order_customer_id":9154,"order_id":3863,"order_status":"PENDING_PAYMENT"}
{"order_customer_id":11758,"order_id":3864,"order_status":"PENDING_PAYMENT"}
{"order_customer_id":9739,"order_id":3865,"order_status":"PENDING_PAYMENT"}
{"order_customer_id":9084,"order_id":3866,"order_status":"PROCESSING"}
{"order_customer_id":10172,"order_id":3867,"order_status":"CLOSED"}
{"order_customer_id":11667,"order_id":3868,"order_status":"PENDING"}
{"order_customer_id":3870,"order_id":3869,"order_status":"CLOSED"}
{"order_customer_id":12431,"order_id":3870,"order_status":"PENDING_PAYMENT"}
{"order_customer_id":9883,"order_id":3871,"order_status":"PROCESSING"}
{"order_customer_id":1927,"order_id":3872,"order_status":"COMPLETE"}
{"order_customer_id":2018,"order_id":3873,"order_status":"PENDING"}
{"order_customer_id":2779,"order_id":3874,"order_status":"CLOSED"}
{"order_customer_id":9557,"order_id":3875,"order_status":"PENDING_PAYMENT"}
{"order_customer_id":9567,"order_id":3876,"order_status":"ON_HOLD"}
{"order_customer_id":12370,"order_id":3877,"order_status":"CLOSED"}
{"order_customer_id":6994,"order_id":3878,"order_status":"PENDING_PAYMENT"}
{"order_customer_id":7158,"order_id":3879,"order_status":"PENDING_PAYMENT"}
{"order_customer_id":4237,"order_id":3880,"order_status":"COMPLETE"}
{"order_customer_id":1154,"order_id":3881,"order_status":"PENDING"}
{"order_customer_id":7915,"order_id":3882,"order_status":"COMPLETE"}
{"order_customer_id":5560,"order_id":3883,"order_status":"CLOSED"}
{"order_customer_id":7001,"order_id":3884,"order_status":"ON_HOLD"}
{"order_customer_id":5796,"order_id":3885,"order_status":"PROCESSING"}
{"order_customer_id":6012,"order_id":3886,"order_status":"PENDING_PAYMENT"}
{"order_customer_id":12220,"order_id":3887,"order_status":"PENDING_PAYMENT"}
{"order_customer_id":11089,"order_id":3888,"order_status":"PAYMENT_REVIEW"}
{"order_customer_id":5142,"order_id":3889,"order_status":"COMPLETE"}
{"order_customer_id":8166,"order_id":3890,"order_status":"CLOSED"}
{"order_customer_id":11378,"order_id":3891,"order_status":"PENDING"}
{"order_customer_id":243,"order_id":3892,"order_status":"PAYMENT_REVIEW"}
{"order_customer_id":10954,"order_id":3893,"order_status":"COMPLETE"}
{"order_customer_id":7151,"order_id":3894,"order_status":"CLOSED"}
{"order_customer_id":3040,"order_id":3895,"order_status":"COMPLETE"}
{"order_customer_id":7536,"order_id":3896,"order_status":"COMPLETE"}
{"order_customer_id":6769,"order_id":3897,"order_status":"COMPLETE"}
{"order_customer_id":10085,"order_id":3898,"order_status":"PENDING_PAYMENT"}
{"order_customer_id":357,"order_id":3899,"order_status":"PENDING_PAYMENT"}
{"order_customer_id":11382,"order_id":3900,"order_status":"ON_HOLD"}
{"order_customer_id":8944,"order_id":3901,"order_status":"PENDING_PAYMENT"}
{"order_customer_id":9562,"order_id":3902,"order_status":"COMPLETE"}
{"order_customer_id":2809,"order_id":3903,"order_status":"PENDING_PAYMENT"}
{"order_customer_id":4646,"order_id":3904,"order_status":"PENDING_PAYMENT"}
{"order_customer_id":3042,"order_id":3905,"order_status":"COMPLETE"}
{"order_customer_id":7772,"order_id":3906,"order_status":"PROCESSING"}
{"order_customer_id":3880,"order_id":3907,"order_status":"COMPLETE"}
{"order_customer_id":9723,"order_id":3908,"order_status":"PENDING_PAYMENT"}
{"order_customer_id":8769,"order_id":3909,"order_status":"COMPLETE"}
{"order_customer_id":5109,"order_id":3910,"order_status":"ON_HOLD"}
{"order_customer_id":8430,"order_id":3911,"order_status":"PROCESSING"}
{"order_customer_id":12242,"order_id":3912,"order_status":"COMPLETE"}
{"order_customer_id":10802,"order_id":3913,"order_status":"COMPLETE"}
{"order_customer_id":3304,"order_id":3914,"order_status":"CLOSED"}
{"order_customer_id":2301,"order_id":3915,"order_status":"PENDING_PAYMENT"}
{"order_customer_id":5867,"order_id":3916,"order_status":"COMPLETE"}
{"order_customer_id":4334,"order_id":3917,"order_status":"PROCESSING"}
{"order_customer_id":1806,"order_id":3918,"order_status":"COMPLETE"}
{"order_customer_id":41,"order_id":3919,"order_status":"PENDING_PAYMENT"}
{"order_customer_id":4715,"order_id":3920,"order_status":"PENDING"}
{"order_customer_id":8137,"order_id":3921,"order_status":"COMPLETE"}
{"order_customer_id":3709,"order_id":3922,"order_status":"COMPLETE"}
{"order_customer_id":9056,"order_id":3923,"order_status":"PROCESSING"}
{"order_customer_id":10214,"order_id":3924,"order_status":"PENDING"}
{"order_customer_id":7200,"order_id":3925,"order_status":"SUSPECTED_FRAUD"}
{"order_customer_id":11520,"order_id":3926,"order_status":"PENDING_PAYMENT"}
{"order_customer_id":6538,"order_id":3927,"order_status":"COMPLETE"}
{"order_customer_id":3618,"order_id":3928,"order_status":"PROCESSING"}
{"order_customer_id":11995,"order_id":3929,"order_status":"COMPLETE"}
{"order_customer_id":9372,"order_id":3930,"order_status":"COMPLETE"}
{"order_customer_id":1544,"order_id":3931,"order_status":"CLOSED"}
{"order_customer_id":12168,"order_id":3932,"order_status":"COMPLETE"}
{"order_customer_id":5625,"order_id":3933,"order_status":"PENDING"}
{"order_customer_id":8827,"order_id":3934,"order_status":"COMPLETE"}
{"order_customer_id":1333,"order_id":3935,"order_status":"COMPLETE"}
{"order_customer_id":3246,"order_id":3936,"order_status":"CLOSED"}
{"order_customer_id":2144,"order_id":3937,"order_status":"PAYMENT_REVIEW"}
{"order_customer_id":12033,"order_id":3938,"order_status":"PENDING"}
{"order_customer_id":12100,"order_id":3939,"order_status":"ON_HOLD"}
{"order_customer_id":7451,"order_id":3940,"order_status":"COMPLETE"}
{"order_customer_id":6099,"order_id":3941,"order_status":"PROCESSING"}
{"order_customer_id":5293,"order_id":3942,"order_status":"PENDING_PAYMENT"}
{"order_customer_id":3603,"order_id":3943,"order_status":"COMPLETE"}
{"order_customer_id":11773,"order_id":3944,"order_status":"PENDING_PAYMENT"}
{"order_customer_id":12317,"order_id":3945,"order_status":"CLOSED"}
{"order_customer_id":3704,"order_id":3946,"order_status":"PENDING_PAYMENT"}
{"order_customer_id":12111,"order_id":3947,"order_status":"CLOSED"}
{"order_customer_id":9599,"order_id":3948,"order_status":"COMPLETE"}
{"order_customer_id":4179,"order_id":3949,"order_status":"COMPLETE"}
{"order_customer_id":8513,"order_id":3950,"order_status":"COMPLETE"}
{"order_customer_id":8138,"order_id":3951,"order_status":"PROCESSING"}
{"order_customer_id":8401,"order_id":3952,"order_status":"COMPLETE"}
{"order_customer_id":8628,"order_id":3953,"order_status":"CANCELED"}
{"order_customer_id":10543,"order_id":3954,"order_status":"SUSPECTED_FRAUD"}
{"order_customer_id":5440,"order_id":3955,"order_status":"PENDING_PAYMENT"}
{"order_customer_id":2891,"order_id":3956,"order_status":"COMPLETE"}
{"order_customer_id":9665,"order_id":3957,"order_status":"COMPLETE"}
{"order_customer_id":5669,"order_id":3958,"order_status":"COMPLETE"}
{"order_customer_id":10831,"order_id":3959,"order_status":"PENDING"}
{"order_customer_id":10241,"order_id":3960,"order_status":"PROCESSING"}
{"order_customer_id":9121,"order_id":3961,"order_status":"PENDING_PAYMENT"}
{"order_customer_id":10122,"order_id":3962,"order_status":"COMPLETE"}
{"order_customer_id":4722,"order_id":3963,"order_status":"COMPLETE"}
{"order_customer_id":6093,"order_id":3964,"order_status":"COMPLETE"}
{"order_customer_id":3157,"order_id":3965,"order_status":"PENDING"}
{"order_customer_id":11238,"order_id":3966,"order_status":"PENDING_PAYMENT"}
{"order_customer_id":3107,"order_id":3967,"order_status":"PENDING_PAYMENT"}
{"order_customer_id":5933,"order_id":3968,"order_status":"SUSPECTED_FRAUD"}
{"order_customer_id":1679,"order_id":3969,"order_status":"PROCESSING"}
{"order_customer_id":294,"order_id":3970,"order_status":"CANCELED"}
{"order_customer_id":8032,"order_id":3971,"order_status":"CLOSED"}
{"order_customer_id":5295,"order_id":3972,"order_status":"PENDING_PAYMENT"}
{"order_customer_id":6917,"order_id":3973,"order_status":"COMPLETE"}
{"order_customer_id":688,"order_id":3974,"order_status":"ON_HOLD"}
{"order_customer_id":7468,"order_id":3975,"order_status":"PENDING_PAYMENT"}
{"order_customer_id":11995,"order_id":3976,"order_status":"PENDING_PAYMENT"}
{"order_customer_id":11286,"order_id":3977,"order_status":"CLOSED"}
{"order_customer_id":5617,"order_id":3978,"order_status":"CLOSED"}
{"order_customer_id":9692,"order_id":3979,"order_status":"PENDING_PAYMENT"}
{"order_customer_id":10355,"order_id":3980,"order_status":"COMPLETE"}
{"order_customer_id":1062,"order_id":3981,"order_status":"PENDING"}
{"order_customer_id":6066,"order_id":3982,"order_status":"CLOSED"}
{"order_customer_id":2490,"order_id":3983,"order_status":"COMPLETE"}
{"order_customer_id":8482,"order_id":3984,"order_status":"COMPLETE"}
{"order_customer_id":7183,"order_id":3985,"order_status":"COMPLETE"}
{"order_customer_id":702,"order_id":3986,"order_status":"PENDING"}
{"order_customer_id":6280,"order_id":3987,"order_status":"PENDING_PAYMENT"}
{"order_customer_id":10686,"order_id":3988,"order_status":"COMPLETE"}
{"order_customer_id":8897,"order_id":3989,"order_status":"COMPLETE"}
{"order_customer_id":5075,"order_id":3990,"order_status":"ON_HOLD"}
{"order_customer_id":4414,"order_id":3991,"order_status":"CANCELED"}
{"order_customer_id":12167,"order_id":3992,"order_status":"PENDING"}
{"order_customer_id":7201,"order_id":3993,"order_status":"PENDING_PAYMENT"}
{"order_customer_id":3535,"order_id":3994,"order_status":"COMPLETE"}
{"order_customer_id":7332,"order_id":3995,"order_status":"PROCESSING"}
{"order_customer_id":1761,"order_id":3996,"order_status":"CLOSED"}
{"order_customer_id":5818,"order_id":3997,"order_status":"COMPLETE"}
{"order_customer_id":5327,"order_id":3998,"order_status":"CANCELED"}
{"order_customer_id":2420,"order_id":3999,"order_status":"COMPLETE"}
{"order_customer_id":6809,"order_id":4000,"order_status":"SUSPECTED_FRAUD"}
{"order_customer_id":5253,"order_id":4001,"order_status":"PROCESSING"}
{"order_customer_id":9649,"order_id":4002,"order_status":"PENDING"}
{"order_customer_id":8156,"order_id":4003,"order_status":"COMPLETE"}
{"order_customer_id":8200,"order_id":4004,"order_status":"CLOSED"}
{"order_customer_id":4793,"order_id":4005,"order_status":"PENDING_PAYMENT"}
{"order_customer_id":12338,"order_id":4006,"order_status":"SUSPECTED_FRAUD"}
{"order_customer_id":3838,"order_id":4007,"order_status":"PENDING_PAYMENT"}
{"order_customer_id":7016,"order_id":4008,"order_status":"PENDING_PAYMENT"}
{"order_customer_id":3239,"order_id":4009,"order_status":"CLOSED"}
{"order_customer_id":5281,"order_id":4010,"order_status":"COMPLETE"}
{"order_customer_id":9410,"order_id":4011,"order_status":"COMPLETE"}
{"order_customer_id":2041,"order_id":4012,"order_status":"COMPLETE"}
{"order_customer_id":11255,"order_id":4013,"order_status":"PENDING_PAYMENT"}
{"order_customer_id":210,"order_id":4014,"order_status":"COMPLETE"}
{"order_customer_id":3360,"order_id":4015,"order_status":"ON_HOLD"}
{"order_customer_id":11946,"order_id":4016,"order_status":"PENDING_PAYMENT"}
{"order_customer_id":6161,"order_id":4017,"order_status":"COMPLETE"}
{"order_customer_id":2205,"order_id":4018,"order_status":"CANCELED"}
{"order_customer_id":8655,"order_id":4019,"order_status":"COMPLETE"}
{"order_customer_id":9337,"order_id":4020,"order_status":"COMPLETE"}
{"order_customer_id":8135,"order_id":4021,"order_status":"PENDING_PAYMENT"}
{"order_customer_id":10199,"order_id":4022,"order_status":"COMPLETE"}
{"order_customer_id":2219,"order_id":4023,"order_status":"CANCELED"}
{"order_customer_id":634,"order_id":4024,"order_status":"CLOSED"}
{"order_customer_id":4757,"order_id":4025,"order_status":"COMPLETE"}
{"order_customer_id":4320,"order_id":4026,"order_status":"COMPLETE"}
{"order_customer_id":5477,"order_id":4027,"order_status":"PENDING"}
{"order_customer_id":9132,"order_id":4028,"order_status":"COMPLETE"}
{"order_customer_id":10510,"order_id":4029,"order_status":"COMPLETE"}
{"order_customer_id":2931,"order_id":4030,"order_status":"PROCESSING"}
{"order_customer_id":5707,"order_id":4031,"order_status":"COMPLETE"}
{"order_customer_id":12431,"order_id":4032,"order_status":"ON_HOLD"}
{"order_customer_id":4968,"order_id":4033,"order_status":"COMPLETE"}
{"order_customer_id":4829,"order_id":4034,"order_status":"PENDING_PAYMENT"}
{"order_customer_id":10845,"order_id":4035,"order_status":"PENDING_PAYMENT"}
{"order_customer_id":9639,"order_id":4036,"order_status":"PROCESSING"}
{"order_customer_id":10635,"order_id":4037,"order_status":"COMPLETE"}
{"order_customer_id":879,"order_id":4038,"order_status":"COMPLETE"}
{"order_customer_id":1658,"order_id":4039,"order_status":"PENDING"}
{"order_customer_id":10234,"order_id":4040,"order_status":"CANCELED"}
{"order_customer_id":11034,"order_id":4041,"order_status":"PENDING"}
{"order_customer_id":827,"order_id":4042,"order_status":"COMPLETE"}
{"order_customer_id":3240,"order_id":4043,"order_status":"PENDING_PAYMENT"}
{"order_customer_id":11914,"order_id":4044,"order_status":"PENDING"}
{"order_customer_id":5030,"order_id":4045,"order_status":"PENDING"}
{"order_customer_id":9621,"order_id":4046,"order_status":"PROCESSING"}
{"order_customer_id":2263,"order_id":4047,"order_status":"COMPLETE"}
{"order_customer_id":1027,"order_id":4048,"order_status":"PENDING_PAYMENT"}
{"order_customer_id":7956,"order_id":4049,"order_status":"PENDING_PAYMENT"}
{"order_customer_id":8172,"order_id":4050,"order_status":"PENDING_PAYMENT"}
{"order_customer_id":8500,"order_id":4051,"order_status":"COMPLETE"}
{"order_customer_id":4425,"order_id":4052,"order_status":"PENDING_PAYMENT"}
{"order_customer_id":9974,"order_id":4053,"order_status":"COMPLETE"}
{"order_customer_id":5487,"order_id":4054,"order_status":"COMPLETE"}
{"order_customer_id":2255,"order_id":4055,"order_status":"COMPLETE"}
{"order_customer_id":11043,"order_id":4056,"order_status":"PENDING_PAYMENT"}
{"order_customer_id":3255,"order_id":4057,"order_status":"COMPLETE"}
{"order_customer_id":9070,"order_id":4058,"order_status":"COMPLETE"}
{"order_customer_id":7048,"order_id":4059,"order_status":"COMPLETE"}
{"order_customer_id":8488,"order_id":4060,"order_status":"PAYMENT_REVIEW"}
{"order_customer_id":10153,"order_id":4061,"order_status":"COMPLETE"}
{"order_customer_id":6702,"order_id":4062,"order_status":"COMPLETE"}
{"order_customer_id":7574,"order_id":4063,"order_status":"PENDING_PAYMENT"}
{"order_customer_id":6476,"order_id":4064,"order_status":"PENDING_PAYMENT"}
{"order_customer_id":4800,"order_id":4065,"order_status":"PENDING"}
{"order_customer_id":6603,"order_id":4066,"order_status":"PENDING_PAYMENT"}
{"order_customer_id":11697,"order_id":4067,"order_status":"SUSPECTED_FRAUD"}
{"order_customer_id":12293,"order_id":4068,"order_status":"PENDING"}
{"order_customer_id":3250,"order_id":4069,"order_status":"PENDING"}
{"order_customer_id":1738,"order_id":4070,"order_status":"PENDING"}
{"order_customer_id":11245,"order_id":4071,"order_status":"SUSPECTED_FRAUD"}
{"order_customer_id":11044,"order_id":4072,"order_status":"COMPLETE"}
{"order_customer_id":9639,"order_id":4073,"order_status":"COMPLETE"}
{"order_customer_id":11806,"order_id":4074,"order_status":"COMPLETE"}
{"order_customer_id":1530,"order_id":4075,"order_status":"CLOSED"}
{"order_customer_id":12238,"order_id":4076,"order_status":"PENDING_PAYMENT"}
{"order_customer_id":5597,"order_id":4077,"order_status":"PROCESSING"}
{"order_customer_id":1096,"order_id":4078,"order_status":"COMPLETE"}
{"order_customer_id":11431,"order_id":4079,"order_status":"COMPLETE"}
{"order_customer_id":4963,"order_id":4080,"order_status":"COMPLETE"}
{"order_customer_id":6903,"order_id":4081,"order_status":"COMPLETE"}
{"order_customer_id":2467,"order_id":4082,"order_status":"PENDING"}
{"order_customer_id":6829,"order_id":4083,"order_status":"COMPLETE"}
{"order_customer_id":4298,"order_id":4084,"order_status":"PROCESSING"}
{"order_customer_id":3375,"order_id":4085,"order_status":"COMPLETE"}
{"order_customer_id":7362,"order_id":4086,"order_status":"COMPLETE"}
{"order_customer_id":968,"order_id":4087,"order_status":"COMPLETE"}
{"order_customer_id":509,"order_id":4088,"order_status":"PENDING_PAYMENT"}
{"order_customer_id":1119,"order_id":4089,"order_status":"COMPLETE"}
{"order_customer_id":4913,"order_id":4090,"order_status":"COMPLETE"}
{"order_customer_id":4946,"order_id":4091,"order_status":"PENDING_PAYMENT"}
{"order_customer_id":10987,"order_id":4092,"order_status":"PENDING_PAYMENT"}
{"order_customer_id":5115,"order_id":4093,"order_status":"PENDING"}
{"order_customer_id":10722,"order_id":4094,"order_status":"PENDING_PAYMENT"}
{"order_customer_id":2223,"order_id":58336,"order_status":"COMPLETE"}
{"order_customer_id":1721,"order_id":58337,"order_status":"PENDING_PAYMENT"}
{"order_customer_id":6108,"order_id":58338,"order_status":"CANCELED"}
{"order_customer_id":11837,"order_id":58339,"order_status":"PENDING_PAYMENT"}
{"order_customer_id":3129,"order_id":58340,"order_status":"PROCESSING"}
{"order_customer_id":1977,"order_id":58341,"order_status":"COMPLETE"}
{"order_customer_id":11126,"order_id":58342,"order_status":"PENDING"}
{"order_customer_id":14,"order_id":58343,"order_status":"PROCESSING"}
{"order_customer_id":2138,"order_id":58344,"order_status":"ON_HOLD"}
{"order_customer_id":3879,"order_id":58345,"order_status":"COMPLETE"}
{"order_customer_id":8173,"order_id":58346,"order_status":"COMPLETE"}
{"order_customer_id":11592,"order_id":58347,"order_status":"COMPLETE"}
{"order_customer_id":11118,"order_id":58348,"order_status":"COMPLETE"}
{"order_customer_id":8018,"order_id":67503,"order_status":"PROCESSING"}
{"order_customer_id":12138,"order_id":67504,"order_status":"COMPLETE"}
{"order_customer_id":791,"order_id":67505,"order_status":"PENDING_PAYMENT"}
{"order_customer_id":8091,"order_id":67506,"order_status":"COMPLETE"}
{"order_customer_id":6563,"order_id":67507,"order_status":"COMPLETE"}
