{"order_customer_id":9233,"order_id":21760,"order_status":"ON_HOLD"}
{"order_customer_id":8635,"order_id":21761,"order_status":"COMPLETE"}
{"order_customer_id":8387,"order_id":21762,"order_status":"SUSPECTED_FRAUD"}
{"order_customer_id":6974,"order_id":21763,"order_status":"COMPLETE"}
{"order_customer_id":7733,"order_id":21764,"order_status":"COMPLETE"}
{"order_customer_id":11986,"order_id":21765,"order_status":"PENDING_PAYMENT"}
{"order_customer_id":4177,"order_id":21766,"order_status":"PENDING_PAYMENT"}
{"order_customer_id":9437,"order_id":21767,"order_status":"PENDING_PAYMENT"}
{"order_customer_id":10878,"order_id":21768,"order_status":"PROCESSING"}
{"order_customer_id":10375,"order_id":21769,"order_status":"COMPLETE"}
{"order_customer_id":4099,"order_id":21770,"order_status":"ON_HOLD"}
{"order_customer_id":580,"order_id":21771,"order_status":"COMPLETE"}
{"order_customer_id":10305,"order_id":21772,"order_status":"COMPLETE"}
{"order_customer_id":5152,"order_id":21773,"order_status":"PENDING"}
{"order_customer_id":8545,"order_id":21774,"order_status":"PROCESSING"}
{"order_customer_id":11358,"order_id":21775,"order_status":"SUSPECTED_FRAUD"}
{"order_customer_id":2119,"order_id":21776,"order_status":"CLOSED"}
{"order_customer_id":1813,"order_id":21777,"order_status":"COMPLETE"}
{"order_customer_id":296,"order_id":21778,"order_status":"PROCESSING"}
{"order_customer_id":3219,"order_id":21779,"order_status":"PENDING_PAYMENT"}
{"order_customer_id":5077,"order_id":21780,"order_status":"PROCESSING"}
{"order_customer_id":11618,"order_id":21781,"order_status":"PENDING"}
{"order_customer_id":1513,"order_id":21782,"order_status":"PENDING_PAYMENT"}
{"order_customer_id":2765,"order_id":21783,"order_status":"PENDING"}
{"order_customer_id":204,"order_id":21784,"order_status":"CLOSED"}
{"order_customer_id":5193,"order_id":21785,"order_status":"PROCESSING"}
{"order_customer_id":1418,"order_id":21786,"order_status":"PROCESSING"}
{"order_customer_id":6131,"order_id":21787,"order_status":"PENDING"}
{"order_customer_id":11879,"order_id":21788,"order_status":"PENDING"}
{"order_customer_id":1950,"order_id":21789,"order_status":"COMPLETE"}
{"order_customer_id":11384,"order_id":21790,"order_status":"PENDING"}
{"order_customer_id":4160,"order_id":21791,"order_status":"ON_HOLD"}
{"order_customer_id":8080,"order_id":21792,"order_status":"CLOSED"}
{"order_customer_id":6468,"order_id":21793,"order_status":"PENDING_PAYMENT"}
{"order_customer_id":8273,"order_id":21794,"order_status":"COMPLETE"}
{"order_customer_id":1670,"order_id":21795,"order_status":"ON_HOLD"}
{"order_customer_id":5453,"order_id":21796,"order_status":"CANCELED"}
{"order_customer_id":5398,"order_id":21797,"order_status":"COMPLETE"}
{"order_customer_id":79,"order_id":21798,"order_status":"PENDING"}
{"order_customer_id":7176,"order_id":21799,"order_status":"PENDING_PAYMENT"}
{"order_customer_id":8189,"order_id":21800,"order_status":"CLOSED"}
{"order_customer_id":504,"order_id":21801,"order_status":"ON_HOLD"}
{"order_customer_id":10520,"order_id":21802,"order_status":"PENDING_PAYMENT"}
{"order_customer_id":10299,"order_id":21803,"order_status":"COMPLETE"}
{"order_customer_id":4559,"order_id":21804,"order_status":"COMPLETE"}
{"order_customer_id":9089,"order_id":21805,"order_status":"CLOSED"}
{"order_customer_id":8366,"order_id":21806,"order_status":"COMPLETE"}
{"order_customer_id":7276,"order_id":21807,"order_status":"COMPLETE"}
{"order_customer_id":11471,"order_id":21808,"order_status":"COMPLETE"}
{"order_customer_id":4931,"order_id":21809,"order_status":"PENDING_PAYMENT"}
{"order_customer_id":11238,"order_id":21810,"order_status":"PENDING_PAYMENT"}
{"order_customer_id":9586,"order_id":21811,"order_status":"CLOSED"}
{"order_customer_id":5753,"order_id":21812,"order_status":"PENDING"}
{"order_customer_id":2783,"order_id":21813,"order_status":"COMPLETE"}
{"order_customer_id":3781,"order_id":21814,"order_status":"PENDING"}
{"order_customer_id":9641,"order_id":21815,"order_status":"PAYMENT_REVIEW"}
{"order_customer_id":7270,"order_id":21816,"order_status":"PENDING_PAYMENT"}
{"order_customer_id":5119,"order_id":21817,"order_status":"CLOSED"}
{"order_customer_id":8201,"order_id":21818,"order_status":"COMPLETE"}
{"order_customer_id":7276,"order_id":21819,"order_status":"CANCELED"}
{"order_customer_id":10778,"order_id":21820,"order_status":"PENDING"}
{"order_customer_id":4321,"order_id":21821,"order_status":"PENDING_PAYMENT"}
{"order_customer_id":1748,"order_id":21822,"order_status":"COMPLETE"}
{"order_customer_id":2848,"order_id":21823,"order_status":"CLOSED"}
{"order_customer_id":12115,"order_id":21824,"order_status":"PENDING_PAYMENT"}
{"order_customer_id":3359,"order_id":21825,"order_status":"CLOSED"}
{"order_customer_id":11701,"order_id":21826,"order_status":"PENDING_PAYMENT"}
{"order_customer_id":8758,"order_id":21827,"order_status":"PENDING"}
{"order_customer_id":6724,"order_id":21828,"order_status":"PROCESSING"}
{"order_customer_id":10590,"order_id":21829,"order_status":"COMPLETE"}
{"order_customer_id":7918,"order_id":21830,"order_status":"CLOSED"}
{"order_customer_id":10105,"order_id":21831,"order_status":"PROCESSING"}
{"order_customer_id":8163,"order_id":21832,"order_status":"PENDING_PAYMENT"}
{"order_customer_id":12088,"order_id":21833,"order_status":"PENDING_PAYMENT"}
{"order_customer_id":12334,"order_id":21834,"order_status":"COMPLETE"}
{"order_customer_id":3702,"order_id":21835,"order_status":"PENDING"}
{"order_customer_id":2961,"order_id":21836,"order_status":"COMPLETE"}
{"order_customer_id":2402,"order_id":21837,"order_status":"PROCESSING"}
{"order_customer_id":5573,"order_id":21838,"order_status":"PENDING"}
{"order_customer_id":6101,"order_id":21839,"order_status":"COMPLETE"}
{"order_customer_id":10117,"order_id":21840,"order_status":"PROCESSING"}
{"order_customer_id":2490,"order_id":21841,"order_status":"PROCESSING"}
{"order_customer_id":5352,"order_id":21842,"order_status":"COMPLETE"}
{"order_customer_id":2816,"order_id":21843,"order_status":"ON_HOLD"}
{"order_customer_id":4819,"order_id":21844,"order_status":"PENDING_PAYMENT"}
{"order_customer_id":12406,"order_id":21845,"order_status":"COMPLETE"}
{"order_customer_id":1588,"order_id":21846,"order_status":"COMPLETE"}
{"order_customer_id":4396,"order_id":21847,"order_status":"COMPLETE"}
{"order_customer_id":30,"order_id":21848,"order_status":"PENDING_PAYMENT"}
{"order_customer_id":8298,"order_id":21849,"order_status":"COMPLETE"}
{"order_customer_id":2944,"order_id":21850,"order_status":"CLOSED"}
{"order_customer_id":10273,"order_id":21851,"order_status":"PENDING"}
{"order_customer_id":5276,"order_id":21852,"order_status":"CANCELED"}
{"order_customer_id":619,"order_id":21853,"order_status":"ON_HOLD"}
{"order_customer_id":11990,"order_id":21854,"order_status":"COMPLETE"}
{"order_customer_id":10707,"order_id":21855,"order_status":"PROCESSING"}
{"order_customer_id":1725,"order_id":21856,"order_status":"CLOSED"}
{"order_customer_id":1743,"order_id":21857,"order_status":"CLOSED"}
{"order_customer_id":11909,"order_id":21858,"order_status":"COMPLETE"}
{"order_customer_id":3465,"order_id":21859,"order_status":"ON_HOLD"}
{"order_customer_id":3399,"order_id":21860,"order_status":"ON_HOLD"}
{"order_customer_id":8223,"order_id":21861,"order_status":"COMPLETE"}
{"order_customer_id":10919,"order_id":21862,"order_status":"PENDING"}
{"order_customer_id":11397,"order_id":21863,"order_status":"ON_HOLD"}
{"order_customer_id":1492,"order_id":21864,"order_status":"COMPLETE"}
{"order_customer_id":2969,"order_id":21865,"order_status":"PROCESSING"}
{"order_customer_id":4206,"order_id":21866,"order_status":"PENDING_PAYMENT"}
{"order_customer_id":8192,"order_id":21867,"order_status":"COMPLETE"}
{"order_customer_id":11979,"order_id":21868,"order_status":"COMPLETE"}
{"order_customer_id":12226,"order_id":21869,"order_status":"CLOSED"}
{"order_customer_id":10035,"order_id":21870,"order_status":"PENDING_PAYMENT"}
{"order_customer_id":5166,"order_id":21871,"order_status":"PENDING"}
{"order_customer_id":1234,"order_id":21872,"order_status":"PROCESSING"}
{"order_customer_id":8472,"order_id":21873,"order_status":"COMPLETE"}
{"order_customer_id":4120,"order_id":21874,"order_status":"PROCESSING"}
{"order_customer_id":7499,"order_id":21875,"order_status":"COMPLETE"}
{"order_customer_id":690,"order_id":21876,"order_status":"ON_HOLD"}
{"order_customer_id":10548,"order_id":21877,"order_status":"COMPLETE"}
{"order_customer_id":7670,"order_id":21878,"order_status":"PENDING_PAYMENT"}
{"order_customer_id":3574,"order_id":21879,"order_status":"ON_HOLD"}
{"order_customer_id":11751,"order_id":21880,"order_status":"PENDING"}
{"order_customer_id":5420,"order_id":21881,"order_status":"PENDING"}
{"order_customer_id":11129,"order_id":21882,"order_status":"PROCESSING"}
{"order_customer_id":1040,"order_id":21883,"order_status":"PENDING"}
{"order_customer_id":7568,"order_id":21884,"order_status":"PROCESSING"}
{"order_customer_id":10713,"order_id":21885,"order_status":"PENDING_PAYMENT"}
{"order_customer_id":7551,"order_id":21886,"order_status":"COMPLETE"}
{"order_customer_id":464,"order_id":21887,"order_status":"COMPLETE"}
{"order_customer_id":5389,"order_id":21888,"order_status":"COMPLETE"}
{"order_customer_id":9834,"order_id":21889,"order_status":"COMPLETE"}
{"order_customer_id":3660,"order_id":21890,"order_status":"PENDING_PAYMENT"}
{"order_customer_id":6991,"order_id":21891,"order_status":"COMPLETE"}
{"order_customer_id":2839,"order_id":21892,"order_status":"PENDING_PAYMENT"}
{"order_customer_id":10554,"order_id":21893,"order_status":"CLOSED"}
{"order_customer_id":5629,"order_id":21894,"order_status":"PENDING"}
{"order_customer_id":6339,"order_id":21895,"order_status":"PENDING_PAYMENT"}
{"order_customer_id":7361,"order_id":21896,"order_status":"COMPLETE"}
{"order_customer_id":4424,"order_id":21897,"order_status":"PENDING"}
{"order_customer_id":5811,"order_id":21898,"order_status":"PENDING"}
{"order_customer_id":6538,"order_id":21899,"order_status":"CLOSED"}
{"order_customer_id":2063,"order_id":21900,"order_status":"COMPLETE"}
{"order_customer_id":6597,"order_id":21901,"order_status":"COMPLETE"}
{"order_customer_id":8485,"order_id":21902,"order_status":"PENDING_PAYMENT"}
{"order_customer_id":10924,"order_id":21903,"order_status":"COMPLETE"}
{"order_customer_id":11722,"order_id":21904,"order_status":"PROCESSING"}
{"order_customer_id":6542,"order_id":21905,"order_status":"COMPLETE"}
{"order_customer_id":6961,"order_id":21906,"order_status":"COMPLETE"}
{"order_customer_id":12038,"order_id":21907,"order_status":"COMPLETE"}
{"order_customer_id":11344,"order_id":21908,"order_status":"PENDING_PAYMENT"}
{"order_customer_id":982,"order_id":21909,"order_status":"PENDING"}
{"order_customer_id":9153,"order_id":21910,"order_status":"CLOSED"}
{"order_customer_id":11094,"order_id":21911,"order_status":"COMPLETE"}
{"order_customer_id":10108,"order_id":21912,"order_status":"PENDING_PAYMENT"}
{"order_customer_id":1164,"order_id":21913,"order_status":"PENDING"}
{"order_customer_id":8953,"order_id":21914,"order_status":"COMPLETE"}
{"order_customer_id":1190,"order_id":21915,"order_status":"COMPLETE"}
{"order_customer_id":9607,"order_id":21916,"order_status":"COMPLETE"}
{"order_customer_id":8556,"order_id":21917,"order_status":"COMPLETE"}
{"order_customer_id":9785,"order_id":21918,"order_status":"PENDING"}
{"order_customer_id":9236,"order_id":21919,"order_status":"COMPLETE"}
{"order_customer_id":4704,"order_id":21920,"order_status":"COMPLETE"}
{"order_customer_id":4380,"order_id":21921,"order_status":"PROCESSING"}
{"order_customer_id":6541,"order_id":21922,"order_status":"PROCESSING"}
{"order_customer_id":5197,"order_id":21923,"order_status":"COMPLETE"}
{"order_customer_id":694,"order_id":21924,"order_status":"COMPLETE"}
{"order_customer_id":11230,"order_id":21925,"order_status":"PROCESSING"}
{"order_customer_id":6303,"order_id":21926,"order_status":"COMPLETE"}
{"order_customer_id":4732,"order_id":21927,"order_status":"PENDING_PAYMENT"}
{"order_customer_id":6842,"order_id":21928,"order_status":"PENDING_PAYMENT"}
{"order_customer_id":6003,"order_id":21929,"order_status":"PROCESSING"}
{"order_customer_id":1873,"order_id":21930,"order_status":"COMPLETE"}
{"order_customer_id":4623,"order_id":21931,"order_status":"COMPLETE"}
{"order_customer_id":3842,"order_id":21932,"order_status":"CANCELED"}
{"order_customer_id":12391,"order_id":21933,"order_status":"ON_HOLD"}
{"order_customer_id":5447,"order_id":21934,"order_status":"PENDING"}
{"order_customer_id":3464,"order_id":21935,"order_status":"PENDING"}
{"order_customer_id":3297,"order_id":21936,"order_status":"COMPLETE"}
{"order_customer_id":4847,"order_id":21937,"order_status":"COMPLETE"}
{"order_customer_id":11858,"order_id":21938,"order_status":"PROCESSING"}
{"order_customer_id":11649,"order_id":21939,"order_status":"COMPLETE"}
{"order_customer_id":10849,"order_id":21940,"order_status":"COMPLETE"}
{"order_customer_id":2796,"order_id":21941,"order_status":"PROCESSING"}
{"order_customer_id":4136,"order_id":21942,"order_status":"PENDING_PAYMENT"}
{"order_customer_id":8174,"order_id":21943,"order_status":"COMPLETE"}
{"order_customer_id":3052,"order_id":21944,"order_status":"COMPLETE"}
{"order_customer_id":2163,"order_id":21945,"order_status":"PENDING_PAYMENT"}
{"order_customer_id":762,"order_id":21946,"order_status":"COMPLETE"}
{"order_customer_id":11511,"order_id":21947,"order_status":"COMPLETE"}
{"order_customer_id":9839,"order_id":21948,"order_status":"COMPLETE"}
{"order_customer_id":5217,"order_id":21949,"order_status":"PROCESSING"}
{"order_customer_id":2134,"order_id":21950,"order_status":"ON_HOLD"}
{"order_customer_id":7086,"order_id":21951,"order_status":"PENDING_PAYMENT"}
{"order_customer_id":6558,"order_id":21952,"order_status":"PROCESSING"}
{"order_customer_id":7511,"order_id":21953,"order_status":"ON_HOLD"}
{"order_customer_id":8398,"order_id":21954,"order_status":"CLOSED"}
{"order_customer_id":8827,"order_id":21955,"order_status":"PENDING"}
{"order_customer_id":8091,"order_id":21956,"order_status":"PENDING_PAYMENT"}
{"order_customer_id":1223,"order_id":21957,"order_status":"CLOSED"}
{"order_customer_id":9338,"order_id":21958,"order_status":"COMPLETE"}
{"order_customer_id":5617,"order_id":21959,"order_status":"CLOSED"}
{"order_customer_id":8265,"order_id":21960,"order_status":"PROCESSING"}
{"order_customer_id":4487,"order_id":21961,"order_status":"PENDING_PAYMENT"}
{"order_customer_id":7772,"order_id":21962,"order_status":"PENDING_PAYMENT"}
{"order_customer_id":3617,"order_id":21963,"order_status":"PENDING_PAYMENT"}
{"order_customer_id":4787,"order_id":21964,"order_status":"PENDING"}
{"order_customer_id":4864,"order_id":21965,"order_status":"CLOSED"}
{"order_customer_id":10291,"order_id":21966,"order_status":"COMPLETE"}
{"order_customer_id":3846,"order_id":21967,"order_status":"CLOSED"}
{"order_customer_id":509,"order_id":21968,"order_status":"COMPLETE"}
{"order_customer_id":9104,"order_id":21969,"order_status":"COMPLETE"}
{"order_customer_id":12428,"order_id":21970,"order_status":"SUSPECTED_FRAUD"}
{"order_customer_id":9163,"order_id":21971,"order_status":"COMPLETE"}
{"order_customer_id":8535,"order_id":21972,"order_status":"COMPLETE"}
{"order_customer_id":12033,"order_id":21973,"order_status":"PENDING"}
{"order_customer_id":10621,"order_id":21974,"order_status":"COMPLETE"}
{"order_customer_id":4468,"order_id":21975,"order_status":"PENDING_PAYMENT"}
{"order_customer_id":8220,"order_id":21976,"order_status":"CANCELED"}
{"order_customer_id":1333,"order_id":21977,"order_status":"PENDING_PAYMENT"}
{"order_customer_id":532,"order_id":21978,"order_status":"PENDING"}
{"order_customer_id":3770,"order_id":21979,"order_status":"CLOSED"}
{"order_customer_id":7173,"order_id":21980,"order_status":"CLOSED"}
{"order_customer_id":12154,"order_id":21981,"order_status":"PENDING_PAYMENT"}
{"order_customer_id":7627,"order_id":21982,"order_status":"COMPLETE"}
{"order_customer_id":1624,"order_id":21983,"order_status":"PENDING_PAYMENT"}
{"order_customer_id":11153,"order_id":21984,"order_status":"CLOSED"}
{"order_customer_id":4439,"order_id":21985,"order_status":"COMPLETE"}
{"order_customer_id":6409,"order_id":21986,"order_status":"COMPLETE"}
{"order_customer_id":4356,"order_id":21987,"order_status":"CLOSED"}
{"order_customer_id":10045,"order_id":21988,"order_status":"PROCESSING"}
{"order_customer_id":8924,"order_id":21989,"order_status":"COMPLETE"}
{"order_customer_id":4014,"order_id":21990,"order_status":"CANCELED"}
{"order_customer_id":220,"order_id":21991,"order_status":"COMPLETE"}
{"order_customer_id":2504,"order_id":21992,"order_status":"COMPLETE"}
{"order_customer_id":10975,"order_id":21993,"order_status":"ON_HOLD"}
{"order_customer_id":3651,"order_id":21994,"order_status":"SUSPECTED_FRAUD"}
{"order_customer_id":6831,"order_id":61229,"order_status":"COMPLETE"}
{"order_customer_id":6765,"order_id":61230,"order_status":"CLOSED"}
{"order_customer_id":635,"order_id":61231,"order_status":"PROCESSING"}
{"order_customer_id":3778,"order_id":61232,"order_status":"COMPLETE"}
{"order_customer_id":724,"order_id":61233,"order_status":"COMPLETE"}
{"order_customer_id":2416,"order_id":61234,"order_status":"PROCESSING"}
{"order_customer_id":5840,"order_id":61235,"order_status":"PROCESSING"}
{"order_customer_id":3188,"order_id":61236,"order_status":"PENDING"}
{"order_customer_id":3722,"order_id":61237,"order_status":"PROCESSING"}
{"order_customer_id":2831,"order_id":61238,"order_status":"CLOSED"}
{"order_customer_id":9392,"order_id":61239,"order_status":"COMPLETE"}
{"order_customer_id":8056,"order_id":61240,"order_status":"COMPLETE"}
{"order_customer_id":12183,"order_id":61241,"order_status":"COMPLETE"}
{"order_customer_id":5067,"order_id":61242,"order_status":"COMPLETE"}
{"order_customer_id":4823,"order_id":61243,"order_status":"PROCESSING"}
{"order_customer_id":9363,"order_id":67877,"order_status":"ON_HOLD"}
{"order_customer_id":5513,"order_id":67878,"order_status":"CLOSED"}
{"order_customer_id":3451,"order_id":67879,"order_status":"COMPLETE"}
{"order_customer_id":913,"order_id":67880,"order_status":"CLOSED"}
{"order_customer_id":7554,"order_id":67881,"order_status":"COMPLETE"}
{"order_customer_id":241,"order_id":68763,"order_status":"PENDING"}
