{"order_customer_id":2781,"order_id":10554,"order_status":"PENDING"}
{"order_customer_id":713,"order_id":10555,"order_status":"PROCESSING"}
{"order_customer_id":58,"order_id":10556,"order_status":"PROCESSING"}
{"order_customer_id":1146,"order_id":10557,"order_status":"ON_HOLD"}
{"order_customer_id":2641,"order_id":10558,"order_status":"PENDING_PAYMENT"}
{"order_customer_id":5640,"order_id":10559,"order_status":"SUSPECTED_FRAUD"}
{"order_customer_id":3454,"order_id":10560,"order_status":"CLOSED"}
{"order_customer_id":906,"order_id":10561,"order_status":"COMPLETE"}
{"order_customer_id":5525,"order_id":10562,"order_status":"SUSPECTED_FRAUD"}
{"order_customer_id":6237,"order_id":10563,"order_status":"CANCELED"}
{"order_customer_id":7748,"order_id":10564,"order_status":"CLOSED"}
{"order_customer_id":3834,"order_id":10565,"order_status":"CLOSED"}
{"order_customer_id":590,"order_id":10566,"order_status":"COMPLETE"}
{"order_customer_id":3393,"order_id":10567,"order_status":"CLOSED"}
{"order_customer_id":10518,"order_id":10568,"order_status":"COMPLETE"}
{"order_customer_id":2060,"order_id":10569,"order_status":"COMPLETE"}
{"order_customer_id":4465,"order_id":10570,"order_status":"CANCELED"}
{"order_customer_id":11226,"order_id":10571,"order_status":"COMPLETE"}
{"order_customer_id":8871,"order_id":10572,"order_status":"PENDING"}
{"order_customer_id":10312,"order_id":10573,"order_status":"COMPLETE"}
{"order_customer_id":9107,"order_id":10574,"order_status":"COMPLETE"}
{"order_customer_id":9274,"order_id":10575,"order_status":"PENDING_PAYMENT"}
{"order_customer_id":4434,"order_id":10576,"order_status":"PENDING_PAYMENT"}
{"order_customer_id":9457,"order_id":10577,"order_status":"PENDING"}
{"order_customer_id":1867,"order_id":10578,"order_status":"PENDING_PAYMENT"}
{"order_customer_id":11477,"order_id":10579,"order_status":"PROCESSING"}
{"order_customer_id":9556,"order_id":10580,"order_status":"COMPLETE"}
{"order_customer_id":3554,"order_id":10581,"order_status":"PENDING_PAYMENT"}
{"order_customer_id":5043,"order_id":10582,"order_status":"CANCELED"}
{"order_customer_id":1830,"order_id":10583,"order_status":"PROCESSING"}
{"order_customer_id":2698,"order_id":10584,"order_status":"COMPLETE"}
{"order_customer_id":10847,"order_id":10585,"order_status":"PENDING_PAYMENT"}
{"order_customer_id":10129,"order_id":10586,"order_status":"COMPLETE"}
{"order_customer_id":2405,"order_id":10587,"order_status":"COMPLETE"}
{"order_customer_id":3717,"order_id":10588,"order_status":"PENDING_PAYMENT"}
{"order_customer_id":7420,"order_id":10589,"order_status":"PROCESSING"}
{"order_customer_id":12255,"order_id":10590,"order_status":"CLOSED"}
{"order_customer_id":7022,"order_id":10591,"order_status":"PROCESSING"}
{"order_customer_id":389,"order_id":10592,"order_status":"COMPLETE"}
{"order_customer_id":7859,"order_id":10593,"order_status":"COMPLETE"}
{"order_customer_id":6255,"order_id":10594,"order_status":"CLOSED"}
{"order_customer_id":11034,"order_id":10595,"order_status":"PENDING_PAYMENT"}
{"order_customer_id":7191,"order_id":10596,"order_status":"ON_HOLD"}
{"order_customer_id":3707,"order_id":10597,"order_status":"COMPLETE"}
{"order_customer_id":599,"order_id":10598,"order_status":"CLOSED"}
{"order_customer_id":8420,"order_id":10599,"order_status":"COMPLETE"}
{"order_customer_id":11741,"order_id":10600,"order_status":"PENDING_PAYMENT"}
{"order_customer_id":11144,"order_id":10601,"order_status":"PENDING_PAYMENT"}
{"order_customer_id":3069,"order_id":10602,"order_status":"COMPLETE"}
{"order_customer_id":6615,"order_id":10603,"order_status":"PROCESSING"}
{"order_customer_id":5612,"order_id":10604,"order_status":"PENDING"}
{"order_customer_id":618,"order_id":10605,"order_status":"COMPLETE"}
{"order_customer_id":7645,"order_id":10606,"order_status":"PENDING_PAYMENT"}
{"order_customer_id":2916,"order_id":10607,"order_status":"COMPLETE"}
{"order_customer_id":1556,"order_id":10608,"order_status":"ON_HOLD"}
{"order_customer_id":8026,"order_id":10609,"order_status":"COMPLETE"}
{"order_customer_id":11448,"order_id":10610,"order_status":"PAYMENT_REVIEW"}
{"order_customer_id":7020,"order_id":10611,"order_status":"PENDING_PAYMENT"}
{"order_customer_id":12416,"order_id":10612,"order_status":"PENDING_PAYMENT"}
{"order_customer_id":5661,"order_id":10613,"order_status":"ON_HOLD"}
{"order_customer_id":10560,"order_id":10614,"order_status":"COMPLETE"}
{"order_customer_id":4265,"order_id":10615,"order_status":"PENDING"}
{"order_customer_id":9898,"order_id":10616,"order_status":"ON_HOLD"}
{"order_customer_id":6978,"order_id":10617,"order_status":"COMPLETE"}
{"order_customer_id":2569,"order_id":10618,"order_status":"PENDING"}
{"order_customer_id":2773,"order_id":10619,"order_status":"PENDING"}
{"order_customer_id":150,"order_id":10620,"order_status":"CLOSED"}
{"order_customer_id":214,"order_id":10621,"order_status":"PENDING_PAYMENT"}
{"order_customer_id":8789,"order_id":10622,"order_status":"SUSPECTED_FRAUD"}
{"order_customer_id":11991,"order_id":10623,"order_status":"PROCESSING"}
{"order_customer_id":4497,"order_id":10624,"order_status":"COMPLETE"}
{"order_customer_id":6459,"order_id":10625,"order_status":"COMPLETE"}
{"order_customer_id":5406,"order_id":10626,"order_status":"PENDING_PAYMENT"}
{"order_customer_id":8236,"order_id":10627,"order_status":"PENDING_PAYMENT"}
{"order_customer_id":2860,"order_id":10628,"order_status":"PROCESSING"}
{"order_customer_id":10664,"order_id":10629,"order_status":"PROCESSING"}
{"order_customer_id":9263,"order_id":10630,"order_status":"COMPLETE"}
{"order_customer_id":8457,"order_id":10631,"order_status":"CLOSED"}
{"order_customer_id":6767,"order_id":10632,"order_status":"CANCELED"}
{"order_customer_id":2025,"order_id":10633,"order_status":"PENDING_PAYMENT"}
{"order_customer_id":5625,"order_id":10634,"order_status":"ON_HOLD"}
{"order_customer_id":6770,"order_id":10635,"order_status":"PENDING_PAYMENT"}
{"order_customer_id":6379,"order_id":10636,"order_status":"ON_HOLD"}
{"order_customer_id":2693,"order_id":10637,"order_status":"CANCELED"}
{"order_customer_id":7245,"order_id":10638,"order_status":"COMPLETE"}
{"order_customer_id":11579,"order_id":10639,"order_status":"COMPLETE"}
{"order_customer_id":2328,"order_id":10640,"order_status":"SUSPECTED_FRAUD"}
{"order_customer_id":11418,"order_id":10641,"order_status":"PENDING_PAYMENT"}
{"order_customer_id":11645,"order_id":10642,"order_status":"COMPLETE"}
{"order_customer_id":10241,"order_id":10643,"order_status":"PENDING_PAYMENT"}
{"order_customer_id":8408,"order_id":10644,"order_status":"PROCESSING"}
{"order_customer_id":5859,"order_id":10645,"order_status":"PENDING_PAYMENT"}
{"order_customer_id":7865,"order_id":10646,"order_status":"PROCESSING"}
{"order_customer_id":247,"order_id":10647,"order_status":"CLOSED"}
{"order_customer_id":10138,"order_id":10648,"order_status":"PENDING"}
{"order_customer_id":1413,"order_id":10649,"order_status":"PAYMENT_REVIEW"}
{"order_customer_id":823,"order_id":10650,"order_status":"COMPLETE"}
{"order_customer_id":6947,"order_id":10651,"order_status":"ON_HOLD"}
{"order_customer_id":655,"order_id":10652,"order_status":"COMPLETE"}
{"order_customer_id":9110,"order_id":10653,"order_status":"PENDING_PAYMENT"}
{"order_customer_id":6272,"order_id":10654,"order_status":"COMPLETE"}
{"order_customer_id":2784,"order_id":10655,"order_status":"PENDING_PAYMENT"}
{"order_customer_id":1918,"order_id":10656,"order_status":"PENDING_PAYMENT"}
{"order_customer_id":9097,"order_id":10657,"order_status":"COMPLETE"}
{"order_customer_id":4794,"order_id":10658,"order_status":"COMPLETE"}
{"order_customer_id":3409,"order_id":10659,"order_status":"PROCESSING"}
{"order_customer_id":2071,"order_id":10660,"order_status":"COMPLETE"}
{"order_customer_id":8410,"order_id":10661,"order_status":"PENDING_PAYMENT"}
{"order_customer_id":10032,"order_id":10662,"order_status":"PENDING_PAYMENT"}
{"order_customer_id":3754,"order_id":10663,"order_status":"COMPLETE"}
{"order_customer_id":10534,"order_id":10664,"order_status":"COMPLETE"}
{"order_customer_id":11333,"order_id":10665,"order_status":"PROCESSING"}
{"order_customer_id":3535,"order_id":10666,"order_status":"COMPLETE"}
{"order_customer_id":1917,"order_id":10667,"order_status":"COMPLETE"}
{"order_customer_id":3708,"order_id":10668,"order_status":"COMPLETE"}
{"order_customer_id":323,"order_id":10669,"order_status":"PENDING"}
{"order_customer_id":986,"order_id":10670,"order_status":"PROCESSING"}
{"order_customer_id":9279,"order_id":10671,"order_status":"PENDING_PAYMENT"}
{"order_customer_id":5752,"order_id":10672,"order_status":"COMPLETE"}
{"order_customer_id":11744,"order_id":10673,"order_status":"PENDING_PAYMENT"}
{"order_customer_id":10445,"order_id":10674,"order_status":"COMPLETE"}
{"order_customer_id":4013,"order_id":10675,"order_status":"COMPLETE"}
{"order_customer_id":9640,"order_id":10676,"order_status":"PENDING"}
{"order_customer_id":6087,"order_id":10677,"order_status":"COMPLETE"}
{"order_customer_id":1660,"order_id":10678,"order_status":"COMPLETE"}
{"order_customer_id":8484,"order_id":10679,"order_status":"COMPLETE"}
{"order_customer_id":7774,"order_id":10680,"order_status":"ON_HOLD"}
{"order_customer_id":5845,"order_id":10681,"order_status":"PENDING_PAYMENT"}
{"order_customer_id":2994,"order_id":10682,"order_status":"COMPLETE"}
{"order_customer_id":6797,"order_id":10683,"order_status":"PENDING"}
{"order_customer_id":10594,"order_id":10684,"order_status":"COMPLETE"}
{"order_customer_id":5023,"order_id":10685,"order_status":"PENDING"}
{"order_customer_id":2408,"order_id":10686,"order_status":"COMPLETE"}
{"order_customer_id":8540,"order_id":10687,"order_status":"COMPLETE"}
{"order_customer_id":5682,"order_id":10688,"order_status":"COMPLETE"}
{"order_customer_id":10022,"order_id":10689,"order_status":"CLOSED"}
{"order_customer_id":8466,"order_id":10690,"order_status":"COMPLETE"}
{"order_customer_id":7768,"order_id":10691,"order_status":"COMPLETE"}
{"order_customer_id":11418,"order_id":10692,"order_status":"PENDING_PAYMENT"}
{"order_customer_id":11462,"order_id":10693,"order_status":"PROCESSING"}
{"order_customer_id":8055,"order_id":10694,"order_status":"CLOSED"}
{"order_customer_id":11376,"order_id":10695,"order_status":"PENDING"}
{"order_customer_id":7198,"order_id":10696,"order_status":"PENDING"}
{"order_customer_id":10425,"order_id":10697,"order_status":"COMPLETE"}
{"order_customer_id":6599,"order_id":10698,"order_status":"PENDING_PAYMENT"}
{"order_customer_id":8641,"order_id":10699,"order_status":"PENDING_PAYMENT"}
{"order_customer_id":4353,"order_id":10700,"order_status":"COMPLETE"}
{"order_customer_id":335,"order_id":10701,"order_status":"COMPLETE"}
{"order_customer_id":2488,"order_id":10702,"order_status":"PENDING"}
{"order_customer_id":2180,"order_id":10703,"order_status":"PENDING_PAYMENT"}
{"order_customer_id":487,"order_id":10704,"order_status":"COMPLETE"}
{"order_customer_id":8091,"order_id":10705,"order_status":"PENDING_PAYMENT"}
{"order_customer_id":2822,"order_id":10706,"order_status":"PROCESSING"}
{"order_customer_id":5516,"order_id":10707,"order_status":"PENDING_PAYMENT"}
{"order_customer_id":12015,"order_id":10708,"order_status":"CLOSED"}
{"order_customer_id":9406,"order_id":10709,"order_status":"PROCESSING"}
{"order_customer_id":262,"order_id":10710,"order_status":"PROCESSING"}
{"order_customer_id":5257,"order_id":10711,"order_status":"PENDING_PAYMENT"}
{"order_customer_id":1075,"order_id":10712,"order_status":"COMPLETE"}
{"order_customer_id":3945,"order_id":10713,"order_status":"COMPLETE"}
{"order_customer_id":8117,"order_id":10714,"order_status":"PENDING_PAYMENT"}
{"order_customer_id":7729,"order_id":10715,"order_status":"PROCESSING"}
{"order_customer_id":8886,"order_id":10716,"order_status":"PENDING"}
{"order_customer_id":6813,"order_id":10717,"order_status":"COMPLETE"}
{"order_customer_id":155,"order_id":10718,"order_status":"COMPLETE"}
{"order_customer_id":6438,"order_id":10719,"order_status":"PROCESSING"}
{"order_customer_id":9312,"order_id":10720,"order_status":"PENDING_PAYMENT"}
{"order_customer_id":7515,"order_id":10721,"order_status":"PROCESSING"}
{"order_customer_id":8573,"order_id":10722,"order_status":"COMPLETE"}
{"order_customer_id":8483,"order_id":10723,"order_status":"PENDING_PAYMENT"}
{"order_customer_id":5560,"order_id":10724,"order_status":"PROCESSING"}
{"order_customer_id":2064,"order_id":10725,"order_status":"PENDING_PAYMENT"}
{"order_customer_id":907,"order_id":10726,"order_status":"COMPLETE"}
{"order_customer_id":4582,"order_id":10727,"order_status":"PROCESSING"}
{"order_customer_id":3575,"order_id":10728,"order_status":"CLOSED"}
{"order_customer_id":11869,"order_id":10729,"order_status":"COMPLETE"}
{"order_customer_id":11145,"order_id":59405,"order_status":"ON_HOLD"}
{"order_customer_id":3999,"order_id":59406,"order_status":"PENDING"}
{"order_customer_id":171,"order_id":59407,"order_status":"PENDING_PAYMENT"}
{"order_customer_id":9400,"order_id":59408,"order_status":"PROCESSING"}
{"order_customer_id":2982,"order_id":59409,"order_status":"PENDING"}
{"order_customer_id":6701,"order_id":59410,"order_status":"COMPLETE"}
{"order_customer_id":1682,"order_id":59411,"order_status":"PENDING"}
{"order_customer_id":642,"order_id":59412,"order_status":"PENDING_PAYMENT"}
{"order_customer_id":1648,"order_id":59413,"order_status":"COMPLETE"}
{"order_customer_id":738,"order_id":59414,"order_status":"PENDING"}
{"order_customer_id":11990,"order_id":59415,"order_status":"COMPLETE"}
{"order_customer_id":11751,"order_id":59416,"order_status":"PENDING"}
{"order_customer_id":3737,"order_id":59417,"order_status":"CLOSED"}
{"order_customer_id":1908,"order_id":59418,"order_status":"PROCESSING"}
{"order_customer_id":6827,"order_id":59419,"order_status":"COMPLETE"}
{"order_customer_id":2007,"order_id":59420,"order_status":"ON_HOLD"}
{"order_customer_id":6736,"order_id":59421,"order_status":"ON_HOLD"}
{"order_customer_id":429,"order_id":59422,"order_status":"PENDING"}
{"order_customer_id":12236,"order_id":59423,"order_status":"PENDING_PAYMENT"}
{"order_customer_id":455,"order_id":59424,"order_status":"PENDING_PAYMENT"}
{"order_customer_id":10515,"order_id":59425,"order_status":"CLOSED"}
{"order_customer_id":2681,"order_id":59426,"order_status":"PENDING"}
{"order_customer_id":7679,"order_id":67658,"order_status":"PENDING_PAYMENT"}
{"order_customer_id":10298,"order_id":67659,"order_status":"COMPLETE"}
{"order_customer_id":9542,"order_id":67660,"order_status":"COMPLETE"}
{"order_customer_id":3052,"order_id":67661,"order_status":"PENDING_PAYMENT"}
