{"order_customer_id":5424,"order_id":28499,"order_status":"COMPLETE"}
{"order_customer_id":3813,"order_id":28500,"order_status":"PROCESSING"}
{"order_customer_id":9603,"order_id":28501,"order_status":"PENDING"}
{"order_customer_id":6633,"order_id":28502,"order_status":"COMPLETE"}
{"order_customer_id":7680,"order_id":28503,"order_status":"PENDING_PAYMENT"}
{"order_customer_id":756,"order_id":28504,"order_status":"COMPLETE"}
{"order_customer_id":11218,"order_id":28505,"order_status":"PENDING_PAYMENT"}
{"order_customer_id":792,"order_id":28506,"order_status":"COMPLETE"}
{"order_customer_id":12198,"order_id":28507,"order_status":"PROCESSING"}
{"order_customer_id":11273,"order_id":28508,"order_status":"COMPLETE"}
{"order_customer_id":5057,"order_id":28509,"order_status":"COMPLETE"}
{"order_customer_id":8367,"order_id":28510,"order_status":"COMPLETE"}
{"order_customer_id":2769,"order_id":28511,"order_status":"CLOSED"}
{"order_customer_id":833,"order_id":28512,"order_status":"PENDING_PAYMENT"}
{"order_customer_id":7308,"order_id":28513,"order_status":"ON_HOLD"}
{"order_customer_id":3726,"order_id":28514,"order_status":"PROCESSING"}
{"order_customer_id":5326,"order_id":28515,"order_status":"PENDING_PAYMENT"}
{"order_customer_id":4201,"order_id":28516,"order_status":"PENDING"}
{"order_customer_id":369,"order_id":28517,"order_status":"ON_HOLD"}
{"order_customer_id":9810,"order_id":28518,"order_status":"CLOSED"}
{"order_customer_id":12013,"order_id":28519,"order_status":"PENDING_PAYMENT"}
{"order_customer_id":1445,"order_id":28520,"order_status":"CANCELED"}
{"order_customer_id":12258,"order_id":28521,"order_status":"CLOSED"}
{"order_customer_id":603,"order_id":28522,"order_status":"PENDING"}
{"order_customer_id":3748,"order_id":28523,"order_status":"PROCESSING"}
{"order_customer_id":3896,"order_id":28524,"order_status":"PENDING_PAYMENT"}
{"order_customer_id":6909,"order_id":28525,"order_status":"PENDING"}
{"order_customer_id":6399,"order_id":28526,"order_status":"COMPLETE"}
{"order_customer_id":1797,"order_id":28527,"order_status":"COMPLETE"}
{"order_customer_id":10098,"order_id":28528,"order_status":"COMPLETE"}
{"order_customer_id":2913,"order_id":28529,"order_status":"PROCESSING"}
{"order_customer_id":1679,"order_id":28530,"order_status":"PENDING_PAYMENT"}
{"order_customer_id":9349,"order_id":28531,"order_status":"COMPLETE"}
{"order_customer_id":6813,"order_id":28532,"order_status":"COMPLETE"}
{"order_customer_id":8816,"order_id":28533,"order_status":"COMPLETE"}
{"order_customer_id":2975,"order_id":28534,"order_status":"COMPLETE"}
{"order_customer_id":4017,"order_id":28535,"order_status":"PROCESSING"}
{"order_customer_id":8442,"order_id":28536,"order_status":"PROCESSING"}
{"order_customer_id":4125,"order_id":28537,"order_status":"CLOSED"}
{"order_customer_id":7942,"order_id":28538,"order_status":"PENDING"}
{"order_customer_id":7,"order_id":28539,"order_status":"PENDING_PAYMENT"}
{"order_customer_id":10815,"order_id":28540,"order_status":"PROCESSING"}
{"order_customer_id":1982,"order_id":28541,"order_status":"CLOSED"}
{"order_customer_id":4763,"order_id":28542,"order_status":"PROCESSING"}
{"order_customer_id":10163,"order_id":28543,"order_status":"PENDING_PAYMENT"}
{"order_customer_id":3650,"order_id":28544,"order_status":"COMPLETE"}
{"order_customer_id":2367,"order_id":28545,"order_status":"PROCESSING"}
{"order_customer_id":5985,"order_id":28546,"order_status":"ON_HOLD"}
{"order_customer_id":8672,"order_id":28547,"order_status":"SUSPECTED_FRAUD"}
{"order_customer_id":7756,"order_id":28548,"order_status":"COMPLETE"}
{"order_customer_id":460,"order_id":28549,"order_status":"ON_HOLD"}
{"order_customer_id":8180,"order_id":28550,"order_status":"PROCESSING"}
{"order_customer_id":4673,"order_id":28551,"order_status":"COMPLETE"}
{"order_customer_id":2775,"order_id":28552,"order_status":"COMPLETE"}
{"order_customer_id":5783,"order_id":28553,"order_status":"COMPLETE"}
{"order_customer_id":7211,"order_id":28554,"order_status":"PENDING_PAYMENT"}
{"order_customer_id":8448,"order_id":28555,"order_status":"COMPLETE"}
{"order_customer_id":12336,"order_id":28556,"order_status":"COMPLETE"}
{"order_customer_id":1405,"order_id":28557,"order_status":"COMPLETE"}
{"order_customer_id":6178,"order_id":28558,"order_status":"PROCESSING"}
{"order_customer_id":3935,"order_id":28559,"order_status":"COMPLETE"}
{"order_customer_id":1842,"order_id":28560,"order_status":"CLOSED"}
{"order_customer_id":5476,"order_id":28561,"order_status":"COMPLETE"}
{"order_customer_id":8912,"order_id":28562,"order_status":"CLOSED"}
{"order_customer_id":8411,"order_id":28563,"order_status":"PENDING_PAYMENT"}
{"order_customer_id":11888,"order_id":28564,"order_status":"COMPLETE"}
{"order_customer_id":3337,"order_id":28565,"order_status":"PENDING"}
{"order_customer_id":6270,"order_id":28566,"order_status":"COMPLETE"}
{"order_customer_id":2502,"order_id":28567,"order_status":"PROCESSING"}
{"order_customer_id":7963,"order_id":28568,"order_status":"PROCESSING"}
{"order_customer_id":7720,"order_id":28569,"order_status":"ON_HOLD"}
{"order_customer_id":3754,"order_id":28570,"order_status":"CANCELED"}
{"order_customer_id":11220,"order_id":28571,"order_status":"PENDING"}
{"order_customer_id":5576,"order_id":28572,"order_status":"PENDING"}
{"order_customer_id":12104,"order_id":28573,"order_status":"COMPLETE"}
{"order_customer_id":664,"order_id":28574,"order_status":"ON_HOLD"}
{"order_customer_id":12087,"order_id":28575,"order_status":"PROCESSING"}
{"order_customer_id":5000,"order_id":28576,"order_status":"CLOSED"}
{"order_customer_id":9876,"order_id":28577,"order_status":"CLOSED"}
{"order_customer_id":11883,"order_id":28578,"order_status":"COMPLETE"}
{"order_customer_id":8245,"order_id":28579,"order_status":"COMPLETE"}
{"order_customer_id":11576,"order_id":28580,"order_status":"PENDING_PAYMENT"}
{"order_customer_id":7424,"order_id":28581,"order_status":"PENDING_PAYMENT"}
{"order_customer_id":1907,"order_id":28582,"order_status":"CLOSED"}
{"order_customer_id":2655,"order_id":28583,"order_status":"COMPLETE"}
{"order_customer_id":10924,"order_id":28584,"order_status":"PENDING_PAYMENT"}
{"order_customer_id":11946,"order_id":28585,"order_status":"PROCESSING"}
{"order_customer_id":9009,"order_id":28586,"order_status":"COMPLETE"}
{"order_customer_id":10396,"order_id":28587,"order_status":"CANCELED"}
{"order_customer_id":11123,"order_id":28588,"order_status":"ON_HOLD"}
{"order_customer_id":6648,"order_id":28589,"order_status":"CLOSED"}
{"order_customer_id":11182,"order_id":28590,"order_status":"COMPLETE"}
{"order_customer_id":11450,"order_id":28591,"order_status":"PENDING_PAYMENT"}
{"order_customer_id":635,"order_id":28592,"order_status":"PENDING"}
{"order_customer_id":3074,"order_id":28593,"order_status":"COMPLETE"}
{"order_customer_id":3872,"order_id":28594,"order_status":"COMPLETE"}
{"order_customer_id":11497,"order_id":28595,"order_status":"PAYMENT_REVIEW"}
{"order_customer_id":6866,"order_id":28596,"order_status":"CANCELED"}
{"order_customer_id":4090,"order_id":28597,"order_status":"PAYMENT_REVIEW"}
{"order_customer_id":5518,"order_id":28598,"order_status":"CANCELED"}
{"order_customer_id":791,"order_id":28599,"order_status":"COMPLETE"}
{"order_customer_id":1254,"order_id":28600,"order_status":"COMPLETE"}
{"order_customer_id":3195,"order_id":28601,"order_status":"PENDING_PAYMENT"}
{"order_customer_id":5749,"order_id":28602,"order_status":"COMPLETE"}
{"order_customer_id":8647,"order_id":28603,"order_status":"PROCESSING"}
{"order_customer_id":1054,"order_id":28604,"order_status":"COMPLETE"}
{"order_customer_id":6302,"order_id":28605,"order_status":"CLOSED"}
{"order_customer_id":1757,"order_id":28606,"order_status":"COMPLETE"}
{"order_customer_id":657,"order_id":28607,"order_status":"PENDING"}
{"order_customer_id":1886,"order_id":28608,"order_status":"COMPLETE"}
{"order_customer_id":9191,"order_id":28609,"order_status":"COMPLETE"}
{"order_customer_id":1054,"order_id":28610,"order_status":"COMPLETE"}
{"order_customer_id":11126,"order_id":28611,"order_status":"COMPLETE"}
{"order_customer_id":9782,"order_id":28612,"order_status":"PENDING_PAYMENT"}
{"order_customer_id":5279,"order_id":28613,"order_status":"COMPLETE"}
{"order_customer_id":1022,"order_id":28614,"order_status":"ON_HOLD"}
{"order_customer_id":3331,"order_id":28615,"order_status":"PENDING"}
{"order_customer_id":9268,"order_id":28616,"order_status":"CLOSED"}
{"order_customer_id":11378,"order_id":28617,"order_status":"COMPLETE"}
{"order_customer_id":2773,"order_id":28618,"order_status":"COMPLETE"}
{"order_customer_id":558,"order_id":28619,"order_status":"ON_HOLD"}
{"order_customer_id":9159,"order_id":28620,"order_status":"PENDING_PAYMENT"}
{"order_customer_id":663,"order_id":28621,"order_status":"COMPLETE"}
{"order_customer_id":2998,"order_id":28622,"order_status":"CLOSED"}
{"order_customer_id":4394,"order_id":28623,"order_status":"PROCESSING"}
{"order_customer_id":7853,"order_id":28624,"order_status":"COMPLETE"}
{"order_customer_id":2992,"order_id":28625,"order_status":"CANCELED"}
{"order_customer_id":9285,"order_id":28626,"order_status":"PENDING_PAYMENT"}
{"order_customer_id":829,"order_id":62317,"order_status":"SUSPECTED_FRAUD"}
{"order_customer_id":5668,"order_id":62318,"order_status":"PENDING"}
{"order_customer_id":12396,"order_id":62319,"order_status":"PENDING_PAYMENT"}
{"order_customer_id":9058,"order_id":62320,"order_status":"PENDING"}
{"order_customer_id":4871,"order_id":62321,"order_status":"PROCESSING"}
{"order_customer_id":2832,"order_id":62322,"order_status":"PROCESSING"}
{"order_customer_id":2586,"order_id":62323,"order_status":"COMPLETE"}
{"order_customer_id":7636,"order_id":62324,"order_status":"ON_HOLD"}
{"order_customer_id":6696,"order_id":62325,"order_status":"ON_HOLD"}
{"order_customer_id":6740,"order_id":62326,"order_status":"PENDING"}
{"order_customer_id":2707,"order_id":62327,"order_status":"PENDING_PAYMENT"}
{"order_customer_id":2423,"order_id":62328,"order_status":"COMPLETE"}
{"order_customer_id":5359,"order_id":62329,"order_status":"COMPLETE"}
{"order_customer_id":5665,"order_id":62330,"order_status":"PROCESSING"}
{"order_customer_id":2177,"order_id":62331,"order_status":"PROCESSING"}
{"order_customer_id":6257,"order_id":62332,"order_status":"CLOSED"}
{"order_customer_id":1605,"order_id":68021,"order_status":"CLOSED"}
{"order_customer_id":2997,"order_id":68022,"order_status":"COMPLETE"}
{"order_customer_id":6581,"order_id":68023,"order_status":"PROCESSING"}
{"order_customer_id":5943,"order_id":68024,"order_status":"PENDING"}
{"order_customer_id":363,"order_id":68025,"order_status":"COMPLETE"}
