{"order_customer_id":5250,"order_id":27343,"order_status":"PAYMENT_REVIEW"}
{"order_customer_id":7076,"order_id":27344,"order_status":"PENDING_PAYMENT"}
{"order_customer_id":10536,"order_id":27345,"order_status":"CLOSED"}
{"order_customer_id":3199,"order_id":27346,"order_status":"PENDING_PAYMENT"}
{"order_customer_id":9320,"order_id":27347,"order_status":"CLOSED"}
{"order_customer_id":7997,"order_id":27348,"order_status":"COMPLETE"}
{"order_customer_id":3184,"order_id":27349,"order_status":"ON_HOLD"}
{"order_customer_id":7664,"order_id":27350,"order_status":"CLOSED"}
{"order_customer_id":11183,"order_id":27351,"order_status":"COMPLETE"}
{"order_customer_id":4961,"order_id":27352,"order_status":"PROCESSING"}
{"order_customer_id":333,"order_id":27353,"order_status":"COMPLETE"}
{"order_customer_id":5154,"order_id":27354,"order_status":"PENDING_PAYMENT"}
{"order_customer_id":8360,"order_id":27355,"order_status":"COMPLETE"}
{"order_customer_id":8146,"order_id":27356,"order_status":"PROCESSING"}
{"order_customer_id":4807,"order_id":27357,"order_status":"COMPLETE"}
{"order_customer_id":357,"order_id":27358,"order_status":"COMPLETE"}
{"order_customer_id":5877,"order_id":27359,"order_status":"COMPLETE"}
{"order_customer_id":3639,"order_id":27360,"order_status":"PENDING_PAYMENT"}
{"order_customer_id":3133,"order_id":27361,"order_status":"PROCESSING"}
{"order_customer_id":3879,"order_id":27362,"order_status":"COMPLETE"}
{"order_customer_id":10541,"order_id":27363,"order_status":"CLOSED"}
{"order_customer_id":4628,"order_id":27364,"order_status":"COMPLETE"}
{"order_customer_id":3325,"order_id":27365,"order_status":"CLOSED"}
{"order_customer_id":10625,"order_id":27366,"order_status":"ON_HOLD"}
{"order_customer_id":9059,"order_id":27367,"order_status":"COMPLETE"}
{"order_customer_id":5670,"order_id":27368,"order_status":"PENDING_PAYMENT"}
{"order_customer_id":5322,"order_id":27369,"order_status":"PROCESSING"}
{"order_customer_id":8803,"order_id":27370,"order_status":"CLOSED"}
{"order_customer_id":8014,"order_id":27371,"order_status":"PROCESSING"}
{"order_customer_id":12211,"order_id":27372,"order_status":"PAYMENT_REVIEW"}
{"order_customer_id":5418,"order_id":27373,"order_status":"ON_HOLD"}
{"order_customer_id":8328,"order_id":27374,"order_status":"COMPLETE"}
{"order_customer_id":3103,"order_id":27375,"order_status":"PENDING_PAYMENT"}
{"order_customer_id":8986,"order_id":27376,"order_status":"COMPLETE"}
{"order_customer_id":8324,"order_id":27377,"order_status":"COMPLETE"}
{"order_customer_id":8246,"order_id":27378,"order_status":"PROCESSING"}
{"order_customer_id":9924,"order_id":27379,"order_status":"PAYMENT_REVIEW"}
{"order_customer_id":792,"order_id":27380,"order_status":"PENDING"}
{"order_customer_id":558,"order_id":27381,"order_status":"PENDING"}
{"order_customer_id":1046,"order_id":27382,"order_status":"PROCESSING"}
{"order_customer_id":12147,"order_id":27383,"order_status":"COMPLETE"}
{"order_customer_id":6023,"order_id":27384,"order_status":"ON_HOLD"}
{"order_customer_id":4759,"order_id":27385,"order_status":"PENDING"}
{"order_customer_id":9345,"order_id":27386,"order_status":"COMPLETE"}
{"order_customer_id":3770,"order_id":27387,"order_status":"PROCESSING"}
{"order_customer_id":10834,"order_id":27388,"order_status":"PROCESSING"}
{"order_customer_id":10011,"order_id":27389,"order_status":"COMPLETE"}
{"order_customer_id":10705,"order_id":27390,"order_status":"COMPLETE"}
{"order_customer_id":9296,"order_id":27391,"order_status":"ON_HOLD"}
{"order_customer_id":1635,"order_id":27392,"order_status":"COMPLETE"}
{"order_customer_id":5722,"order_id":27393,"order_status":"CLOSED"}
{"order_customer_id":11741,"order_id":27394,"order_status":"CLOSED"}
{"order_customer_id":8306,"order_id":27395,"order_status":"PENDING"}
{"order_customer_id":10554,"order_id":27396,"order_status":"PENDING_PAYMENT"}
{"order_customer_id":7917,"order_id":27397,"order_status":"PENDING_PAYMENT"}
{"order_customer_id":3197,"order_id":27398,"order_status":"SUSPECTED_FRAUD"}
{"order_customer_id":8556,"order_id":27399,"order_status":"COMPLETE"}
{"order_customer_id":4497,"order_id":27400,"order_status":"PROCESSING"}
{"order_customer_id":3275,"order_id":27401,"order_status":"CLOSED"}
{"order_customer_id":11671,"order_id":27402,"order_status":"PROCESSING"}
{"order_customer_id":10344,"order_id":27403,"order_status":"COMPLETE"}
{"order_customer_id":812,"order_id":27404,"order_status":"COMPLETE"}
{"order_customer_id":9317,"order_id":27405,"order_status":"COMPLETE"}
{"order_customer_id":1598,"order_id":27406,"order_status":"PENDING_PAYMENT"}
{"order_customer_id":4308,"order_id":27407,"order_status":"CLOSED"}
{"order_customer_id":1217,"order_id":27408,"order_status":"PENDING_PAYMENT"}
{"order_customer_id":6311,"order_id":27409,"order_status":"PENDING_PAYMENT"}
{"order_customer_id":5632,"order_id":27410,"order_status":"COMPLETE"}
{"order_customer_id":9621,"order_id":27411,"order_status":"PENDING_PAYMENT"}
{"order_customer_id":3266,"order_id":27412,"order_status":"CLOSED"}
{"order_customer_id":10932,"order_id":27413,"order_status":"COMPLETE"}
{"order_customer_id":10679,"order_id":27414,"order_status":"COMPLETE"}
{"order_customer_id":7364,"order_id":27415,"order_status":"ON_HOLD"}
{"order_customer_id":9237,"order_id":27416,"order_status":"COMPLETE"}
{"order_customer_id":2808,"order_id":27417,"order_status":"PENDING"}
{"order_customer_id":12228,"order_id":27418,"order_status":"PENDING_PAYMENT"}
{"order_customer_id":4811,"order_id":27419,"order_status":"PENDING_PAYMENT"}
{"order_customer_id":11446,"order_id":27420,"order_status":"COMPLETE"}
{"order_customer_id":333,"order_id":27421,"order_status":"COMPLETE"}
{"order_customer_id":1222,"order_id":27422,"order_status":"PENDING_PAYMENT"}
{"order_customer_id":10181,"order_id":27423,"order_status":"COMPLETE"}
{"order_customer_id":696,"order_id":27424,"order_status":"PENDING_PAYMENT"}
{"order_customer_id":1479,"order_id":27425,"order_status":"COMPLETE"}
{"order_customer_id":4825,"order_id":27426,"order_status":"PROCESSING"}
{"order_customer_id":9866,"order_id":27427,"order_status":"PENDING_PAYMENT"}
{"order_customer_id":10380,"order_id":27428,"order_status":"COMPLETE"}
{"order_customer_id":4875,"order_id":27429,"order_status":"CLOSED"}
{"order_customer_id":8764,"order_id":27430,"order_status":"CANCELED"}
{"order_customer_id":10679,"order_id":27431,"order_status":"PENDING"}
{"order_customer_id":11766,"order_id":27432,"order_status":"PENDING"}
{"order_customer_id":10992,"order_id":27433,"order_status":"ON_HOLD"}
{"order_customer_id":2602,"order_id":27434,"order_status":"CLOSED"}
{"order_customer_id":11135,"order_id":27435,"order_status":"PENDING_PAYMENT"}
{"order_customer_id":6616,"order_id":27436,"order_status":"COMPLETE"}
{"order_customer_id":2484,"order_id":27437,"order_status":"PENDING"}
{"order_customer_id":1548,"order_id":27438,"order_status":"ON_HOLD"}
{"order_customer_id":4473,"order_id":27439,"order_status":"COMPLETE"}
{"order_customer_id":6269,"order_id":27440,"order_status":"PROCESSING"}
{"order_customer_id":4181,"order_id":27441,"order_status":"PENDING_PAYMENT"}
{"order_customer_id":10024,"order_id":27442,"order_status":"PENDING"}
{"order_customer_id":7743,"order_id":27443,"order_status":"COMPLETE"}
{"order_customer_id":4882,"order_id":27444,"order_status":"PENDING_PAYMENT"}
{"order_customer_id":8735,"order_id":27445,"order_status":"PROCESSING"}
{"order_customer_id":2193,"order_id":27446,"order_status":"PENDING_PAYMENT"}
{"order_customer_id":5368,"order_id":27447,"order_status":"PROCESSING"}
{"order_customer_id":10048,"order_id":27448,"order_status":"COMPLETE"}
{"order_customer_id":9973,"order_id":27449,"order_status":"PENDING"}
{"order_customer_id":4734,"order_id":27450,"order_status":"PROCESSING"}
{"order_customer_id":11829,"order_id":27451,"order_status":"PENDING_PAYMENT"}
{"order_customer_id":2111,"order_id":27452,"order_status":"PROCESSING"}
{"order_customer_id":9320,"order_id":27453,"order_status":"PROCESSING"}
{"order_customer_id":8262,"order_id":27454,"order_status":"COMPLETE"}
{"order_customer_id":222,"order_id":27455,"order_status":"PENDING_PAYMENT"}
{"order_customer_id":10168,"order_id":27456,"order_status":"PROCESSING"}
{"order_customer_id":4813,"order_id":27457,"order_status":"COMPLETE"}
{"order_customer_id":10241,"order_id":27458,"order_status":"COMPLETE"}
{"order_customer_id":6985,"order_id":27459,"order_status":"PENDING_PAYMENT"}
{"order_customer_id":11500,"order_id":27460,"order_status":"PENDING_PAYMENT"}
{"order_customer_id":12126,"order_id":27461,"order_status":"COMPLETE"}
{"order_customer_id":8902,"order_id":27462,"order_status":"PENDING_PAYMENT"}
{"order_customer_id":6784,"order_id":27463,"order_status":"PENDING_PAYMENT"}
{"order_customer_id":7274,"order_id":27464,"order_status":"COMPLETE"}
{"order_customer_id":3083,"order_id":27465,"order_status":"COMPLETE"}
{"order_customer_id":2938,"order_id":27466,"order_status":"PENDING_PAYMENT"}
{"order_customer_id":453,"order_id":27467,"order_status":"PENDING_PAYMENT"}
{"order_customer_id":3212,"order_id":27468,"order_status":"PENDING_PAYMENT"}
{"order_customer_id":2078,"order_id":27469,"order_status":"SUSPECTED_FRAUD"}
{"order_customer_id":1762,"order_id":27470,"order_status":"PROCESSING"}
{"order_customer_id":12396,"order_id":27471,"order_status":"COMPLETE"}
{"order_customer_id":2146,"order_id":27472,"order_status":"PENDING_PAYMENT"}
{"order_customer_id":12357,"order_id":27473,"order_status":"PENDING_PAYMENT"}
{"order_customer_id":6116,"order_id":27474,"order_status":"COMPLETE"}
{"order_customer_id":5549,"order_id":27475,"order_status":"PENDING"}
{"order_customer_id":4953,"order_id":27476,"order_status":"PENDING"}
{"order_customer_id":2109,"order_id":27477,"order_status":"CLOSED"}
{"order_customer_id":11930,"order_id":27478,"order_status":"COMPLETE"}
{"order_customer_id":3421,"order_id":27479,"order_status":"COMPLETE"}
{"order_customer_id":10098,"order_id":27480,"order_status":"PROCESSING"}
{"order_customer_id":10573,"order_id":27481,"order_status":"COMPLETE"}
{"order_customer_id":7271,"order_id":27482,"order_status":"COMPLETE"}
{"order_customer_id":1178,"order_id":27483,"order_status":"PENDING_PAYMENT"}
{"order_customer_id":10874,"order_id":27484,"order_status":"COMPLETE"}
{"order_customer_id":2998,"order_id":27485,"order_status":"PENDING_PAYMENT"}
{"order_customer_id":3306,"order_id":27486,"order_status":"CLOSED"}
{"order_customer_id":5857,"order_id":27487,"order_status":"COMPLETE"}
{"order_customer_id":579,"order_id":27488,"order_status":"ON_HOLD"}
{"order_customer_id":2494,"order_id":27489,"order_status":"PENDING_PAYMENT"}
{"order_customer_id":5072,"order_id":27490,"order_status":"ON_HOLD"}
{"order_customer_id":212,"order_id":27491,"order_status":"COMPLETE"}
{"order_customer_id":6397,"order_id":27492,"order_status":"PROCESSING"}
{"order_customer_id":11680,"order_id":27493,"order_status":"CLOSED"}
{"order_customer_id":5975,"order_id":27494,"order_status":"PROCESSING"}
{"order_customer_id":1006,"order_id":27495,"order_status":"PENDING_PAYMENT"}
{"order_customer_id":7530,"order_id":27496,"order_status":"PENDING_PAYMENT"}
{"order_customer_id":3184,"order_id":27497,"order_status":"PAYMENT_REVIEW"}
{"order_customer_id":3710,"order_id":27498,"order_status":"COMPLETE"}
{"order_customer_id":4920,"order_id":27499,"order_status":"PENDING_PAYMENT"}
{"order_customer_id":7299,"order_id":27500,"order_status":"COMPLETE"}
{"order_customer_id":384,"order_id":27501,"order_status":"COMPLETE"}
{"order_customer_id":399,"order_id":27502,"order_status":"COMPLETE"}
{"order_customer_id":4874,"order_id":27503,"order_status":"COMPLETE"}
{"order_customer_id":10462,"order_id":27504,"order_status":"CLOSED"}
{"order_customer_id":2227,"order_id":27505,"order_status":"PENDING_PAYMENT"}
{"order_customer_id":4535,"order_id":27506,"order_status":"PROCESSING"}
{"order_customer_id":6660,"order_id":27507,"order_status":"PENDING_PAYMENT"}
{"order_customer_id":1683,"order_id":27508,"order_status":"PROCESSING"}
{"order_customer_id":5049,"order_id":27509,"order_status":"PENDING_PAYMENT"}
{"order_customer_id":707,"order_id":27510,"order_status":"PENDING_PAYMENT"}
{"order_customer_id":2386,"order_id":27511,"order_status":"ON_HOLD"}
{"order_customer_id":4040,"order_id":27512,"order_status":"COMPLETE"}
{"order_customer_id":2595,"order_id":27513,"order_status":"PENDING_PAYMENT"}
{"order_customer_id":5782,"order_id":27514,"order_status":"PAYMENT_REVIEW"}
{"order_customer_id":11020,"order_id":27515,"order_status":"COMPLETE"}
{"order_customer_id":6079,"order_id":27516,"order_status":"COMPLETE"}
{"order_customer_id":620,"order_id":27517,"order_status":"CANCELED"}
{"order_customer_id":8845,"order_id":27518,"order_status":"PENDING_PAYMENT"}
{"order_customer_id":11475,"order_id":27519,"order_status":"COMPLETE"}
{"order_customer_id":10719,"order_id":27520,"order_status":"CLOSED"}
{"order_customer_id":4180,"order_id":27521,"order_status":"PENDING"}
{"order_customer_id":5917,"order_id":27522,"order_status":"SUSPECTED_FRAUD"}
{"order_customer_id":10511,"order_id":27523,"order_status":"PENDING"}
{"order_customer_id":9669,"order_id":27524,"order_status":"PENDING_PAYMENT"}
{"order_customer_id":7515,"order_id":27525,"order_status":"PROCESSING"}
{"order_customer_id":5464,"order_id":27526,"order_status":"PENDING_PAYMENT"}
{"order_customer_id":9090,"order_id":27527,"order_status":"ON_HOLD"}
{"order_customer_id":9438,"order_id":27528,"order_status":"ON_HOLD"}
{"order_customer_id":6269,"order_id":27529,"order_status":"PROCESSING"}
{"order_customer_id":155,"order_id":27530,"order_status":"PROCESSING"}
{"order_customer_id":7706,"order_id":27531,"order_status":"PENDING_PAYMENT"}
{"order_customer_id":12094,"order_id":27532,"order_status":"COMPLETE"}
{"order_customer_id":839,"order_id":27533,"order_status":"PROCESSING"}
{"order_customer_id":472,"order_id":27534,"order_status":"PENDING_PAYMENT"}
{"order_customer_id":5053,"order_id":27535,"order_status":"SUSPECTED_FRAUD"}
{"order_customer_id":3051,"order_id":27536,"order_status":"PENDING_PAYMENT"}
{"order_customer_id":1896,"order_id":27537,"order_status":"PENDING"}
{"order_customer_id":6278,"order_id":27538,"order_status":"COMPLETE"}
{"order_customer_id":5312,"order_id":27539,"order_status":"COMPLETE"}
{"order_customer_id":9554,"order_id":27540,"order_status":"PENDING_PAYMENT"}
{"order_customer_id":5662,"order_id":27541,"order_status":"ON_HOLD"}
{"order_customer_id":9810,"order_id":27542,"order_status":"COMPLETE"}
{"order_customer_id":5532,"order_id":27543,"order_status":"COMPLETE"}
{"order_customer_id":10926,"order_id":27544,"order_status":"PENDING"}
{"order_customer_id":6094,"order_id":27545,"order_status":"PROCESSING"}
{"order_customer_id":9793,"order_id":27546,"order_status":"COMPLETE"}
{"order_customer_id":9879,"order_id":27547,"order_status":"ON_HOLD"}
{"order_customer_id":5849,"order_id":27548,"order_status":"CLOSED"}
{"order_customer_id":7302,"order_id":27549,"order_status":"PENDING"}
{"order_customer_id":9559,"order_id":27550,"order_status":"COMPLETE"}
{"order_customer_id":8299,"order_id":27551,"order_status":"CLOSED"}
{"order_customer_id":5073,"order_id":27552,"order_status":"ON_HOLD"}
{"order_customer_id":4560,"order_id":27553,"order_status":"PENDING_PAYMENT"}
{"order_customer_id":8584,"order_id":27554,"order_status":"CLOSED"}
{"order_customer_id":3770,"order_id":27555,"order_status":"PENDING"}
{"order_customer_id":10511,"order_id":27556,"order_status":"COMPLETE"}
{"order_customer_id":1918,"order_id":27557,"order_status":"PENDING_PAYMENT"}
{"order_customer_id":10308,"order_id":27558,"order_status":"COMPLETE"}
{"order_customer_id":11446,"order_id":27559,"order_status":"PENDING"}
{"order_customer_id":4009,"order_id":27560,"order_status":"COMPLETE"}
{"order_customer_id":2910,"order_id":27561,"order_status":"CLOSED"}
{"order_customer_id":38,"order_id":27562,"order_status":"CLOSED"}
{"order_customer_id":5600,"order_id":27563,"order_status":"COMPLETE"}
{"order_customer_id":8405,"order_id":27564,"order_status":"ON_HOLD"}
{"order_customer_id":9181,"order_id":27565,"order_status":"COMPLETE"}
{"order_customer_id":7850,"order_id":27566,"order_status":"PENDING_PAYMENT"}
{"order_customer_id":12358,"order_id":27567,"order_status":"CLOSED"}
{"order_customer_id":1011,"order_id":27568,"order_status":"PENDING_PAYMENT"}
{"order_customer_id":7881,"order_id":27569,"order_status":"PROCESSING"}
{"order_customer_id":11852,"order_id":27570,"order_status":"ON_HOLD"}
{"order_customer_id":2882,"order_id":27571,"order_status":"CLOSED"}
{"order_customer_id":9378,"order_id":27572,"order_status":"PENDING_PAYMENT"}
{"order_customer_id":9103,"order_id":27573,"order_status":"COMPLETE"}
{"order_customer_id":6928,"order_id":27574,"order_status":"PENDING_PAYMENT"}
{"order_customer_id":7365,"order_id":27575,"order_status":"PENDING_PAYMENT"}
{"order_customer_id":5800,"order_id":27576,"order_status":"PROCESSING"}
{"order_customer_id":10544,"order_id":27577,"order_status":"PENDING_PAYMENT"}
{"order_customer_id":2352,"order_id":27578,"order_status":"PENDING_PAYMENT"}
{"order_customer_id":11268,"order_id":27579,"order_status":"COMPLETE"}
{"order_customer_id":6079,"order_id":27580,"order_status":"COMPLETE"}
{"order_customer_id":6810,"order_id":27581,"order_status":"PENDING_PAYMENT"}
{"order_customer_id":6090,"order_id":27582,"order_status":"PENDING_PAYMENT"}
{"order_customer_id":4770,"order_id":27583,"order_status":"PENDING"}
{"order_customer_id":1085,"order_id":27584,"order_status":"PENDING"}
{"order_customer_id":6259,"order_id":62177,"order_status":"PENDING_PAYMENT"}
{"order_customer_id":2114,"order_id":62178,"order_status":"PENDING_PAYMENT"}
{"order_customer_id":3731,"order_id":62179,"order_status":"PROCESSING"}
{"order_customer_id":2125,"order_id":62180,"order_status":"COMPLETE"}
{"order_customer_id":3316,"order_id":62181,"order_status":"PENDING_PAYMENT"}
{"order_customer_id":372,"order_id":62182,"order_status":"COMPLETE"}
{"order_customer_id":9372,"order_id":62183,"order_status":"PENDING_PAYMENT"}
{"order_customer_id":2863,"order_id":62184,"order_status":"COMPLETE"}
{"order_customer_id":8431,"order_id":62185,"order_status":"PENDING_PAYMENT"}
{"order_customer_id":11952,"order_id":62186,"order_status":"COMPLETE"}
{"order_customer_id":1632,"order_id":62187,"order_status":"COMPLETE"}
{"order_customer_id":5522,"order_id":62188,"order_status":"PENDING"}
{"order_customer_id":1261,"order_id":62189,"order_status":"COMPLETE"}
{"order_customer_id":8743,"order_id":62190,"order_status":"CLOSED"}
{"order_customer_id":4276,"order_id":62191,"order_status":"COMPLETE"}
{"order_customer_id":7028,"order_id":62192,"order_status":"COMPLETE"}
{"order_customer_id":7003,"order_id":62193,"order_status":"COMPLETE"}
{"order_customer_id":4964,"order_id":62194,"order_status":"COMPLETE"}
{"order_customer_id":12300,"order_id":62195,"order_status":"PENDING_PAYMENT"}
{"order_customer_id":5077,"order_id":62196,"order_status":"PENDING_PAYMENT"}
{"order_customer_id":3914,"order_id":62197,"order_status":"PROCESSING"}
{"order_customer_id":9932,"order_id":62198,"order_status":"CLOSED"}
{"order_customer_id":1859,"order_id":62199,"order_status":"COMPLETE"}
{"order_customer_id":9436,"order_id":62200,"order_status":"COMPLETE"}
{"order_customer_id":6591,"order_id":62201,"order_status":"COMPLETE"}
{"order_customer_id":1051,"order_id":62202,"order_status":"PENDING_PAYMENT"}
{"order_customer_id":1589,"order_id":62203,"order_status":"PENDING_PAYMENT"}
{"order_customer_id":1814,"order_id":62204,"order_status":"COMPLETE"}
{"order_customer_id":452,"order_id":62205,"order_status":"COMPLETE"}
{"order_customer_id":820,"order_id":62206,"order_status":"PENDING_PAYMENT"}
{"order_customer_id":882,"order_id":62207,"order_status":"PENDING_PAYMENT"}
{"order_customer_id":9697,"order_id":62208,"order_status":"ON_HOLD"}
{"order_customer_id":10321,"order_id":62209,"order_status":"PENDING_PAYMENT"}
{"order_customer_id":10815,"order_id":67999,"order_status":"COMPLETE"}
{"order_customer_id":12138,"order_id":68000,"order_status":"PROCESSING"}
{"order_customer_id":9476,"order_id":68001,"order_status":"COMPLETE"}
{"order_customer_id":9889,"order_id":68002,"order_status":"PENDING_PAYMENT"}
{"order_customer_id":8766,"order_id":68003,"order_status":"COMPLETE"}
{"order_customer_id":1199,"order_id":68004,"order_status":"PENDING"}
