{"order_customer_id":1926,"order_id":34539,"order_status":"PENDING"}
{"order_customer_id":10317,"order_id":34540,"order_status":"PENDING"}
{"order_customer_id":6948,"order_id":34541,"order_status":"PROCESSING"}
{"order_customer_id":7095,"order_id":34542,"order_status":"COMPLETE"}
{"order_customer_id":1012,"order_id":34543,"order_status":"PENDING"}
{"order_customer_id":1584,"order_id":34544,"order_status":"COMPLETE"}
{"order_customer_id":4530,"order_id":34545,"order_status":"PENDING"}
{"order_customer_id":53,"order_id":34546,"order_status":"CANCELED"}
{"order_customer_id":3453,"order_id":34547,"order_status":"PENDING_PAYMENT"}
{"order_customer_id":6465,"order_id":34548,"order_status":"COMPLETE"}
{"order_customer_id":1882,"order_id":34549,"order_status":"PENDING"}
{"order_customer_id":11122,"order_id":34550,"order_status":"COMPLETE"}
{"order_customer_id":11535,"order_id":34551,"order_status":"PROCESSING"}
{"order_customer_id":10412,"order_id":34552,"order_status":"PENDING_PAYMENT"}
{"order_customer_id":2856,"order_id":34553,"order_status":"COMPLETE"}
{"order_customer_id":3882,"order_id":34554,"order_status":"CLOSED"}
{"order_customer_id":443,"order_id":34555,"order_status":"CLOSED"}
{"order_customer_id":10877,"order_id":34556,"order_status":"PENDING"}
{"order_customer_id":5585,"order_id":34557,"order_status":"PENDING_PAYMENT"}
{"order_customer_id":1024,"order_id":34558,"order_status":"PENDING_PAYMENT"}
{"order_customer_id":8676,"order_id":34559,"order_status":"PROCESSING"}
{"order_customer_id":7036,"order_id":34560,"order_status":"PENDING"}
{"order_customer_id":2027,"order_id":34561,"order_status":"COMPLETE"}
{"order_customer_id":1497,"order_id":34562,"order_status":"CLOSED"}
{"order_customer_id":477,"order_id":34563,"order_status":"CLOSED"}
{"order_customer_id":12151,"order_id":34564,"order_status":"CLOSED"}
{"order_customer_id":8702,"order_id":34565,"order_status":"COMPLETE"}
{"order_customer_id":3066,"order_id":34566,"order_status":"PENDING_PAYMENT"}
{"order_customer_id":7314,"order_id":34567,"order_status":"SUSPECTED_FRAUD"}
{"order_customer_id":1271,"order_id":34568,"order_status":"COMPLETE"}
{"order_customer_id":11083,"order_id":34569,"order_status":"COMPLETE"}
{"order_customer_id":3159,"order_id":34570,"order_status":"CLOSED"}
{"order_customer_id":4551,"order_id":34571,"order_status":"CLOSED"}
{"order_customer_id":8135,"order_id":34572,"order_status":"PENDING"}
{"order_customer_id":7497,"order_id":34573,"order_status":"PENDING_PAYMENT"}
{"order_customer_id":1868,"order_id":34574,"order_status":"ON_HOLD"}
{"order_customer_id":2248,"order_id":34575,"order_status":"PROCESSING"}
{"order_customer_id":6117,"order_id":34576,"order_status":"COMPLETE"}
{"order_customer_id":7733,"order_id":34577,"order_status":"CANCELED"}
{"order_customer_id":6283,"order_id":34578,"order_status":"PROCESSING"}
{"order_customer_id":9038,"order_id":34579,"order_status":"PENDING_PAYMENT"}
{"order_customer_id":6540,"order_id":34580,"order_status":"COMPLETE"}
{"order_customer_id":4882,"order_id":34581,"order_status":"COMPLETE"}
{"order_customer_id":6060,"order_id":34582,"order_status":"PENDING"}
{"order_customer_id":1558,"order_id":34583,"order_status":"PENDING_PAYMENT"}
{"order_customer_id":10436,"order_id":34584,"order_status":"PENDING"}
{"order_customer_id":11478,"order_id":34585,"order_status":"PROCESSING"}
{"order_customer_id":4487,"order_id":34586,"order_status":"PENDING_PAYMENT"}
{"order_customer_id":1774,"order_id":34587,"order_status":"PENDING"}
{"order_customer_id":8549,"order_id":34588,"order_status":"PENDING_PAYMENT"}
{"order_customer_id":42,"order_id":34589,"order_status":"COMPLETE"}
{"order_customer_id":10367,"order_id":34590,"order_status":"COMPLETE"}
{"order_customer_id":713,"order_id":34591,"order_status":"PENDING"}
{"order_customer_id":4033,"order_id":34592,"order_status":"COMPLETE"}
{"order_customer_id":4696,"order_id":34593,"order_status":"COMPLETE"}
{"order_customer_id":5834,"order_id":34594,"order_status":"CLOSED"}
{"order_customer_id":7248,"order_id":34595,"order_status":"COMPLETE"}
{"order_customer_id":9419,"order_id":34596,"order_status":"PENDING_PAYMENT"}
{"order_customer_id":3478,"order_id":34597,"order_status":"PROCESSING"}
{"order_customer_id":6674,"order_id":34598,"order_status":"PENDING"}
{"order_customer_id":12328,"order_id":34599,"order_status":"PENDING_PAYMENT"}
{"order_customer_id":1266,"order_id":34600,"order_status":"PENDING"}
{"order_customer_id":4059,"order_id":34601,"order_status":"PROCESSING"}
{"order_customer_id":833,"order_id":34602,"order_status":"PENDING"}
{"order_customer_id":5279,"order_id":34603,"order_status":"PENDING"}
{"order_customer_id":8506,"order_id":34604,"order_status":"ON_HOLD"}
{"order_customer_id":8316,"order_id":34605,"order_status":"COMPLETE"}
{"order_customer_id":10173,"order_id":34606,"order_status":"CLOSED"}
{"order_customer_id":2101,"order_id":34607,"order_status":"CLOSED"}
{"order_customer_id":2260,"order_id":34608,"order_status":"PENDING_PAYMENT"}
{"order_customer_id":5749,"order_id":34609,"order_status":"COMPLETE"}
{"order_customer_id":1519,"order_id":34610,"order_status":"COMPLETE"}
{"order_customer_id":7612,"order_id":34611,"order_status":"PENDING_PAYMENT"}
{"order_customer_id":6488,"order_id":34612,"order_status":"PENDING_PAYMENT"}
{"order_customer_id":9539,"order_id":34613,"order_status":"COMPLETE"}
{"order_customer_id":1807,"order_id":34614,"order_status":"COMPLETE"}
{"order_customer_id":664,"order_id":34615,"order_status":"COMPLETE"}
{"order_customer_id":4574,"order_id":34616,"order_status":"COMPLETE"}
{"order_customer_id":1245,"order_id":34617,"order_status":"ON_HOLD"}
{"order_customer_id":7450,"order_id":34618,"order_status":"PENDING_PAYMENT"}
{"order_customer_id":3789,"order_id":34619,"order_status":"COMPLETE"}
{"order_customer_id":6297,"order_id":34620,"order_status":"CLOSED"}
{"order_customer_id":8942,"order_id":34621,"order_status":"COMPLETE"}
{"order_customer_id":1982,"order_id":34622,"order_status":"PROCESSING"}
{"order_customer_id":11653,"order_id":34623,"order_status":"CANCELED"}
{"order_customer_id":10413,"order_id":34624,"order_status":"COMPLETE"}
{"order_customer_id":11116,"order_id":34625,"order_status":"CANCELED"}
{"order_customer_id":3978,"order_id":34626,"order_status":"COMPLETE"}
{"order_customer_id":7713,"order_id":34627,"order_status":"PENDING_PAYMENT"}
{"order_customer_id":6143,"order_id":34628,"order_status":"COMPLETE"}
{"order_customer_id":7139,"order_id":34629,"order_status":"PENDING_PAYMENT"}
{"order_customer_id":9226,"order_id":34630,"order_status":"COMPLETE"}
{"order_customer_id":47,"order_id":34631,"order_status":"PENDING_PAYMENT"}
{"order_customer_id":6903,"order_id":34632,"order_status":"COMPLETE"}
{"order_customer_id":5143,"order_id":34633,"order_status":"ON_HOLD"}
{"order_customer_id":6465,"order_id":34634,"order_status":"COMPLETE"}
{"order_customer_id":9658,"order_id":34635,"order_status":"PROCESSING"}
{"order_customer_id":11083,"order_id":34636,"order_status":"PROCESSING"}
{"order_customer_id":3320,"order_id":34637,"order_status":"PENDING_PAYMENT"}
{"order_customer_id":3906,"order_id":34638,"order_status":"PENDING_PAYMENT"}
{"order_customer_id":2005,"order_id":34639,"order_status":"ON_HOLD"}
{"order_customer_id":10709,"order_id":34640,"order_status":"COMPLETE"}
{"order_customer_id":8849,"order_id":34641,"order_status":"PENDING_PAYMENT"}
{"order_customer_id":329,"order_id":34642,"order_status":"CLOSED"}
{"order_customer_id":3242,"order_id":34643,"order_status":"PENDING_PAYMENT"}
{"order_customer_id":5557,"order_id":34644,"order_status":"PROCESSING"}
{"order_customer_id":736,"order_id":34645,"order_status":"PENDING_PAYMENT"}
{"order_customer_id":798,"order_id":34646,"order_status":"PROCESSING"}
{"order_customer_id":11390,"order_id":34647,"order_status":"PENDING_PAYMENT"}
{"order_customer_id":6897,"order_id":34648,"order_status":"PENDING_PAYMENT"}
{"order_customer_id":1437,"order_id":34649,"order_status":"PENDING_PAYMENT"}
{"order_customer_id":3001,"order_id":34650,"order_status":"CANCELED"}
{"order_customer_id":1285,"order_id":34651,"order_status":"PROCESSING"}
{"order_customer_id":11997,"order_id":34652,"order_status":"PENDING_PAYMENT"}
{"order_customer_id":26,"order_id":34653,"order_status":"COMPLETE"}
{"order_customer_id":608,"order_id":34654,"order_status":"COMPLETE"}
{"order_customer_id":4295,"order_id":34655,"order_status":"COMPLETE"}
{"order_customer_id":89,"order_id":34656,"order_status":"SUSPECTED_FRAUD"}
{"order_customer_id":6421,"order_id":34657,"order_status":"PROCESSING"}
{"order_customer_id":11385,"order_id":34658,"order_status":"PROCESSING"}
{"order_customer_id":4507,"order_id":34659,"order_status":"CANCELED"}
{"order_customer_id":9657,"order_id":34660,"order_status":"COMPLETE"}
{"order_customer_id":8348,"order_id":34661,"order_status":"PROCESSING"}
{"order_customer_id":3116,"order_id":34662,"order_status":"COMPLETE"}
{"order_customer_id":3302,"order_id":34663,"order_status":"PROCESSING"}
{"order_customer_id":5833,"order_id":34664,"order_status":"PROCESSING"}
{"order_customer_id":5023,"order_id":34665,"order_status":"PENDING_PAYMENT"}
{"order_customer_id":7282,"order_id":34666,"order_status":"COMPLETE"}
{"order_customer_id":3498,"order_id":34667,"order_status":"PENDING_PAYMENT"}
{"order_customer_id":4013,"order_id":34668,"order_status":"COMPLETE"}
{"order_customer_id":151,"order_id":34669,"order_status":"PENDING_PAYMENT"}
{"order_customer_id":3058,"order_id":63367,"order_status":"COMPLETE"}
{"order_customer_id":7475,"order_id":63368,"order_status":"PENDING_PAYMENT"}
{"order_customer_id":5027,"order_id":63369,"order_status":"CLOSED"}
{"order_customer_id":2210,"order_id":63370,"order_status":"PENDING_PAYMENT"}
{"order_customer_id":1262,"order_id":63371,"order_status":"COMPLETE"}
{"order_customer_id":1698,"order_id":63372,"order_status":"PENDING_PAYMENT"}
{"order_customer_id":4773,"order_id":63373,"order_status":"SUSPECTED_FRAUD"}
{"order_customer_id":3924,"order_id":63374,"order_status":"PENDING_PAYMENT"}
{"order_customer_id":1779,"order_id":63375,"order_status":"PAYMENT_REVIEW"}
{"order_customer_id":7625,"order_id":63376,"order_status":"PROCESSING"}
{"order_customer_id":12019,"order_id":63377,"order_status":"PROCESSING"}
{"order_customer_id":4126,"order_id":63378,"order_status":"PROCESSING"}
{"order_customer_id":10904,"order_id":63379,"order_status":"COMPLETE"}
{"order_customer_id":5472,"order_id":63380,"order_status":"PENDING_PAYMENT"}
{"order_customer_id":5238,"order_id":63381,"order_status":"PENDING"}
{"order_customer_id":9142,"order_id":63382,"order_status":"ON_HOLD"}
{"order_customer_id":6412,"order_id":63383,"order_status":"PENDING_PAYMENT"}
{"order_customer_id":7749,"order_id":63384,"order_status":"ON_HOLD"}
{"order_customer_id":6236,"order_id":63385,"order_status":"COMPLETE"}
{"order_customer_id":7555,"order_id":63386,"order_status":"CLOSED"}
{"order_customer_id":12347,"order_id":63387,"order_status":"PENDING"}
{"order_customer_id":9702,"order_id":63388,"order_status":"PENDING_PAYMENT"}
{"order_customer_id":4599,"order_id":63389,"order_status":"PENDING"}
{"order_customer_id":3385,"order_id":63390,"order_status":"PENDING"}
{"order_customer_id":3328,"order_id":63391,"order_status":"PROCESSING"}
{"order_customer_id":8086,"order_id":63392,"order_status":"PROCESSING"}
{"order_customer_id":9012,"order_id":63393,"order_status":"PROCESSING"}
{"order_customer_id":8591,"order_id":63394,"order_status":"COMPLETE"}
{"order_customer_id":12329,"order_id":63395,"order_status":"COMPLETE"}
{"order_customer_id":2856,"order_id":63396,"order_status":"ON_HOLD"}
{"order_customer_id":684,"order_id":63397,"order_status":"COMPLETE"}
{"order_customer_id":785,"order_id":63398,"order_status":"COMPLETE"}
{"order_customer_id":7270,"order_id":63399,"order_status":"PENDING"}
{"order_customer_id":6258,"order_id":63400,"order_status":"CLOSED"}
{"order_customer_id":11018,"order_id":63401,"order_status":"CLOSED"}
{"order_customer_id":12383,"order_id":63402,"order_status":"PENDING"}
{"order_customer_id":9693,"order_id":63403,"order_status":"PENDING_PAYMENT"}
{"order_customer_id":10227,"order_id":63404,"order_status":"PROCESSING"}
{"order_customer_id":1588,"order_id":63405,"order_status":"PENDING"}
{"order_customer_id":3162,"order_id":63406,"order_status":"CANCELED"}
{"order_customer_id":3760,"order_id":68171,"order_status":"PENDING_PAYMENT"}
{"order_customer_id":5998,"order_id":68172,"order_status":"PENDING_PAYMENT"}
{"order_customer_id":8578,"order_id":68173,"order_status":"PENDING_PAYMENT"}
{"order_customer_id":9397,"order_id":68803,"order_status":"CLOSED"}
