{"order_customer_id":7417,"order_id":17339,"order_status":"COMPLETE"}
{"order_customer_id":6248,"order_id":17340,"order_status":"PENDING"}
{"order_customer_id":7249,"order_id":17341,"order_status":"PENDING"}
{"order_customer_id":1898,"order_id":17342,"order_status":"PENDING_PAYMENT"}
{"order_customer_id":3220,"order_id":17343,"order_status":"PROCESSING"}
{"order_customer_id":382,"order_id":17344,"order_status":"PENDING"}
{"order_customer_id":8463,"order_id":17345,"order_status":"CLOSED"}
{"order_customer_id":332,"order_id":17346,"order_status":"PROCESSING"}
{"order_customer_id":11388,"order_id":17347,"order_status":"PENDING"}
{"order_customer_id":10052,"order_id":17348,"order_status":"ON_HOLD"}
{"order_customer_id":8714,"order_id":17349,"order_status":"PROCESSING"}
{"order_customer_id":11285,"order_id":17350,"order_status":"CLOSED"}
{"order_customer_id":2520,"order_id":17351,"order_status":"PENDING"}
{"order_customer_id":10299,"order_id":17352,"order_status":"CLOSED"}
{"order_customer_id":7330,"order_id":17353,"order_status":"CLOSED"}
{"order_customer_id":4644,"order_id":17354,"order_status":"PENDING_PAYMENT"}
{"order_customer_id":10080,"order_id":17355,"order_status":"CLOSED"}
{"order_customer_id":8462,"order_id":17356,"order_status":"CLOSED"}
{"order_customer_id":10253,"order_id":17357,"order_status":"PENDING"}
{"order_customer_id":6868,"order_id":17358,"order_status":"PENDING"}
{"order_customer_id":7531,"order_id":17359,"order_status":"PENDING_PAYMENT"}
{"order_customer_id":7125,"order_id":17360,"order_status":"PENDING_PAYMENT"}
{"order_customer_id":3340,"order_id":17361,"order_status":"COMPLETE"}
{"order_customer_id":4220,"order_id":17362,"order_status":"PENDING"}
{"order_customer_id":5707,"order_id":17363,"order_status":"CANCELED"}
{"order_customer_id":4408,"order_id":17364,"order_status":"PENDING_PAYMENT"}
{"order_customer_id":2485,"order_id":17365,"order_status":"PENDING"}
{"order_customer_id":3603,"order_id":17366,"order_status":"PROCESSING"}
{"order_customer_id":8009,"order_id":17367,"order_status":"PENDING_PAYMENT"}
{"order_customer_id":6220,"order_id":17368,"order_status":"COMPLETE"}
{"order_customer_id":2398,"order_id":17369,"order_status":"COMPLETE"}
{"order_customer_id":1688,"order_id":17370,"order_status":"CLOSED"}
{"order_customer_id":9343,"order_id":17371,"order_status":"COMPLETE"}
{"order_customer_id":4328,"order_id":17372,"order_status":"PENDING"}
{"order_customer_id":662,"order_id":17373,"order_status":"PENDING_PAYMENT"}
{"order_customer_id":11323,"order_id":17374,"order_status":"COMPLETE"}
{"order_customer_id":8757,"order_id":17375,"order_status":"COMPLETE"}
{"order_customer_id":2945,"order_id":17376,"order_status":"COMPLETE"}
{"order_customer_id":12031,"order_id":17377,"order_status":"PROCESSING"}
{"order_customer_id":5396,"order_id":17378,"order_status":"PENDING"}
{"order_customer_id":3887,"order_id":17379,"order_status":"ON_HOLD"}
{"order_customer_id":2331,"order_id":17380,"order_status":"PENDING_PAYMENT"}
{"order_customer_id":6727,"order_id":17381,"order_status":"PENDING"}
{"order_customer_id":5283,"order_id":17382,"order_status":"COMPLETE"}
{"order_customer_id":5327,"order_id":17383,"order_status":"COMPLETE"}
{"order_customer_id":1920,"order_id":17384,"order_status":"PENDING_PAYMENT"}
{"order_customer_id":9563,"order_id":17385,"order_status":"PENDING_PAYMENT"}
{"order_customer_id":1063,"order_id":17386,"order_status":"COMPLETE"}
{"order_customer_id":4290,"order_id":17387,"order_status":"CLOSED"}
{"order_customer_id":513,"order_id":17388,"order_status":"PENDING_PAYMENT"}
{"order_customer_id":10653,"order_id":17389,"order_status":"PENDING"}
{"order_customer_id":6635,"order_id":17390,"order_status":"COMPLETE"}
{"order_customer_id":8788,"order_id":17391,"order_status":"PENDING"}
{"order_customer_id":8480,"order_id":17392,"order_status":"COMPLETE"}
{"order_customer_id":6787,"order_id":17393,"order_status":"PENDING_PAYMENT"}
{"order_customer_id":634,"order_id":17394,"order_status":"PROCESSING"}
{"order_customer_id":9171,"order_id":17395,"order_status":"CLOSED"}
{"order_customer_id":11865,"order_id":17396,"order_status":"PENDING_PAYMENT"}
{"order_customer_id":4147,"order_id":17397,"order_status":"PENDING_PAYMENT"}
{"order_customer_id":5929,"order_id":17398,"order_status":"CLOSED"}
{"order_customer_id":6562,"order_id":17399,"order_status":"COMPLETE"}
{"order_customer_id":5360,"order_id":17400,"order_status":"COMPLETE"}
{"order_customer_id":7424,"order_id":17401,"order_status":"PROCESSING"}
{"order_customer_id":10294,"order_id":17402,"order_status":"PROCESSING"}
{"order_customer_id":11656,"order_id":17403,"order_status":"PROCESSING"}
{"order_customer_id":2031,"order_id":17404,"order_status":"PENDING_PAYMENT"}
{"order_customer_id":1643,"order_id":17405,"order_status":"COMPLETE"}
{"order_customer_id":2800,"order_id":17406,"order_status":"COMPLETE"}
{"order_customer_id":6455,"order_id":17407,"order_status":"COMPLETE"}
{"order_customer_id":7833,"order_id":17408,"order_status":"ON_HOLD"}
{"order_customer_id":303,"order_id":17409,"order_status":"CLOSED"}
{"order_customer_id":3177,"order_id":17410,"order_status":"COMPLETE"}
{"order_customer_id":9901,"order_id":17411,"order_status":"PENDING"}
{"order_customer_id":2438,"order_id":17412,"order_status":"PROCESSING"}
{"order_customer_id":2299,"order_id":17413,"order_status":"PENDING"}
{"order_customer_id":8266,"order_id":17414,"order_status":"CLOSED"}
{"order_customer_id":7060,"order_id":17415,"order_status":"PENDING_PAYMENT"}
{"order_customer_id":10735,"order_id":17416,"order_status":"COMPLETE"}
{"order_customer_id":2116,"order_id":17417,"order_status":"PENDING"}
{"order_customer_id":11734,"order_id":17418,"order_status":"PENDING_PAYMENT"}
{"order_customer_id":7557,"order_id":17419,"order_status":"COMPLETE"}
{"order_customer_id":10634,"order_id":17420,"order_status":"CLOSED"}
{"order_customer_id":5740,"order_id":17421,"order_status":"PROCESSING"}
{"order_customer_id":563,"order_id":17422,"order_status":"PENDING"}
{"order_customer_id":9188,"order_id":17423,"order_status":"CANCELED"}
{"order_customer_id":2304,"order_id":17424,"order_status":"CLOSED"}
{"order_customer_id":6846,"order_id":17425,"order_status":"PENDING"}
{"order_customer_id":10589,"order_id":17426,"order_status":"PENDING_PAYMENT"}
{"order_customer_id":3406,"order_id":17427,"order_status":"CLOSED"}
{"order_customer_id":5083,"order_id":17428,"order_status":"PENDING_PAYMENT"}
{"order_customer_id":5299,"order_id":17429,"order_status":"PENDING_PAYMENT"}
{"order_customer_id":5627,"order_id":17430,"order_status":"PENDING_PAYMENT"}
{"order_customer_id":1552,"order_id":17431,"order_status":"PROCESSING"}
{"order_customer_id":7101,"order_id":17432,"order_status":"ON_HOLD"}
{"order_customer_id":2614,"order_id":17433,"order_status":"PROCESSING"}
{"order_customer_id":11109,"order_id":17434,"order_status":"ON_HOLD"}
{"order_customer_id":8023,"order_id":17435,"order_status":"COMPLETE"}
{"order_customer_id":235,"order_id":17436,"order_status":"SUSPECTED_FRAUD"}
{"order_customer_id":6050,"order_id":17437,"order_status":"PROCESSING"}
{"order_customer_id":11764,"order_id":17438,"order_status":"COMPLETE"}
{"order_customer_id":5419,"order_id":17439,"order_status":"COMPLETE"}
{"order_customer_id":7084,"order_id":17440,"order_status":"COMPLETE"}
{"order_customer_id":3633,"order_id":17441,"order_status":"PENDING"}
{"order_customer_id":4456,"order_id":17442,"order_status":"PROCESSING"}
{"order_customer_id":3358,"order_id":17443,"order_status":"COMPLETE"}
{"order_customer_id":10365,"order_id":17444,"order_status":"COMPLETE"}
{"order_customer_id":3485,"order_id":17445,"order_status":"PENDING"}
{"order_customer_id":8579,"order_id":17446,"order_status":"CLOSED"}
{"order_customer_id":9224,"order_id":17447,"order_status":"PENDING"}
{"order_customer_id":181,"order_id":17448,"order_status":"PENDING_PAYMENT"}
{"order_customer_id":10708,"order_id":17449,"order_status":"COMPLETE"}
{"order_customer_id":9589,"order_id":17450,"order_status":"CLOSED"}
{"order_customer_id":8024,"order_id":17451,"order_status":"COMPLETE"}
{"order_customer_id":6619,"order_id":17452,"order_status":"PENDING_PAYMENT"}
{"order_customer_id":8835,"order_id":17453,"order_status":"PENDING_PAYMENT"}
{"order_customer_id":10450,"order_id":17454,"order_status":"PENDING"}
{"order_customer_id":9169,"order_id":17455,"order_status":"PENDING_PAYMENT"}
{"order_customer_id":2528,"order_id":17456,"order_status":"CLOSED"}
{"order_customer_id":6239,"order_id":17457,"order_status":"PENDING_PAYMENT"}
{"order_customer_id":8362,"order_id":17458,"order_status":"COMPLETE"}
{"order_customer_id":1845,"order_id":17459,"order_status":"PENDING_PAYMENT"}
{"order_customer_id":11833,"order_id":17460,"order_status":"CLOSED"}
{"order_customer_id":1652,"order_id":17461,"order_status":"ON_HOLD"}
{"order_customer_id":3760,"order_id":17462,"order_status":"PENDING_PAYMENT"}
{"order_customer_id":11136,"order_id":17463,"order_status":"ON_HOLD"}
{"order_customer_id":306,"order_id":17464,"order_status":"CLOSED"}
{"order_customer_id":4293,"order_id":17465,"order_status":"COMPLETE"}
{"order_customer_id":9924,"order_id":17466,"order_status":"PENDING_PAYMENT"}
{"order_customer_id":10534,"order_id":17467,"order_status":"COMPLETE"}
{"order_customer_id":2964,"order_id":17468,"order_status":"PENDING_PAYMENT"}
{"order_customer_id":1795,"order_id":17469,"order_status":"CLOSED"}
{"order_customer_id":1828,"order_id":17470,"order_status":"PROCESSING"}
{"order_customer_id":7869,"order_id":17471,"order_status":"COMPLETE"}
{"order_customer_id":2046,"order_id":17472,"order_status":"PENDING"}
{"order_customer_id":7653,"order_id":17473,"order_status":"PENDING_PAYMENT"}
{"order_customer_id":6570,"order_id":17474,"order_status":"PENDING_PAYMENT"}
{"order_customer_id":2459,"order_id":17475,"order_status":"COMPLETE"}
{"order_customer_id":8538,"order_id":17476,"order_status":"COMPLETE"}
{"order_customer_id":5556,"order_id":60511,"order_status":"COMPLETE"}
{"order_customer_id":124,"order_id":60512,"order_status":"PENDING_PAYMENT"}
{"order_customer_id":8805,"order_id":60513,"order_status":"CLOSED"}
{"order_customer_id":6914,"order_id":60514,"order_status":"SUSPECTED_FRAUD"}
{"order_customer_id":10481,"order_id":60515,"order_status":"PENDING"}
{"order_customer_id":1341,"order_id":60516,"order_status":"PROCESSING"}
{"order_customer_id":495,"order_id":60517,"order_status":"PENDING_PAYMENT"}
{"order_customer_id":1269,"order_id":60518,"order_status":"PENDING_PAYMENT"}
{"order_customer_id":7739,"order_id":60519,"order_status":"PENDING"}
{"order_customer_id":10229,"order_id":60520,"order_status":"CLOSED"}
{"order_customer_id":4620,"order_id":60521,"order_status":"COMPLETE"}
{"order_customer_id":4079,"order_id":60522,"order_status":"PROCESSING"}
{"order_customer_id":1659,"order_id":60523,"order_status":"PENDING_PAYMENT"}
{"order_customer_id":9038,"order_id":60524,"order_status":"PENDING"}
{"order_customer_id":10618,"order_id":60525,"order_status":"COMPLETE"}
{"order_customer_id":10871,"order_id":60526,"order_status":"PENDING_PAYMENT"}
{"order_customer_id":4455,"order_id":60527,"order_status":"CANCELED"}
{"order_customer_id":3001,"order_id":60528,"order_status":"PENDING_PAYMENT"}
{"order_customer_id":3157,"order_id":60529,"order_status":"PROCESSING"}
{"order_customer_id":213,"order_id":60530,"order_status":"PENDING"}
{"order_customer_id":4896,"order_id":60531,"order_status":"PENDING_PAYMENT"}
{"order_customer_id":1754,"order_id":60532,"order_status":"PROCESSING"}
{"order_customer_id":12306,"order_id":60533,"order_status":"SUSPECTED_FRAUD"}
{"order_customer_id":1348,"order_id":60534,"order_status":"CLOSED"}
{"order_customer_id":2192,"order_id":60535,"order_status":"COMPLETE"}
{"order_customer_id":5423,"order_id":60536,"order_status":"COMPLETE"}
{"order_customer_id":5045,"order_id":60537,"order_status":"COMPLETE"}
{"order_customer_id":6050,"order_id":67798,"order_status":"PENDING_PAYMENT"}
{"order_customer_id":11541,"order_id":67799,"order_status":"PROCESSING"}
{"order_customer_id":12099,"order_id":67800,"order_status":"CLOSED"}
{"order_customer_id":8487,"order_id":67801,"order_status":"COMPLETE"}
{"order_customer_id":3319,"order_id":67802,"order_status":"PROCESSING"}
