{"order_customer_id":11361,"order_id":11038,"order_status":"COMPLETE"}
{"order_customer_id":9223,"order_id":11039,"order_status":"PROCESSING"}
{"order_customer_id":12061,"order_id":11040,"order_status":"PENDING"}
{"order_customer_id":11178,"order_id":11041,"order_status":"COMPLETE"}
{"order_customer_id":2606,"order_id":11042,"order_status":"PROCESSING"}
{"order_customer_id":11902,"order_id":11043,"order_status":"PENDING"}
{"order_customer_id":3610,"order_id":11044,"order_status":"PENDING"}
{"order_customer_id":7664,"order_id":11045,"order_status":"PENDING_PAYMENT"}
{"order_customer_id":7981,"order_id":11046,"order_status":"COMPLETE"}
{"order_customer_id":6381,"order_id":11047,"order_status":"PENDING_PAYMENT"}
{"order_customer_id":11816,"order_id":11048,"order_status":"PENDING_PAYMENT"}
{"order_customer_id":8173,"order_id":11049,"order_status":"PENDING_PAYMENT"}
{"order_customer_id":1587,"order_id":11050,"order_status":"CLOSED"}
{"order_customer_id":3154,"order_id":11051,"order_status":"PROCESSING"}
{"order_customer_id":9330,"order_id":11052,"order_status":"PROCESSING"}
{"order_customer_id":1059,"order_id":11053,"order_status":"ON_HOLD"}
{"order_customer_id":467,"order_id":11054,"order_status":"PENDING"}
{"order_customer_id":2704,"order_id":11055,"order_status":"PENDING"}
{"order_customer_id":7823,"order_id":11056,"order_status":"PENDING"}
{"order_customer_id":3678,"order_id":11057,"order_status":"COMPLETE"}
{"order_customer_id":4529,"order_id":11058,"order_status":"COMPLETE"}
{"order_customer_id":3755,"order_id":11059,"order_status":"PENDING_PAYMENT"}
{"order_customer_id":3015,"order_id":11060,"order_status":"PENDING"}
{"order_customer_id":698,"order_id":11061,"order_status":"PENDING_PAYMENT"}
{"order_customer_id":3420,"order_id":11062,"order_status":"COMPLETE"}
{"order_customer_id":9071,"order_id":11063,"order_status":"PAYMENT_REVIEW"}
{"order_customer_id":3333,"order_id":11064,"order_status":"PENDING_PAYMENT"}
{"order_customer_id":2729,"order_id":11065,"order_status":"COMPLETE"}
{"order_customer_id":8192,"order_id":11066,"order_status":"COMPLETE"}
{"order_customer_id":4934,"order_id":11067,"order_status":"COMPLETE"}
{"order_customer_id":7096,"order_id":11068,"order_status":"COMPLETE"}
{"order_customer_id":1417,"order_id":11069,"order_status":"PROCESSING"}
{"order_customer_id":10273,"order_id":11070,"order_status":"PENDING"}
{"order_customer_id":4940,"order_id":11071,"order_status":"COMPLETE"}
{"order_customer_id":9954,"order_id":11072,"order_status":"COMPLETE"}
{"order_customer_id":10429,"order_id":11073,"order_status":"PENDING_PAYMENT"}
{"order_customer_id":8204,"order_id":11074,"order_status":"CLOSED"}
{"order_customer_id":5639,"order_id":11075,"order_status":"PENDING_PAYMENT"}
{"order_customer_id":328,"order_id":11076,"order_status":"COMPLETE"}
{"order_customer_id":11767,"order_id":11077,"order_status":"PENDING"}
{"order_customer_id":3531,"order_id":11078,"order_status":"PENDING_PAYMENT"}
{"order_customer_id":2217,"order_id":11079,"order_status":"CLOSED"}
{"order_customer_id":6140,"order_id":11080,"order_status":"COMPLETE"}
{"order_customer_id":4000,"order_id":11081,"order_status":"CLOSED"}
{"order_customer_id":11570,"order_id":11082,"order_status":"COMPLETE"}
{"order_customer_id":2550,"order_id":11083,"order_status":"COMPLETE"}
{"order_customer_id":10701,"order_id":11084,"order_status":"COMPLETE"}
{"order_customer_id":4308,"order_id":11085,"order_status":"PENDING_PAYMENT"}
{"order_customer_id":10853,"order_id":11086,"order_status":"PENDING_PAYMENT"}
{"order_customer_id":4999,"order_id":11087,"order_status":"COMPLETE"}
{"order_customer_id":6042,"order_id":11088,"order_status":"ON_HOLD"}
{"order_customer_id":1872,"order_id":11089,"order_status":"PROCESSING"}
{"order_customer_id":9769,"order_id":11090,"order_status":"COMPLETE"}
{"order_customer_id":7899,"order_id":11091,"order_status":"COMPLETE"}
{"order_customer_id":2114,"order_id":11092,"order_status":"CLOSED"}
{"order_customer_id":2291,"order_id":11093,"order_status":"COMPLETE"}
{"order_customer_id":6592,"order_id":11094,"order_status":"PROCESSING"}
{"order_customer_id":664,"order_id":11095,"order_status":"COMPLETE"}
{"order_customer_id":1889,"order_id":11096,"order_status":"COMPLETE"}
{"order_customer_id":10766,"order_id":11097,"order_status":"PROCESSING"}
{"order_customer_id":3024,"order_id":11098,"order_status":"PENDING"}
{"order_customer_id":2187,"order_id":11099,"order_status":"PENDING_PAYMENT"}
{"order_customer_id":8929,"order_id":11100,"order_status":"CLOSED"}
{"order_customer_id":11637,"order_id":11101,"order_status":"COMPLETE"}
{"order_customer_id":1338,"order_id":11102,"order_status":"PENDING_PAYMENT"}
{"order_customer_id":1392,"order_id":11103,"order_status":"CLOSED"}
{"order_customer_id":626,"order_id":11104,"order_status":"PENDING_PAYMENT"}
{"order_customer_id":6150,"order_id":11105,"order_status":"COMPLETE"}
{"order_customer_id":1667,"order_id":11106,"order_status":"CLOSED"}
{"order_customer_id":9247,"order_id":11107,"order_status":"PENDING"}
{"order_customer_id":7411,"order_id":11108,"order_status":"COMPLETE"}
{"order_customer_id":5413,"order_id":11109,"order_status":"PROCESSING"}
{"order_customer_id":1461,"order_id":11110,"order_status":"ON_HOLD"}
{"order_customer_id":4887,"order_id":11111,"order_status":"COMPLETE"}
{"order_customer_id":4964,"order_id":11112,"order_status":"ON_HOLD"}
{"order_customer_id":5519,"order_id":11113,"order_status":"PENDING_PAYMENT"}
{"order_customer_id":2628,"order_id":11114,"order_status":"COMPLETE"}
{"order_customer_id":9222,"order_id":11115,"order_status":"COMPLETE"}
{"order_customer_id":9458,"order_id":11116,"order_status":"COMPLETE"}
{"order_customer_id":10478,"order_id":59485,"order_status":"PENDING_PAYMENT"}
{"order_customer_id":6044,"order_id":59486,"order_status":"PROCESSING"}
{"order_customer_id":9540,"order_id":59487,"order_status":"PENDING_PAYMENT"}
{"order_customer_id":7559,"order_id":59488,"order_status":"PROCESSING"}
{"order_customer_id":4403,"order_id":59489,"order_status":"COMPLETE"}
{"order_customer_id":9171,"order_id":59490,"order_status":"COMPLETE"}
{"order_customer_id":2355,"order_id":59491,"order_status":"COMPLETE"}
{"order_customer_id":12277,"order_id":59492,"order_status":"CLOSED"}
{"order_customer_id":1798,"order_id":59493,"order_status":"COMPLETE"}
{"order_customer_id":3277,"order_id":59494,"order_status":"COMPLETE"}
{"order_customer_id":4430,"order_id":59495,"order_status":"PENDING_PAYMENT"}
{"order_customer_id":11215,"order_id":59496,"order_status":"COMPLETE"}
{"order_customer_id":11175,"order_id":59497,"order_status":"PROCESSING"}
{"order_customer_id":8746,"order_id":59498,"order_status":"PROCESSING"}
{"order_customer_id":10664,"order_id":59499,"order_status":"ON_HOLD"}
{"order_customer_id":1357,"order_id":59500,"order_status":"COMPLETE"}
{"order_customer_id":9737,"order_id":59501,"order_status":"PENDING_PAYMENT"}
{"order_customer_id":8964,"order_id":59502,"order_status":"PENDING"}
{"order_customer_id":9780,"order_id":59503,"order_status":"COMPLETE"}
{"order_customer_id":8706,"order_id":59504,"order_status":"PENDING_PAYMENT"}
{"order_customer_id":1408,"order_id":59505,"order_status":"COMPLETE"}
{"order_customer_id":10401,"order_id":59506,"order_status":"COMPLETE"}
{"order_customer_id":9597,"order_id":59507,"order_status":"CANCELED"}
{"order_customer_id":3581,"order_id":59508,"order_status":"PAYMENT_REVIEW"}
{"order_customer_id":9346,"order_id":59509,"order_status":"CLOSED"}
{"order_customer_id":10625,"order_id":59510,"order_status":"COMPLETE"}
{"order_customer_id":6156,"order_id":59511,"order_status":"PENDING_PAYMENT"}
{"order_customer_id":374,"order_id":59512,"order_status":"CANCELED"}
{"order_customer_id":7978,"order_id":67667,"order_status":"PENDING_PAYMENT"}
{"order_customer_id":8375,"order_id":67668,"order_status":"CLOSED"}
{"order_customer_id":11625,"order_id":67669,"order_status":"CLOSED"}
{"order_customer_id":7795,"order_id":68725,"order_status":"PROCESSING"}
