{"order_customer_id":4320,"order_id":25188,"order_status":"COMPLETE"}
{"order_customer_id":8521,"order_id":25189,"order_status":"ON_HOLD"}
{"order_customer_id":10962,"order_id":25190,"order_status":"PENDING_PAYMENT"}
{"order_customer_id":3595,"order_id":25191,"order_status":"COMPLETE"}
{"order_customer_id":8926,"order_id":25192,"order_status":"PAYMENT_REVIEW"}
{"order_customer_id":8286,"order_id":25193,"order_status":"PROCESSING"}
{"order_customer_id":125,"order_id":25194,"order_status":"COMPLETE"}
{"order_customer_id":6755,"order_id":25195,"order_status":"SUSPECTED_FRAUD"}
{"order_customer_id":11245,"order_id":25196,"order_status":"PENDING"}
{"order_customer_id":10366,"order_id":25197,"order_status":"COMPLETE"}
{"order_customer_id":9832,"order_id":25198,"order_status":"PENDING_PAYMENT"}
{"order_customer_id":12004,"order_id":25199,"order_status":"PENDING_PAYMENT"}
{"order_customer_id":12318,"order_id":25200,"order_status":"COMPLETE"}
{"order_customer_id":10943,"order_id":25201,"order_status":"COMPLETE"}
{"order_customer_id":3636,"order_id":25202,"order_status":"COMPLETE"}
{"order_customer_id":12013,"order_id":25203,"order_status":"SUSPECTED_FRAUD"}
{"order_customer_id":7629,"order_id":25204,"order_status":"CLOSED"}
{"order_customer_id":427,"order_id":25205,"order_status":"PENDING_PAYMENT"}
{"order_customer_id":3074,"order_id":25206,"order_status":"PROCESSING"}
{"order_customer_id":9162,"order_id":25207,"order_status":"COMPLETE"}
{"order_customer_id":4807,"order_id":25208,"order_status":"CLOSED"}
{"order_customer_id":6338,"order_id":25209,"order_status":"COMPLETE"}
{"order_customer_id":11367,"order_id":25210,"order_status":"CLOSED"}
{"order_customer_id":2909,"order_id":25211,"order_status":"CLOSED"}
{"order_customer_id":2245,"order_id":25212,"order_status":"PENDING_PAYMENT"}
{"order_customer_id":3480,"order_id":25213,"order_status":"COMPLETE"}
{"order_customer_id":11432,"order_id":25214,"order_status":"COMPLETE"}
{"order_customer_id":11627,"order_id":25215,"order_status":"PENDING_PAYMENT"}
{"order_customer_id":3895,"order_id":25216,"order_status":"PROCESSING"}
{"order_customer_id":911,"order_id":25217,"order_status":"COMPLETE"}
{"order_customer_id":7730,"order_id":25218,"order_status":"PENDING_PAYMENT"}
{"order_customer_id":10510,"order_id":25219,"order_status":"COMPLETE"}
{"order_customer_id":9715,"order_id":25220,"order_status":"PENDING"}
{"order_customer_id":3993,"order_id":25221,"order_status":"PENDING_PAYMENT"}
{"order_customer_id":10197,"order_id":25222,"order_status":"PROCESSING"}
{"order_customer_id":1244,"order_id":25223,"order_status":"COMPLETE"}
{"order_customer_id":8586,"order_id":25224,"order_status":"COMPLETE"}
{"order_customer_id":6299,"order_id":25225,"order_status":"PENDING_PAYMENT"}
{"order_customer_id":7974,"order_id":25226,"order_status":"COMPLETE"}
{"order_customer_id":11518,"order_id":25227,"order_status":"PENDING"}
{"order_customer_id":4936,"order_id":25228,"order_status":"PENDING_PAYMENT"}
{"order_customer_id":6352,"order_id":25229,"order_status":"COMPLETE"}
{"order_customer_id":6085,"order_id":25230,"order_status":"PENDING_PAYMENT"}
{"order_customer_id":10763,"order_id":25231,"order_status":"PROCESSING"}
{"order_customer_id":1180,"order_id":25232,"order_status":"PENDING_PAYMENT"}
{"order_customer_id":3984,"order_id":25233,"order_status":"PENDING"}
{"order_customer_id":10922,"order_id":25234,"order_status":"CANCELED"}
{"order_customer_id":7746,"order_id":25235,"order_status":"CLOSED"}
{"order_customer_id":7444,"order_id":25236,"order_status":"COMPLETE"}
{"order_customer_id":6581,"order_id":25237,"order_status":"PENDING_PAYMENT"}
{"order_customer_id":9697,"order_id":25238,"order_status":"PENDING_PAYMENT"}
{"order_customer_id":9790,"order_id":25239,"order_status":"PENDING"}
{"order_customer_id":5610,"order_id":25240,"order_status":"SUSPECTED_FRAUD"}
{"order_customer_id":10337,"order_id":25241,"order_status":"COMPLETE"}
{"order_customer_id":6245,"order_id":25242,"order_status":"COMPLETE"}
{"order_customer_id":4593,"order_id":25243,"order_status":"COMPLETE"}
{"order_customer_id":2300,"order_id":25244,"order_status":"COMPLETE"}
{"order_customer_id":6392,"order_id":25245,"order_status":"PROCESSING"}
{"order_customer_id":9708,"order_id":25246,"order_status":"PROCESSING"}
{"order_customer_id":715,"order_id":25247,"order_status":"PROCESSING"}
{"order_customer_id":8397,"order_id":25248,"order_status":"PENDING_PAYMENT"}
{"order_customer_id":8481,"order_id":25249,"order_status":"COMPLETE"}
{"order_customer_id":9023,"order_id":25250,"order_status":"PENDING"}
{"order_customer_id":12028,"order_id":25251,"order_status":"CLOSED"}
{"order_customer_id":9079,"order_id":25252,"order_status":"PENDING_PAYMENT"}
{"order_customer_id":679,"order_id":25253,"order_status":"PROCESSING"}
{"order_customer_id":375,"order_id":25254,"order_status":"COMPLETE"}
{"order_customer_id":5842,"order_id":25255,"order_status":"PENDING"}
{"order_customer_id":10063,"order_id":25256,"order_status":"CLOSED"}
{"order_customer_id":2942,"order_id":25257,"order_status":"PENDING_PAYMENT"}
{"order_customer_id":11910,"order_id":25258,"order_status":"PENDING_PAYMENT"}
{"order_customer_id":1478,"order_id":25259,"order_status":"PENDING"}
{"order_customer_id":4672,"order_id":25260,"order_status":"PENDING"}
{"order_customer_id":10963,"order_id":25261,"order_status":"PENDING"}
{"order_customer_id":9065,"order_id":25262,"order_status":"COMPLETE"}
{"order_customer_id":2600,"order_id":25263,"order_status":"CLOSED"}
{"order_customer_id":11268,"order_id":25264,"order_status":"COMPLETE"}
{"order_customer_id":12268,"order_id":25265,"order_status":"PENDING"}
{"order_customer_id":430,"order_id":25266,"order_status":"PENDING_PAYMENT"}
{"order_customer_id":12102,"order_id":25267,"order_status":"CLOSED"}
{"order_customer_id":8410,"order_id":25268,"order_status":"COMPLETE"}
{"order_customer_id":10374,"order_id":25269,"order_status":"PENDING_PAYMENT"}
{"order_customer_id":12037,"order_id":25270,"order_status":"ON_HOLD"}
{"order_customer_id":10251,"order_id":25271,"order_status":"PENDING_PAYMENT"}
{"order_customer_id":228,"order_id":25272,"order_status":"COMPLETE"}
{"order_customer_id":8714,"order_id":25273,"order_status":"COMPLETE"}
{"order_customer_id":10831,"order_id":25274,"order_status":"COMPLETE"}
{"order_customer_id":717,"order_id":25275,"order_status":"PENDING"}
{"order_customer_id":7248,"order_id":25276,"order_status":"ON_HOLD"}
{"order_customer_id":11130,"order_id":25277,"order_status":"PENDING_PAYMENT"}
{"order_customer_id":2964,"order_id":25278,"order_status":"CANCELED"}
{"order_customer_id":11096,"order_id":25279,"order_status":"COMPLETE"}
{"order_customer_id":3136,"order_id":25280,"order_status":"ON_HOLD"}
{"order_customer_id":6591,"order_id":25281,"order_status":"SUSPECTED_FRAUD"}
{"order_customer_id":4586,"order_id":25282,"order_status":"PENDING"}
{"order_customer_id":6133,"order_id":25283,"order_status":"PENDING_PAYMENT"}
{"order_customer_id":7660,"order_id":25284,"order_status":"CLOSED"}
{"order_customer_id":481,"order_id":25285,"order_status":"COMPLETE"}
{"order_customer_id":8652,"order_id":25286,"order_status":"COMPLETE"}
{"order_customer_id":7622,"order_id":25287,"order_status":"COMPLETE"}
{"order_customer_id":8601,"order_id":25288,"order_status":"PROCESSING"}
{"order_customer_id":10119,"order_id":25289,"order_status":"PROCESSING"}
{"order_customer_id":1462,"order_id":25290,"order_status":"COMPLETE"}
{"order_customer_id":11228,"order_id":25291,"order_status":"COMPLETE"}
{"order_customer_id":2433,"order_id":25292,"order_status":"CLOSED"}
{"order_customer_id":12334,"order_id":25293,"order_status":"COMPLETE"}
{"order_customer_id":3212,"order_id":25294,"order_status":"COMPLETE"}
{"order_customer_id":7682,"order_id":25295,"order_status":"PENDING_PAYMENT"}
{"order_customer_id":12202,"order_id":25296,"order_status":"PENDING_PAYMENT"}
{"order_customer_id":3527,"order_id":25297,"order_status":"COMPLETE"}
{"order_customer_id":11612,"order_id":25298,"order_status":"CLOSED"}
{"order_customer_id":3177,"order_id":25299,"order_status":"COMPLETE"}
{"order_customer_id":12335,"order_id":25300,"order_status":"COMPLETE"}
{"order_customer_id":2848,"order_id":25301,"order_status":"COMPLETE"}
{"order_customer_id":9226,"order_id":25302,"order_status":"ON_HOLD"}
{"order_customer_id":11481,"order_id":25303,"order_status":"ON_HOLD"}
{"order_customer_id":1881,"order_id":25304,"order_status":"COMPLETE"}
{"order_customer_id":5830,"order_id":25305,"order_status":"COMPLETE"}
{"order_customer_id":7306,"order_id":25306,"order_status":"COMPLETE"}
{"order_customer_id":7138,"order_id":25307,"order_status":"COMPLETE"}
{"order_customer_id":6716,"order_id":25308,"order_status":"PROCESSING"}
{"order_customer_id":9159,"order_id":25309,"order_status":"CLOSED"}
{"order_customer_id":5418,"order_id":25310,"order_status":"PROCESSING"}
{"order_customer_id":6953,"order_id":25311,"order_status":"SUSPECTED_FRAUD"}
{"order_customer_id":2781,"order_id":25312,"order_status":"COMPLETE"}
{"order_customer_id":194,"order_id":25313,"order_status":"CLOSED"}
{"order_customer_id":9943,"order_id":25314,"order_status":"PENDING"}
{"order_customer_id":11065,"order_id":25315,"order_status":"PENDING_PAYMENT"}
{"order_customer_id":2381,"order_id":25316,"order_status":"PENDING_PAYMENT"}
{"order_customer_id":2796,"order_id":25317,"order_status":"PENDING"}
{"order_customer_id":2959,"order_id":25318,"order_status":"PROCESSING"}
{"order_customer_id":5540,"order_id":25319,"order_status":"PENDING_PAYMENT"}
{"order_customer_id":9232,"order_id":25320,"order_status":"PENDING_PAYMENT"}
{"order_customer_id":5695,"order_id":25321,"order_status":"COMPLETE"}
{"order_customer_id":537,"order_id":25322,"order_status":"PENDING_PAYMENT"}
{"order_customer_id":7607,"order_id":25323,"order_status":"PROCESSING"}
{"order_customer_id":6005,"order_id":25324,"order_status":"COMPLETE"}
{"order_customer_id":9137,"order_id":25325,"order_status":"PROCESSING"}
{"order_customer_id":5583,"order_id":25326,"order_status":"PENDING"}
{"order_customer_id":5303,"order_id":25327,"order_status":"CLOSED"}
{"order_customer_id":3646,"order_id":25328,"order_status":"PENDING_PAYMENT"}
{"order_customer_id":10724,"order_id":25329,"order_status":"COMPLETE"}
{"order_customer_id":9490,"order_id":25330,"order_status":"PENDING_PAYMENT"}
{"order_customer_id":5947,"order_id":25331,"order_status":"COMPLETE"}
{"order_customer_id":8245,"order_id":25332,"order_status":"CLOSED"}
{"order_customer_id":10061,"order_id":25333,"order_status":"PENDING"}
{"order_customer_id":5763,"order_id":25334,"order_status":"PENDING"}
{"order_customer_id":1126,"order_id":25335,"order_status":"PENDING"}
{"order_customer_id":3396,"order_id":25336,"order_status":"COMPLETE"}
{"order_customer_id":3886,"order_id":25337,"order_status":"COMPLETE"}
{"order_customer_id":1109,"order_id":25338,"order_status":"COMPLETE"}
{"order_customer_id":7319,"order_id":25339,"order_status":"CLOSED"}
{"order_customer_id":7114,"order_id":25340,"order_status":"PROCESSING"}
{"order_customer_id":5499,"order_id":25341,"order_status":"CLOSED"}
{"order_customer_id":12153,"order_id":25342,"order_status":"COMPLETE"}
{"order_customer_id":9960,"order_id":25343,"order_status":"COMPLETE"}
{"order_customer_id":7434,"order_id":25344,"order_status":"COMPLETE"}
{"order_customer_id":2246,"order_id":25345,"order_status":"PENDING_PAYMENT"}
{"order_customer_id":8757,"order_id":25346,"order_status":"PAYMENT_REVIEW"}
{"order_customer_id":9416,"order_id":25347,"order_status":"CLOSED"}
{"order_customer_id":8314,"order_id":25348,"order_status":"PROCESSING"}
{"order_customer_id":5939,"order_id":25349,"order_status":"PENDING"}
{"order_customer_id":11059,"order_id":25350,"order_status":"COMPLETE"}
{"order_customer_id":2309,"order_id":25351,"order_status":"COMPLETE"}
{"order_customer_id":4250,"order_id":25352,"order_status":"COMPLETE"}
{"order_customer_id":1707,"order_id":25353,"order_status":"PENDING_PAYMENT"}
{"order_customer_id":2646,"order_id":25354,"order_status":"COMPLETE"}
{"order_customer_id":4438,"order_id":25355,"order_status":"CLOSED"}
{"order_customer_id":11794,"order_id":25356,"order_status":"PROCESSING"}
{"order_customer_id":1436,"order_id":25357,"order_status":"PENDING"}
{"order_customer_id":8527,"order_id":25358,"order_status":"CLOSED"}
{"order_customer_id":2341,"order_id":25359,"order_status":"PROCESSING"}
{"order_customer_id":9990,"order_id":25360,"order_status":"ON_HOLD"}
{"order_customer_id":2016,"order_id":25361,"order_status":"PENDING"}
{"order_customer_id":4970,"order_id":25362,"order_status":"COMPLETE"}
{"order_customer_id":3848,"order_id":25363,"order_status":"PENDING_PAYMENT"}
{"order_customer_id":11799,"order_id":25364,"order_status":"PENDING"}
{"order_customer_id":12211,"order_id":25365,"order_status":"COMPLETE"}
{"order_customer_id":8697,"order_id":25366,"order_status":"PENDING_PAYMENT"}
{"order_customer_id":3362,"order_id":25367,"order_status":"PENDING_PAYMENT"}
{"order_customer_id":12397,"order_id":25368,"order_status":"CLOSED"}
{"order_customer_id":10553,"order_id":25369,"order_status":"PENDING_PAYMENT"}
{"order_customer_id":8401,"order_id":25370,"order_status":"PENDING_PAYMENT"}
{"order_customer_id":6869,"order_id":25371,"order_status":"PROCESSING"}
{"order_customer_id":1858,"order_id":25372,"order_status":"PENDING_PAYMENT"}
{"order_customer_id":3376,"order_id":25373,"order_status":"PENDING_PAYMENT"}
{"order_customer_id":2505,"order_id":25374,"order_status":"PENDING_PAYMENT"}
{"order_customer_id":139,"order_id":25375,"order_status":"PENDING_PAYMENT"}
{"order_customer_id":7217,"order_id":25376,"order_status":"COMPLETE"}
{"order_customer_id":7530,"order_id":25377,"order_status":"CLOSED"}
{"order_customer_id":10420,"order_id":25378,"order_status":"PROCESSING"}
{"order_customer_id":9608,"order_id":25379,"order_status":"PENDING_PAYMENT"}
{"order_customer_id":10915,"order_id":25380,"order_status":"COMPLETE"}
{"order_customer_id":5883,"order_id":61822,"order_status":"PENDING_PAYMENT"}
{"order_customer_id":3303,"order_id":61823,"order_status":"COMPLETE"}
{"order_customer_id":6570,"order_id":61824,"order_status":"PAYMENT_REVIEW"}
{"order_customer_id":2129,"order_id":61825,"order_status":"COMPLETE"}
{"order_customer_id":8115,"order_id":61826,"order_status":"PROCESSING"}
{"order_customer_id":10245,"order_id":61827,"order_status":"CLOSED"}
{"order_customer_id":8531,"order_id":61828,"order_status":"PENDING_PAYMENT"}
{"order_customer_id":1083,"order_id":61829,"order_status":"PENDING_PAYMENT"}
{"order_customer_id":2089,"order_id":61830,"order_status":"ON_HOLD"}
{"order_customer_id":2652,"order_id":61831,"order_status":"COMPLETE"}
{"order_customer_id":3422,"order_id":61832,"order_status":"PENDING_PAYMENT"}
{"order_customer_id":7584,"order_id":61833,"order_status":"PENDING_PAYMENT"}
{"order_customer_id":4618,"order_id":61834,"order_status":"PENDING_PAYMENT"}
{"order_customer_id":6568,"order_id":61835,"order_status":"COMPLETE"}
{"order_customer_id":11425,"order_id":61836,"order_status":"PENDING_PAYMENT"}
{"order_customer_id":10970,"order_id":61837,"order_status":"COMPLETE"}
{"order_customer_id":80,"order_id":61838,"order_status":"PENDING_PAYMENT"}
{"order_customer_id":3301,"order_id":61839,"order_status":"CANCELED"}
{"order_customer_id":1258,"order_id":61840,"order_status":"COMPLETE"}
{"order_customer_id":67,"order_id":61841,"order_status":"PENDING_PAYMENT"}
{"order_customer_id":6324,"order_id":61842,"order_status":"COMPLETE"}
{"order_customer_id":9830,"order_id":61843,"order_status":"PENDING_PAYMENT"}
{"order_customer_id":2409,"order_id":61844,"order_status":"COMPLETE"}
{"order_customer_id":11005,"order_id":67958,"order_status":"COMPLETE"}
{"order_customer_id":153,"order_id":67959,"order_status":"COMPLETE"}
{"order_customer_id":8103,"order_id":67960,"order_status":"PROCESSING"}
{"order_customer_id":3532,"order_id":67961,"order_status":"PENDING_PAYMENT"}
{"order_customer_id":9931,"order_id":67962,"order_status":"COMPLETE"}
{"order_customer_id":4438,"order_id":67963,"order_status":"PROCESSING"}
