{"order_customer_id":6521,"order_id":41428,"order_status":"PENDING"}
{"order_customer_id":7986,"order_id":41429,"order_status":"PROCESSING"}
{"order_customer_id":4877,"order_id":41430,"order_status":"PENDING"}
{"order_customer_id":9572,"order_id":41431,"order_status":"PENDING"}
{"order_customer_id":5990,"order_id":41432,"order_status":"PENDING_PAYMENT"}
{"order_customer_id":8989,"order_id":41433,"order_status":"COMPLETE"}
{"order_customer_id":8084,"order_id":41434,"order_status":"PENDING_PAYMENT"}
{"order_customer_id":1435,"order_id":41435,"order_status":"PENDING_PAYMENT"}
{"order_customer_id":9367,"order_id":41436,"order_status":"COMPLETE"}
{"order_customer_id":10418,"order_id":41437,"order_status":"PROCESSING"}
{"order_customer_id":10509,"order_id":41438,"order_status":"COMPLETE"}
{"order_customer_id":10344,"order_id":41439,"order_status":"COMPLETE"}
{"order_customer_id":10873,"order_id":41440,"order_status":"CLOSED"}
{"order_customer_id":3438,"order_id":41441,"order_status":"COMPLETE"}
{"order_customer_id":223,"order_id":41442,"order_status":"PENDING_PAYMENT"}
{"order_customer_id":8051,"order_id":41443,"order_status":"PROCESSING"}
{"order_customer_id":853,"order_id":41444,"order_status":"PENDING"}
{"order_customer_id":8024,"order_id":41445,"order_status":"PAYMENT_REVIEW"}
{"order_customer_id":11442,"order_id":41446,"order_status":"PENDING_PAYMENT"}
{"order_customer_id":1981,"order_id":41447,"order_status":"COMPLETE"}
{"order_customer_id":1775,"order_id":41448,"order_status":"PENDING_PAYMENT"}
{"order_customer_id":12285,"order_id":41449,"order_status":"PROCESSING"}
{"order_customer_id":9579,"order_id":41450,"order_status":"PENDING_PAYMENT"}
{"order_customer_id":7323,"order_id":41451,"order_status":"PENDING"}
{"order_customer_id":1990,"order_id":41452,"order_status":"COMPLETE"}
{"order_customer_id":2657,"order_id":41453,"order_status":"COMPLETE"}
{"order_customer_id":1748,"order_id":41454,"order_status":"PENDING_PAYMENT"}
{"order_customer_id":542,"order_id":41455,"order_status":"PROCESSING"}
{"order_customer_id":296,"order_id":41456,"order_status":"PENDING_PAYMENT"}
{"order_customer_id":9614,"order_id":41457,"order_status":"COMPLETE"}
{"order_customer_id":112,"order_id":41458,"order_status":"PENDING_PAYMENT"}
{"order_customer_id":5594,"order_id":41459,"order_status":"COMPLETE"}
{"order_customer_id":3752,"order_id":41460,"order_status":"PROCESSING"}
{"order_customer_id":979,"order_id":41461,"order_status":"COMPLETE"}
{"order_customer_id":6804,"order_id":41462,"order_status":"PENDING"}
{"order_customer_id":7190,"order_id":41463,"order_status":"COMPLETE"}
{"order_customer_id":5905,"order_id":41464,"order_status":"PENDING_PAYMENT"}
{"order_customer_id":1347,"order_id":41465,"order_status":"PENDING_PAYMENT"}
{"order_customer_id":2400,"order_id":41466,"order_status":"CANCELED"}
{"order_customer_id":905,"order_id":41467,"order_status":"COMPLETE"}
{"order_customer_id":11431,"order_id":41468,"order_status":"CLOSED"}
{"order_customer_id":9621,"order_id":41469,"order_status":"COMPLETE"}
{"order_customer_id":1784,"order_id":41470,"order_status":"PENDING_PAYMENT"}
{"order_customer_id":297,"order_id":41471,"order_status":"PROCESSING"}
{"order_customer_id":2043,"order_id":41472,"order_status":"COMPLETE"}
{"order_customer_id":12228,"order_id":41473,"order_status":"PENDING_PAYMENT"}
{"order_customer_id":10810,"order_id":41474,"order_status":"COMPLETE"}
{"order_customer_id":11314,"order_id":41475,"order_status":"PROCESSING"}
{"order_customer_id":3553,"order_id":41476,"order_status":"PROCESSING"}
{"order_customer_id":11786,"order_id":41477,"order_status":"CLOSED"}
{"order_customer_id":7490,"order_id":41478,"order_status":"COMPLETE"}
{"order_customer_id":4582,"order_id":41479,"order_status":"CLOSED"}
{"order_customer_id":4653,"order_id":41480,"order_status":"PENDING_PAYMENT"}
{"order_customer_id":2486,"order_id":41481,"order_status":"PROCESSING"}
{"order_customer_id":3961,"order_id":41482,"order_status":"ON_HOLD"}
{"order_customer_id":8017,"order_id":41483,"order_status":"PROCESSING"}
{"order_customer_id":6239,"order_id":41484,"order_status":"COMPLETE"}
{"order_customer_id":10247,"order_id":41485,"order_status":"PENDING"}
{"order_customer_id":8150,"order_id":41486,"order_status":"ON_HOLD"}
{"order_customer_id":9589,"order_id":41487,"order_status":"COMPLETE"}
{"order_customer_id":5635,"order_id":41488,"order_status":"ON_HOLD"}
{"order_customer_id":10345,"order_id":41489,"order_status":"CLOSED"}
{"order_customer_id":1910,"order_id":41490,"order_status":"PENDING_PAYMENT"}
{"order_customer_id":4477,"order_id":41491,"order_status":"COMPLETE"}
{"order_customer_id":7303,"order_id":41492,"order_status":"PENDING"}
{"order_customer_id":5069,"order_id":41493,"order_status":"COMPLETE"}
{"order_customer_id":1173,"order_id":41494,"order_status":"COMPLETE"}
{"order_customer_id":175,"order_id":41495,"order_status":"PROCESSING"}
{"order_customer_id":569,"order_id":41496,"order_status":"PENDING"}
{"order_customer_id":5143,"order_id":41497,"order_status":"CANCELED"}
{"order_customer_id":371,"order_id":64393,"order_status":"COMPLETE"}
{"order_customer_id":12118,"order_id":64394,"order_status":"PENDING_PAYMENT"}
{"order_customer_id":6313,"order_id":64395,"order_status":"CANCELED"}
{"order_customer_id":2399,"order_id":64396,"order_status":"COMPLETE"}
{"order_customer_id":3696,"order_id":64397,"order_status":"COMPLETE"}
{"order_customer_id":2523,"order_id":64398,"order_status":"CLOSED"}
{"order_customer_id":2352,"order_id":64399,"order_status":"PENDING_PAYMENT"}
{"order_customer_id":10440,"order_id":64400,"order_status":"COMPLETE"}
{"order_customer_id":12373,"order_id":64401,"order_status":"COMPLETE"}
{"order_customer_id":3983,"order_id":64402,"order_status":"CLOSED"}
{"order_customer_id":342,"order_id":64403,"order_status":"PENDING"}
{"order_customer_id":11827,"order_id":64404,"order_status":"CLOSED"}
{"order_customer_id":2021,"order_id":64405,"order_status":"COMPLETE"}
{"order_customer_id":3074,"order_id":64406,"order_status":"COMPLETE"}
{"order_customer_id":5600,"order_id":64407,"order_status":"COMPLETE"}
{"order_customer_id":370,"order_id":64408,"order_status":"ON_HOLD"}
{"order_customer_id":6488,"order_id":64409,"order_status":"PENDING_PAYMENT"}
{"order_customer_id":3051,"order_id":64410,"order_status":"ON_HOLD"}
{"order_customer_id":7265,"order_id":64411,"order_status":"PENDING"}
{"order_customer_id":363,"order_id":64412,"order_status":"COMPLETE"}
{"order_customer_id":11438,"order_id":64413,"order_status":"PROCESSING"}
{"order_customer_id":898,"order_id":64414,"order_status":"PENDING_PAYMENT"}
{"order_customer_id":4001,"order_id":64415,"order_status":"CLOSED"}
{"order_customer_id":7282,"order_id":64416,"order_status":"COMPLETE"}
{"order_customer_id":4588,"order_id":64417,"order_status":"PENDING_PAYMENT"}
{"order_customer_id":7156,"order_id":64418,"order_status":"ON_HOLD"}
{"order_customer_id":472,"order_id":64419,"order_status":"PROCESSING"}
{"order_customer_id":726,"order_id":64420,"order_status":"PENDING_PAYMENT"}
{"order_customer_id":10803,"order_id":64421,"order_status":"CLOSED"}
{"order_customer_id":1490,"order_id":64422,"order_status":"ON_HOLD"}
{"order_customer_id":4754,"order_id":64423,"order_status":"COMPLETE"}
{"order_customer_id":5184,"order_id":64424,"order_status":"CLOSED"}
{"order_customer_id":7368,"order_id":64425,"order_status":"PENDING"}
{"order_customer_id":100,"order_id":64426,"order_status":"PENDING"}
{"order_customer_id":7680,"order_id":64427,"order_status":"COMPLETE"}
{"order_customer_id":2843,"order_id":64428,"order_status":"COMPLETE"}
{"order_customer_id":8867,"order_id":68316,"order_status":"PENDING_PAYMENT"}
{"order_customer_id":4844,"order_id":68822,"order_status":"COMPLETE"}
