{"order_customer_id":3681,"order_id":14056,"order_status":"PENDING"}
{"order_customer_id":8166,"order_id":14057,"order_status":"PENDING_PAYMENT"}
{"order_customer_id":4034,"order_id":14058,"order_status":"PROCESSING"}
{"order_customer_id":3098,"order_id":14059,"order_status":"COMPLETE"}
{"order_customer_id":6023,"order_id":14060,"order_status":"COMPLETE"}
{"order_customer_id":7819,"order_id":14061,"order_status":"PENDING_PAYMENT"}
{"order_customer_id":5780,"order_id":14062,"order_status":"ON_HOLD"}
{"order_customer_id":11623,"order_id":14063,"order_status":"ON_HOLD"}
{"order_customer_id":9342,"order_id":14064,"order_status":"COMPLETE"}
{"order_customer_id":6481,"order_id":14065,"order_status":"PROCESSING"}
{"order_customer_id":10334,"order_id":14066,"order_status":"CLOSED"}
{"order_customer_id":3694,"order_id":14067,"order_status":"COMPLETE"}
{"order_customer_id":6869,"order_id":14068,"order_status":"SUSPECTED_FRAUD"}
{"order_customer_id":11549,"order_id":14069,"order_status":"CLOSED"}
{"order_customer_id":11425,"order_id":14070,"order_status":"PENDING_PAYMENT"}
{"order_customer_id":6186,"order_id":14071,"order_status":"PENDING_PAYMENT"}
{"order_customer_id":8629,"order_id":14072,"order_status":"PROCESSING"}
{"order_customer_id":3514,"order_id":14073,"order_status":"PENDING_PAYMENT"}
{"order_customer_id":10723,"order_id":14074,"order_status":"CLOSED"}
{"order_customer_id":9616,"order_id":14075,"order_status":"PENDING_PAYMENT"}
{"order_customer_id":1576,"order_id":14076,"order_status":"PENDING"}
{"order_customer_id":11522,"order_id":14077,"order_status":"COMPLETE"}
{"order_customer_id":6167,"order_id":14078,"order_status":"PENDING_PAYMENT"}
{"order_customer_id":11644,"order_id":14079,"order_status":"COMPLETE"}
{"order_customer_id":8388,"order_id":14080,"order_status":"PENDING_PAYMENT"}
{"order_customer_id":521,"order_id":14081,"order_status":"PENDING_PAYMENT"}
{"order_customer_id":566,"order_id":14082,"order_status":"COMPLETE"}
{"order_customer_id":10305,"order_id":14083,"order_status":"CLOSED"}
{"order_customer_id":8236,"order_id":14084,"order_status":"CLOSED"}
{"order_customer_id":8726,"order_id":14085,"order_status":"PROCESSING"}
{"order_customer_id":4535,"order_id":14086,"order_status":"PENDING_PAYMENT"}
{"order_customer_id":4390,"order_id":14087,"order_status":"PROCESSING"}
{"order_customer_id":1905,"order_id":14088,"order_status":"CLOSED"}
{"order_customer_id":4664,"order_id":14089,"order_status":"PENDING_PAYMENT"}
{"order_customer_id":3530,"order_id":14090,"order_status":"COMPLETE"}
{"order_customer_id":3214,"order_id":14091,"order_status":"ON_HOLD"}
{"order_customer_id":3668,"order_id":14092,"order_status":"COMPLETE"}
{"order_customer_id":3598,"order_id":14093,"order_status":"COMPLETE"}
{"order_customer_id":4998,"order_id":14094,"order_status":"PENDING_PAYMENT"}
{"order_customer_id":1423,"order_id":14095,"order_status":"PROCESSING"}
{"order_customer_id":7050,"order_id":14096,"order_status":"COMPLETE"}
{"order_customer_id":6454,"order_id":14097,"order_status":"PROCESSING"}
{"order_customer_id":3659,"order_id":14098,"order_status":"PENDING_PAYMENT"}
{"order_customer_id":2033,"order_id":14099,"order_status":"CLOSED"}
{"order_customer_id":1045,"order_id":14100,"order_status":"COMPLETE"}
{"order_customer_id":11648,"order_id":14101,"order_status":"PENDING_PAYMENT"}
{"order_customer_id":12123,"order_id":14102,"order_status":"PROCESSING"}
{"order_customer_id":8821,"order_id":14103,"order_status":"COMPLETE"}
{"order_customer_id":2728,"order_id":14104,"order_status":"PENDING_PAYMENT"}
{"order_customer_id":12424,"order_id":14105,"order_status":"PENDING_PAYMENT"}
{"order_customer_id":4597,"order_id":14106,"order_status":"SUSPECTED_FRAUD"}
{"order_customer_id":4807,"order_id":14107,"order_status":"COMPLETE"}
{"order_customer_id":7407,"order_id":14108,"order_status":"PENDING"}
{"order_customer_id":2129,"order_id":14109,"order_status":"COMPLETE"}
{"order_customer_id":4044,"order_id":14110,"order_status":"PENDING_PAYMENT"}
{"order_customer_id":6622,"order_id":14111,"order_status":"COMPLETE"}
{"order_customer_id":1762,"order_id":14112,"order_status":"COMPLETE"}
{"order_customer_id":935,"order_id":14113,"order_status":"PENDING_PAYMENT"}
{"order_customer_id":8082,"order_id":14114,"order_status":"CANCELED"}
{"order_customer_id":7476,"order_id":14115,"order_status":"PENDING_PAYMENT"}
{"order_customer_id":2556,"order_id":14116,"order_status":"PENDING_PAYMENT"}
{"order_customer_id":9080,"order_id":14117,"order_status":"COMPLETE"}
{"order_customer_id":4734,"order_id":14118,"order_status":"COMPLETE"}
{"order_customer_id":5358,"order_id":14119,"order_status":"CLOSED"}
{"order_customer_id":6568,"order_id":14120,"order_status":"COMPLETE"}
{"order_customer_id":8898,"order_id":14121,"order_status":"COMPLETE"}
{"order_customer_id":1019,"order_id":14122,"order_status":"COMPLETE"}
{"order_customer_id":1949,"order_id":14123,"order_status":"PROCESSING"}
{"order_customer_id":6424,"order_id":14124,"order_status":"PENDING_PAYMENT"}
{"order_customer_id":12012,"order_id":14125,"order_status":"COMPLETE"}
{"order_customer_id":3728,"order_id":14126,"order_status":"CLOSED"}
{"order_customer_id":138,"order_id":14127,"order_status":"CLOSED"}
{"order_customer_id":8210,"order_id":14128,"order_status":"COMPLETE"}
{"order_customer_id":3233,"order_id":14129,"order_status":"PENDING_PAYMENT"}
{"order_customer_id":378,"order_id":14130,"order_status":"CLOSED"}
{"order_customer_id":2257,"order_id":14131,"order_status":"COMPLETE"}
{"order_customer_id":3887,"order_id":14132,"order_status":"COMPLETE"}
{"order_customer_id":5541,"order_id":14133,"order_status":"COMPLETE"}
{"order_customer_id":320,"order_id":14134,"order_status":"ON_HOLD"}
{"order_customer_id":7332,"order_id":14135,"order_status":"PENDING_PAYMENT"}
{"order_customer_id":490,"order_id":14136,"order_status":"PENDING_PAYMENT"}
{"order_customer_id":86,"order_id":14137,"order_status":"COMPLETE"}
{"order_customer_id":2170,"order_id":14138,"order_status":"PROCESSING"}
{"order_customer_id":10346,"order_id":14139,"order_status":"CLOSED"}
{"order_customer_id":8541,"order_id":14140,"order_status":"PENDING"}
{"order_customer_id":541,"order_id":14141,"order_status":"PENDING_PAYMENT"}
{"order_customer_id":5730,"order_id":14142,"order_status":"PENDING_PAYMENT"}
{"order_customer_id":799,"order_id":60016,"order_status":"COMPLETE"}
{"order_customer_id":8844,"order_id":60017,"order_status":"CLOSED"}
{"order_customer_id":11083,"order_id":60018,"order_status":"SUSPECTED_FRAUD"}
{"order_customer_id":929,"order_id":60019,"order_status":"COMPLETE"}
{"order_customer_id":11284,"order_id":60020,"order_status":"COMPLETE"}
{"order_customer_id":11943,"order_id":60021,"order_status":"PROCESSING"}
{"order_customer_id":7051,"order_id":60022,"order_status":"PENDING_PAYMENT"}
{"order_customer_id":4122,"order_id":60023,"order_status":"PROCESSING"}
{"order_customer_id":5802,"order_id":60024,"order_status":"COMPLETE"}
{"order_customer_id":8207,"order_id":60025,"order_status":"PENDING_PAYMENT"}
{"order_customer_id":5804,"order_id":60026,"order_status":"PROCESSING"}
{"order_customer_id":11667,"order_id":60027,"order_status":"PROCESSING"}
{"order_customer_id":7118,"order_id":60028,"order_status":"COMPLETE"}
{"order_customer_id":6539,"order_id":60029,"order_status":"PENDING_PAYMENT"}
{"order_customer_id":5518,"order_id":60030,"order_status":"COMPLETE"}
{"order_customer_id":2052,"order_id":60031,"order_status":"CLOSED"}
{"order_customer_id":7168,"order_id":60032,"order_status":"PROCESSING"}
{"order_customer_id":6880,"order_id":60033,"order_status":"COMPLETE"}
{"order_customer_id":5712,"order_id":60034,"order_status":"COMPLETE"}
{"order_customer_id":4420,"order_id":60035,"order_status":"PENDING_PAYMENT"}
{"order_customer_id":4487,"order_id":60036,"order_status":"COMPLETE"}
{"order_customer_id":4830,"order_id":60037,"order_status":"ON_HOLD"}
{"order_customer_id":9436,"order_id":60038,"order_status":"SUSPECTED_FRAUD"}
{"order_customer_id":1363,"order_id":60039,"order_status":"CLOSED"}
{"order_customer_id":6060,"order_id":60040,"order_status":"CLOSED"}
{"order_customer_id":6595,"order_id":60041,"order_status":"ON_HOLD"}
{"order_customer_id":9305,"order_id":67729,"order_status":"COMPLETE"}
{"order_customer_id":9553,"order_id":67730,"order_status":"CLOSED"}
{"order_customer_id":788,"order_id":68735,"order_status":"COMPLETE"}
