{"order_customer_id":2062,"order_id":32846,"order_status":"SUSPECTED_FRAUD"}
{"order_customer_id":8318,"order_id":32847,"order_status":"COMPLETE"}
{"order_customer_id":1380,"order_id":32848,"order_status":"COMPLETE"}
{"order_customer_id":5460,"order_id":32849,"order_status":"COMPLETE"}
{"order_customer_id":5821,"order_id":32850,"order_status":"PROCESSING"}
{"order_customer_id":5806,"order_id":32851,"order_status":"ON_HOLD"}
{"order_customer_id":9185,"order_id":32852,"order_status":"CLOSED"}
{"order_customer_id":10146,"order_id":32853,"order_status":"ON_HOLD"}
{"order_customer_id":11540,"order_id":32854,"order_status":"CLOSED"}
{"order_customer_id":5437,"order_id":32855,"order_status":"COMPLETE"}
{"order_customer_id":11985,"order_id":32856,"order_status":"CLOSED"}
{"order_customer_id":3705,"order_id":32857,"order_status":"COMPLETE"}
{"order_customer_id":5471,"order_id":32858,"order_status":"PENDING"}
{"order_customer_id":1285,"order_id":32859,"order_status":"CLOSED"}
{"order_customer_id":2890,"order_id":32860,"order_status":"PROCESSING"}
{"order_customer_id":3841,"order_id":32861,"order_status":"CLOSED"}
{"order_customer_id":6734,"order_id":32862,"order_status":"PENDING_PAYMENT"}
{"order_customer_id":7347,"order_id":32863,"order_status":"CLOSED"}
{"order_customer_id":10284,"order_id":32864,"order_status":"PENDING_PAYMENT"}
{"order_customer_id":10177,"order_id":32865,"order_status":"CLOSED"}
{"order_customer_id":2156,"order_id":32866,"order_status":"PENDING_PAYMENT"}
{"order_customer_id":7688,"order_id":32867,"order_status":"PENDING_PAYMENT"}
{"order_customer_id":1070,"order_id":32868,"order_status":"COMPLETE"}
{"order_customer_id":706,"order_id":32869,"order_status":"COMPLETE"}
{"order_customer_id":10954,"order_id":32870,"order_status":"CLOSED"}
{"order_customer_id":9582,"order_id":32871,"order_status":"COMPLETE"}
{"order_customer_id":749,"order_id":32872,"order_status":"PENDING_PAYMENT"}
{"order_customer_id":2948,"order_id":32873,"order_status":"COMPLETE"}
{"order_customer_id":6215,"order_id":32874,"order_status":"CLOSED"}
{"order_customer_id":11365,"order_id":32875,"order_status":"COMPLETE"}
{"order_customer_id":5747,"order_id":32876,"order_status":"CANCELED"}
{"order_customer_id":1540,"order_id":32877,"order_status":"PROCESSING"}
{"order_customer_id":11834,"order_id":32878,"order_status":"COMPLETE"}
{"order_customer_id":9403,"order_id":32879,"order_status":"COMPLETE"}
{"order_customer_id":8312,"order_id":32880,"order_status":"ON_HOLD"}
{"order_customer_id":12346,"order_id":32881,"order_status":"PROCESSING"}
{"order_customer_id":4627,"order_id":32882,"order_status":"COMPLETE"}
{"order_customer_id":6457,"order_id":32883,"order_status":"PENDING"}
{"order_customer_id":5548,"order_id":32884,"order_status":"PENDING_PAYMENT"}
{"order_customer_id":5168,"order_id":32885,"order_status":"PENDING_PAYMENT"}
{"order_customer_id":5284,"order_id":32886,"order_status":"PENDING_PAYMENT"}
{"order_customer_id":2907,"order_id":32887,"order_status":"PROCESSING"}
{"order_customer_id":4345,"order_id":32888,"order_status":"COMPLETE"}
{"order_customer_id":11652,"order_id":32889,"order_status":"COMPLETE"}
{"order_customer_id":10343,"order_id":32890,"order_status":"ON_HOLD"}
{"order_customer_id":653,"order_id":32891,"order_status":"CLOSED"}
{"order_customer_id":9571,"order_id":32892,"order_status":"PROCESSING"}
{"order_customer_id":11408,"order_id":32893,"order_status":"PENDING_PAYMENT"}
{"order_customer_id":2322,"order_id":32894,"order_status":"COMPLETE"}
{"order_customer_id":6,"order_id":32895,"order_status":"PENDING_PAYMENT"}
{"order_customer_id":2162,"order_id":32896,"order_status":"COMPLETE"}
{"order_customer_id":4530,"order_id":32897,"order_status":"COMPLETE"}
{"order_customer_id":1997,"order_id":32898,"order_status":"COMPLETE"}
{"order_customer_id":5713,"order_id":32899,"order_status":"PENDING_PAYMENT"}
{"order_customer_id":7419,"order_id":32900,"order_status":"PENDING_PAYMENT"}
{"order_customer_id":3304,"order_id":32901,"order_status":"CLOSED"}
{"order_customer_id":9386,"order_id":32902,"order_status":"CANCELED"}
{"order_customer_id":9995,"order_id":32903,"order_status":"PENDING_PAYMENT"}
{"order_customer_id":11144,"order_id":32904,"order_status":"PENDING_PAYMENT"}
{"order_customer_id":8636,"order_id":32905,"order_status":"COMPLETE"}
{"order_customer_id":10652,"order_id":32906,"order_status":"SUSPECTED_FRAUD"}
{"order_customer_id":8251,"order_id":32907,"order_status":"ON_HOLD"}
{"order_customer_id":4055,"order_id":32908,"order_status":"PENDING"}
{"order_customer_id":175,"order_id":32909,"order_status":"COMPLETE"}
{"order_customer_id":7321,"order_id":32910,"order_status":"PENDING_PAYMENT"}
{"order_customer_id":9106,"order_id":32911,"order_status":"COMPLETE"}
{"order_customer_id":4903,"order_id":32912,"order_status":"COMPLETE"}
{"order_customer_id":612,"order_id":32913,"order_status":"COMPLETE"}
{"order_customer_id":6873,"order_id":32914,"order_status":"COMPLETE"}
{"order_customer_id":5906,"order_id":32915,"order_status":"PROCESSING"}
{"order_customer_id":10213,"order_id":32916,"order_status":"COMPLETE"}
{"order_customer_id":8804,"order_id":32917,"order_status":"PROCESSING"}
{"order_customer_id":8991,"order_id":32918,"order_status":"PENDING"}
{"order_customer_id":3341,"order_id":32919,"order_status":"COMPLETE"}
{"order_customer_id":7408,"order_id":32920,"order_status":"PENDING_PAYMENT"}
{"order_customer_id":5831,"order_id":32921,"order_status":"PENDING_PAYMENT"}
{"order_customer_id":9537,"order_id":32922,"order_status":"COMPLETE"}
{"order_customer_id":1145,"order_id":32923,"order_status":"PROCESSING"}
{"order_customer_id":10731,"order_id":32924,"order_status":"CLOSED"}
{"order_customer_id":11697,"order_id":32925,"order_status":"PENDING"}
{"order_customer_id":3554,"order_id":32926,"order_status":"PENDING"}
{"order_customer_id":10650,"order_id":32927,"order_status":"PROCESSING"}
{"order_customer_id":3737,"order_id":32928,"order_status":"COMPLETE"}
{"order_customer_id":3011,"order_id":32929,"order_status":"CLOSED"}
{"order_customer_id":7644,"order_id":32930,"order_status":"COMPLETE"}
{"order_customer_id":11044,"order_id":32931,"order_status":"PROCESSING"}
{"order_customer_id":560,"order_id":32932,"order_status":"COMPLETE"}
{"order_customer_id":3733,"order_id":32933,"order_status":"PENDING_PAYMENT"}
{"order_customer_id":5152,"order_id":32934,"order_status":"COMPLETE"}
{"order_customer_id":2888,"order_id":32935,"order_status":"PENDING_PAYMENT"}
{"order_customer_id":9191,"order_id":32936,"order_status":"COMPLETE"}
{"order_customer_id":10838,"order_id":32937,"order_status":"PENDING_PAYMENT"}
{"order_customer_id":5196,"order_id":32938,"order_status":"COMPLETE"}
{"order_customer_id":2300,"order_id":32939,"order_status":"ON_HOLD"}
{"order_customer_id":4633,"order_id":32940,"order_status":"CLOSED"}
{"order_customer_id":6130,"order_id":32941,"order_status":"PENDING_PAYMENT"}
{"order_customer_id":7052,"order_id":32942,"order_status":"PENDING_PAYMENT"}
{"order_customer_id":8425,"order_id":32943,"order_status":"COMPLETE"}
{"order_customer_id":5505,"order_id":32944,"order_status":"PROCESSING"}
{"order_customer_id":10112,"order_id":32945,"order_status":"COMPLETE"}
{"order_customer_id":10182,"order_id":32946,"order_status":"PROCESSING"}
{"order_customer_id":610,"order_id":32947,"order_status":"PROCESSING"}
{"order_customer_id":10804,"order_id":32948,"order_status":"CLOSED"}
{"order_customer_id":1432,"order_id":32949,"order_status":"PENDING_PAYMENT"}
{"order_customer_id":7102,"order_id":32950,"order_status":"PENDING"}
{"order_customer_id":10021,"order_id":32951,"order_status":"CLOSED"}
{"order_customer_id":10812,"order_id":32952,"order_status":"CLOSED"}
{"order_customer_id":10134,"order_id":32953,"order_status":"PENDING_PAYMENT"}
{"order_customer_id":2268,"order_id":32954,"order_status":"SUSPECTED_FRAUD"}
{"order_customer_id":788,"order_id":32955,"order_status":"COMPLETE"}
{"order_customer_id":9755,"order_id":32956,"order_status":"PENDING_PAYMENT"}
{"order_customer_id":12302,"order_id":32957,"order_status":"PENDING_PAYMENT"}
{"order_customer_id":9745,"order_id":32958,"order_status":"PENDING_PAYMENT"}
{"order_customer_id":3895,"order_id":32959,"order_status":"COMPLETE"}
{"order_customer_id":1936,"order_id":32960,"order_status":"COMPLETE"}
{"order_customer_id":11645,"order_id":32961,"order_status":"COMPLETE"}
{"order_customer_id":5601,"order_id":32962,"order_status":"ON_HOLD"}
{"order_customer_id":3746,"order_id":32963,"order_status":"PENDING"}
{"order_customer_id":4768,"order_id":32964,"order_status":"PENDING_PAYMENT"}
{"order_customer_id":6110,"order_id":32965,"order_status":"COMPLETE"}
{"order_customer_id":12023,"order_id":32966,"order_status":"PENDING"}
{"order_customer_id":9689,"order_id":32967,"order_status":"CLOSED"}
{"order_customer_id":1119,"order_id":32968,"order_status":"COMPLETE"}
{"order_customer_id":3420,"order_id":32969,"order_status":"PENDING_PAYMENT"}
{"order_customer_id":12409,"order_id":32970,"order_status":"PENDING_PAYMENT"}
{"order_customer_id":9724,"order_id":32971,"order_status":"PROCESSING"}
{"order_customer_id":3198,"order_id":32972,"order_status":"COMPLETE"}
{"order_customer_id":4729,"order_id":32973,"order_status":"PENDING"}
{"order_customer_id":8524,"order_id":32974,"order_status":"COMPLETE"}
{"order_customer_id":5173,"order_id":32975,"order_status":"PENDING_PAYMENT"}
{"order_customer_id":914,"order_id":32976,"order_status":"PENDING_PAYMENT"}
{"order_customer_id":1191,"order_id":32977,"order_status":"PENDING_PAYMENT"}
{"order_customer_id":1255,"order_id":32978,"order_status":"CLOSED"}
{"order_customer_id":2930,"order_id":32979,"order_status":"CANCELED"}
{"order_customer_id":2475,"order_id":32980,"order_status":"COMPLETE"}
{"order_customer_id":5417,"order_id":32981,"order_status":"PROCESSING"}
{"order_customer_id":5248,"order_id":32982,"order_status":"COMPLETE"}
{"order_customer_id":7301,"order_id":32983,"order_status":"PROCESSING"}
{"order_customer_id":6318,"order_id":32984,"order_status":"CLOSED"}
{"order_customer_id":563,"order_id":32985,"order_status":"COMPLETE"}
{"order_customer_id":4818,"order_id":32986,"order_status":"COMPLETE"}
{"order_customer_id":4236,"order_id":32987,"order_status":"PROCESSING"}
{"order_customer_id":9018,"order_id":32988,"order_status":"PENDING_PAYMENT"}
{"order_customer_id":10484,"order_id":32989,"order_status":"COMPLETE"}
{"order_customer_id":9327,"order_id":32990,"order_status":"CLOSED"}
{"order_customer_id":771,"order_id":32991,"order_status":"COMPLETE"}
{"order_customer_id":1564,"order_id":32992,"order_status":"PROCESSING"}
{"order_customer_id":2026,"order_id":32993,"order_status":"PENDING_PAYMENT"}
{"order_customer_id":7131,"order_id":32994,"order_status":"COMPLETE"}
{"order_customer_id":11747,"order_id":32995,"order_status":"ON_HOLD"}
{"order_customer_id":7541,"order_id":32996,"order_status":"PENDING_PAYMENT"}
{"order_customer_id":7542,"order_id":32997,"order_status":"PROCESSING"}
{"order_customer_id":6018,"order_id":32998,"order_status":"PENDING_PAYMENT"}
{"order_customer_id":2708,"order_id":32999,"order_status":"COMPLETE"}
{"order_customer_id":8577,"order_id":33000,"order_status":"PENDING"}
{"order_customer_id":5522,"order_id":33001,"order_status":"PENDING_PAYMENT"}
{"order_customer_id":11565,"order_id":33002,"order_status":"PENDING_PAYMENT"}
{"order_customer_id":4390,"order_id":33003,"order_status":"COMPLETE"}
{"order_customer_id":10385,"order_id":63109,"order_status":"COMPLETE"}
{"order_customer_id":8154,"order_id":63110,"order_status":"COMPLETE"}
{"order_customer_id":12222,"order_id":63111,"order_status":"PENDING"}
{"order_customer_id":4070,"order_id":63112,"order_status":"CLOSED"}
{"order_customer_id":9317,"order_id":63113,"order_status":"PAYMENT_REVIEW"}
{"order_customer_id":6168,"order_id":63114,"order_status":"COMPLETE"}
{"order_customer_id":1240,"order_id":63115,"order_status":"PENDING"}
{"order_customer_id":7053,"order_id":63116,"order_status":"PENDING"}
{"order_customer_id":6447,"order_id":63117,"order_status":"PAYMENT_REVIEW"}
{"order_customer_id":1635,"order_id":63118,"order_status":"PENDING"}
{"order_customer_id":7835,"order_id":63119,"order_status":"PROCESSING"}
{"order_customer_id":11327,"order_id":63120,"order_status":"PENDING_PAYMENT"}
{"order_customer_id":7068,"order_id":63121,"order_status":"PENDING"}
{"order_customer_id":11480,"order_id":63122,"order_status":"PENDING_PAYMENT"}
{"order_customer_id":2993,"order_id":63123,"order_status":"PENDING_PAYMENT"}
{"order_customer_id":6742,"order_id":63124,"order_status":"COMPLETE"}
{"order_customer_id":12152,"order_id":63125,"order_status":"CLOSED"}
{"order_customer_id":5249,"order_id":63126,"order_status":"PENDING_PAYMENT"}
{"order_customer_id":11835,"order_id":63127,"order_status":"COMPLETE"}
{"order_customer_id":1611,"order_id":63128,"order_status":"ON_HOLD"}
{"order_customer_id":6951,"order_id":63129,"order_status":"PENDING"}
{"order_customer_id":5134,"order_id":63130,"order_status":"PENDING"}
{"order_customer_id":3052,"order_id":63131,"order_status":"COMPLETE"}
{"order_customer_id":3999,"order_id":63132,"order_status":"PENDING_PAYMENT"}
{"order_customer_id":3228,"order_id":63133,"order_status":"SUSPECTED_FRAUD"}
{"order_customer_id":952,"order_id":63134,"order_status":"PENDING"}
{"order_customer_id":9847,"order_id":63135,"order_status":"COMPLETE"}
{"order_customer_id":12014,"order_id":63136,"order_status":"ON_HOLD"}
{"order_customer_id":8193,"order_id":63137,"order_status":"PENDING_PAYMENT"}
{"order_customer_id":4565,"order_id":63138,"order_status":"PENDING"}
{"order_customer_id":7835,"order_id":63139,"order_status":"PENDING"}
{"order_customer_id":10246,"order_id":63140,"order_status":"ON_HOLD"}
{"order_customer_id":6524,"order_id":63141,"order_status":"COMPLETE"}
{"order_customer_id":11753,"order_id":63142,"order_status":"PROCESSING"}
{"order_customer_id":9042,"order_id":63143,"order_status":"PENDING_PAYMENT"}
{"order_customer_id":11496,"order_id":63144,"order_status":"ON_HOLD"}
{"order_customer_id":7556,"order_id":63145,"order_status":"PENDING_PAYMENT"}
{"order_customer_id":12431,"order_id":63146,"order_status":"PENDING_PAYMENT"}
{"order_customer_id":2730,"order_id":63147,"order_status":"COMPLETE"}
{"order_customer_id":7749,"order_id":63148,"order_status":"PROCESSING"}
{"order_customer_id":7784,"order_id":68132,"order_status":"COMPLETE"}
{"order_customer_id":11227,"order_id":68133,"order_status":"COMPLETE"}
{"order_customer_id":2029,"order_id":68134,"order_status":"CLOSED"}
{"order_customer_id":254,"order_id":68135,"order_status":"PENDING_PAYMENT"}
{"order_customer_id":2595,"order_id":68798,"order_status":"COMPLETE"}
