{"order_customer_id":6200,"order_id":54167,"order_status":"CLOSED"}
{"order_customer_id":5619,"order_id":54168,"order_status":"PROCESSING"}
{"order_customer_id":9608,"order_id":54169,"order_status":"PENDING_PAYMENT"}
{"order_customer_id":3253,"order_id":54170,"order_status":"PROCESSING"}
{"order_customer_id":11017,"order_id":54171,"order_status":"COMPLETE"}
{"order_customer_id":10715,"order_id":54172,"order_status":"COMPLETE"}
{"order_customer_id":7400,"order_id":54173,"order_status":"PENDING"}
{"order_customer_id":9273,"order_id":54174,"order_status":"PENDING"}
{"order_customer_id":2893,"order_id":54175,"order_status":"COMPLETE"}
{"order_customer_id":12215,"order_id":54176,"order_status":"COMPLETE"}
{"order_customer_id":4798,"order_id":54177,"order_status":"COMPLETE"}
{"order_customer_id":11384,"order_id":54178,"order_status":"PROCESSING"}
{"order_customer_id":271,"order_id":54179,"order_status":"PENDING"}
{"order_customer_id":1209,"order_id":54180,"order_status":"PROCESSING"}
{"order_customer_id":10168,"order_id":54181,"order_status":"PENDING_PAYMENT"}
{"order_customer_id":683,"order_id":54182,"order_status":"ON_HOLD"}
{"order_customer_id":1466,"order_id":54183,"order_status":"PENDING_PAYMENT"}
{"order_customer_id":4812,"order_id":54184,"order_status":"PENDING"}
{"order_customer_id":9853,"order_id":54185,"order_status":"CLOSED"}
{"order_customer_id":10367,"order_id":54186,"order_status":"ON_HOLD"}
{"order_customer_id":4862,"order_id":54187,"order_status":"PENDING_PAYMENT"}
{"order_customer_id":8702,"order_id":54188,"order_status":"COMPLETE"}
{"order_customer_id":10666,"order_id":54189,"order_status":"COMPLETE"}
{"order_customer_id":11753,"order_id":54190,"order_status":"COMPLETE"}
{"order_customer_id":10979,"order_id":54191,"order_status":"PENDING"}
{"order_customer_id":2589,"order_id":54192,"order_status":"PENDING_PAYMENT"}
{"order_customer_id":11122,"order_id":54193,"order_status":"COMPLETE"}
{"order_customer_id":6652,"order_id":54194,"order_status":"PENDING_PAYMENT"}
{"order_customer_id":2520,"order_id":54195,"order_status":"PROCESSING"}
{"order_customer_id":1584,"order_id":54196,"order_status":"COMPLETE"}
{"order_customer_id":4509,"order_id":54197,"order_status":"COMPLETE"}
{"order_customer_id":6305,"order_id":54198,"order_status":"PENDING"}
{"order_customer_id":4266,"order_id":54199,"order_status":"COMPLETE"}
{"order_customer_id":10109,"order_id":54200,"order_status":"PENDING"}
{"order_customer_id":7828,"order_id":54201,"order_status":"CLOSED"}
{"order_customer_id":4967,"order_id":54202,"order_status":"COMPLETE"}
{"order_customer_id":8820,"order_id":54203,"order_status":"PENDING_PAYMENT"}
{"order_customer_id":2278,"order_id":54204,"order_status":"PENDING"}
{"order_customer_id":5453,"order_id":54205,"order_status":"PENDING_PAYMENT"}
{"order_customer_id":10133,"order_id":54206,"order_status":"CLOSED"}
{"order_customer_id":10058,"order_id":54207,"order_status":"PENDING_PAYMENT"}
{"order_customer_id":4770,"order_id":54208,"order_status":"PROCESSING"}
{"order_customer_id":11865,"order_id":54209,"order_status":"COMPLETE"}
{"order_customer_id":2147,"order_id":54210,"order_status":"PENDING_PAYMENT"}
{"order_customer_id":9356,"order_id":54211,"order_status":"COMPLETE"}
{"order_customer_id":8298,"order_id":54212,"order_status":"PENDING"}
{"order_customer_id":258,"order_id":54213,"order_status":"ON_HOLD"}
{"order_customer_id":10155,"order_id":54214,"order_status":"PROCESSING"}
{"order_customer_id":4800,"order_id":54215,"order_status":"PENDING"}
{"order_customer_id":10326,"order_id":54216,"order_status":"COMPLETE"}
{"order_customer_id":7070,"order_id":54217,"order_status":"SUSPECTED_FRAUD"}
{"order_customer_id":11683,"order_id":54218,"order_status":"COMPLETE"}
{"order_customer_id":12309,"order_id":54219,"order_status":"PENDING_PAYMENT"}
{"order_customer_id":9085,"order_id":54220,"order_status":"COMPLETE"}
{"order_customer_id":7016,"order_id":54221,"order_status":"ON_HOLD"}
{"order_customer_id":7506,"order_id":54222,"order_status":"COMPLETE"}
{"order_customer_id":3315,"order_id":54223,"order_status":"COMPLETE"}
{"order_customer_id":3170,"order_id":54224,"order_status":"ON_HOLD"}
{"order_customer_id":685,"order_id":54225,"order_status":"CLOSED"}
{"order_customer_id":3444,"order_id":54226,"order_status":"COMPLETE"}
{"order_customer_id":2310,"order_id":54227,"order_status":"PENDING_PAYMENT"}
{"order_customer_id":1994,"order_id":54228,"order_status":"COMPLETE"}
{"order_customer_id":2399,"order_id":54229,"order_status":"PENDING_PAYMENT"}
{"order_customer_id":2280,"order_id":54230,"order_status":"COMPLETE"}
{"order_customer_id":3631,"order_id":54231,"order_status":"COMPLETE"}
{"order_customer_id":56,"order_id":54232,"order_status":"PENDING_PAYMENT"}
{"order_customer_id":5683,"order_id":54233,"order_status":"ON_HOLD"}
{"order_customer_id":5087,"order_id":54234,"order_status":"COMPLETE"}
{"order_customer_id":2292,"order_id":54235,"order_status":"PENDING_PAYMENT"}
{"order_customer_id":12064,"order_id":54236,"order_status":"CLOSED"}
{"order_customer_id":3555,"order_id":54237,"order_status":"COMPLETE"}
{"order_customer_id":10281,"order_id":54238,"order_status":"ON_HOLD"}
{"order_customer_id":10707,"order_id":54239,"order_status":"SUSPECTED_FRAUD"}
{"order_customer_id":7356,"order_id":54240,"order_status":"PROCESSING"}
{"order_customer_id":1263,"order_id":54241,"order_status":"PROCESSING"}
{"order_customer_id":10959,"order_id":54242,"order_status":"PENDING_PAYMENT"}
{"order_customer_id":3132,"order_id":54243,"order_status":"PENDING_PAYMENT"}
{"order_customer_id":3440,"order_id":54244,"order_status":"CLOSED"}
{"order_customer_id":5991,"order_id":54245,"order_status":"COMPLETE"}
{"order_customer_id":664,"order_id":54246,"order_status":"PENDING_PAYMENT"}
{"order_customer_id":2579,"order_id":54247,"order_status":"SUSPECTED_FRAUD"}
{"order_customer_id":5108,"order_id":54248,"order_status":"PROCESSING"}
{"order_customer_id":248,"order_id":54249,"order_status":"PENDING_PAYMENT"}
{"order_customer_id":6482,"order_id":54250,"order_status":"COMPLETE"}
{"order_customer_id":11765,"order_id":54251,"order_status":"PENDING_PAYMENT"}
{"order_customer_id":6060,"order_id":54252,"order_status":"COMPLETE"}
{"order_customer_id":1091,"order_id":54253,"order_status":"PENDING"}
{"order_customer_id":7566,"order_id":54254,"order_status":"CLOSED"}
{"order_customer_id":3220,"order_id":54255,"order_status":"CLOSED"}
{"order_customer_id":3844,"order_id":54256,"order_status":"PENDING_PAYMENT"}
{"order_customer_id":5054,"order_id":54257,"order_status":"PENDING_PAYMENT"}
{"order_customer_id":7433,"order_id":54258,"order_status":"PROCESSING"}
{"order_customer_id":518,"order_id":54259,"order_status":"CLOSED"}
{"order_customer_id":533,"order_id":54260,"order_status":"PENDING"}
{"order_customer_id":5008,"order_id":54261,"order_status":"PENDING_PAYMENT"}
{"order_customer_id":10596,"order_id":54262,"order_status":"SUSPECTED_FRAUD"}
{"order_customer_id":2361,"order_id":54263,"order_status":"CLOSED"}
{"order_customer_id":4718,"order_id":54264,"order_status":"COMPLETE"}
{"order_customer_id":6843,"order_id":54265,"order_status":"COMPLETE"}
{"order_customer_id":1866,"order_id":54266,"order_status":"PENDING_PAYMENT"}
{"order_customer_id":42,"order_id":54267,"order_status":"COMPLETE"}
{"order_customer_id":939,"order_id":54268,"order_status":"COMPLETE"}
{"order_customer_id":2618,"order_id":54269,"order_status":"PENDING"}
{"order_customer_id":4272,"order_id":54270,"order_status":"PENDING_PAYMENT"}
{"order_customer_id":2827,"order_id":54271,"order_status":"PENDING_PAYMENT"}
{"order_customer_id":6063,"order_id":54272,"order_status":"COMPLETE"}
{"order_customer_id":11301,"order_id":54273,"order_status":"PENDING"}
{"order_customer_id":6360,"order_id":54274,"order_status":"PENDING"}
{"order_customer_id":950,"order_id":54275,"order_status":"PENDING_PAYMENT"}
{"order_customer_id":3544,"order_id":66803,"order_status":"PENDING_PAYMENT"}
{"order_customer_id":8656,"order_id":66804,"order_status":"COMPLETE"}
{"order_customer_id":11317,"order_id":66805,"order_status":"COMPLETE"}
{"order_customer_id":8674,"order_id":66806,"order_status":"COMPLETE"}
{"order_customer_id":321,"order_id":66807,"order_status":"PENDING_PAYMENT"}
{"order_customer_id":3997,"order_id":66808,"order_status":"COMPLETE"}
{"order_customer_id":124,"order_id":66809,"order_status":"CLOSED"}
{"order_customer_id":7809,"order_id":66810,"order_status":"COMPLETE"}
{"order_customer_id":8629,"order_id":66811,"order_status":"COMPLETE"}
{"order_customer_id":5180,"order_id":66812,"order_status":"PENDING"}
{"order_customer_id":590,"order_id":66813,"order_status":"PROCESSING"}
{"order_customer_id":4188,"order_id":66814,"order_status":"CLOSED"}
{"order_customer_id":2447,"order_id":66815,"order_status":"PENDING_PAYMENT"}
{"order_customer_id":11627,"order_id":66816,"order_status":"COMPLETE"}
{"order_customer_id":10543,"order_id":66817,"order_status":"COMPLETE"}
{"order_customer_id":12285,"order_id":66818,"order_status":"SUSPECTED_FRAUD"}
{"order_customer_id":4266,"order_id":68621,"order_status":"ON_HOLD"}
{"order_customer_id":8186,"order_id":68622,"order_status":"CLOSED"}
{"order_customer_id":6574,"order_id":68623,"order_status":"COMPLETE"}
{"order_customer_id":8379,"order_id":68624,"order_status":"PROCESSING"}
{"order_customer_id":1765,"order_id":68625,"order_status":"PROCESSING"}
{"order_customer_id":5548,"order_id":68626,"order_status":"CLOSED"}
