{"order_customer_id":3678,"order_id":4473,"order_status":"PENDING"}
{"order_customer_id":1966,"order_id":4474,"order_status":"PROCESSING"}
{"order_customer_id":5848,"order_id":4475,"order_status":"PROCESSING"}
{"order_customer_id":6619,"order_id":4476,"order_status":"PENDING_PAYMENT"}
{"order_customer_id":10761,"order_id":4477,"order_status":"CANCELED"}
{"order_customer_id":1606,"order_id":4478,"order_status":"PENDING_PAYMENT"}
{"order_customer_id":5907,"order_id":4479,"order_status":"PENDING"}
{"order_customer_id":5051,"order_id":4480,"order_status":"PENDING_PAYMENT"}
{"order_customer_id":8076,"order_id":4481,"order_status":"COMPLETE"}
{"order_customer_id":6094,"order_id":4482,"order_status":"COMPLETE"}
{"order_customer_id":6219,"order_id":4483,"order_status":"COMPLETE"}
{"order_customer_id":1416,"order_id":4484,"order_status":"PENDING_PAYMENT"}
{"order_customer_id":3303,"order_id":4485,"order_status":"COMPLETE"}
{"order_customer_id":7562,"order_id":4486,"order_status":"PAYMENT_REVIEW"}
{"order_customer_id":1975,"order_id":4487,"order_status":"PROCESSING"}
{"order_customer_id":2193,"order_id":4488,"order_status":"PENDING_PAYMENT"}
{"order_customer_id":2062,"order_id":4489,"order_status":"PENDING_PAYMENT"}
{"order_customer_id":12212,"order_id":4490,"order_status":"PROCESSING"}
{"order_customer_id":8013,"order_id":4491,"order_status":"CLOSED"}
{"order_customer_id":4031,"order_id":4492,"order_status":"COMPLETE"}
{"order_customer_id":5860,"order_id":4493,"order_status":"PENDING_PAYMENT"}
{"order_customer_id":5660,"order_id":4494,"order_status":"COMPLETE"}
{"order_customer_id":12189,"order_id":4495,"order_status":"CLOSED"}
{"order_customer_id":4296,"order_id":4496,"order_status":"COMPLETE"}
{"order_customer_id":3849,"order_id":4497,"order_status":"SUSPECTED_FRAUD"}
{"order_customer_id":6634,"order_id":4498,"order_status":"PROCESSING"}
{"order_customer_id":1089,"order_id":4499,"order_status":"COMPLETE"}
{"order_customer_id":8268,"order_id":4500,"order_status":"CLOSED"}
{"order_customer_id":4799,"order_id":4501,"order_status":"ON_HOLD"}
{"order_customer_id":8987,"order_id":4502,"order_status":"PENDING"}
{"order_customer_id":10372,"order_id":4503,"order_status":"CLOSED"}
{"order_customer_id":9816,"order_id":4504,"order_status":"CLOSED"}
{"order_customer_id":5446,"order_id":4505,"order_status":"PENDING"}
{"order_customer_id":494,"order_id":4506,"order_status":"PENDING"}
{"order_customer_id":6477,"order_id":4507,"order_status":"COMPLETE"}
{"order_customer_id":1902,"order_id":4508,"order_status":"PENDING"}
{"order_customer_id":7070,"order_id":4509,"order_status":"PENDING_PAYMENT"}
{"order_customer_id":8368,"order_id":4510,"order_status":"PENDING_PAYMENT"}
{"order_customer_id":5367,"order_id":4511,"order_status":"PROCESSING"}
{"order_customer_id":5787,"order_id":4512,"order_status":"CLOSED"}
{"order_customer_id":3727,"order_id":4513,"order_status":"COMPLETE"}
{"order_customer_id":6161,"order_id":4514,"order_status":"PENDING"}
{"order_customer_id":8481,"order_id":4515,"order_status":"COMPLETE"}
{"order_customer_id":9297,"order_id":4516,"order_status":"CLOSED"}
{"order_customer_id":2609,"order_id":4517,"order_status":"PENDING_PAYMENT"}
{"order_customer_id":6981,"order_id":4518,"order_status":"CLOSED"}
{"order_customer_id":9203,"order_id":4519,"order_status":"COMPLETE"}
{"order_customer_id":1588,"order_id":4520,"order_status":"CLOSED"}
{"order_customer_id":2402,"order_id":4521,"order_status":"COMPLETE"}
{"order_customer_id":10550,"order_id":4522,"order_status":"COMPLETE"}
{"order_customer_id":952,"order_id":4523,"order_status":"COMPLETE"}
{"order_customer_id":7694,"order_id":4524,"order_status":"COMPLETE"}
{"order_customer_id":2731,"order_id":4525,"order_status":"CANCELED"}
{"order_customer_id":3081,"order_id":4526,"order_status":"PROCESSING"}
{"order_customer_id":8586,"order_id":4527,"order_status":"PENDING"}
{"order_customer_id":12027,"order_id":4528,"order_status":"COMPLETE"}
{"order_customer_id":3061,"order_id":4529,"order_status":"CANCELED"}
{"order_customer_id":12347,"order_id":4530,"order_status":"PROCESSING"}
{"order_customer_id":4360,"order_id":4531,"order_status":"PROCESSING"}
{"order_customer_id":5002,"order_id":4532,"order_status":"PENDING_PAYMENT"}
{"order_customer_id":10103,"order_id":4533,"order_status":"COMPLETE"}
{"order_customer_id":7606,"order_id":4534,"order_status":"COMPLETE"}
{"order_customer_id":10589,"order_id":4535,"order_status":"COMPLETE"}
{"order_customer_id":1903,"order_id":4536,"order_status":"COMPLETE"}
{"order_customer_id":1794,"order_id":4537,"order_status":"COMPLETE"}
{"order_customer_id":5352,"order_id":4538,"order_status":"CLOSED"}
{"order_customer_id":4916,"order_id":4539,"order_status":"PENDING_PAYMENT"}
{"order_customer_id":10354,"order_id":4540,"order_status":"COMPLETE"}
{"order_customer_id":1035,"order_id":4541,"order_status":"COMPLETE"}
{"order_customer_id":3558,"order_id":4542,"order_status":"COMPLETE"}
{"order_customer_id":12058,"order_id":4543,"order_status":"COMPLETE"}
{"order_customer_id":4414,"order_id":4544,"order_status":"PENDING_PAYMENT"}
{"order_customer_id":7416,"order_id":4545,"order_status":"CLOSED"}
{"order_customer_id":8711,"order_id":4546,"order_status":"PENDING_PAYMENT"}
{"order_customer_id":12421,"order_id":58430,"order_status":"COMPLETE"}
{"order_customer_id":12263,"order_id":58431,"order_status":"PENDING"}
{"order_customer_id":10534,"order_id":58432,"order_status":"PENDING_PAYMENT"}
{"order_customer_id":5715,"order_id":58433,"order_status":"PROCESSING"}
{"order_customer_id":3016,"order_id":58434,"order_status":"COMPLETE"}
{"order_customer_id":1083,"order_id":58435,"order_status":"PENDING"}
{"order_customer_id":9215,"order_id":58436,"order_status":"PENDING_PAYMENT"}
{"order_customer_id":5992,"order_id":58437,"order_status":"COMPLETE"}
{"order_customer_id":6287,"order_id":58438,"order_status":"PENDING_PAYMENT"}
{"order_customer_id":11523,"order_id":58439,"order_status":"CLOSED"}
{"order_customer_id":40,"order_id":58440,"order_status":"PENDING_PAYMENT"}
{"order_customer_id":8557,"order_id":58441,"order_status":"COMPLETE"}
{"order_customer_id":9045,"order_id":58442,"order_status":"PROCESSING"}
{"order_customer_id":5075,"order_id":58443,"order_status":"PENDING_PAYMENT"}
{"order_customer_id":9849,"order_id":58444,"order_status":"PENDING"}
{"order_customer_id":2841,"order_id":58445,"order_status":"PROCESSING"}
{"order_customer_id":9744,"order_id":58446,"order_status":"CLOSED"}
{"order_customer_id":10529,"order_id":58447,"order_status":"ON_HOLD"}
{"order_customer_id":1806,"order_id":58448,"order_status":"ON_HOLD"}
{"order_customer_id":4107,"order_id":58449,"order_status":"PENDING_PAYMENT"}
{"order_customer_id":7870,"order_id":58450,"order_status":"COMPLETE"}
{"order_customer_id":5004,"order_id":58451,"order_status":"COMPLETE"}
{"order_customer_id":4002,"order_id":58452,"order_status":"COMPLETE"}
{"order_customer_id":12397,"order_id":58453,"order_status":"COMPLETE"}
{"order_customer_id":3482,"order_id":58454,"order_status":"PENDING_PAYMENT"}
{"order_customer_id":4624,"order_id":58455,"order_status":"PENDING_PAYMENT"}
{"order_customer_id":9742,"order_id":58456,"order_status":"COMPLETE"}
{"order_customer_id":11053,"order_id":58457,"order_status":"ON_HOLD"}
{"order_customer_id":815,"order_id":58458,"order_status":"PENDING"}
{"order_customer_id":2323,"order_id":58459,"order_status":"COMPLETE"}
{"order_customer_id":12149,"order_id":58460,"order_status":"PENDING_PAYMENT"}
{"order_customer_id":8432,"order_id":58461,"order_status":"PENDING_PAYMENT"}
{"order_customer_id":521,"order_id":58462,"order_status":"COMPLETE"}
{"order_customer_id":3378,"order_id":58463,"order_status":"SUSPECTED_FRAUD"}
{"order_customer_id":2386,"order_id":58464,"order_status":"PENDING_PAYMENT"}
{"order_customer_id":7726,"order_id":58465,"order_status":"COMPLETE"}
{"order_customer_id":3182,"order_id":58466,"order_status":"SUSPECTED_FRAUD"}
{"order_customer_id":3020,"order_id":58467,"order_status":"COMPLETE"}
{"order_customer_id":7703,"order_id":58468,"order_status":"COMPLETE"}
{"order_customer_id":8344,"order_id":58469,"order_status":"PENDING_PAYMENT"}
{"order_customer_id":9438,"order_id":58470,"order_status":"CLOSED"}
{"order_customer_id":7975,"order_id":58471,"order_status":"COMPLETE"}
{"order_customer_id":5973,"order_id":67518,"order_status":"PROCESSING"}
{"order_customer_id":10954,"order_id":67519,"order_status":"PENDING_PAYMENT"}
{"order_customer_id":10720,"order_id":67520,"order_status":"CLOSED"}
{"order_customer_id":8883,"order_id":67521,"order_status":"COMPLETE"}
{"order_customer_id":4246,"order_id":67522,"order_status":"COMPLETE"}
{"order_customer_id":10165,"order_id":67523,"order_status":"CLOSED"}
