{"order_customer_id":5745,"order_id":23248,"order_status":"ON_HOLD"}
{"order_customer_id":3105,"order_id":23249,"order_status":"PENDING"}
{"order_customer_id":7828,"order_id":23250,"order_status":"CANCELED"}
{"order_customer_id":6614,"order_id":23251,"order_status":"PENDING_PAYMENT"}
{"order_customer_id":6544,"order_id":23252,"order_status":"PROCESSING"}
{"order_customer_id":11302,"order_id":23253,"order_status":"PENDING_PAYMENT"}
{"order_customer_id":12179,"order_id":23254,"order_status":"PENDING_PAYMENT"}
{"order_customer_id":11709,"order_id":23255,"order_status":"COMPLETE"}
{"order_customer_id":9652,"order_id":23256,"order_status":"CLOSED"}
{"order_customer_id":2963,"order_id":23257,"order_status":"ON_HOLD"}
{"order_customer_id":3753,"order_id":23258,"order_status":"COMPLETE"}
{"order_customer_id":3805,"order_id":23259,"order_status":"PENDING"}
{"order_customer_id":10290,"order_id":23260,"order_status":"PENDING"}
{"order_customer_id":9229,"order_id":23261,"order_status":"PENDING"}
{"order_customer_id":7825,"order_id":23262,"order_status":"COMPLETE"}
{"order_customer_id":1541,"order_id":23263,"order_status":"COMPLETE"}
{"order_customer_id":7649,"order_id":23264,"order_status":"COMPLETE"}
{"order_customer_id":3628,"order_id":23265,"order_status":"PENDING"}
{"order_customer_id":4582,"order_id":23266,"order_status":"COMPLETE"}
{"order_customer_id":6156,"order_id":23267,"order_status":"COMPLETE"}
{"order_customer_id":7214,"order_id":23268,"order_status":"PENDING_PAYMENT"}
{"order_customer_id":1898,"order_id":23269,"order_status":"CLOSED"}
{"order_customer_id":7493,"order_id":23270,"order_status":"COMPLETE"}
{"order_customer_id":6186,"order_id":23271,"order_status":"COMPLETE"}
{"order_customer_id":1018,"order_id":23272,"order_status":"PENDING_PAYMENT"}
{"order_customer_id":789,"order_id":23273,"order_status":"PENDING_PAYMENT"}
{"order_customer_id":5635,"order_id":23274,"order_status":"COMPLETE"}
{"order_customer_id":8012,"order_id":23275,"order_status":"CLOSED"}
{"order_customer_id":1056,"order_id":23276,"order_status":"PENDING_PAYMENT"}
{"order_customer_id":11755,"order_id":23277,"order_status":"PENDING_PAYMENT"}
{"order_customer_id":6079,"order_id":23278,"order_status":"CLOSED"}
{"order_customer_id":7200,"order_id":23279,"order_status":"PROCESSING"}
{"order_customer_id":3091,"order_id":23280,"order_status":"PENDING_PAYMENT"}
{"order_customer_id":3161,"order_id":23281,"order_status":"COMPLETE"}
{"order_customer_id":9366,"order_id":23282,"order_status":"CLOSED"}
{"order_customer_id":3705,"order_id":23283,"order_status":"ON_HOLD"}
{"order_customer_id":2087,"order_id":23284,"order_status":"PENDING_PAYMENT"}
{"order_customer_id":11672,"order_id":23285,"order_status":"PENDING_PAYMENT"}
{"order_customer_id":6470,"order_id":23286,"order_status":"PENDING"}
{"order_customer_id":6068,"order_id":23287,"order_status":"PENDING_PAYMENT"}
{"order_customer_id":4885,"order_id":23288,"order_status":"PROCESSING"}
{"order_customer_id":8812,"order_id":23289,"order_status":"PENDING_PAYMENT"}
{"order_customer_id":4275,"order_id":23290,"order_status":"COMPLETE"}
{"order_customer_id":10381,"order_id":23291,"order_status":"CLOSED"}
{"order_customer_id":2215,"order_id":23292,"order_status":"COMPLETE"}
{"order_customer_id":53,"order_id":23293,"order_status":"PENDING_PAYMENT"}
{"order_customer_id":10239,"order_id":23294,"order_status":"ON_HOLD"}
{"order_customer_id":9992,"order_id":23295,"order_status":"PENDING_PAYMENT"}
{"order_customer_id":259,"order_id":23296,"order_status":"COMPLETE"}
{"order_customer_id":11388,"order_id":23297,"order_status":"PENDING_PAYMENT"}
{"order_customer_id":4686,"order_id":23298,"order_status":"PENDING"}
{"order_customer_id":9842,"order_id":23299,"order_status":"CLOSED"}
{"order_customer_id":161,"order_id":23300,"order_status":"PENDING_PAYMENT"}
{"order_customer_id":7069,"order_id":23301,"order_status":"PENDING_PAYMENT"}
{"order_customer_id":1748,"order_id":23302,"order_status":"SUSPECTED_FRAUD"}
{"order_customer_id":3711,"order_id":23303,"order_status":"PROCESSING"}
{"order_customer_id":12248,"order_id":23304,"order_status":"PENDING"}
{"order_customer_id":6326,"order_id":23305,"order_status":"PENDING_PAYMENT"}
{"order_customer_id":8191,"order_id":23306,"order_status":"CLOSED"}
{"order_customer_id":8429,"order_id":23307,"order_status":"CLOSED"}
{"order_customer_id":8289,"order_id":23308,"order_status":"PENDING_PAYMENT"}
{"order_customer_id":9902,"order_id":23309,"order_status":"PENDING_PAYMENT"}
{"order_customer_id":3967,"order_id":23310,"order_status":"PENDING"}
{"order_customer_id":3187,"order_id":23311,"order_status":"PROCESSING"}
{"order_customer_id":1111,"order_id":23312,"order_status":"COMPLETE"}
{"order_customer_id":8049,"order_id":23313,"order_status":"PENDING_PAYMENT"}
{"order_customer_id":4103,"order_id":23314,"order_status":"PENDING_PAYMENT"}
{"order_customer_id":2692,"order_id":23315,"order_status":"PROCESSING"}
{"order_customer_id":9801,"order_id":23316,"order_status":"COMPLETE"}
{"order_customer_id":2893,"order_id":23317,"order_status":"PENDING_PAYMENT"}
{"order_customer_id":11180,"order_id":23318,"order_status":"COMPLETE"}
{"order_customer_id":12296,"order_id":23319,"order_status":"PROCESSING"}
{"order_customer_id":9724,"order_id":23320,"order_status":"PENDING_PAYMENT"}
{"order_customer_id":5590,"order_id":23321,"order_status":"CLOSED"}
{"order_customer_id":4220,"order_id":23322,"order_status":"PROCESSING"}
{"order_customer_id":2960,"order_id":23323,"order_status":"PENDING_PAYMENT"}
{"order_customer_id":9088,"order_id":23324,"order_status":"PROCESSING"}
{"order_customer_id":4794,"order_id":23325,"order_status":"PENDING_PAYMENT"}
{"order_customer_id":10584,"order_id":23326,"order_status":"PENDING_PAYMENT"}
{"order_customer_id":4511,"order_id":23327,"order_status":"COMPLETE"}
{"order_customer_id":598,"order_id":23328,"order_status":"COMPLETE"}
{"order_customer_id":7004,"order_id":23329,"order_status":"ON_HOLD"}
{"order_customer_id":276,"order_id":23330,"order_status":"PENDING_PAYMENT"}
{"order_customer_id":3242,"order_id":23331,"order_status":"CLOSED"}
{"order_customer_id":12262,"order_id":23332,"order_status":"PENDING_PAYMENT"}
{"order_customer_id":9869,"order_id":23333,"order_status":"PROCESSING"}
{"order_customer_id":905,"order_id":23334,"order_status":"PENDING_PAYMENT"}
{"order_customer_id":4116,"order_id":23335,"order_status":"COMPLETE"}
{"order_customer_id":6757,"order_id":23336,"order_status":"SUSPECTED_FRAUD"}
{"order_customer_id":9701,"order_id":23337,"order_status":"PENDING_PAYMENT"}
{"order_customer_id":5691,"order_id":23338,"order_status":"PENDING_PAYMENT"}
{"order_customer_id":11649,"order_id":23339,"order_status":"COMPLETE"}
{"order_customer_id":9105,"order_id":23340,"order_status":"CANCELED"}
{"order_customer_id":11791,"order_id":23341,"order_status":"ON_HOLD"}
{"order_customer_id":8200,"order_id":23342,"order_status":"PENDING_PAYMENT"}
{"order_customer_id":10691,"order_id":23343,"order_status":"COMPLETE"}
{"order_customer_id":2064,"order_id":23344,"order_status":"PENDING_PAYMENT"}
{"order_customer_id":8101,"order_id":23345,"order_status":"PAYMENT_REVIEW"}
{"order_customer_id":6250,"order_id":23346,"order_status":"PENDING_PAYMENT"}
{"order_customer_id":2197,"order_id":23347,"order_status":"COMPLETE"}
{"order_customer_id":6171,"order_id":23348,"order_status":"PENDING_PAYMENT"}
{"order_customer_id":512,"order_id":61502,"order_status":"PROCESSING"}
{"order_customer_id":3475,"order_id":61503,"order_status":"PENDING"}
{"order_customer_id":8552,"order_id":61504,"order_status":"CLOSED"}
{"order_customer_id":11249,"order_id":61505,"order_status":"PENDING_PAYMENT"}
{"order_customer_id":4049,"order_id":61506,"order_status":"CLOSED"}
{"order_customer_id":5100,"order_id":61507,"order_status":"COMPLETE"}
{"order_customer_id":5191,"order_id":61508,"order_status":"PENDING"}
{"order_customer_id":10514,"order_id":61509,"order_status":"PENDING_PAYMENT"}
{"order_customer_id":5555,"order_id":61510,"order_status":"PROCESSING"}
{"order_customer_id":7340,"order_id":61511,"order_status":"CLOSED"}
{"order_customer_id":285,"order_id":67911,"order_status":"COMPLETE"}
{"order_customer_id":10459,"order_id":67912,"order_status":"COMPLETE"}
{"order_customer_id":3547,"order_id":67913,"order_status":"PROCESSING"}
