{"order_customer_id":8772,"order_id":42528,"order_status":"PROCESSING"}
{"order_customer_id":2657,"order_id":42529,"order_status":"COMPLETE"}
{"order_customer_id":11850,"order_id":42530,"order_status":"CLOSED"}
{"order_customer_id":222,"order_id":42531,"order_status":"CLOSED"}
{"order_customer_id":2641,"order_id":42532,"order_status":"PENDING_PAYMENT"}
{"order_customer_id":6595,"order_id":42533,"order_status":"COMPLETE"}
{"order_customer_id":12130,"order_id":42534,"order_status":"COMPLETE"}
{"order_customer_id":9340,"order_id":42535,"order_status":"ON_HOLD"}
{"order_customer_id":8532,"order_id":42536,"order_status":"COMPLETE"}
{"order_customer_id":1871,"order_id":42537,"order_status":"COMPLETE"}
{"order_customer_id":1182,"order_id":42538,"order_status":"PENDING_PAYMENT"}
{"order_customer_id":5331,"order_id":42539,"order_status":"PENDING_PAYMENT"}
{"order_customer_id":9841,"order_id":42540,"order_status":"COMPLETE"}
{"order_customer_id":3047,"order_id":42541,"order_status":"PENDING"}
{"order_customer_id":542,"order_id":42542,"order_status":"CLOSED"}
{"order_customer_id":4056,"order_id":42543,"order_status":"CLOSED"}
{"order_customer_id":11068,"order_id":42544,"order_status":"CLOSED"}
{"order_customer_id":1596,"order_id":42545,"order_status":"PENDING"}
{"order_customer_id":8682,"order_id":42546,"order_status":"ON_HOLD"}
{"order_customer_id":7334,"order_id":42547,"order_status":"COMPLETE"}
{"order_customer_id":11061,"order_id":42548,"order_status":"COMPLETE"}
{"order_customer_id":1990,"order_id":42549,"order_status":"PROCESSING"}
{"order_customer_id":3221,"order_id":42550,"order_status":"PROCESSING"}
{"order_customer_id":4106,"order_id":42551,"order_status":"COMPLETE"}
{"order_customer_id":2958,"order_id":42552,"order_status":"PENDING"}
{"order_customer_id":7780,"order_id":42553,"order_status":"PROCESSING"}
{"order_customer_id":9349,"order_id":42554,"order_status":"PROCESSING"}
{"order_customer_id":3884,"order_id":42555,"order_status":"COMPLETE"}
{"order_customer_id":10386,"order_id":42556,"order_status":"PENDING_PAYMENT"}
{"order_customer_id":3110,"order_id":42557,"order_status":"PROCESSING"}
{"order_customer_id":5052,"order_id":42558,"order_status":"COMPLETE"}
{"order_customer_id":1705,"order_id":42559,"order_status":"COMPLETE"}
{"order_customer_id":11134,"order_id":42560,"order_status":"COMPLETE"}
{"order_customer_id":10278,"order_id":42561,"order_status":"COMPLETE"}
{"order_customer_id":9681,"order_id":42562,"order_status":"COMPLETE"}
{"order_customer_id":12024,"order_id":42563,"order_status":"CLOSED"}
{"order_customer_id":7825,"order_id":42564,"order_status":"CLOSED"}
{"order_customer_id":2295,"order_id":42565,"order_status":"PENDING_PAYMENT"}
{"order_customer_id":3414,"order_id":42566,"order_status":"COMPLETE"}
{"order_customer_id":10021,"order_id":42567,"order_status":"PENDING"}
{"order_customer_id":6387,"order_id":42568,"order_status":"COMPLETE"}
{"order_customer_id":1490,"order_id":42569,"order_status":"PENDING_PAYMENT"}
{"order_customer_id":11337,"order_id":42570,"order_status":"COMPLETE"}
{"order_customer_id":8866,"order_id":42571,"order_status":"COMPLETE"}
{"order_customer_id":5063,"order_id":42572,"order_status":"PROCESSING"}
{"order_customer_id":7083,"order_id":42573,"order_status":"COMPLETE"}
{"order_customer_id":7313,"order_id":42574,"order_status":"COMPLETE"}
{"order_customer_id":2469,"order_id":42575,"order_status":"COMPLETE"}
{"order_customer_id":3552,"order_id":42576,"order_status":"COMPLETE"}
{"order_customer_id":12382,"order_id":42577,"order_status":"PENDING"}
{"order_customer_id":3508,"order_id":42578,"order_status":"PENDING_PAYMENT"}
{"order_customer_id":4238,"order_id":42579,"order_status":"PROCESSING"}
{"order_customer_id":9025,"order_id":42580,"order_status":"CLOSED"}
{"order_customer_id":6044,"order_id":42581,"order_status":"CANCELED"}
{"order_customer_id":9014,"order_id":42582,"order_status":"PENDING_PAYMENT"}
{"order_customer_id":9944,"order_id":42583,"order_status":"PROCESSING"}
{"order_customer_id":1735,"order_id":42584,"order_status":"PENDING_PAYMENT"}
{"order_customer_id":12028,"order_id":42585,"order_status":"PENDING_PAYMENT"}
{"order_customer_id":8640,"order_id":42586,"order_status":"COMPLETE"}
{"order_customer_id":4073,"order_id":42587,"order_status":"PENDING_PAYMENT"}
{"order_customer_id":5034,"order_id":42588,"order_status":"CLOSED"}
{"order_customer_id":5514,"order_id":42589,"order_status":"COMPLETE"}
{"order_customer_id":7798,"order_id":42590,"order_status":"PENDING_PAYMENT"}
{"order_customer_id":371,"order_id":42591,"order_status":"CLOSED"}
{"order_customer_id":4046,"order_id":42592,"order_status":"COMPLETE"}
{"order_customer_id":7082,"order_id":42593,"order_status":"PENDING_PAYMENT"}
{"order_customer_id":5943,"order_id":42594,"order_status":"PAYMENT_REVIEW"}
{"order_customer_id":2140,"order_id":42595,"order_status":"PENDING_PAYMENT"}
{"order_customer_id":9495,"order_id":42596,"order_status":"COMPLETE"}
{"order_customer_id":10420,"order_id":42597,"order_status":"PENDING"}
{"order_customer_id":3715,"order_id":42598,"order_status":"PENDING_PAYMENT"}
{"order_customer_id":9115,"order_id":42599,"order_status":"COMPLETE"}
{"order_customer_id":11042,"order_id":42600,"order_status":"CLOSED"}
{"order_customer_id":1906,"order_id":42601,"order_status":"PENDING_PAYMENT"}
{"order_customer_id":7887,"order_id":42602,"order_status":"COMPLETE"}
{"order_customer_id":9535,"order_id":42603,"order_status":"COMPLETE"}
{"order_customer_id":4295,"order_id":42604,"order_status":"PENDING_PAYMENT"}
{"order_customer_id":47,"order_id":42605,"order_status":"COMPLETE"}
{"order_customer_id":9238,"order_id":42606,"order_status":"PROCESSING"}
{"order_customer_id":5874,"order_id":42607,"order_status":"PENDING_PAYMENT"}
{"order_customer_id":3640,"order_id":42608,"order_status":"COMPLETE"}
{"order_customer_id":1171,"order_id":64614,"order_status":"PENDING_PAYMENT"}
{"order_customer_id":10048,"order_id":64615,"order_status":"COMPLETE"}
{"order_customer_id":2306,"order_id":64616,"order_status":"PENDING_PAYMENT"}
{"order_customer_id":1433,"order_id":64617,"order_status":"PENDING_PAYMENT"}
{"order_customer_id":8175,"order_id":64618,"order_status":"PENDING_PAYMENT"}
{"order_customer_id":10932,"order_id":64619,"order_status":"PROCESSING"}
{"order_customer_id":633,"order_id":64620,"order_status":"COMPLETE"}
{"order_customer_id":736,"order_id":64621,"order_status":"PROCESSING"}
{"order_customer_id":1567,"order_id":64622,"order_status":"PENDING_PAYMENT"}
{"order_customer_id":5494,"order_id":64623,"order_status":"ON_HOLD"}
{"order_customer_id":1011,"order_id":64624,"order_status":"PROCESSING"}
{"order_customer_id":8591,"order_id":64625,"order_status":"COMPLETE"}
{"order_customer_id":6755,"order_id":64626,"order_status":"CANCELED"}
{"order_customer_id":4757,"order_id":64627,"order_status":"COMPLETE"}
{"order_customer_id":854,"order_id":64628,"order_status":"PENDING_PAYMENT"}
{"order_customer_id":4329,"order_id":64629,"order_status":"PENDING"}
{"order_customer_id":4406,"order_id":64630,"order_status":"COMPLETE"}
{"order_customer_id":5010,"order_id":64631,"order_status":"COMPLETE"}
{"order_customer_id":2132,"order_id":64632,"order_status":"COMPLETE"}
{"order_customer_id":8726,"order_id":64633,"order_status":"PROCESSING"}
{"order_customer_id":8962,"order_id":64634,"order_status":"CLOSED"}
{"order_customer_id":394,"order_id":64635,"order_status":"PENDING_PAYMENT"}
{"order_customer_id":1063,"order_id":64636,"order_status":"COMPLETE"}
{"order_customer_id":9857,"order_id":64637,"order_status":"COMPLETE"}
{"order_customer_id":1677,"order_id":64638,"order_status":"PENDING_PAYMENT"}
{"order_customer_id":9205,"order_id":64639,"order_status":"COMPLETE"}
{"order_customer_id":8789,"order_id":64640,"order_status":"PENDING_PAYMENT"}
{"order_customer_id":5582,"order_id":64641,"order_status":"PROCESSING"}
{"order_customer_id":5319,"order_id":64642,"order_status":"COMPLETE"}
{"order_customer_id":1143,"order_id":64643,"order_status":"PENDING_PAYMENT"}
{"order_customer_id":10707,"order_id":64644,"order_status":"PENDING_PAYMENT"}
{"order_customer_id":11057,"order_id":68339,"order_status":"COMPLETE"}
{"order_customer_id":9353,"order_id":68340,"order_status":"CLOSED"}
{"order_customer_id":11197,"order_id":68341,"order_status":"COMPLETE"}
{"order_customer_id":10009,"order_id":68342,"order_status":"PENDING_PAYMENT"}
{"order_customer_id":3889,"order_id":68343,"order_status":"COMPLETE"}
