{"order_customer_id":2879,"order_id":54558,"order_status":"CANCELED"}
{"order_customer_id":6842,"order_id":54559,"order_status":"COMPLETE"}
{"order_customer_id":10380,"order_id":54560,"order_status":"COMPLETE"}
{"order_customer_id":6877,"order_id":54561,"order_status":"PROCESSING"}
{"order_customer_id":7934,"order_id":54562,"order_status":"COMPLETE"}
{"order_customer_id":7191,"order_id":54563,"order_status":"COMPLETE"}
{"order_customer_id":9927,"order_id":54564,"order_status":"PENDING_PAYMENT"}
{"order_customer_id":7629,"order_id":54565,"order_status":"COMPLETE"}
{"order_customer_id":288,"order_id":54566,"order_status":"ON_HOLD"}
{"order_customer_id":9786,"order_id":54567,"order_status":"ON_HOLD"}
{"order_customer_id":9276,"order_id":54568,"order_status":"COMPLETE"}
{"order_customer_id":12117,"order_id":54569,"order_status":"COMPLETE"}
{"order_customer_id":6798,"order_id":54570,"order_status":"PENDING"}
{"order_customer_id":11301,"order_id":54571,"order_status":"COMPLETE"}
{"order_customer_id":7844,"order_id":54572,"order_status":"PROCESSING"}
{"order_customer_id":5216,"order_id":54573,"order_status":"PENDING_PAYMENT"}
{"order_customer_id":8145,"order_id":54574,"order_status":"ON_HOLD"}
{"order_customer_id":8986,"order_id":54575,"order_status":"PROCESSING"}
{"order_customer_id":10713,"order_id":54576,"order_status":"COMPLETE"}
{"order_customer_id":10766,"order_id":54577,"order_status":"COMPLETE"}
{"order_customer_id":6179,"order_id":54578,"order_status":"CLOSED"}
{"order_customer_id":1608,"order_id":54579,"order_status":"PENDING_PAYMENT"}
{"order_customer_id":8007,"order_id":54580,"order_status":"COMPLETE"}
{"order_customer_id":2514,"order_id":54581,"order_status":"PROCESSING"}
{"order_customer_id":7777,"order_id":54582,"order_status":"PROCESSING"}
{"order_customer_id":1919,"order_id":54583,"order_status":"ON_HOLD"}
{"order_customer_id":8967,"order_id":54584,"order_status":"PENDING_PAYMENT"}
{"order_customer_id":1423,"order_id":54585,"order_status":"PENDING"}
{"order_customer_id":628,"order_id":54586,"order_status":"COMPLETE"}
{"order_customer_id":4942,"order_id":54587,"order_status":"CLOSED"}
{"order_customer_id":8171,"order_id":54588,"order_status":"COMPLETE"}
{"order_customer_id":10432,"order_id":54589,"order_status":"CLOSED"}
{"order_customer_id":542,"order_id":54590,"order_status":"COMPLETE"}
{"order_customer_id":3104,"order_id":54591,"order_status":"PENDING"}
{"order_customer_id":3913,"order_id":54592,"order_status":"PENDING_PAYMENT"}
{"order_customer_id":9226,"order_id":54593,"order_status":"CLOSED"}
{"order_customer_id":5847,"order_id":54594,"order_status":"COMPLETE"}
{"order_customer_id":6892,"order_id":54595,"order_status":"ON_HOLD"}
{"order_customer_id":11911,"order_id":54596,"order_status":"PENDING_PAYMENT"}
{"order_customer_id":9969,"order_id":54597,"order_status":"COMPLETE"}
{"order_customer_id":2622,"order_id":54598,"order_status":"PROCESSING"}
{"order_customer_id":12051,"order_id":54599,"order_status":"COMPLETE"}
{"order_customer_id":3151,"order_id":54600,"order_status":"PENDING_PAYMENT"}
{"order_customer_id":10966,"order_id":54601,"order_status":"PENDING_PAYMENT"}
{"order_customer_id":3829,"order_id":54602,"order_status":"PENDING_PAYMENT"}
{"order_customer_id":1385,"order_id":54603,"order_status":"PENDING"}
{"order_customer_id":7781,"order_id":54604,"order_status":"PROCESSING"}
{"order_customer_id":7596,"order_id":54605,"order_status":"COMPLETE"}
{"order_customer_id":6582,"order_id":54606,"order_status":"PROCESSING"}
{"order_customer_id":3684,"order_id":54607,"order_status":"PENDING_PAYMENT"}
{"order_customer_id":7296,"order_id":54608,"order_status":"CLOSED"}
{"order_customer_id":6356,"order_id":54609,"order_status":"PENDING_PAYMENT"}
{"order_customer_id":3036,"order_id":54610,"order_status":"COMPLETE"}
{"order_customer_id":9535,"order_id":54611,"order_status":"PROCESSING"}
{"order_customer_id":10156,"order_id":54612,"order_status":"PENDING"}
{"order_customer_id":3102,"order_id":54613,"order_status":"PENDING"}
{"order_customer_id":8674,"order_id":54614,"order_status":"PENDING"}
{"order_customer_id":7437,"order_id":54615,"order_status":"COMPLETE"}
{"order_customer_id":6506,"order_id":54616,"order_status":"PROCESSING"}
{"order_customer_id":10454,"order_id":54617,"order_status":"CLOSED"}
{"order_customer_id":9921,"order_id":54618,"order_status":"PENDING"}
{"order_customer_id":7259,"order_id":54619,"order_status":"CLOSED"}
{"order_customer_id":7672,"order_id":54620,"order_status":"PENDING_PAYMENT"}
{"order_customer_id":11428,"order_id":54621,"order_status":"CLOSED"}
{"order_customer_id":6849,"order_id":54622,"order_status":"COMPLETE"}
{"order_customer_id":19,"order_id":54623,"order_status":"PROCESSING"}
{"order_customer_id":11439,"order_id":54624,"order_status":"CLOSED"}
{"order_customer_id":7014,"order_id":54625,"order_status":"COMPLETE"}
{"order_customer_id":1771,"order_id":54626,"order_status":"CLOSED"}
{"order_customer_id":9847,"order_id":54627,"order_status":"CLOSED"}
{"order_customer_id":4911,"order_id":54628,"order_status":"PENDING"}
{"order_customer_id":3320,"order_id":54629,"order_status":"PENDING_PAYMENT"}
{"order_customer_id":10216,"order_id":54630,"order_status":"PENDING_PAYMENT"}
{"order_customer_id":9196,"order_id":54631,"order_status":"COMPLETE"}
{"order_customer_id":1466,"order_id":54632,"order_status":"PENDING"}
{"order_customer_id":8386,"order_id":54633,"order_status":"PENDING"}
{"order_customer_id":4937,"order_id":54634,"order_status":"COMPLETE"}
{"order_customer_id":3545,"order_id":54635,"order_status":"COMPLETE"}
{"order_customer_id":3549,"order_id":54636,"order_status":"PROCESSING"}
{"order_customer_id":10236,"order_id":54637,"order_status":"COMPLETE"}
{"order_customer_id":11780,"order_id":54638,"order_status":"PENDING_PAYMENT"}
{"order_customer_id":11585,"order_id":54639,"order_status":"PENDING_PAYMENT"}
{"order_customer_id":639,"order_id":54640,"order_status":"PENDING"}
{"order_customer_id":4223,"order_id":54641,"order_status":"COMPLETE"}
{"order_customer_id":3536,"order_id":54642,"order_status":"COMPLETE"}
{"order_customer_id":10820,"order_id":54643,"order_status":"PENDING_PAYMENT"}
{"order_customer_id":12234,"order_id":54644,"order_status":"PENDING_PAYMENT"}
{"order_customer_id":2254,"order_id":54645,"order_status":"PENDING_PAYMENT"}
{"order_customer_id":3919,"order_id":54646,"order_status":"PAYMENT_REVIEW"}
{"order_customer_id":2469,"order_id":54647,"order_status":"COMPLETE"}
{"order_customer_id":11542,"order_id":54648,"order_status":"SUSPECTED_FRAUD"}
{"order_customer_id":2873,"order_id":54649,"order_status":"COMPLETE"}
{"order_customer_id":1215,"order_id":54650,"order_status":"PROCESSING"}
{"order_customer_id":10277,"order_id":54651,"order_status":"CLOSED"}
{"order_customer_id":6962,"order_id":54652,"order_status":"CLOSED"}
{"order_customer_id":6720,"order_id":54653,"order_status":"PENDING_PAYMENT"}
{"order_customer_id":7713,"order_id":54654,"order_status":"PROCESSING"}
{"order_customer_id":10444,"order_id":54655,"order_status":"CANCELED"}
{"order_customer_id":345,"order_id":54656,"order_status":"PENDING_PAYMENT"}
{"order_customer_id":8761,"order_id":54657,"order_status":"CLOSED"}
{"order_customer_id":12365,"order_id":54658,"order_status":"PROCESSING"}
{"order_customer_id":6602,"order_id":54659,"order_status":"COMPLETE"}
{"order_customer_id":4974,"order_id":54660,"order_status":"PENDING_PAYMENT"}
{"order_customer_id":268,"order_id":54661,"order_status":"COMPLETE"}
{"order_customer_id":931,"order_id":54662,"order_status":"CANCELED"}
{"order_customer_id":2069,"order_id":54663,"order_status":"COMPLETE"}
{"order_customer_id":3483,"order_id":54664,"order_status":"PENDING_PAYMENT"}
{"order_customer_id":12099,"order_id":54665,"order_status":"PENDING_PAYMENT"}
{"order_customer_id":9501,"order_id":54666,"order_status":"PENDING_PAYMENT"}
{"order_customer_id":2860,"order_id":54667,"order_status":"COMPLETE"}
{"order_customer_id":9985,"order_id":54668,"order_status":"PROCESSING"}
{"order_customer_id":8264,"order_id":54669,"order_status":"SUSPECTED_FRAUD"}
{"order_customer_id":392,"order_id":54670,"order_status":"COMPLETE"}
{"order_customer_id":8904,"order_id":54671,"order_status":"PENDING_PAYMENT"}
{"order_customer_id":1514,"order_id":54672,"order_status":"PENDING_PAYMENT"}
{"order_customer_id":4741,"order_id":54673,"order_status":"COMPLETE"}
{"order_customer_id":4502,"order_id":54674,"order_status":"COMPLETE"}
{"order_customer_id":6261,"order_id":54675,"order_status":"ON_HOLD"}
{"order_customer_id":10783,"order_id":54676,"order_status":"PROCESSING"}
{"order_customer_id":9967,"order_id":54677,"order_status":"CLOSED"}
{"order_customer_id":10091,"order_id":54678,"order_status":"COMPLETE"}
{"order_customer_id":6108,"order_id":54679,"order_status":"PENDING_PAYMENT"}
{"order_customer_id":3749,"order_id":54680,"order_status":"PENDING_PAYMENT"}
{"order_customer_id":2625,"order_id":54681,"order_status":"PENDING"}
{"order_customer_id":5725,"order_id":54682,"order_status":"COMPLETE"}
{"order_customer_id":9236,"order_id":54683,"order_status":"COMPLETE"}
{"order_customer_id":6212,"order_id":54684,"order_status":"COMPLETE"}
{"order_customer_id":711,"order_id":54685,"order_status":"COMPLETE"}
{"order_customer_id":4480,"order_id":54686,"order_status":"COMPLETE"}
{"order_customer_id":3587,"order_id":54687,"order_status":"PENDING"}
{"order_customer_id":10638,"order_id":54688,"order_status":"COMPLETE"}
{"order_customer_id":2385,"order_id":54689,"order_status":"PROCESSING"}
{"order_customer_id":10505,"order_id":54690,"order_status":"ON_HOLD"}
{"order_customer_id":10426,"order_id":54691,"order_status":"COMPLETE"}
{"order_customer_id":7692,"order_id":54692,"order_status":"CLOSED"}
{"order_customer_id":6403,"order_id":54693,"order_status":"PENDING"}
{"order_customer_id":7204,"order_id":54694,"order_status":"PENDING_PAYMENT"}
{"order_customer_id":11398,"order_id":54695,"order_status":"COMPLETE"}
{"order_customer_id":3801,"order_id":54696,"order_status":"COMPLETE"}
{"order_customer_id":10011,"order_id":54697,"order_status":"PROCESSING"}
{"order_customer_id":3178,"order_id":54698,"order_status":"SUSPECTED_FRAUD"}
{"order_customer_id":8521,"order_id":54699,"order_status":"PENDING_PAYMENT"}
{"order_customer_id":2369,"order_id":54700,"order_status":"ON_HOLD"}
{"order_customer_id":2942,"order_id":54701,"order_status":"COMPLETE"}
{"order_customer_id":8687,"order_id":54702,"order_status":"ON_HOLD"}
{"order_customer_id":2553,"order_id":54703,"order_status":"COMPLETE"}
{"order_customer_id":5746,"order_id":54704,"order_status":"COMPLETE"}
{"order_customer_id":7171,"order_id":54705,"order_status":"PENDING_PAYMENT"}
{"order_customer_id":9198,"order_id":54706,"order_status":"PENDING"}
{"order_customer_id":10675,"order_id":54707,"order_status":"PENDING_PAYMENT"}
{"order_customer_id":11308,"order_id":54708,"order_status":"CLOSED"}
{"order_customer_id":6944,"order_id":54709,"order_status":"COMPLETE"}
{"order_customer_id":8950,"order_id":54710,"order_status":"PENDING"}
{"order_customer_id":11961,"order_id":54711,"order_status":"COMPLETE"}
{"order_customer_id":170,"order_id":54712,"order_status":"COMPLETE"}
{"order_customer_id":9455,"order_id":54713,"order_status":"COMPLETE"}
{"order_customer_id":3736,"order_id":54714,"order_status":"CLOSED"}
{"order_customer_id":4164,"order_id":54715,"order_status":"ON_HOLD"}
{"order_customer_id":8832,"order_id":54716,"order_status":"COMPLETE"}
{"order_customer_id":3132,"order_id":54717,"order_status":"PENDING_PAYMENT"}
{"order_customer_id":11671,"order_id":54718,"order_status":"PENDING_PAYMENT"}
{"order_customer_id":9955,"order_id":54719,"order_status":"PENDING_PAYMENT"}
{"order_customer_id":7739,"order_id":54720,"order_status":"CLOSED"}
{"order_customer_id":8696,"order_id":54721,"order_status":"COMPLETE"}
{"order_customer_id":2872,"order_id":54722,"order_status":"PROCESSING"}
{"order_customer_id":4713,"order_id":54723,"order_status":"SUSPECTED_FRAUD"}
{"order_customer_id":8857,"order_id":54724,"order_status":"PENDING_PAYMENT"}
{"order_customer_id":4630,"order_id":54725,"order_status":"COMPLETE"}
{"order_customer_id":2754,"order_id":54726,"order_status":"ON_HOLD"}
{"order_customer_id":7669,"order_id":54727,"order_status":"PENDING_PAYMENT"}
{"order_customer_id":791,"order_id":54728,"order_status":"PROCESSING"}
{"order_customer_id":5843,"order_id":54729,"order_status":"PROCESSING"}
{"order_customer_id":11737,"order_id":54730,"order_status":"PENDING"}
{"order_customer_id":11923,"order_id":54731,"order_status":"PENDING"}
{"order_customer_id":2939,"order_id":54732,"order_status":"PENDING"}
{"order_customer_id":1921,"order_id":54733,"order_status":"PENDING"}
{"order_customer_id":1062,"order_id":54734,"order_status":"PENDING_PAYMENT"}
{"order_customer_id":3321,"order_id":54735,"order_status":"COMPLETE"}
{"order_customer_id":4759,"order_id":54736,"order_status":"COMPLETE"}
{"order_customer_id":8674,"order_id":54737,"order_status":"PENDING"}
{"order_customer_id":3259,"order_id":54738,"order_status":"PENDING"}
{"order_customer_id":4574,"order_id":54739,"order_status":"COMPLETE"}
{"order_customer_id":5374,"order_id":54740,"order_status":"PENDING_PAYMENT"}
{"order_customer_id":3129,"order_id":54741,"order_status":"ON_HOLD"}
{"order_customer_id":6236,"order_id":54742,"order_status":"PROCESSING"}
{"order_customer_id":5429,"order_id":54743,"order_status":"COMPLETE"}
{"order_customer_id":6696,"order_id":54744,"order_status":"PENDING_PAYMENT"}
{"order_customer_id":9287,"order_id":66856,"order_status":"COMPLETE"}
{"order_customer_id":5474,"order_id":66857,"order_status":"PENDING"}
{"order_customer_id":9700,"order_id":66858,"order_status":"COMPLETE"}
{"order_customer_id":10075,"order_id":66859,"order_status":"ON_HOLD"}
{"order_customer_id":3708,"order_id":66860,"order_status":"COMPLETE"}
{"order_customer_id":5049,"order_id":66861,"order_status":"COMPLETE"}
{"order_customer_id":2484,"order_id":66862,"order_status":"COMPLETE"}
{"order_customer_id":8190,"order_id":66863,"order_status":"ON_HOLD"}
{"order_customer_id":12301,"order_id":66864,"order_status":"PENDING_PAYMENT"}
{"order_customer_id":11905,"order_id":66865,"order_status":"COMPLETE"}
{"order_customer_id":5643,"order_id":66866,"order_status":"COMPLETE"}
{"order_customer_id":11400,"order_id":66867,"order_status":"COMPLETE"}
{"order_customer_id":5326,"order_id":66868,"order_status":"PENDING"}
{"order_customer_id":2828,"order_id":66869,"order_status":"PENDING_PAYMENT"}
{"order_customer_id":11218,"order_id":66870,"order_status":"SUSPECTED_FRAUD"}
{"order_customer_id":1403,"order_id":66871,"order_status":"ON_HOLD"}
{"order_customer_id":1522,"order_id":66872,"order_status":"PENDING_PAYMENT"}
{"order_customer_id":11338,"order_id":66873,"order_status":"CLOSED"}
{"order_customer_id":11421,"order_id":66874,"order_status":"PROCESSING"}
{"order_customer_id":9456,"order_id":66875,"order_status":"PENDING"}
{"order_customer_id":9679,"order_id":66876,"order_status":"PROCESSING"}
{"order_customer_id":8027,"order_id":66877,"order_status":"PENDING_PAYMENT"}
{"order_customer_id":11700,"order_id":66878,"order_status":"PROCESSING"}
{"order_customer_id":11517,"order_id":66879,"order_status":"CLOSED"}
{"order_customer_id":8829,"order_id":66880,"order_status":"PENDING_PAYMENT"}
{"order_customer_id":11936,"order_id":66881,"order_status":"PENDING"}
{"order_customer_id":7401,"order_id":66882,"order_status":"PENDING_PAYMENT"}
{"order_customer_id":3793,"order_id":66883,"order_status":"PROCESSING"}
{"order_customer_id":8697,"order_id":66884,"order_status":"CLOSED"}
{"order_customer_id":4907,"order_id":66885,"order_status":"PENDING_PAYMENT"}
{"order_customer_id":6111,"order_id":66886,"order_status":"PENDING_PAYMENT"}
{"order_customer_id":8488,"order_id":66887,"order_status":"PROCESSING"}
{"order_customer_id":4074,"order_id":66888,"order_status":"CLOSED"}
{"order_customer_id":1347,"order_id":66889,"order_status":"PROCESSING"}
{"order_customer_id":10583,"order_id":66890,"order_status":"COMPLETE"}
{"order_customer_id":2592,"order_id":66891,"order_status":"COMPLETE"}
{"order_customer_id":9720,"order_id":66892,"order_status":"PROCESSING"}
{"order_customer_id":11341,"order_id":66893,"order_status":"COMPLETE"}
{"order_customer_id":976,"order_id":66894,"order_status":"COMPLETE"}
{"order_customer_id":5298,"order_id":66895,"order_status":"PENDING_PAYMENT"}
{"order_customer_id":7763,"order_id":66896,"order_status":"PENDING"}
{"order_customer_id":1571,"order_id":66897,"order_status":"CLOSED"}
{"order_customer_id":9869,"order_id":66898,"order_status":"COMPLETE"}
{"order_customer_id":10481,"order_id":68633,"order_status":"PENDING_PAYMENT"}
{"order_customer_id":4730,"order_id":68634,"order_status":"COMPLETE"}
{"order_customer_id":9260,"order_id":68635,"order_status":"CLOSED"}
