{"order_customer_id":615,"order_id":10838,"order_status":"CLOSED"}
{"order_customer_id":3160,"order_id":10839,"order_status":"PROCESSING"}
{"order_customer_id":5154,"order_id":10840,"order_status":"PAYMENT_REVIEW"}
{"order_customer_id":4721,"order_id":10841,"order_status":"PENDING"}
{"order_customer_id":6810,"order_id":10842,"order_status":"SUSPECTED_FRAUD"}
{"order_customer_id":7934,"order_id":10843,"order_status":"PENDING_PAYMENT"}
{"order_customer_id":433,"order_id":10844,"order_status":"COMPLETE"}
{"order_customer_id":3615,"order_id":10845,"order_status":"COMPLETE"}
{"order_customer_id":4550,"order_id":10846,"order_status":"PENDING_PAYMENT"}
{"order_customer_id":2585,"order_id":10847,"order_status":"ON_HOLD"}
{"order_customer_id":527,"order_id":10848,"order_status":"CLOSED"}
{"order_customer_id":3233,"order_id":10849,"order_status":"COMPLETE"}
{"order_customer_id":7977,"order_id":10850,"order_status":"CANCELED"}
{"order_customer_id":4493,"order_id":10851,"order_status":"COMPLETE"}
{"order_customer_id":4553,"order_id":10852,"order_status":"ON_HOLD"}
{"order_customer_id":7179,"order_id":10853,"order_status":"COMPLETE"}
{"order_customer_id":7397,"order_id":10854,"order_status":"COMPLETE"}
{"order_customer_id":11432,"order_id":10855,"order_status":"COMPLETE"}
{"order_customer_id":10614,"order_id":10856,"order_status":"PENDING"}
{"order_customer_id":6375,"order_id":10857,"order_status":"PROCESSING"}
{"order_customer_id":1764,"order_id":10858,"order_status":"PENDING"}
{"order_customer_id":4781,"order_id":10859,"order_status":"PROCESSING"}
{"order_customer_id":11124,"order_id":10860,"order_status":"PENDING_PAYMENT"}
{"order_customer_id":12079,"order_id":10861,"order_status":"PENDING_PAYMENT"}
{"order_customer_id":3335,"order_id":10862,"order_status":"PENDING_PAYMENT"}
{"order_customer_id":8974,"order_id":10863,"order_status":"CLOSED"}
{"order_customer_id":9014,"order_id":10864,"order_status":"COMPLETE"}
{"order_customer_id":12066,"order_id":10865,"order_status":"COMPLETE"}
{"order_customer_id":10888,"order_id":10866,"order_status":"PROCESSING"}
{"order_customer_id":172,"order_id":10867,"order_status":"PENDING_PAYMENT"}
{"order_customer_id":6487,"order_id":10868,"order_status":"PENDING"}
{"order_customer_id":928,"order_id":10869,"order_status":"PENDING"}
{"order_customer_id":6176,"order_id":10870,"order_status":"PENDING_PAYMENT"}
{"order_customer_id":7886,"order_id":10871,"order_status":"PENDING_PAYMENT"}
{"order_customer_id":10589,"order_id":10872,"order_status":"CLOSED"}
{"order_customer_id":1533,"order_id":10873,"order_status":"CLOSED"}
{"order_customer_id":11204,"order_id":10874,"order_status":"PENDING_PAYMENT"}
{"order_customer_id":936,"order_id":10875,"order_status":"PENDING"}
{"order_customer_id":5851,"order_id":10876,"order_status":"PROCESSING"}
{"order_customer_id":7622,"order_id":10877,"order_status":"COMPLETE"}
{"order_customer_id":3659,"order_id":10878,"order_status":"PENDING_PAYMENT"}
{"order_customer_id":4956,"order_id":10879,"order_status":"PENDING_PAYMENT"}
{"order_customer_id":3855,"order_id":10880,"order_status":"PENDING_PAYMENT"}
{"order_customer_id":3635,"order_id":10881,"order_status":"PAYMENT_REVIEW"}
{"order_customer_id":690,"order_id":10882,"order_status":"PENDING"}
{"order_customer_id":9427,"order_id":10883,"order_status":"COMPLETE"}
{"order_customer_id":5168,"order_id":10884,"order_status":"PROCESSING"}
{"order_customer_id":1527,"order_id":10885,"order_status":"CLOSED"}
{"order_customer_id":2448,"order_id":10886,"order_status":"CLOSED"}
{"order_customer_id":577,"order_id":10887,"order_status":"COMPLETE"}
{"order_customer_id":4246,"order_id":10888,"order_status":"COMPLETE"}
{"order_customer_id":6723,"order_id":10889,"order_status":"CLOSED"}
{"order_customer_id":1493,"order_id":10890,"order_status":"CLOSED"}
{"order_customer_id":7611,"order_id":10891,"order_status":"COMPLETE"}
{"order_customer_id":4174,"order_id":10892,"order_status":"COMPLETE"}
{"order_customer_id":636,"order_id":10893,"order_status":"PROCESSING"}
{"order_customer_id":1486,"order_id":10894,"order_status":"PROCESSING"}
{"order_customer_id":9033,"order_id":10895,"order_status":"PENDING_PAYMENT"}
{"order_customer_id":113,"order_id":10896,"order_status":"PENDING_PAYMENT"}
{"order_customer_id":5111,"order_id":10897,"order_status":"PENDING_PAYMENT"}
{"order_customer_id":8392,"order_id":10898,"order_status":"PENDING_PAYMENT"}
{"order_customer_id":5698,"order_id":10899,"order_status":"PENDING"}
{"order_customer_id":8266,"order_id":10900,"order_status":"PENDING_PAYMENT"}
{"order_customer_id":1582,"order_id":10901,"order_status":"PROCESSING"}
{"order_customer_id":1836,"order_id":10902,"order_status":"PENDING_PAYMENT"}
{"order_customer_id":11913,"order_id":10903,"order_status":"PENDING_PAYMENT"}
{"order_customer_id":2600,"order_id":10904,"order_status":"COMPLETE"}
{"order_customer_id":543,"order_id":10905,"order_status":"PENDING_PAYMENT"}
{"order_customer_id":6196,"order_id":10906,"order_status":"COMPLETE"}
{"order_customer_id":8380,"order_id":10907,"order_status":"COMPLETE"}
{"order_customer_id":1184,"order_id":10908,"order_status":"COMPLETE"}
{"order_customer_id":8800,"order_id":10909,"order_status":"PROCESSING"}
{"order_customer_id":3914,"order_id":10910,"order_status":"PENDING_PAYMENT"}
{"order_customer_id":8280,"order_id":10911,"order_status":"COMPLETE"}
{"order_customer_id":7477,"order_id":10912,"order_status":"COMPLETE"}
{"order_customer_id":1660,"order_id":10913,"order_status":"CLOSED"}
{"order_customer_id":10701,"order_id":10914,"order_status":"COMPLETE"}
{"order_customer_id":8748,"order_id":10915,"order_status":"COMPLETE"}
{"order_customer_id":2842,"order_id":10916,"order_status":"CLOSED"}
{"order_customer_id":3962,"order_id":10917,"order_status":"SUSPECTED_FRAUD"}
{"order_customer_id":6337,"order_id":10918,"order_status":"COMPLETE"}
{"order_customer_id":9672,"order_id":10919,"order_status":"PENDING_PAYMENT"}
{"order_customer_id":3194,"order_id":10920,"order_status":"PENDING_PAYMENT"}
{"order_customer_id":7591,"order_id":10921,"order_status":"COMPLETE"}
{"order_customer_id":7090,"order_id":10922,"order_status":"PENDING"}
{"order_customer_id":1995,"order_id":10923,"order_status":"PENDING"}
{"order_customer_id":9045,"order_id":10924,"order_status":"COMPLETE"}
{"order_customer_id":8042,"order_id":10925,"order_status":"PENDING"}
{"order_customer_id":9514,"order_id":10926,"order_status":"PENDING_PAYMENT"}
{"order_customer_id":3403,"order_id":10927,"order_status":"COMPLETE"}
{"order_customer_id":10420,"order_id":10928,"order_status":"PROCESSING"}
{"order_customer_id":8939,"order_id":10929,"order_status":"CLOSED"}
{"order_customer_id":3776,"order_id":10930,"order_status":"PENDING_PAYMENT"}
{"order_customer_id":874,"order_id":10931,"order_status":"PENDING_PAYMENT"}
{"order_customer_id":6686,"order_id":10932,"order_status":"CLOSED"}
{"order_customer_id":5229,"order_id":10933,"order_status":"PROCESSING"}
{"order_customer_id":8898,"order_id":10934,"order_status":"CLOSED"}
{"order_customer_id":6685,"order_id":10935,"order_status":"PROCESSING"}
{"order_customer_id":11822,"order_id":10936,"order_status":"CANCELED"}
{"order_customer_id":8292,"order_id":10937,"order_status":"PENDING"}
{"order_customer_id":9441,"order_id":10938,"order_status":"CANCELED"}
{"order_customer_id":5236,"order_id":10939,"order_status":"CANCELED"}
{"order_customer_id":4465,"order_id":10940,"order_status":"ON_HOLD"}
{"order_customer_id":10096,"order_id":10941,"order_status":"PENDING"}
{"order_customer_id":4427,"order_id":10942,"order_status":"PENDING_PAYMENT"}
{"order_customer_id":3647,"order_id":10943,"order_status":"COMPLETE"}
{"order_customer_id":10808,"order_id":10944,"order_status":"PENDING_PAYMENT"}
{"order_customer_id":1615,"order_id":10945,"order_status":"PENDING_PAYMENT"}
{"order_customer_id":2727,"order_id":10946,"order_status":"PENDING_PAYMENT"}
{"order_customer_id":1973,"order_id":10947,"order_status":"PAYMENT_REVIEW"}
{"order_customer_id":5202,"order_id":10948,"order_status":"SUSPECTED_FRAUD"}
{"order_customer_id":12116,"order_id":10949,"order_status":"COMPLETE"}
{"order_customer_id":8935,"order_id":10950,"order_status":"COMPLETE"}
{"order_customer_id":7607,"order_id":10951,"order_status":"COMPLETE"}
{"order_customer_id":1024,"order_id":10952,"order_status":"PENDING"}
{"order_customer_id":5921,"order_id":10953,"order_status":"PENDING_PAYMENT"}
{"order_customer_id":11550,"order_id":10954,"order_status":"COMPLETE"}
{"order_customer_id":146,"order_id":10955,"order_status":"PENDING_PAYMENT"}
{"order_customer_id":9322,"order_id":10956,"order_status":"PENDING"}
{"order_customer_id":11087,"order_id":10957,"order_status":"PENDING"}
{"order_customer_id":1284,"order_id":10958,"order_status":"PENDING_PAYMENT"}
{"order_customer_id":7082,"order_id":10959,"order_status":"COMPLETE"}
{"order_customer_id":3257,"order_id":10960,"order_status":"CLOSED"}
{"order_customer_id":6320,"order_id":10961,"order_status":"COMPLETE"}
{"order_customer_id":2077,"order_id":10962,"order_status":"PENDING"}
{"order_customer_id":7042,"order_id":10963,"order_status":"COMPLETE"}
{"order_customer_id":4699,"order_id":10964,"order_status":"PROCESSING"}
{"order_customer_id":9191,"order_id":10965,"order_status":"PENDING_PAYMENT"}
{"order_customer_id":7095,"order_id":10966,"order_status":"PENDING"}
{"order_customer_id":12072,"order_id":10967,"order_status":"COMPLETE"}
{"order_customer_id":6526,"order_id":10968,"order_status":"PENDING_PAYMENT"}
{"order_customer_id":3306,"order_id":10969,"order_status":"COMPLETE"}
{"order_customer_id":7662,"order_id":10970,"order_status":"CLOSED"}
{"order_customer_id":1179,"order_id":10971,"order_status":"PENDING_PAYMENT"}
{"order_customer_id":1306,"order_id":10972,"order_status":"CLOSED"}
{"order_customer_id":1522,"order_id":10973,"order_status":"SUSPECTED_FRAUD"}
{"order_customer_id":10183,"order_id":10974,"order_status":"PENDING_PAYMENT"}
{"order_customer_id":172,"order_id":10975,"order_status":"PENDING_PAYMENT"}
{"order_customer_id":9831,"order_id":10976,"order_status":"COMPLETE"}
{"order_customer_id":11017,"order_id":10977,"order_status":"COMPLETE"}
{"order_customer_id":1925,"order_id":10978,"order_status":"COMPLETE"}
{"order_customer_id":1854,"order_id":10979,"order_status":"COMPLETE"}
{"order_customer_id":4414,"order_id":10980,"order_status":"PENDING"}
{"order_customer_id":5333,"order_id":10981,"order_status":"PENDING_PAYMENT"}
{"order_customer_id":8705,"order_id":10982,"order_status":"COMPLETE"}
{"order_customer_id":46,"order_id":10983,"order_status":"COMPLETE"}
{"order_customer_id":9375,"order_id":10984,"order_status":"PENDING_PAYMENT"}
{"order_customer_id":3981,"order_id":10985,"order_status":"ON_HOLD"}
{"order_customer_id":12278,"order_id":10986,"order_status":"SUSPECTED_FRAUD"}
{"order_customer_id":5432,"order_id":10987,"order_status":"PENDING_PAYMENT"}
{"order_customer_id":8395,"order_id":10988,"order_status":"COMPLETE"}
{"order_customer_id":1853,"order_id":10989,"order_status":"COMPLETE"}
{"order_customer_id":6588,"order_id":10990,"order_status":"COMPLETE"}
{"order_customer_id":4150,"order_id":10991,"order_status":"PENDING_PAYMENT"}
{"order_customer_id":9412,"order_id":10992,"order_status":"COMPLETE"}
{"order_customer_id":11693,"order_id":10993,"order_status":"SUSPECTED_FRAUD"}
{"order_customer_id":2969,"order_id":10994,"order_status":"PENDING"}
{"order_customer_id":2860,"order_id":10995,"order_status":"COMPLETE"}
{"order_customer_id":8312,"order_id":10996,"order_status":"PENDING_PAYMENT"}
{"order_customer_id":11505,"order_id":10997,"order_status":"COMPLETE"}
{"order_customer_id":3389,"order_id":10998,"order_status":"SUSPECTED_FRAUD"}
{"order_customer_id":69,"order_id":10999,"order_status":"COMPLETE"}
{"order_customer_id":4770,"order_id":11000,"order_status":"CLOSED"}
{"order_customer_id":6030,"order_id":11001,"order_status":"CLOSED"}
{"order_customer_id":9511,"order_id":11002,"order_status":"PENDING_PAYMENT"}
{"order_customer_id":1532,"order_id":11003,"order_status":"COMPLETE"}
{"order_customer_id":8868,"order_id":11004,"order_status":"PENDING_PAYMENT"}
{"order_customer_id":7255,"order_id":11005,"order_status":"CLOSED"}
{"order_customer_id":5761,"order_id":11006,"order_status":"COMPLETE"}
{"order_customer_id":8612,"order_id":11007,"order_status":"PROCESSING"}
{"order_customer_id":5359,"order_id":11008,"order_status":"COMPLETE"}
{"order_customer_id":6630,"order_id":11009,"order_status":"PROCESSING"}
{"order_customer_id":8285,"order_id":11010,"order_status":"PENDING_PAYMENT"}
{"order_customer_id":1243,"order_id":11011,"order_status":"CLOSED"}
{"order_customer_id":10031,"order_id":11012,"order_status":"ON_HOLD"}
{"order_customer_id":4267,"order_id":11013,"order_status":"PENDING_PAYMENT"}
{"order_customer_id":9651,"order_id":11014,"order_status":"PENDING_PAYMENT"}
{"order_customer_id":3570,"order_id":11015,"order_status":"PROCESSING"}
{"order_customer_id":4848,"order_id":11016,"order_status":"PROCESSING"}
{"order_customer_id":3355,"order_id":11017,"order_status":"CLOSED"}
{"order_customer_id":9940,"order_id":11018,"order_status":"PENDING"}
{"order_customer_id":2194,"order_id":11019,"order_status":"CLOSED"}
{"order_customer_id":658,"order_id":11020,"order_status":"ON_HOLD"}
{"order_customer_id":6858,"order_id":11021,"order_status":"COMPLETE"}
{"order_customer_id":7457,"order_id":11022,"order_status":"PROCESSING"}
{"order_customer_id":1457,"order_id":11023,"order_status":"SUSPECTED_FRAUD"}
{"order_customer_id":5775,"order_id":11024,"order_status":"COMPLETE"}
{"order_customer_id":6011,"order_id":11025,"order_status":"COMPLETE"}
{"order_customer_id":3576,"order_id":11026,"order_status":"COMPLETE"}
{"order_customer_id":8697,"order_id":11027,"order_status":"COMPLETE"}
{"order_customer_id":6224,"order_id":11028,"order_status":"PENDING"}
{"order_customer_id":2117,"order_id":11029,"order_status":"PENDING_PAYMENT"}
{"order_customer_id":5033,"order_id":11030,"order_status":"COMPLETE"}
{"order_customer_id":1345,"order_id":11031,"order_status":"CLOSED"}
{"order_customer_id":2510,"order_id":11032,"order_status":"PENDING_PAYMENT"}
{"order_customer_id":3061,"order_id":11033,"order_status":"COMPLETE"}
{"order_customer_id":1127,"order_id":11034,"order_status":"COMPLETE"}
{"order_customer_id":7705,"order_id":11035,"order_status":"PENDING"}
{"order_customer_id":1624,"order_id":11036,"order_status":"COMPLETE"}
{"order_customer_id":9886,"order_id":11037,"order_status":"PENDING"}
{"order_customer_id":10698,"order_id":59452,"order_status":"COMPLETE"}
{"order_customer_id":6177,"order_id":59453,"order_status":"COMPLETE"}
{"order_customer_id":9415,"order_id":59454,"order_status":"COMPLETE"}
{"order_customer_id":8283,"order_id":59455,"order_status":"PENDING_PAYMENT"}
{"order_customer_id":10594,"order_id":59456,"order_status":"COMPLETE"}
{"order_customer_id":5392,"order_id":59457,"order_status":"CLOSED"}
{"order_customer_id":12058,"order_id":59458,"order_status":"CLOSED"}
{"order_customer_id":8271,"order_id":59459,"order_status":"ON_HOLD"}
{"order_customer_id":10235,"order_id":59460,"order_status":"ON_HOLD"}
{"order_customer_id":12362,"order_id":59461,"order_status":"PROCESSING"}
{"order_customer_id":11363,"order_id":59462,"order_status":"PENDING"}
{"order_customer_id":6642,"order_id":59463,"order_status":"CLOSED"}
{"order_customer_id":8830,"order_id":59464,"order_status":"ON_HOLD"}
{"order_customer_id":5047,"order_id":59465,"order_status":"COMPLETE"}
{"order_customer_id":8868,"order_id":59466,"order_status":"PENDING"}
{"order_customer_id":3911,"order_id":59467,"order_status":"CLOSED"}
{"order_customer_id":8851,"order_id":59468,"order_status":"COMPLETE"}
{"order_customer_id":10119,"order_id":59469,"order_status":"PENDING_PAYMENT"}
{"order_customer_id":4232,"order_id":59470,"order_status":"COMPLETE"}
{"order_customer_id":5213,"order_id":59471,"order_status":"CLOSED"}
{"order_customer_id":1638,"order_id":59472,"order_status":"CLOSED"}
{"order_customer_id":1816,"order_id":59473,"order_status":"PENDING"}
{"order_customer_id":7598,"order_id":59474,"order_status":"COMPLETE"}
{"order_customer_id":9046,"order_id":59475,"order_status":"CLOSED"}
{"order_customer_id":737,"order_id":59476,"order_status":"CLOSED"}
{"order_customer_id":2514,"order_id":59477,"order_status":"COMPLETE"}
{"order_customer_id":3167,"order_id":59478,"order_status":"COMPLETE"}
{"order_customer_id":6163,"order_id":59479,"order_status":"COMPLETE"}
{"order_customer_id":3748,"order_id":59480,"order_status":"PROCESSING"}
{"order_customer_id":6624,"order_id":59481,"order_status":"PENDING"}
{"order_customer_id":11293,"order_id":59482,"order_status":"PENDING_PAYMENT"}
{"order_customer_id":12195,"order_id":59483,"order_status":"PENDING"}
{"order_customer_id":12228,"order_id":59484,"order_status":"PENDING"}
{"order_customer_id":6365,"order_id":67665,"order_status":"COMPLETE"}
{"order_customer_id":4314,"order_id":67666,"order_status":"COMPLETE"}
