{"order_customer_id":4415,"order_id":54745,"order_status":"PENDING_PAYMENT"}
{"order_customer_id":10015,"order_id":54746,"order_status":"CLOSED"}
{"order_customer_id":3106,"order_id":54747,"order_status":"PROCESSING"}
{"order_customer_id":7977,"order_id":54748,"order_status":"PENDING_PAYMENT"}
{"order_customer_id":6099,"order_id":54749,"order_status":"COMPLETE"}
{"order_customer_id":4281,"order_id":54750,"order_status":"CLOSED"}
{"order_customer_id":10863,"order_id":54751,"order_status":"PENDING_PAYMENT"}
{"order_customer_id":9050,"order_id":54752,"order_status":"ON_HOLD"}
{"order_customer_id":1015,"order_id":54753,"order_status":"ON_HOLD"}
{"order_customer_id":9942,"order_id":54754,"order_status":"PENDING_PAYMENT"}
{"order_customer_id":1941,"order_id":54755,"order_status":"PROCESSING"}
{"order_customer_id":10001,"order_id":54756,"order_status":"COMPLETE"}
{"order_customer_id":3925,"order_id":54757,"order_status":"PENDING_PAYMENT"}
{"order_customer_id":6302,"order_id":54758,"order_status":"PENDING_PAYMENT"}
{"order_customer_id":10543,"order_id":54759,"order_status":"PENDING_PAYMENT"}
{"order_customer_id":11665,"order_id":54760,"order_status":"CLOSED"}
{"order_customer_id":2366,"order_id":54761,"order_status":"COMPLETE"}
{"order_customer_id":5642,"order_id":54762,"order_status":"COMPLETE"}
{"order_customer_id":9814,"order_id":54763,"order_status":"COMPLETE"}
{"order_customer_id":3496,"order_id":54764,"order_status":"COMPLETE"}
{"order_customer_id":558,"order_id":54765,"order_status":"PENDING_PAYMENT"}
{"order_customer_id":3389,"order_id":54766,"order_status":"PENDING_PAYMENT"}
{"order_customer_id":8233,"order_id":54767,"order_status":"PENDING_PAYMENT"}
{"order_customer_id":6999,"order_id":54768,"order_status":"CLOSED"}
{"order_customer_id":2079,"order_id":54769,"order_status":"PENDING"}
{"order_customer_id":12122,"order_id":54770,"order_status":"PENDING_PAYMENT"}
{"order_customer_id":10715,"order_id":54771,"order_status":"COMPLETE"}
{"order_customer_id":1783,"order_id":54772,"order_status":"COMPLETE"}
{"order_customer_id":11750,"order_id":54773,"order_status":"PENDING_PAYMENT"}
{"order_customer_id":4355,"order_id":54774,"order_status":"COMPLETE"}
{"order_customer_id":8342,"order_id":54775,"order_status":"PAYMENT_REVIEW"}
{"order_customer_id":5471,"order_id":54776,"order_status":"PENDING_PAYMENT"}
{"order_customer_id":11853,"order_id":54777,"order_status":"PENDING_PAYMENT"}
{"order_customer_id":10055,"order_id":54778,"order_status":"CANCELED"}
{"order_customer_id":1448,"order_id":54779,"order_status":"PENDING_PAYMENT"}
{"order_customer_id":11689,"order_id":54780,"order_status":"PROCESSING"}
{"order_customer_id":5428,"order_id":54781,"order_status":"PENDING_PAYMENT"}
{"order_customer_id":7296,"order_id":54782,"order_status":"COMPLETE"}
{"order_customer_id":2918,"order_id":54783,"order_status":"CLOSED"}
{"order_customer_id":8464,"order_id":54784,"order_status":"PENDING_PAYMENT"}
{"order_customer_id":4564,"order_id":54785,"order_status":"PENDING"}
{"order_customer_id":10972,"order_id":54786,"order_status":"ON_HOLD"}
{"order_customer_id":6492,"order_id":54787,"order_status":"COMPLETE"}
{"order_customer_id":12154,"order_id":54788,"order_status":"PENDING_PAYMENT"}
{"order_customer_id":8477,"order_id":54789,"order_status":"PENDING_PAYMENT"}
{"order_customer_id":1957,"order_id":54790,"order_status":"PENDING"}
{"order_customer_id":4537,"order_id":54791,"order_status":"PENDING_PAYMENT"}
{"order_customer_id":648,"order_id":54792,"order_status":"COMPLETE"}
{"order_customer_id":6318,"order_id":54793,"order_status":"COMPLETE"}
{"order_customer_id":199,"order_id":54794,"order_status":"PENDING"}
{"order_customer_id":749,"order_id":54795,"order_status":"COMPLETE"}
{"order_customer_id":2158,"order_id":54796,"order_status":"PENDING_PAYMENT"}
{"order_customer_id":6877,"order_id":54797,"order_status":"CLOSED"}
{"order_customer_id":5887,"order_id":54798,"order_status":"PAYMENT_REVIEW"}
{"order_customer_id":10778,"order_id":54799,"order_status":"PENDING_PAYMENT"}
{"order_customer_id":11571,"order_id":54800,"order_status":"ON_HOLD"}
{"order_customer_id":7068,"order_id":54801,"order_status":"PENDING_PAYMENT"}
{"order_customer_id":11576,"order_id":54802,"order_status":"COMPLETE"}
{"order_customer_id":1061,"order_id":54803,"order_status":"CLOSED"}
{"order_customer_id":12284,"order_id":54804,"order_status":"PENDING"}
{"order_customer_id":7958,"order_id":54805,"order_status":"PROCESSING"}
{"order_customer_id":3286,"order_id":54806,"order_status":"PROCESSING"}
{"order_customer_id":6539,"order_id":54807,"order_status":"COMPLETE"}
{"order_customer_id":8004,"order_id":54808,"order_status":"PENDING"}
{"order_customer_id":4895,"order_id":54809,"order_status":"PENDING"}
{"order_customer_id":9590,"order_id":54810,"order_status":"ON_HOLD"}
{"order_customer_id":6008,"order_id":54811,"order_status":"PENDING_PAYMENT"}
{"order_customer_id":8958,"order_id":54812,"order_status":"COMPLETE"}
{"order_customer_id":8102,"order_id":54813,"order_status":"COMPLETE"}
{"order_customer_id":1600,"order_id":54814,"order_status":"PENDING_PAYMENT"}
{"order_customer_id":9532,"order_id":54815,"order_status":"PENDING_PAYMENT"}
{"order_customer_id":10534,"order_id":54816,"order_status":"PENDING_PAYMENT"}
{"order_customer_id":2999,"order_id":66899,"order_status":"COMPLETE"}
{"order_customer_id":6981,"order_id":66900,"order_status":"PENDING"}
{"order_customer_id":3475,"order_id":66901,"order_status":"COMPLETE"}
{"order_customer_id":191,"order_id":66902,"order_status":"PENDING"}
{"order_customer_id":10942,"order_id":66903,"order_status":"ON_HOLD"}
{"order_customer_id":8306,"order_id":66904,"order_status":"CLOSED"}
{"order_customer_id":6736,"order_id":66905,"order_status":"PENDING_PAYMENT"}
{"order_customer_id":1244,"order_id":66906,"order_status":"ON_HOLD"}
{"order_customer_id":9473,"order_id":66907,"order_status":"COMPLETE"}
{"order_customer_id":4792,"order_id":66908,"order_status":"PENDING_PAYMENT"}
{"order_customer_id":5711,"order_id":66909,"order_status":"CANCELED"}
{"order_customer_id":5590,"order_id":66910,"order_status":"PENDING"}
{"order_customer_id":637,"order_id":66911,"order_status":"PENDING_PAYMENT"}
{"order_customer_id":1379,"order_id":66912,"order_status":"PENDING"}
{"order_customer_id":11297,"order_id":66913,"order_status":"PENDING_PAYMENT"}
{"order_customer_id":6688,"order_id":66914,"order_status":"CLOSED"}
{"order_customer_id":5324,"order_id":66915,"order_status":"COMPLETE"}
{"order_customer_id":875,"order_id":66916,"order_status":"PENDING"}
{"order_customer_id":1172,"order_id":66917,"order_status":"COMPLETE"}
{"order_customer_id":6830,"order_id":66918,"order_status":"PENDING_PAYMENT"}
{"order_customer_id":4599,"order_id":66919,"order_status":"COMPLETE"}
{"order_customer_id":8633,"order_id":66920,"order_status":"PENDING"}
{"order_customer_id":2308,"order_id":66921,"order_status":"COMPLETE"}
{"order_customer_id":3272,"order_id":66922,"order_status":"CLOSED"}
{"order_customer_id":11828,"order_id":66923,"order_status":"PENDING"}
{"order_customer_id":3523,"order_id":66924,"order_status":"ON_HOLD"}
{"order_customer_id":4922,"order_id":66925,"order_status":"COMPLETE"}
{"order_customer_id":4462,"order_id":66926,"order_status":"CANCELED"}
{"order_customer_id":11983,"order_id":66927,"order_status":"COMPLETE"}
{"order_customer_id":11249,"order_id":66928,"order_status":"CLOSED"}
{"order_customer_id":8226,"order_id":66929,"order_status":"SUSPECTED_FRAUD"}
{"order_customer_id":10059,"order_id":66930,"order_status":"PENDING"}
{"order_customer_id":8537,"order_id":68636,"order_status":"PROCESSING"}
{"order_customer_id":4124,"order_id":68876,"order_status":"COMPLETE"}
