{"order_customer_id":1065,"order_id":45729,"order_status":"COMPLETE"}
{"order_customer_id":8830,"order_id":45730,"order_status":"COMPLETE"}
{"order_customer_id":2200,"order_id":45731,"order_status":"CLOSED"}
{"order_customer_id":9303,"order_id":45732,"order_status":"PENDING"}
{"order_customer_id":1042,"order_id":45733,"order_status":"COMPLETE"}
{"order_customer_id":5582,"order_id":45734,"order_status":"PENDING_PAYMENT"}
{"order_customer_id":11156,"order_id":45735,"order_status":"PENDING_PAYMENT"}
{"order_customer_id":3231,"order_id":45736,"order_status":"PENDING_PAYMENT"}
{"order_customer_id":711,"order_id":45737,"order_status":"PENDING_PAYMENT"}
{"order_customer_id":9909,"order_id":45738,"order_status":"CLOSED"}
{"order_customer_id":6903,"order_id":45739,"order_status":"PENDING_PAYMENT"}
{"order_customer_id":5871,"order_id":45740,"order_status":"CLOSED"}
{"order_customer_id":5623,"order_id":45741,"order_status":"PENDING_PAYMENT"}
{"order_customer_id":10607,"order_id":45742,"order_status":"COMPLETE"}
{"order_customer_id":6839,"order_id":45743,"order_status":"PENDING_PAYMENT"}
{"order_customer_id":10615,"order_id":45744,"order_status":"PENDING_PAYMENT"}
{"order_customer_id":8428,"order_id":45745,"order_status":"PENDING"}
{"order_customer_id":7112,"order_id":45746,"order_status":"PENDING_PAYMENT"}
{"order_customer_id":2935,"order_id":45747,"order_status":"COMPLETE"}
{"order_customer_id":8360,"order_id":45748,"order_status":"CLOSED"}
{"order_customer_id":5173,"order_id":45749,"order_status":"COMPLETE"}
{"order_customer_id":4215,"order_id":45750,"order_status":"PROCESSING"}
{"order_customer_id":1460,"order_id":45751,"order_status":"CLOSED"}
{"order_customer_id":3040,"order_id":45752,"order_status":"PENDING_PAYMENT"}
{"order_customer_id":191,"order_id":45753,"order_status":"COMPLETE"}
{"order_customer_id":274,"order_id":45754,"order_status":"CLOSED"}
{"order_customer_id":7677,"order_id":45755,"order_status":"PENDING_PAYMENT"}
{"order_customer_id":5705,"order_id":45756,"order_status":"PENDING_PAYMENT"}
{"order_customer_id":6940,"order_id":45757,"order_status":"PROCESSING"}
{"order_customer_id":8050,"order_id":45758,"order_status":"SUSPECTED_FRAUD"}
{"order_customer_id":8250,"order_id":45759,"order_status":"COMPLETE"}
{"order_customer_id":5105,"order_id":45760,"order_status":"PENDING_PAYMENT"}
{"order_customer_id":6023,"order_id":45761,"order_status":"PENDING_PAYMENT"}
{"order_customer_id":10372,"order_id":45762,"order_status":"PENDING_PAYMENT"}
{"order_customer_id":4333,"order_id":45763,"order_status":"PENDING"}
{"order_customer_id":10441,"order_id":45764,"order_status":"PROCESSING"}
{"order_customer_id":11840,"order_id":45765,"order_status":"COMPLETE"}
{"order_customer_id":9702,"order_id":45766,"order_status":"PENDING_PAYMENT"}
{"order_customer_id":6290,"order_id":45767,"order_status":"COMPLETE"}
{"order_customer_id":1663,"order_id":45768,"order_status":"PENDING_PAYMENT"}
{"order_customer_id":4811,"order_id":45769,"order_status":"COMPLETE"}
{"order_customer_id":6861,"order_id":45770,"order_status":"PENDING_PAYMENT"}
{"order_customer_id":3723,"order_id":45771,"order_status":"PROCESSING"}
{"order_customer_id":7955,"order_id":45772,"order_status":"PENDING_PAYMENT"}
{"order_customer_id":11847,"order_id":45773,"order_status":"PROCESSING"}
{"order_customer_id":1006,"order_id":45774,"order_status":"PROCESSING"}
{"order_customer_id":8198,"order_id":45775,"order_status":"CLOSED"}
{"order_customer_id":10853,"order_id":45776,"order_status":"COMPLETE"}
{"order_customer_id":563,"order_id":45777,"order_status":"ON_HOLD"}
{"order_customer_id":8314,"order_id":45778,"order_status":"COMPLETE"}
{"order_customer_id":6677,"order_id":45779,"order_status":"PENDING"}
{"order_customer_id":2615,"order_id":45780,"order_status":"COMPLETE"}
{"order_customer_id":7157,"order_id":45781,"order_status":"PENDING"}
{"order_customer_id":6816,"order_id":45782,"order_status":"CANCELED"}
{"order_customer_id":1013,"order_id":45783,"order_status":"PENDING_PAYMENT"}
{"order_customer_id":5425,"order_id":45784,"order_status":"CLOSED"}
{"order_customer_id":10019,"order_id":45785,"order_status":"PENDING"}
{"order_customer_id":10151,"order_id":45786,"order_status":"PENDING_PAYMENT"}
{"order_customer_id":8958,"order_id":45787,"order_status":"PAYMENT_REVIEW"}
{"order_customer_id":10571,"order_id":45788,"order_status":"PENDING"}
{"order_customer_id":4764,"order_id":45789,"order_status":"PENDING"}
{"order_customer_id":6385,"order_id":45790,"order_status":"CLOSED"}
{"order_customer_id":8981,"order_id":45791,"order_status":"COMPLETE"}
{"order_customer_id":5532,"order_id":45792,"order_status":"CLOSED"}
{"order_customer_id":7628,"order_id":45793,"order_status":"PENDING_PAYMENT"}
{"order_customer_id":6061,"order_id":45794,"order_status":"ON_HOLD"}
{"order_customer_id":6578,"order_id":45795,"order_status":"CANCELED"}
{"order_customer_id":12219,"order_id":45796,"order_status":"COMPLETE"}
{"order_customer_id":7282,"order_id":45797,"order_status":"PROCESSING"}
{"order_customer_id":145,"order_id":45798,"order_status":"CLOSED"}
{"order_customer_id":9012,"order_id":45799,"order_status":"COMPLETE"}
{"order_customer_id":6027,"order_id":45800,"order_status":"COMPLETE"}
{"order_customer_id":4942,"order_id":45801,"order_status":"PENDING_PAYMENT"}
{"order_customer_id":8137,"order_id":45802,"order_status":"COMPLETE"}
{"order_customer_id":7652,"order_id":45803,"order_status":"PROCESSING"}
{"order_customer_id":9391,"order_id":45804,"order_status":"COMPLETE"}
{"order_customer_id":8604,"order_id":45805,"order_status":"PROCESSING"}
{"order_customer_id":12183,"order_id":45806,"order_status":"PENDING"}
{"order_customer_id":12094,"order_id":45807,"order_status":"ON_HOLD"}
{"order_customer_id":2676,"order_id":45808,"order_status":"PENDING"}
{"order_customer_id":10143,"order_id":45809,"order_status":"COMPLETE"}
{"order_customer_id":11328,"order_id":45810,"order_status":"COMPLETE"}
{"order_customer_id":7117,"order_id":45811,"order_status":"PENDING"}
{"order_customer_id":10631,"order_id":45812,"order_status":"COMPLETE"}
{"order_customer_id":425,"order_id":45813,"order_status":"COMPLETE"}
{"order_customer_id":7699,"order_id":45814,"order_status":"PENDING_PAYMENT"}
{"order_customer_id":8558,"order_id":45815,"order_status":"CLOSED"}
{"order_customer_id":8730,"order_id":45816,"order_status":"PROCESSING"}
{"order_customer_id":1367,"order_id":45817,"order_status":"COMPLETE"}
{"order_customer_id":4931,"order_id":45818,"order_status":"COMPLETE"}
{"order_customer_id":9326,"order_id":45819,"order_status":"PENDING"}
{"order_customer_id":1229,"order_id":45820,"order_status":"CLOSED"}
{"order_customer_id":9587,"order_id":45821,"order_status":"PENDING_PAYMENT"}
{"order_customer_id":10357,"order_id":45822,"order_status":"PROCESSING"}
{"order_customer_id":1921,"order_id":45823,"order_status":"COMPLETE"}
{"order_customer_id":827,"order_id":45824,"order_status":"CANCELED"}
{"order_customer_id":2233,"order_id":45825,"order_status":"COMPLETE"}
{"order_customer_id":7224,"order_id":45826,"order_status":"PENDING_PAYMENT"}
{"order_customer_id":9055,"order_id":45827,"order_status":"ON_HOLD"}
{"order_customer_id":3030,"order_id":45828,"order_status":"PENDING_PAYMENT"}
{"order_customer_id":123,"order_id":45829,"order_status":"PROCESSING"}
{"order_customer_id":8181,"order_id":45830,"order_status":"CLOSED"}
{"order_customer_id":12,"order_id":45831,"order_status":"PENDING_PAYMENT"}
{"order_customer_id":5,"order_id":45832,"order_status":"PENDING_PAYMENT"}
{"order_customer_id":10162,"order_id":45833,"order_status":"PENDING_PAYMENT"}
{"order_customer_id":4627,"order_id":45834,"order_status":"PENDING_PAYMENT"}
{"order_customer_id":7244,"order_id":45835,"order_status":"COMPLETE"}
{"order_customer_id":10359,"order_id":45836,"order_status":"COMPLETE"}
{"order_customer_id":9932,"order_id":45837,"order_status":"PENDING_PAYMENT"}
{"order_customer_id":4237,"order_id":45838,"order_status":"PENDING"}
{"order_customer_id":7430,"order_id":45839,"order_status":"COMPLETE"}
{"order_customer_id":2017,"order_id":45840,"order_status":"COMPLETE"}
{"order_customer_id":4413,"order_id":45841,"order_status":"COMPLETE"}
{"order_customer_id":11924,"order_id":45842,"order_status":"CANCELED"}
{"order_customer_id":9578,"order_id":45843,"order_status":"COMPLETE"}
{"order_customer_id":987,"order_id":45844,"order_status":"PENDING_PAYMENT"}
{"order_customer_id":10858,"order_id":45845,"order_status":"ON_HOLD"}
{"order_customer_id":5867,"order_id":45846,"order_status":"PROCESSING"}
{"order_customer_id":3600,"order_id":45847,"order_status":"COMPLETE"}
{"order_customer_id":5363,"order_id":45848,"order_status":"COMPLETE"}
{"order_customer_id":5745,"order_id":45849,"order_status":"PENDING_PAYMENT"}
{"order_customer_id":10477,"order_id":45850,"order_status":"CLOSED"}
{"order_customer_id":12399,"order_id":45851,"order_status":"CLOSED"}
{"order_customer_id":6732,"order_id":45852,"order_status":"CLOSED"}
{"order_customer_id":4048,"order_id":45853,"order_status":"COMPLETE"}
{"order_customer_id":5321,"order_id":45854,"order_status":"COMPLETE"}
{"order_customer_id":8895,"order_id":45855,"order_status":"PROCESSING"}
{"order_customer_id":7927,"order_id":45856,"order_status":"COMPLETE"}
{"order_customer_id":7920,"order_id":45857,"order_status":"COMPLETE"}
{"order_customer_id":6006,"order_id":45858,"order_status":"COMPLETE"}
{"order_customer_id":4641,"order_id":45859,"order_status":"PROCESSING"}
{"order_customer_id":3105,"order_id":45860,"order_status":"PENDING"}
{"order_customer_id":2038,"order_id":45861,"order_status":"CLOSED"}
{"order_customer_id":9275,"order_id":45862,"order_status":"CANCELED"}
{"order_customer_id":1880,"order_id":45863,"order_status":"PROCESSING"}
{"order_customer_id":1962,"order_id":45864,"order_status":"COMPLETE"}
{"order_customer_id":4907,"order_id":45865,"order_status":"PENDING_PAYMENT"}
{"order_customer_id":4021,"order_id":45866,"order_status":"PENDING"}
{"order_customer_id":3404,"order_id":45867,"order_status":"COMPLETE"}
{"order_customer_id":598,"order_id":45868,"order_status":"PROCESSING"}
{"order_customer_id":6307,"order_id":45869,"order_status":"PENDING"}
{"order_customer_id":4120,"order_id":65216,"order_status":"COMPLETE"}
{"order_customer_id":4868,"order_id":65217,"order_status":"PENDING"}
{"order_customer_id":10493,"order_id":65218,"order_status":"COMPLETE"}
{"order_customer_id":11382,"order_id":65219,"order_status":"PENDING_PAYMENT"}
{"order_customer_id":228,"order_id":65220,"order_status":"COMPLETE"}
{"order_customer_id":11089,"order_id":65221,"order_status":"PENDING_PAYMENT"}
{"order_customer_id":9843,"order_id":65222,"order_status":"COMPLETE"}
{"order_customer_id":2375,"order_id":65223,"order_status":"COMPLETE"}
{"order_customer_id":3447,"order_id":65224,"order_status":"PENDING"}
{"order_customer_id":7195,"order_id":65225,"order_status":"COMPLETE"}
{"order_customer_id":174,"order_id":65226,"order_status":"COMPLETE"}
{"order_customer_id":7274,"order_id":65227,"order_status":"PENDING_PAYMENT"}
{"order_customer_id":9847,"order_id":65228,"order_status":"COMPLETE"}
{"order_customer_id":4583,"order_id":65229,"order_status":"CLOSED"}
{"order_customer_id":5965,"order_id":65230,"order_status":"COMPLETE"}
{"order_customer_id":9257,"order_id":65231,"order_status":"PENDING_PAYMENT"}
{"order_customer_id":1354,"order_id":65232,"order_status":"PENDING_PAYMENT"}
{"order_customer_id":3033,"order_id":65233,"order_status":"COMPLETE"}
{"order_customer_id":8754,"order_id":65234,"order_status":"COMPLETE"}
{"order_customer_id":12239,"order_id":65235,"order_status":"PENDING"}
{"order_customer_id":10871,"order_id":65236,"order_status":"CLOSED"}
{"order_customer_id":10479,"order_id":65237,"order_status":"COMPLETE"}
{"order_customer_id":4072,"order_id":65238,"order_status":"PENDING"}
{"order_customer_id":520,"order_id":65239,"order_status":"PENDING_PAYMENT"}
{"order_customer_id":5349,"order_id":65240,"order_status":"CLOSED"}
{"order_customer_id":537,"order_id":65241,"order_status":"COMPLETE"}
{"order_customer_id":8718,"order_id":68419,"order_status":"COMPLETE"}
{"order_customer_id":1550,"order_id":68420,"order_status":"CLOSED"}
{"order_customer_id":10619,"order_id":68421,"order_status":"PENDING"}
{"order_customer_id":3870,"order_id":68422,"order_status":"CANCELED"}
