{"order_customer_id":9451,"order_id":29953,"order_status":"COMPLETE"}
{"order_customer_id":10173,"order_id":29954,"order_status":"PENDING_PAYMENT"}
{"order_customer_id":11127,"order_id":29955,"order_status":"PENDING_PAYMENT"}
{"order_customer_id":11789,"order_id":29956,"order_status":"PENDING_PAYMENT"}
{"order_customer_id":266,"order_id":29957,"order_status":"COMPLETE"}
{"order_customer_id":1324,"order_id":29958,"order_status":"PENDING_PAYMENT"}
{"order_customer_id":11882,"order_id":29959,"order_status":"PENDING"}
{"order_customer_id":7536,"order_id":29960,"order_status":"PENDING_PAYMENT"}
{"order_customer_id":7612,"order_id":29961,"order_status":"ON_HOLD"}
{"order_customer_id":6503,"order_id":29962,"order_status":"CLOSED"}
{"order_customer_id":12229,"order_id":29963,"order_status":"COMPLETE"}
{"order_customer_id":3374,"order_id":29964,"order_status":"COMPLETE"}
{"order_customer_id":2220,"order_id":29965,"order_status":"PENDING"}
{"order_customer_id":3317,"order_id":29966,"order_status":"PROCESSING"}
{"order_customer_id":6012,"order_id":29967,"order_status":"PENDING"}
{"order_customer_id":7044,"order_id":29968,"order_status":"CLOSED"}
{"order_customer_id":9734,"order_id":29969,"order_status":"ON_HOLD"}
{"order_customer_id":4499,"order_id":29970,"order_status":"COMPLETE"}
{"order_customer_id":9373,"order_id":29971,"order_status":"CLOSED"}
{"order_customer_id":3623,"order_id":29972,"order_status":"COMPLETE"}
{"order_customer_id":8779,"order_id":29973,"order_status":"PROCESSING"}
{"order_customer_id":11687,"order_id":29974,"order_status":"PENDING_PAYMENT"}
{"order_customer_id":5880,"order_id":29975,"order_status":"COMPLETE"}
{"order_customer_id":678,"order_id":29976,"order_status":"PENDING_PAYMENT"}
{"order_customer_id":11528,"order_id":29977,"order_status":"COMPLETE"}
{"order_customer_id":4233,"order_id":29978,"order_status":"PROCESSING"}
{"order_customer_id":10820,"order_id":29979,"order_status":"CLOSED"}
{"order_customer_id":5878,"order_id":29980,"order_status":"PENDING_PAYMENT"}
{"order_customer_id":8760,"order_id":29981,"order_status":"PENDING_PAYMENT"}
{"order_customer_id":1434,"order_id":29982,"order_status":"COMPLETE"}
{"order_customer_id":10932,"order_id":29983,"order_status":"CLOSED"}
{"order_customer_id":4349,"order_id":29984,"order_status":"PROCESSING"}
{"order_customer_id":4151,"order_id":29985,"order_status":"COMPLETE"}
{"order_customer_id":4046,"order_id":29986,"order_status":"CLOSED"}
{"order_customer_id":11231,"order_id":29987,"order_status":"PROCESSING"}
{"order_customer_id":4016,"order_id":29988,"order_status":"COMPLETE"}
{"order_customer_id":6755,"order_id":29989,"order_status":"SUSPECTED_FRAUD"}
{"order_customer_id":2134,"order_id":29990,"order_status":"COMPLETE"}
{"order_customer_id":8342,"order_id":29991,"order_status":"COMPLETE"}
{"order_customer_id":10305,"order_id":29992,"order_status":"COMPLETE"}
{"order_customer_id":7229,"order_id":29993,"order_status":"PROCESSING"}
{"order_customer_id":6358,"order_id":29994,"order_status":"COMPLETE"}
{"order_customer_id":387,"order_id":29995,"order_status":"PROCESSING"}
{"order_customer_id":2203,"order_id":29996,"order_status":"CLOSED"}
{"order_customer_id":10219,"order_id":29997,"order_status":"ON_HOLD"}
{"order_customer_id":2301,"order_id":29998,"order_status":"PROCESSING"}
{"order_customer_id":3914,"order_id":29999,"order_status":"CLOSED"}
{"order_customer_id":9683,"order_id":30000,"order_status":"PENDING_PAYMENT"}
{"order_customer_id":5995,"order_id":30001,"order_status":"PENDING_PAYMENT"}
{"order_customer_id":12034,"order_id":30002,"order_status":"ON_HOLD"}
{"order_customer_id":2110,"order_id":30003,"order_status":"CLOSED"}
{"order_customer_id":9237,"order_id":30004,"order_status":"PROCESSING"}
{"order_customer_id":2313,"order_id":30005,"order_status":"PENDING_PAYMENT"}
{"order_customer_id":3911,"order_id":30006,"order_status":"COMPLETE"}
{"order_customer_id":7211,"order_id":30007,"order_status":"COMPLETE"}
{"order_customer_id":5388,"order_id":30008,"order_status":"PENDING"}
{"order_customer_id":6504,"order_id":30009,"order_status":"COMPLETE"}
{"order_customer_id":12233,"order_id":30010,"order_status":"PROCESSING"}
{"order_customer_id":2102,"order_id":30011,"order_status":"PENDING_PAYMENT"}
{"order_customer_id":9652,"order_id":30012,"order_status":"COMPLETE"}
{"order_customer_id":7703,"order_id":30013,"order_status":"PENDING_PAYMENT"}
{"order_customer_id":11486,"order_id":30014,"order_status":"COMPLETE"}
{"order_customer_id":3886,"order_id":30015,"order_status":"PENDING_PAYMENT"}
{"order_customer_id":4841,"order_id":30016,"order_status":"COMPLETE"}
{"order_customer_id":319,"order_id":30017,"order_status":"COMPLETE"}
{"order_customer_id":10218,"order_id":30018,"order_status":"COMPLETE"}
{"order_customer_id":6968,"order_id":30019,"order_status":"CLOSED"}
{"order_customer_id":9934,"order_id":30020,"order_status":"PENDING"}
{"order_customer_id":9327,"order_id":30021,"order_status":"COMPLETE"}
{"order_customer_id":6568,"order_id":30022,"order_status":"CLOSED"}
{"order_customer_id":7744,"order_id":30023,"order_status":"PENDING_PAYMENT"}
{"order_customer_id":10955,"order_id":30024,"order_status":"CLOSED"}
{"order_customer_id":1353,"order_id":30025,"order_status":"COMPLETE"}
{"order_customer_id":7709,"order_id":30026,"order_status":"COMPLETE"}
{"order_customer_id":4105,"order_id":30027,"order_status":"PENDING"}
{"order_customer_id":95,"order_id":30028,"order_status":"COMPLETE"}
{"order_customer_id":11407,"order_id":30029,"order_status":"PENDING"}
{"order_customer_id":3460,"order_id":30030,"order_status":"PENDING_PAYMENT"}
{"order_customer_id":6146,"order_id":30031,"order_status":"PENDING"}
{"order_customer_id":2555,"order_id":30032,"order_status":"COMPLETE"}
{"order_customer_id":4997,"order_id":30033,"order_status":"CLOSED"}
{"order_customer_id":8997,"order_id":30034,"order_status":"PROCESSING"}
{"order_customer_id":2456,"order_id":30035,"order_status":"CLOSED"}
{"order_customer_id":8987,"order_id":30036,"order_status":"COMPLETE"}
{"order_customer_id":10475,"order_id":30037,"order_status":"SUSPECTED_FRAUD"}
{"order_customer_id":526,"order_id":30038,"order_status":"PENDING_PAYMENT"}
{"order_customer_id":8095,"order_id":30039,"order_status":"COMPLETE"}
{"order_customer_id":458,"order_id":30040,"order_status":"COMPLETE"}
{"order_customer_id":10889,"order_id":30041,"order_status":"COMPLETE"}
{"order_customer_id":5579,"order_id":30042,"order_status":"COMPLETE"}
{"order_customer_id":10442,"order_id":30043,"order_status":"PENDING_PAYMENT"}
{"order_customer_id":10438,"order_id":30044,"order_status":"COMPLETE"}
{"order_customer_id":4757,"order_id":30045,"order_status":"PENDING"}
{"order_customer_id":7850,"order_id":30046,"order_status":"PENDING"}
{"order_customer_id":3147,"order_id":30047,"order_status":"COMPLETE"}
{"order_customer_id":7629,"order_id":30048,"order_status":"CLOSED"}
{"order_customer_id":625,"order_id":30049,"order_status":"PENDING_PAYMENT"}
{"order_customer_id":9659,"order_id":30050,"order_status":"PROCESSING"}
{"order_customer_id":205,"order_id":30051,"order_status":"PENDING_PAYMENT"}
{"order_customer_id":9496,"order_id":30052,"order_status":"PENDING_PAYMENT"}
{"order_customer_id":11907,"order_id":30053,"order_status":"PENDING"}
{"order_customer_id":12342,"order_id":30054,"order_status":"COMPLETE"}
{"order_customer_id":3441,"order_id":30055,"order_status":"ON_HOLD"}
{"order_customer_id":4481,"order_id":30056,"order_status":"PENDING"}
{"order_customer_id":4201,"order_id":30057,"order_status":"COMPLETE"}
{"order_customer_id":11429,"order_id":30058,"order_status":"COMPLETE"}
{"order_customer_id":8814,"order_id":30059,"order_status":"COMPLETE"}
{"order_customer_id":1979,"order_id":30060,"order_status":"PENDING"}
{"order_customer_id":3547,"order_id":30061,"order_status":"PENDING_PAYMENT"}
{"order_customer_id":1245,"order_id":30062,"order_status":"PROCESSING"}
{"order_customer_id":9626,"order_id":30063,"order_status":"COMPLETE"}
{"order_customer_id":5725,"order_id":30064,"order_status":"COMPLETE"}
{"order_customer_id":4105,"order_id":30065,"order_status":"COMPLETE"}
{"order_customer_id":579,"order_id":30066,"order_status":"SUSPECTED_FRAUD"}
{"order_customer_id":6033,"order_id":30067,"order_status":"PENDING_PAYMENT"}
{"order_customer_id":4557,"order_id":30068,"order_status":"PENDING_PAYMENT"}
{"order_customer_id":1396,"order_id":30069,"order_status":"PENDING_PAYMENT"}
{"order_customer_id":6476,"order_id":30070,"order_status":"PENDING"}
{"order_customer_id":11310,"order_id":30071,"order_status":"PENDING"}
{"order_customer_id":610,"order_id":30072,"order_status":"ON_HOLD"}
{"order_customer_id":5536,"order_id":30073,"order_status":"COMPLETE"}
{"order_customer_id":8969,"order_id":30074,"order_status":"PROCESSING"}
{"order_customer_id":8468,"order_id":30075,"order_status":"COMPLETE"}
{"order_customer_id":4956,"order_id":30076,"order_status":"PROCESSING"}
{"order_customer_id":3125,"order_id":30077,"order_status":"ON_HOLD"}
{"order_customer_id":4633,"order_id":62628,"order_status":"CLOSED"}
{"order_customer_id":1286,"order_id":62629,"order_status":"PAYMENT_REVIEW"}
{"order_customer_id":10679,"order_id":62630,"order_status":"PENDING_PAYMENT"}
{"order_customer_id":9872,"order_id":62631,"order_status":"PENDING_PAYMENT"}
{"order_customer_id":9275,"order_id":62632,"order_status":"ON_HOLD"}
{"order_customer_id":11716,"order_id":62633,"order_status":"PROCESSING"}
{"order_customer_id":7517,"order_id":62634,"order_status":"PENDING_PAYMENT"}
{"order_customer_id":1987,"order_id":62635,"order_status":"ON_HOLD"}
{"order_customer_id":3155,"order_id":62636,"order_status":"PENDING_PAYMENT"}
{"order_customer_id":9726,"order_id":62637,"order_status":"COMPLETE"}
{"order_customer_id":6092,"order_id":62638,"order_status":"PENDING"}
{"order_customer_id":1195,"order_id":62639,"order_status":"PENDING_PAYMENT"}
{"order_customer_id":11091,"order_id":62640,"order_status":"COMPLETE"}
{"order_customer_id":8669,"order_id":62641,"order_status":"ON_HOLD"}
{"order_customer_id":4866,"order_id":62642,"order_status":"PENDING_PAYMENT"}
{"order_customer_id":6886,"order_id":62643,"order_status":"ON_HOLD"}
{"order_customer_id":7116,"order_id":62644,"order_status":"PENDING_PAYMENT"}
{"order_customer_id":2236,"order_id":62645,"order_status":"CLOSED"}
{"order_customer_id":3319,"order_id":62646,"order_status":"PROCESSING"}
{"order_customer_id":12149,"order_id":62647,"order_status":"SUSPECTED_FRAUD"}
{"order_customer_id":3275,"order_id":62648,"order_status":"COMPLETE"}
{"order_customer_id":4005,"order_id":62649,"order_status":"PROCESSING"}
{"order_customer_id":8792,"order_id":62650,"order_status":"COMPLETE"}
{"order_customer_id":5739,"order_id":62651,"order_status":"CLOSED"}
{"order_customer_id":8709,"order_id":62652,"order_status":"PENDING_PAYMENT"}
{"order_customer_id":9603,"order_id":62653,"order_status":"PAYMENT_REVIEW"}
{"order_customer_id":1443,"order_id":62654,"order_status":"ON_HOLD"}
{"order_customer_id":11736,"order_id":62655,"order_status":"COMPLETE"}
{"order_customer_id":8312,"order_id":62656,"order_status":"PENDING"}
{"order_customer_id":3758,"order_id":62657,"order_status":"COMPLETE"}
{"order_customer_id":4683,"order_id":62658,"order_status":"PENDING_PAYMENT"}
{"order_customer_id":5163,"order_id":62659,"order_status":"PENDING_PAYMENT"}
{"order_customer_id":7447,"order_id":62660,"order_status":"CLOSED"}
{"order_customer_id":69,"order_id":62661,"order_status":"PROCESSING"}
{"order_customer_id":3744,"order_id":62662,"order_status":"PENDING"}
{"order_customer_id":8484,"order_id":68064,"order_status":"CLOSED"}
{"order_customer_id":12033,"order_id":68065,"order_status":"COMPLETE"}
{"order_customer_id":6524,"order_id":68791,"order_status":"COMPLETE"}
