{"order_customer_id":11629,"order_id":19125,"order_status":"PENDING"}
{"order_customer_id":10070,"order_id":19126,"order_status":"ON_HOLD"}
{"order_customer_id":4448,"order_id":19127,"order_status":"PROCESSING"}
{"order_customer_id":10113,"order_id":19128,"order_status":"PENDING_PAYMENT"}
{"order_customer_id":2174,"order_id":19129,"order_status":"PROCESSING"}
{"order_customer_id":2027,"order_id":19130,"order_status":"PENDING_PAYMENT"}
{"order_customer_id":6388,"order_id":19131,"order_status":"ON_HOLD"}
{"order_customer_id":1179,"order_id":19132,"order_status":"COMPLETE"}
{"order_customer_id":4390,"order_id":19133,"order_status":"COMPLETE"}
{"order_customer_id":7398,"order_id":19134,"order_status":"COMPLETE"}
{"order_customer_id":4991,"order_id":19135,"order_status":"PENDING"}
{"order_customer_id":1288,"order_id":19136,"order_status":"COMPLETE"}
{"order_customer_id":4996,"order_id":19137,"order_status":"PROCESSING"}
{"order_customer_id":3690,"order_id":19138,"order_status":"COMPLETE"}
{"order_customer_id":10149,"order_id":19139,"order_status":"PENDING"}
{"order_customer_id":8290,"order_id":19140,"order_status":"COMPLETE"}
{"order_customer_id":12040,"order_id":19141,"order_status":"COMPLETE"}
{"order_customer_id":3402,"order_id":19142,"order_status":"PENDING_PAYMENT"}
{"order_customer_id":8444,"order_id":19143,"order_status":"PENDING_PAYMENT"}
{"order_customer_id":9494,"order_id":19144,"order_status":"PENDING_PAYMENT"}
{"order_customer_id":3856,"order_id":19145,"order_status":"PENDING_PAYMENT"}
{"order_customer_id":11279,"order_id":19146,"order_status":"COMPLETE"}
{"order_customer_id":11503,"order_id":19147,"order_status":"CLOSED"}
{"order_customer_id":6330,"order_id":19148,"order_status":"PENDING_PAYMENT"}
{"order_customer_id":835,"order_id":19149,"order_status":"CLOSED"}
{"order_customer_id":1512,"order_id":19150,"order_status":"PENDING_PAYMENT"}
{"order_customer_id":11147,"order_id":19151,"order_status":"COMPLETE"}
{"order_customer_id":1978,"order_id":19152,"order_status":"PENDING_PAYMENT"}
{"order_customer_id":9607,"order_id":19153,"order_status":"COMPLETE"}
{"order_customer_id":12048,"order_id":19154,"order_status":"COMPLETE"}
{"order_customer_id":4427,"order_id":19155,"order_status":"PENDING_PAYMENT"}
{"order_customer_id":1347,"order_id":19156,"order_status":"CLOSED"}
{"order_customer_id":4053,"order_id":19157,"order_status":"PENDING"}
{"order_customer_id":3212,"order_id":19158,"order_status":"PROCESSING"}
{"order_customer_id":1291,"order_id":19159,"order_status":"PROCESSING"}
{"order_customer_id":11305,"order_id":19160,"order_status":"PROCESSING"}
{"order_customer_id":10668,"order_id":19161,"order_status":"PENDING"}
{"order_customer_id":1865,"order_id":19162,"order_status":"PENDING_PAYMENT"}
{"order_customer_id":3772,"order_id":19163,"order_status":"PENDING_PAYMENT"}
{"order_customer_id":1690,"order_id":19164,"order_status":"COMPLETE"}
{"order_customer_id":9801,"order_id":19165,"order_status":"COMPLETE"}
{"order_customer_id":9831,"order_id":19166,"order_status":"COMPLETE"}
{"order_customer_id":8036,"order_id":19167,"order_status":"PENDING"}
{"order_customer_id":2170,"order_id":19168,"order_status":"COMPLETE"}
{"order_customer_id":7207,"order_id":19169,"order_status":"CANCELED"}
{"order_customer_id":1915,"order_id":19170,"order_status":"COMPLETE"}
{"order_customer_id":7748,"order_id":19171,"order_status":"COMPLETE"}
{"order_customer_id":9405,"order_id":19172,"order_status":"COMPLETE"}
{"order_customer_id":68,"order_id":19173,"order_status":"ON_HOLD"}
{"order_customer_id":9637,"order_id":19174,"order_status":"PENDING_PAYMENT"}
{"order_customer_id":2327,"order_id":19175,"order_status":"COMPLETE"}
{"order_customer_id":1093,"order_id":19176,"order_status":"ON_HOLD"}
{"order_customer_id":1820,"order_id":19177,"order_status":"PROCESSING"}
{"order_customer_id":5749,"order_id":19178,"order_status":"PENDING"}
{"order_customer_id":7525,"order_id":19179,"order_status":"PROCESSING"}
{"order_customer_id":2899,"order_id":19180,"order_status":"PAYMENT_REVIEW"}
{"order_customer_id":2225,"order_id":19181,"order_status":"CLOSED"}
{"order_customer_id":2743,"order_id":19182,"order_status":"PENDING_PAYMENT"}
{"order_customer_id":9241,"order_id":19183,"order_status":"PENDING"}
{"order_customer_id":740,"order_id":19184,"order_status":"PENDING_PAYMENT"}
{"order_customer_id":8646,"order_id":19185,"order_status":"PENDING"}
{"order_customer_id":4570,"order_id":19186,"order_status":"CANCELED"}
{"order_customer_id":691,"order_id":19187,"order_status":"PENDING"}
{"order_customer_id":9764,"order_id":19188,"order_status":"PROCESSING"}
{"order_customer_id":6312,"order_id":19189,"order_status":"PENDING"}
{"order_customer_id":2395,"order_id":19190,"order_status":"PENDING_PAYMENT"}
{"order_customer_id":7423,"order_id":19191,"order_status":"CLOSED"}
{"order_customer_id":384,"order_id":19192,"order_status":"COMPLETE"}
{"order_customer_id":1826,"order_id":19193,"order_status":"PENDING_PAYMENT"}
{"order_customer_id":8992,"order_id":19194,"order_status":"PENDING_PAYMENT"}
{"order_customer_id":5132,"order_id":19195,"order_status":"PROCESSING"}
{"order_customer_id":4383,"order_id":19196,"order_status":"PENDING_PAYMENT"}
{"order_customer_id":5325,"order_id":19197,"order_status":"COMPLETE"}
{"order_customer_id":7192,"order_id":19198,"order_status":"ON_HOLD"}
{"order_customer_id":3865,"order_id":19199,"order_status":"ON_HOLD"}
{"order_customer_id":7175,"order_id":19200,"order_status":"COMPLETE"}
{"order_customer_id":10466,"order_id":19201,"order_status":"COMPLETE"}
{"order_customer_id":11980,"order_id":19202,"order_status":"PENDING_PAYMENT"}
{"order_customer_id":1081,"order_id":19203,"order_status":"PENDING"}
{"order_customer_id":5907,"order_id":19204,"order_status":"PENDING_PAYMENT"}
{"order_customer_id":10707,"order_id":19205,"order_status":"PENDING_PAYMENT"}
{"order_customer_id":10576,"order_id":19206,"order_status":"PENDING_PAYMENT"}
{"order_customer_id":1957,"order_id":19207,"order_status":"ON_HOLD"}
{"order_customer_id":3682,"order_id":19208,"order_status":"COMPLETE"}
{"order_customer_id":1276,"order_id":19209,"order_status":"COMPLETE"}
{"order_customer_id":12094,"order_id":19210,"order_status":"PENDING_PAYMENT"}
{"order_customer_id":16,"order_id":19211,"order_status":"PENDING_PAYMENT"}
{"order_customer_id":376,"order_id":19212,"order_status":"SUSPECTED_FRAUD"}
{"order_customer_id":3311,"order_id":19213,"order_status":"COMPLETE"}
{"order_customer_id":10893,"order_id":19214,"order_status":"PENDING_PAYMENT"}
{"order_customer_id":7702,"order_id":19215,"order_status":"PENDING_PAYMENT"}
{"order_customer_id":3995,"order_id":19216,"order_status":"COMPLETE"}
{"order_customer_id":8276,"order_id":19217,"order_status":"PENDING_PAYMENT"}
{"order_customer_id":11443,"order_id":19218,"order_status":"SUSPECTED_FRAUD"}
{"order_customer_id":8430,"order_id":19219,"order_status":"ON_HOLD"}
{"order_customer_id":5752,"order_id":19220,"order_status":"PROCESSING"}
{"order_customer_id":7826,"order_id":19221,"order_status":"ON_HOLD"}
{"order_customer_id":3881,"order_id":19222,"order_status":"ON_HOLD"}
{"order_customer_id":912,"order_id":19223,"order_status":"COMPLETE"}
{"order_customer_id":6708,"order_id":19224,"order_status":"PENDING_PAYMENT"}
{"order_customer_id":6614,"order_id":19225,"order_status":"PENDING"}
{"order_customer_id":289,"order_id":19226,"order_status":"COMPLETE"}
{"order_customer_id":11420,"order_id":19227,"order_status":"PENDING_PAYMENT"}
{"order_customer_id":9991,"order_id":19228,"order_status":"CLOSED"}
{"order_customer_id":5481,"order_id":19229,"order_status":"PENDING_PAYMENT"}
{"order_customer_id":329,"order_id":19230,"order_status":"COMPLETE"}
{"order_customer_id":9509,"order_id":19231,"order_status":"COMPLETE"}
{"order_customer_id":9699,"order_id":19232,"order_status":"PROCESSING"}
{"order_customer_id":12159,"order_id":60804,"order_status":"COMPLETE"}
{"order_customer_id":8784,"order_id":60805,"order_status":"PROCESSING"}
{"order_customer_id":4334,"order_id":60806,"order_status":"PENDING_PAYMENT"}
{"order_customer_id":9854,"order_id":60807,"order_status":"PENDING_PAYMENT"}
{"order_customer_id":7544,"order_id":60808,"order_status":"SUSPECTED_FRAUD"}
{"order_customer_id":6966,"order_id":60809,"order_status":"COMPLETE"}
{"order_customer_id":7712,"order_id":60810,"order_status":"COMPLETE"}
{"order_customer_id":3625,"order_id":60811,"order_status":"CLOSED"}
{"order_customer_id":1903,"order_id":60812,"order_status":"PENDING_PAYMENT"}
{"order_customer_id":7050,"order_id":60813,"order_status":"PENDING"}
{"order_customer_id":11062,"order_id":60814,"order_status":"CLOSED"}
{"order_customer_id":1915,"order_id":60815,"order_status":"CLOSED"}
{"order_customer_id":398,"order_id":60816,"order_status":"PENDING_PAYMENT"}
{"order_customer_id":9096,"order_id":60817,"order_status":"PENDING"}
{"order_customer_id":6550,"order_id":60818,"order_status":"COMPLETE"}
{"order_customer_id":142,"order_id":60819,"order_status":"COMPLETE"}
{"order_customer_id":6510,"order_id":60820,"order_status":"PENDING_PAYMENT"}
{"order_customer_id":3599,"order_id":60821,"order_status":"PENDING_PAYMENT"}
{"order_customer_id":12200,"order_id":60822,"order_status":"CLOSED"}
{"order_customer_id":7024,"order_id":60823,"order_status":"PENDING"}
{"order_customer_id":8361,"order_id":60824,"order_status":"COMPLETE"}
{"order_customer_id":472,"order_id":60825,"order_status":"COMPLETE"}
{"order_customer_id":12265,"order_id":60826,"order_status":"PENDING"}
{"order_customer_id":8835,"order_id":60827,"order_status":"COMPLETE"}
{"order_customer_id":4775,"order_id":60828,"order_status":"COMPLETE"}
{"order_customer_id":4541,"order_id":60829,"order_status":"CLOSED"}
{"order_customer_id":2668,"order_id":60830,"order_status":"CLOSED"}
{"order_customer_id":6765,"order_id":60831,"order_status":"PENDING_PAYMENT"}
{"order_customer_id":9970,"order_id":60832,"order_status":"PENDING"}
{"order_customer_id":8706,"order_id":60833,"order_status":"ON_HOLD"}
{"order_customer_id":286,"order_id":60834,"order_status":"PENDING"}
{"order_customer_id":821,"order_id":60835,"order_status":"COMPLETE"}
{"order_customer_id":4407,"order_id":60836,"order_status":"COMPLETE"}
{"order_customer_id":749,"order_id":67832,"order_status":"COMPLETE"}
{"order_customer_id":7904,"order_id":67833,"order_status":"COMPLETE"}
