{"order_customer_id":11359,"order_id":42329,"order_status":"CLOSED"}
{"order_customer_id":8450,"order_id":42330,"order_status":"ON_HOLD"}
{"order_customer_id":6246,"order_id":42331,"order_status":"CANCELED"}
{"order_customer_id":9089,"order_id":42332,"order_status":"PROCESSING"}
{"order_customer_id":590,"order_id":42333,"order_status":"COMPLETE"}
{"order_customer_id":10407,"order_id":42334,"order_status":"PAYMENT_REVIEW"}
{"order_customer_id":10625,"order_id":42335,"order_status":"COMPLETE"}
{"order_customer_id":5864,"order_id":42336,"order_status":"COMPLETE"}
{"order_customer_id":9858,"order_id":42337,"order_status":"COMPLETE"}
{"order_customer_id":4023,"order_id":42338,"order_status":"CANCELED"}
{"order_customer_id":2770,"order_id":42339,"order_status":"PENDING_PAYMENT"}
{"order_customer_id":4031,"order_id":42340,"order_status":"PENDING_PAYMENT"}
{"order_customer_id":3747,"order_id":42341,"order_status":"COMPLETE"}
{"order_customer_id":10574,"order_id":42342,"order_status":"PENDING"}
{"order_customer_id":2345,"order_id":42343,"order_status":"CLOSED"}
{"order_customer_id":6419,"order_id":42344,"order_status":"PROCESSING"}
{"order_customer_id":11887,"order_id":42345,"order_status":"PENDING_PAYMENT"}
{"order_customer_id":12386,"order_id":42346,"order_status":"PENDING"}
{"order_customer_id":3361,"order_id":42347,"order_status":"PENDING_PAYMENT"}
{"order_customer_id":12330,"order_id":42348,"order_status":"PROCESSING"}
{"order_customer_id":314,"order_id":42349,"order_status":"PROCESSING"}
{"order_customer_id":7682,"order_id":42350,"order_status":"PROCESSING"}
{"order_customer_id":3163,"order_id":42351,"order_status":"COMPLETE"}
{"order_customer_id":1303,"order_id":42352,"order_status":"COMPLETE"}
{"order_customer_id":5295,"order_id":42353,"order_status":"COMPLETE"}
{"order_customer_id":2695,"order_id":42354,"order_status":"COMPLETE"}
{"order_customer_id":4192,"order_id":42355,"order_status":"COMPLETE"}
{"order_customer_id":10717,"order_id":42356,"order_status":"PENDING_PAYMENT"}
{"order_customer_id":12363,"order_id":42357,"order_status":"PENDING"}
{"order_customer_id":753,"order_id":42358,"order_status":"PENDING_PAYMENT"}
{"order_customer_id":5186,"order_id":42359,"order_status":"COMPLETE"}
{"order_customer_id":10758,"order_id":42360,"order_status":"CLOSED"}
{"order_customer_id":10636,"order_id":42361,"order_status":"COMPLETE"}
{"order_customer_id":7608,"order_id":42362,"order_status":"PROCESSING"}
{"order_customer_id":4599,"order_id":42363,"order_status":"PENDING_PAYMENT"}
{"order_customer_id":3218,"order_id":42364,"order_status":"PENDING_PAYMENT"}
{"order_customer_id":4856,"order_id":42365,"order_status":"PENDING_PAYMENT"}
{"order_customer_id":6623,"order_id":42366,"order_status":"PENDING_PAYMENT"}
{"order_customer_id":1485,"order_id":42367,"order_status":"COMPLETE"}
{"order_customer_id":7980,"order_id":42368,"order_status":"COMPLETE"}
{"order_customer_id":8954,"order_id":42369,"order_status":"PENDING_PAYMENT"}
{"order_customer_id":3346,"order_id":42370,"order_status":"PENDING_PAYMENT"}
{"order_customer_id":3650,"order_id":42371,"order_status":"COMPLETE"}
{"order_customer_id":10043,"order_id":42372,"order_status":"CLOSED"}
{"order_customer_id":439,"order_id":42373,"order_status":"COMPLETE"}
{"order_customer_id":939,"order_id":42374,"order_status":"PENDING_PAYMENT"}
{"order_customer_id":2914,"order_id":42375,"order_status":"CANCELED"}
{"order_customer_id":2363,"order_id":42376,"order_status":"CLOSED"}
{"order_customer_id":2748,"order_id":42377,"order_status":"SUSPECTED_FRAUD"}
{"order_customer_id":7479,"order_id":42378,"order_status":"COMPLETE"}
{"order_customer_id":7001,"order_id":42379,"order_status":"CLOSED"}
{"order_customer_id":9972,"order_id":42380,"order_status":"PENDING"}
{"order_customer_id":3017,"order_id":42381,"order_status":"PENDING_PAYMENT"}
{"order_customer_id":7980,"order_id":42382,"order_status":"PENDING_PAYMENT"}
{"order_customer_id":12426,"order_id":42383,"order_status":"COMPLETE"}
{"order_customer_id":5022,"order_id":42384,"order_status":"COMPLETE"}
{"order_customer_id":9577,"order_id":42385,"order_status":"PENDING"}
{"order_customer_id":273,"order_id":42386,"order_status":"COMPLETE"}
{"order_customer_id":5861,"order_id":42387,"order_status":"PENDING_PAYMENT"}
{"order_customer_id":8502,"order_id":42388,"order_status":"PROCESSING"}
{"order_customer_id":6557,"order_id":42389,"order_status":"CANCELED"}
{"order_customer_id":10272,"order_id":42390,"order_status":"PENDING_PAYMENT"}
{"order_customer_id":9260,"order_id":42391,"order_status":"PENDING"}
{"order_customer_id":3892,"order_id":42392,"order_status":"PROCESSING"}
{"order_customer_id":5887,"order_id":42393,"order_status":"PENDING_PAYMENT"}
{"order_customer_id":4320,"order_id":42394,"order_status":"PENDING_PAYMENT"}
{"order_customer_id":1430,"order_id":42395,"order_status":"PENDING_PAYMENT"}
{"order_customer_id":2196,"order_id":42396,"order_status":"PENDING_PAYMENT"}
{"order_customer_id":7779,"order_id":42397,"order_status":"COMPLETE"}
{"order_customer_id":11129,"order_id":42398,"order_status":"COMPLETE"}
{"order_customer_id":12221,"order_id":42399,"order_status":"ON_HOLD"}
{"order_customer_id":1354,"order_id":42400,"order_status":"COMPLETE"}
{"order_customer_id":10441,"order_id":42401,"order_status":"PENDING_PAYMENT"}
{"order_customer_id":9281,"order_id":42402,"order_status":"ON_HOLD"}
{"order_customer_id":2148,"order_id":42403,"order_status":"COMPLETE"}
{"order_customer_id":9338,"order_id":42404,"order_status":"PROCESSING"}
{"order_customer_id":7232,"order_id":42405,"order_status":"COMPLETE"}
{"order_customer_id":563,"order_id":42406,"order_status":"PROCESSING"}
{"order_customer_id":3694,"order_id":42407,"order_status":"PENDING_PAYMENT"}
{"order_customer_id":8851,"order_id":42408,"order_status":"PENDING_PAYMENT"}
{"order_customer_id":3167,"order_id":42409,"order_status":"COMPLETE"}
{"order_customer_id":10699,"order_id":42410,"order_status":"PENDING"}
{"order_customer_id":1977,"order_id":42411,"order_status":"CLOSED"}
{"order_customer_id":846,"order_id":42412,"order_status":"COMPLETE"}
{"order_customer_id":7321,"order_id":42413,"order_status":"PENDING_PAYMENT"}
{"order_customer_id":7800,"order_id":42414,"order_status":"SUSPECTED_FRAUD"}
{"order_customer_id":10783,"order_id":42415,"order_status":"COMPLETE"}
{"order_customer_id":11043,"order_id":42416,"order_status":"PENDING"}
{"order_customer_id":248,"order_id":42417,"order_status":"COMPLETE"}
{"order_customer_id":252,"order_id":42418,"order_status":"PENDING_PAYMENT"}
{"order_customer_id":1922,"order_id":42419,"order_status":"PENDING_PAYMENT"}
{"order_customer_id":9349,"order_id":42420,"order_status":"COMPLETE"}
{"order_customer_id":8141,"order_id":42421,"order_status":"COMPLETE"}
{"order_customer_id":11005,"order_id":42422,"order_status":"CANCELED"}
{"order_customer_id":8578,"order_id":42423,"order_status":"PROCESSING"}
{"order_customer_id":1949,"order_id":42424,"order_status":"CANCELED"}
{"order_customer_id":1339,"order_id":42425,"order_status":"ON_HOLD"}
{"order_customer_id":960,"order_id":42426,"order_status":"PENDING_PAYMENT"}
{"order_customer_id":11550,"order_id":42427,"order_status":"PENDING_PAYMENT"}
{"order_customer_id":7408,"order_id":42428,"order_status":"PENDING"}
{"order_customer_id":597,"order_id":42429,"order_status":"ON_HOLD"}
{"order_customer_id":6064,"order_id":42430,"order_status":"PENDING"}
{"order_customer_id":733,"order_id":42431,"order_status":"CLOSED"}
{"order_customer_id":6484,"order_id":42432,"order_status":"PENDING_PAYMENT"}
{"order_customer_id":6217,"order_id":42433,"order_status":"COMPLETE"}
{"order_customer_id":9153,"order_id":42434,"order_status":"PENDING_PAYMENT"}
{"order_customer_id":6061,"order_id":42435,"order_status":"PROCESSING"}
{"order_customer_id":5505,"order_id":42436,"order_status":"PENDING_PAYMENT"}
{"order_customer_id":11647,"order_id":42437,"order_status":"COMPLETE"}
{"order_customer_id":2188,"order_id":42438,"order_status":"COMPLETE"}
{"order_customer_id":5145,"order_id":42439,"order_status":"PROCESSING"}
{"order_customer_id":7639,"order_id":42440,"order_status":"COMPLETE"}
{"order_customer_id":10021,"order_id":42441,"order_status":"COMPLETE"}
{"order_customer_id":3370,"order_id":42442,"order_status":"ON_HOLD"}
{"order_customer_id":12403,"order_id":42443,"order_status":"ON_HOLD"}
{"order_customer_id":5037,"order_id":42444,"order_status":"COMPLETE"}
{"order_customer_id":10699,"order_id":42445,"order_status":"CLOSED"}
{"order_customer_id":3938,"order_id":42446,"order_status":"PROCESSING"}
{"order_customer_id":10378,"order_id":42447,"order_status":"PENDING_PAYMENT"}
{"order_customer_id":11494,"order_id":42448,"order_status":"PENDING_PAYMENT"}
{"order_customer_id":8898,"order_id":42449,"order_status":"PENDING_PAYMENT"}
{"order_customer_id":4744,"order_id":42450,"order_status":"PROCESSING"}
{"order_customer_id":4054,"order_id":42451,"order_status":"COMPLETE"}
{"order_customer_id":5899,"order_id":42452,"order_status":"SUSPECTED_FRAUD"}
{"order_customer_id":916,"order_id":42453,"order_status":"COMPLETE"}
{"order_customer_id":11551,"order_id":42454,"order_status":"PENDING_PAYMENT"}
{"order_customer_id":3070,"order_id":42455,"order_status":"COMPLETE"}
{"order_customer_id":12414,"order_id":42456,"order_status":"COMPLETE"}
{"order_customer_id":1729,"order_id":42457,"order_status":"COMPLETE"}
{"order_customer_id":7016,"order_id":42458,"order_status":"PENDING_PAYMENT"}
{"order_customer_id":7538,"order_id":42459,"order_status":"COMPLETE"}
{"order_customer_id":1684,"order_id":42460,"order_status":"PENDING"}
{"order_customer_id":10444,"order_id":42461,"order_status":"COMPLETE"}
{"order_customer_id":2079,"order_id":42462,"order_status":"PENDING_PAYMENT"}
{"order_customer_id":4654,"order_id":42463,"order_status":"PROCESSING"}
{"order_customer_id":9017,"order_id":42464,"order_status":"ON_HOLD"}
{"order_customer_id":2876,"order_id":42465,"order_status":"PENDING"}
{"order_customer_id":893,"order_id":42466,"order_status":"PENDING"}
{"order_customer_id":11170,"order_id":42467,"order_status":"COMPLETE"}
{"order_customer_id":4312,"order_id":42468,"order_status":"PENDING"}
{"order_customer_id":5034,"order_id":42469,"order_status":"CLOSED"}
{"order_customer_id":3302,"order_id":42470,"order_status":"COMPLETE"}
{"order_customer_id":5563,"order_id":42471,"order_status":"COMPLETE"}
{"order_customer_id":2806,"order_id":42472,"order_status":"COMPLETE"}
{"order_customer_id":7807,"order_id":42473,"order_status":"PROCESSING"}
{"order_customer_id":2851,"order_id":42474,"order_status":"PROCESSING"}
{"order_customer_id":799,"order_id":42475,"order_status":"PENDING_PAYMENT"}
{"order_customer_id":2278,"order_id":42476,"order_status":"COMPLETE"}
{"order_customer_id":12068,"order_id":42477,"order_status":"COMPLETE"}
{"order_customer_id":5813,"order_id":42478,"order_status":"PROCESSING"}
{"order_customer_id":5265,"order_id":42479,"order_status":"COMPLETE"}
{"order_customer_id":9222,"order_id":42480,"order_status":"PENDING_PAYMENT"}
{"order_customer_id":10231,"order_id":42481,"order_status":"PENDING_PAYMENT"}
{"order_customer_id":975,"order_id":42482,"order_status":"PENDING"}
{"order_customer_id":2612,"order_id":42483,"order_status":"PENDING"}
{"order_customer_id":3667,"order_id":42484,"order_status":"ON_HOLD"}
{"order_customer_id":2365,"order_id":42485,"order_status":"PROCESSING"}
{"order_customer_id":9068,"order_id":42486,"order_status":"COMPLETE"}
{"order_customer_id":8571,"order_id":42487,"order_status":"COMPLETE"}
{"order_customer_id":1836,"order_id":42488,"order_status":"CLOSED"}
{"order_customer_id":63,"order_id":42489,"order_status":"COMPLETE"}
{"order_customer_id":11771,"order_id":42490,"order_status":"CLOSED"}
{"order_customer_id":765,"order_id":42491,"order_status":"PROCESSING"}
{"order_customer_id":8722,"order_id":42492,"order_status":"ON_HOLD"}
{"order_customer_id":4496,"order_id":42493,"order_status":"COMPLETE"}
{"order_customer_id":4712,"order_id":42494,"order_status":"ON_HOLD"}
{"order_customer_id":8917,"order_id":42495,"order_status":"COMPLETE"}
{"order_customer_id":5267,"order_id":42496,"order_status":"COMPLETE"}
{"order_customer_id":3786,"order_id":42497,"order_status":"PENDING_PAYMENT"}
{"order_customer_id":5766,"order_id":42498,"order_status":"PENDING_PAYMENT"}
{"order_customer_id":7427,"order_id":42499,"order_status":"COMPLETE"}
{"order_customer_id":10004,"order_id":42500,"order_status":"PENDING_PAYMENT"}
{"order_customer_id":9794,"order_id":42501,"order_status":"COMPLETE"}
{"order_customer_id":4675,"order_id":42502,"order_status":"SUSPECTED_FRAUD"}
{"order_customer_id":11077,"order_id":42503,"order_status":"COMPLETE"}
{"order_customer_id":7558,"order_id":42504,"order_status":"COMPLETE"}
{"order_customer_id":4071,"order_id":42505,"order_status":"COMPLETE"}
{"order_customer_id":5348,"order_id":42506,"order_status":"COMPLETE"}
{"order_customer_id":5594,"order_id":42507,"order_status":"COMPLETE"}
{"order_customer_id":11676,"order_id":42508,"order_status":"PENDING_PAYMENT"}
{"order_customer_id":3237,"order_id":42509,"order_status":"SUSPECTED_FRAUD"}
{"order_customer_id":8964,"order_id":42510,"order_status":"PENDING"}
{"order_customer_id":1307,"order_id":42511,"order_status":"COMPLETE"}
{"order_customer_id":3640,"order_id":42512,"order_status":"COMPLETE"}
{"order_customer_id":78,"order_id":42513,"order_status":"COMPLETE"}
{"order_customer_id":11608,"order_id":42514,"order_status":"ON_HOLD"}
{"order_customer_id":8302,"order_id":42515,"order_status":"PAYMENT_REVIEW"}
{"order_customer_id":8139,"order_id":42516,"order_status":"COMPLETE"}
{"order_customer_id":34,"order_id":42517,"order_status":"PROCESSING"}
{"order_customer_id":1950,"order_id":42518,"order_status":"COMPLETE"}
{"order_customer_id":3358,"order_id":42519,"order_status":"PENDING_PAYMENT"}
{"order_customer_id":1063,"order_id":42520,"order_status":"CLOSED"}
{"order_customer_id":10826,"order_id":42521,"order_status":"COMPLETE"}
{"order_customer_id":8081,"order_id":42522,"order_status":"COMPLETE"}
{"order_customer_id":11429,"order_id":42523,"order_status":"CLOSED"}
{"order_customer_id":3855,"order_id":42524,"order_status":"COMPLETE"}
{"order_customer_id":639,"order_id":42525,"order_status":"PROCESSING"}
{"order_customer_id":6332,"order_id":42526,"order_status":"PENDING_PAYMENT"}
{"order_customer_id":12089,"order_id":42527,"order_status":"CLOSED"}
{"order_customer_id":2573,"order_id":64582,"order_status":"COMPLETE"}
{"order_customer_id":1969,"order_id":64583,"order_status":"COMPLETE"}
{"order_customer_id":7432,"order_id":64584,"order_status":"COMPLETE"}
{"order_customer_id":4272,"order_id":64585,"order_status":"COMPLETE"}
{"order_customer_id":6434,"order_id":64586,"order_status":"COMPLETE"}
{"order_customer_id":12142,"order_id":64587,"order_status":"COMPLETE"}
{"order_customer_id":9611,"order_id":64588,"order_status":"COMPLETE"}
{"order_customer_id":4278,"order_id":64589,"order_status":"ON_HOLD"}
{"order_customer_id":9341,"order_id":64590,"order_status":"COMPLETE"}
{"order_customer_id":9816,"order_id":64591,"order_status":"COMPLETE"}
{"order_customer_id":7591,"order_id":64592,"order_status":"PENDING_PAYMENT"}
{"order_customer_id":12114,"order_id":64593,"order_status":"COMPLETE"}
{"order_customer_id":9045,"order_id":64594,"order_status":"COMPLETE"}
{"order_customer_id":11118,"order_id":64595,"order_status":"PENDING_PAYMENT"}
{"order_customer_id":2846,"order_id":64596,"order_status":"PENDING_PAYMENT"}
{"order_customer_id":1532,"order_id":64597,"order_status":"ON_HOLD"}
{"order_customer_id":5455,"order_id":64598,"order_status":"PENDING_PAYMENT"}
{"order_customer_id":3315,"order_id":64599,"order_status":"PENDING"}
{"order_customer_id":10885,"order_id":64600,"order_status":"PENDING_PAYMENT"}
{"order_customer_id":1865,"order_id":64601,"order_status":"COMPLETE"}
{"order_customer_id":10016,"order_id":64602,"order_status":"PENDING_PAYMENT"}
{"order_customer_id":3623,"order_id":64603,"order_status":"PENDING"}
{"order_customer_id":10132,"order_id":64604,"order_status":"CLOSED"}
{"order_customer_id":4278,"order_id":64605,"order_status":"PROCESSING"}
{"order_customer_id":5321,"order_id":64606,"order_status":"COMPLETE"}
{"order_customer_id":1164,"order_id":64607,"order_status":"CANCELED"}
{"order_customer_id":9061,"order_id":64608,"order_status":"PENDING_PAYMENT"}
{"order_customer_id":7204,"order_id":64609,"order_status":"CLOSED"}
{"order_customer_id":1419,"order_id":64610,"order_status":"PAYMENT_REVIEW"}
{"order_customer_id":1560,"order_id":64611,"order_status":"PROCESSING"}
{"order_customer_id":12332,"order_id":64612,"order_status":"PROCESSING"}
{"order_customer_id":6216,"order_id":64613,"order_status":"COMPLETE"}
{"order_customer_id":942,"order_id":68338,"order_status":"PENDING_PAYMENT"}
