{"order_customer_id":4300,"order_id":23633,"order_status":"ON_HOLD"}
{"order_customer_id":4838,"order_id":23634,"order_status":"PROCESSING"}
{"order_customer_id":3934,"order_id":23635,"order_status":"PROCESSING"}
{"order_customer_id":11120,"order_id":23636,"order_status":"COMPLETE"}
{"order_customer_id":9623,"order_id":23637,"order_status":"COMPLETE"}
{"order_customer_id":9875,"order_id":23638,"order_status":"COMPLETE"}
{"order_customer_id":3237,"order_id":23639,"order_status":"PROCESSING"}
{"order_customer_id":1775,"order_id":23640,"order_status":"COMPLETE"}
{"order_customer_id":3371,"order_id":23641,"order_status":"PENDING_PAYMENT"}
{"order_customer_id":5732,"order_id":23642,"order_status":"CLOSED"}
{"order_customer_id":4081,"order_id":23643,"order_status":"CLOSED"}
{"order_customer_id":9919,"order_id":23644,"order_status":"COMPLETE"}
{"order_customer_id":1901,"order_id":23645,"order_status":"CLOSED"}
{"order_customer_id":8884,"order_id":23646,"order_status":"PENDING"}
{"order_customer_id":8651,"order_id":23647,"order_status":"COMPLETE"}
{"order_customer_id":5319,"order_id":23648,"order_status":"CLOSED"}
{"order_customer_id":7222,"order_id":23649,"order_status":"PENDING"}
{"order_customer_id":7049,"order_id":23650,"order_status":"SUSPECTED_FRAUD"}
{"order_customer_id":7787,"order_id":23651,"order_status":"COMPLETE"}
{"order_customer_id":6427,"order_id":23652,"order_status":"PROCESSING"}
{"order_customer_id":5456,"order_id":23653,"order_status":"COMPLETE"}
{"order_customer_id":3625,"order_id":23654,"order_status":"ON_HOLD"}
{"order_customer_id":5553,"order_id":23655,"order_status":"PROCESSING"}
{"order_customer_id":9136,"order_id":23656,"order_status":"PENDING_PAYMENT"}
{"order_customer_id":7737,"order_id":23657,"order_status":"PENDING"}
{"order_customer_id":3942,"order_id":23658,"order_status":"PENDING_PAYMENT"}
{"order_customer_id":670,"order_id":23659,"order_status":"PROCESSING"}
{"order_customer_id":3326,"order_id":23660,"order_status":"CLOSED"}
{"order_customer_id":3755,"order_id":23661,"order_status":"COMPLETE"}
{"order_customer_id":3,"order_id":23662,"order_status":"COMPLETE"}
{"order_customer_id":11687,"order_id":23663,"order_status":"COMPLETE"}
{"order_customer_id":10169,"order_id":23664,"order_status":"COMPLETE"}
{"order_customer_id":5416,"order_id":23665,"order_status":"COMPLETE"}
{"order_customer_id":4038,"order_id":23666,"order_status":"PENDING_PAYMENT"}
{"order_customer_id":3691,"order_id":23667,"order_status":"PENDING"}
{"order_customer_id":1793,"order_id":23668,"order_status":"PROCESSING"}
{"order_customer_id":2917,"order_id":23669,"order_status":"COMPLETE"}
{"order_customer_id":7314,"order_id":23670,"order_status":"CLOSED"}
{"order_customer_id":8547,"order_id":23671,"order_status":"PENDING_PAYMENT"}
{"order_customer_id":3027,"order_id":23672,"order_status":"COMPLETE"}
{"order_customer_id":7550,"order_id":23673,"order_status":"COMPLETE"}
{"order_customer_id":5052,"order_id":23674,"order_status":"COMPLETE"}
{"order_customer_id":7135,"order_id":23675,"order_status":"PENDING_PAYMENT"}
{"order_customer_id":7906,"order_id":23676,"order_status":"CLOSED"}
{"order_customer_id":6943,"order_id":23677,"order_status":"PENDING_PAYMENT"}
{"order_customer_id":2776,"order_id":23678,"order_status":"PENDING_PAYMENT"}
{"order_customer_id":6848,"order_id":23679,"order_status":"PENDING_PAYMENT"}
{"order_customer_id":6978,"order_id":23680,"order_status":"COMPLETE"}
{"order_customer_id":11397,"order_id":23681,"order_status":"COMPLETE"}
{"order_customer_id":1361,"order_id":23682,"order_status":"ON_HOLD"}
{"order_customer_id":1882,"order_id":23683,"order_status":"PENDING_PAYMENT"}
{"order_customer_id":10269,"order_id":23684,"order_status":"SUSPECTED_FRAUD"}
{"order_customer_id":10650,"order_id":23685,"order_status":"COMPLETE"}
{"order_customer_id":5302,"order_id":23686,"order_status":"PENDING"}
{"order_customer_id":4251,"order_id":23687,"order_status":"PROCESSING"}
{"order_customer_id":12319,"order_id":23688,"order_status":"PROCESSING"}
{"order_customer_id":5282,"order_id":23689,"order_status":"COMPLETE"}
{"order_customer_id":5165,"order_id":23690,"order_status":"PENDING"}
{"order_customer_id":503,"order_id":23691,"order_status":"PENDING_PAYMENT"}
{"order_customer_id":9964,"order_id":23692,"order_status":"CLOSED"}
{"order_customer_id":4574,"order_id":23693,"order_status":"PENDING_PAYMENT"}
{"order_customer_id":2159,"order_id":23694,"order_status":"COMPLETE"}
{"order_customer_id":8667,"order_id":23695,"order_status":"COMPLETE"}
{"order_customer_id":11008,"order_id":23696,"order_status":"COMPLETE"}
{"order_customer_id":10722,"order_id":23697,"order_status":"COMPLETE"}
{"order_customer_id":9805,"order_id":23698,"order_status":"COMPLETE"}
{"order_customer_id":5107,"order_id":23699,"order_status":"COMPLETE"}
{"order_customer_id":3034,"order_id":23700,"order_status":"CLOSED"}
{"order_customer_id":8290,"order_id":23701,"order_status":"COMPLETE"}
{"order_customer_id":4643,"order_id":23702,"order_status":"COMPLETE"}
{"order_customer_id":10584,"order_id":23703,"order_status":"COMPLETE"}
{"order_customer_id":9119,"order_id":23704,"order_status":"PENDING"}
{"order_customer_id":5369,"order_id":23705,"order_status":"PENDING_PAYMENT"}
{"order_customer_id":1763,"order_id":23706,"order_status":"COMPLETE"}
{"order_customer_id":9279,"order_id":23707,"order_status":"PENDING"}
{"order_customer_id":1178,"order_id":23708,"order_status":"CLOSED"}
{"order_customer_id":11276,"order_id":23709,"order_status":"CLOSED"}
{"order_customer_id":3926,"order_id":23710,"order_status":"PENDING_PAYMENT"}
{"order_customer_id":8320,"order_id":23711,"order_status":"CLOSED"}
{"order_customer_id":8925,"order_id":23712,"order_status":"COMPLETE"}
{"order_customer_id":4626,"order_id":23713,"order_status":"COMPLETE"}
{"order_customer_id":6109,"order_id":23714,"order_status":"PENDING"}
{"order_customer_id":1772,"order_id":23715,"order_status":"PROCESSING"}
{"order_customer_id":2008,"order_id":23716,"order_status":"COMPLETE"}
{"order_customer_id":6697,"order_id":23717,"order_status":"COMPLETE"}
{"order_customer_id":10653,"order_id":23718,"order_status":"PENDING_PAYMENT"}
{"order_customer_id":6974,"order_id":23719,"order_status":"COMPLETE"}
{"order_customer_id":8411,"order_id":23720,"order_status":"PENDING_PAYMENT"}
{"order_customer_id":22,"order_id":23721,"order_status":"PENDING"}
{"order_customer_id":10387,"order_id":23722,"order_status":"COMPLETE"}
{"order_customer_id":6630,"order_id":23723,"order_status":"PENDING_PAYMENT"}
{"order_customer_id":4120,"order_id":23724,"order_status":"COMPLETE"}
{"order_customer_id":5585,"order_id":23725,"order_status":"COMPLETE"}
{"order_customer_id":7484,"order_id":23726,"order_status":"COMPLETE"}
{"order_customer_id":11501,"order_id":23727,"order_status":"PENDING_PAYMENT"}
{"order_customer_id":835,"order_id":23728,"order_status":"COMPLETE"}
{"order_customer_id":11020,"order_id":23729,"order_status":"COMPLETE"}
{"order_customer_id":2087,"order_id":23730,"order_status":"PROCESSING"}
{"order_customer_id":5122,"order_id":23731,"order_status":"CANCELED"}
{"order_customer_id":9250,"order_id":23732,"order_status":"PROCESSING"}
{"order_customer_id":6472,"order_id":23733,"order_status":"COMPLETE"}
{"order_customer_id":4397,"order_id":23734,"order_status":"PROCESSING"}
{"order_customer_id":391,"order_id":23735,"order_status":"COMPLETE"}
{"order_customer_id":4787,"order_id":23736,"order_status":"CLOSED"}
{"order_customer_id":11833,"order_id":61582,"order_status":"PENDING_PAYMENT"}
{"order_customer_id":8926,"order_id":61583,"order_status":"COMPLETE"}
{"order_customer_id":720,"order_id":61584,"order_status":"PENDING_PAYMENT"}
{"order_customer_id":4168,"order_id":61585,"order_status":"COMPLETE"}
{"order_customer_id":10214,"order_id":61586,"order_status":"PROCESSING"}
{"order_customer_id":10115,"order_id":61587,"order_status":"COMPLETE"}
{"order_customer_id":3390,"order_id":61588,"order_status":"PROCESSING"}
{"order_customer_id":188,"order_id":61589,"order_status":"PAYMENT_REVIEW"}
{"order_customer_id":11302,"order_id":61590,"order_status":"CLOSED"}
{"order_customer_id":12157,"order_id":61591,"order_status":"SUSPECTED_FRAUD"}
{"order_customer_id":3235,"order_id":61592,"order_status":"COMPLETE"}
{"order_customer_id":11019,"order_id":61593,"order_status":"PENDING_PAYMENT"}
{"order_customer_id":12336,"order_id":61594,"order_status":"COMPLETE"}
{"order_customer_id":3083,"order_id":61595,"order_status":"PROCESSING"}
{"order_customer_id":2215,"order_id":67921,"order_status":"PENDING_PAYMENT"}
{"order_customer_id":2149,"order_id":67922,"order_status":"CLOSED"}
{"order_customer_id":11633,"order_id":67923,"order_status":"CLOSED"}
{"order_customer_id":416,"order_id":67924,"order_status":"COMPLETE"}
{"order_customer_id":10271,"order_id":67925,"order_status":"COMPLETE"}
{"order_customer_id":9548,"order_id":67926,"order_status":"COMPLETE"}
