{"order_customer_id":5771,"order_id":5276,"order_status":"ON_HOLD"}
{"order_customer_id":583,"order_id":5277,"order_status":"COMPLETE"}
{"order_customer_id":7094,"order_id":5278,"order_status":"PROCESSING"}
{"order_customer_id":7753,"order_id":5279,"order_status":"PENDING"}
{"order_customer_id":6602,"order_id":5280,"order_status":"COMPLETE"}
{"order_customer_id":4227,"order_id":5281,"order_status":"PENDING_PAYMENT"}
{"order_customer_id":9298,"order_id":5282,"order_status":"CLOSED"}
{"order_customer_id":548,"order_id":5283,"order_status":"PENDING_PAYMENT"}
{"order_customer_id":12332,"order_id":5284,"order_status":"CLOSED"}
{"order_customer_id":10739,"order_id":5285,"order_status":"PROCESSING"}
{"order_customer_id":787,"order_id":5286,"order_status":"PENDING"}
{"order_customer_id":2628,"order_id":5287,"order_status":"ON_HOLD"}
{"order_customer_id":9984,"order_id":5288,"order_status":"COMPLETE"}
{"order_customer_id":6500,"order_id":5289,"order_status":"COMPLETE"}
{"order_customer_id":6668,"order_id":5290,"order_status":"CLOSED"}
{"order_customer_id":482,"order_id":5291,"order_status":"PROCESSING"}
{"order_customer_id":8131,"order_id":5292,"order_status":"PROCESSING"}
{"order_customer_id":157,"order_id":5293,"order_status":"PENDING_PAYMENT"}
{"order_customer_id":3062,"order_id":5294,"order_status":"ON_HOLD"}
{"order_customer_id":1940,"order_id":5295,"order_status":"PENDING_PAYMENT"}
{"order_customer_id":9940,"order_id":5296,"order_status":"PENDING_PAYMENT"}
{"order_customer_id":10303,"order_id":5297,"order_status":"PENDING_PAYMENT"}
{"order_customer_id":6789,"order_id":5298,"order_status":"COMPLETE"}
{"order_customer_id":1503,"order_id":5299,"order_status":"CLOSED"}
{"order_customer_id":10538,"order_id":5300,"order_status":"PENDING_PAYMENT"}
{"order_customer_id":8645,"order_id":5301,"order_status":"PROCESSING"}
{"order_customer_id":6493,"order_id":5302,"order_status":"COMPLETE"}
{"order_customer_id":12434,"order_id":5303,"order_status":"PENDING"}
{"order_customer_id":5751,"order_id":5304,"order_status":"PENDING_PAYMENT"}
{"order_customer_id":1517,"order_id":5305,"order_status":"COMPLETE"}
{"order_customer_id":744,"order_id":5306,"order_status":"COMPLETE"}
{"order_customer_id":9442,"order_id":5307,"order_status":"COMPLETE"}
{"order_customer_id":5456,"order_id":5308,"order_status":"COMPLETE"}
{"order_customer_id":5769,"order_id":5309,"order_status":"COMPLETE"}
{"order_customer_id":8659,"order_id":5310,"order_status":"PROCESSING"}
{"order_customer_id":7798,"order_id":5311,"order_status":"COMPLETE"}
{"order_customer_id":9056,"order_id":5312,"order_status":"COMPLETE"}
{"order_customer_id":194,"order_id":5313,"order_status":"PENDING"}
{"order_customer_id":1451,"order_id":5314,"order_status":"PENDING_PAYMENT"}
{"order_customer_id":1705,"order_id":5315,"order_status":"PENDING_PAYMENT"}
{"order_customer_id":7394,"order_id":5316,"order_status":"COMPLETE"}
{"order_customer_id":6224,"order_id":5317,"order_status":"COMPLETE"}
{"order_customer_id":11354,"order_id":5318,"order_status":"COMPLETE"}
{"order_customer_id":8305,"order_id":5319,"order_status":"ON_HOLD"}
{"order_customer_id":9237,"order_id":5320,"order_status":"PROCESSING"}
{"order_customer_id":3364,"order_id":5321,"order_status":"PENDING"}
{"order_customer_id":4933,"order_id":5322,"order_status":"PENDING"}
{"order_customer_id":9241,"order_id":5323,"order_status":"SUSPECTED_FRAUD"}
{"order_customer_id":8558,"order_id":5324,"order_status":"PROCESSING"}
{"order_customer_id":5852,"order_id":5325,"order_status":"SUSPECTED_FRAUD"}
{"order_customer_id":4134,"order_id":5326,"order_status":"PENDING"}
{"order_customer_id":10232,"order_id":5327,"order_status":"PENDING"}
{"order_customer_id":10351,"order_id":5328,"order_status":"ON_HOLD"}
{"order_customer_id":5970,"order_id":5329,"order_status":"COMPLETE"}
{"order_customer_id":10076,"order_id":5330,"order_status":"PROCESSING"}
{"order_customer_id":3361,"order_id":5331,"order_status":"CANCELED"}
{"order_customer_id":1499,"order_id":5332,"order_status":"PENDING_PAYMENT"}
{"order_customer_id":4502,"order_id":5333,"order_status":"COMPLETE"}
{"order_customer_id":744,"order_id":5334,"order_status":"COMPLETE"}
{"order_customer_id":5547,"order_id":5335,"order_status":"ON_HOLD"}
{"order_customer_id":10607,"order_id":5336,"order_status":"COMPLETE"}
{"order_customer_id":497,"order_id":5337,"order_status":"COMPLETE"}
{"order_customer_id":3044,"order_id":5338,"order_status":"COMPLETE"}
{"order_customer_id":10201,"order_id":5339,"order_status":"COMPLETE"}
{"order_customer_id":8355,"order_id":5340,"order_status":"COMPLETE"}
{"order_customer_id":2589,"order_id":5341,"order_status":"COMPLETE"}
{"order_customer_id":3471,"order_id":5342,"order_status":"COMPLETE"}
{"order_customer_id":9030,"order_id":5343,"order_status":"CLOSED"}
{"order_customer_id":9893,"order_id":5344,"order_status":"CANCELED"}
{"order_customer_id":472,"order_id":5345,"order_status":"CLOSED"}
{"order_customer_id":8859,"order_id":5346,"order_status":"COMPLETE"}
{"order_customer_id":6256,"order_id":5347,"order_status":"PENDING_PAYMENT"}
{"order_customer_id":10966,"order_id":5348,"order_status":"PROCESSING"}
{"order_customer_id":9449,"order_id":5349,"order_status":"CLOSED"}
{"order_customer_id":9285,"order_id":5350,"order_status":"PENDING_PAYMENT"}
{"order_customer_id":3565,"order_id":5351,"order_status":"COMPLETE"}
{"order_customer_id":2271,"order_id":5352,"order_status":"COMPLETE"}
{"order_customer_id":8926,"order_id":5353,"order_status":"PENDING_PAYMENT"}
{"order_customer_id":7616,"order_id":5354,"order_status":"PENDING_PAYMENT"}
{"order_customer_id":798,"order_id":5355,"order_status":"COMPLETE"}
{"order_customer_id":7090,"order_id":5356,"order_status":"CLOSED"}
{"order_customer_id":11404,"order_id":5357,"order_status":"PENDING"}
{"order_customer_id":9296,"order_id":5358,"order_status":"PROCESSING"}
{"order_customer_id":3248,"order_id":5359,"order_status":"PENDING"}
{"order_customer_id":6285,"order_id":5360,"order_status":"PROCESSING"}
{"order_customer_id":755,"order_id":5361,"order_status":"ON_HOLD"}
{"order_customer_id":758,"order_id":5362,"order_status":"ON_HOLD"}
{"order_customer_id":3228,"order_id":5363,"order_status":"PENDING_PAYMENT"}
{"order_customer_id":12248,"order_id":5364,"order_status":"COMPLETE"}
{"order_customer_id":6106,"order_id":5365,"order_status":"PENDING_PAYMENT"}
{"order_customer_id":5855,"order_id":5366,"order_status":"COMPLETE"}
{"order_customer_id":8288,"order_id":5367,"order_status":"COMPLETE"}
{"order_customer_id":2159,"order_id":5368,"order_status":"COMPLETE"}
{"order_customer_id":9847,"order_id":5369,"order_status":"COMPLETE"}
{"order_customer_id":9468,"order_id":5370,"order_status":"CLOSED"}
{"order_customer_id":4914,"order_id":5371,"order_status":"COMPLETE"}
{"order_customer_id":10398,"order_id":5372,"order_status":"COMPLETE"}
{"order_customer_id":2413,"order_id":5373,"order_status":"COMPLETE"}
{"order_customer_id":4014,"order_id":5374,"order_status":"PROCESSING"}
{"order_customer_id":9668,"order_id":5375,"order_status":"PENDING"}
{"order_customer_id":6875,"order_id":5376,"order_status":"PENDING_PAYMENT"}
{"order_customer_id":7938,"order_id":5377,"order_status":"COMPLETE"}
{"order_customer_id":9079,"order_id":5378,"order_status":"ON_HOLD"}
{"order_customer_id":838,"order_id":5379,"order_status":"PENDING_PAYMENT"}
{"order_customer_id":8174,"order_id":5380,"order_status":"COMPLETE"}
{"order_customer_id":3508,"order_id":5381,"order_status":"PENDING_PAYMENT"}
{"order_customer_id":6111,"order_id":5382,"order_status":"PENDING_PAYMENT"}
{"order_customer_id":10331,"order_id":5383,"order_status":"COMPLETE"}
{"order_customer_id":4689,"order_id":5384,"order_status":"COMPLETE"}
{"order_customer_id":2093,"order_id":5385,"order_status":"PENDING"}
{"order_customer_id":6478,"order_id":5386,"order_status":"PENDING_PAYMENT"}
{"order_customer_id":2909,"order_id":5387,"order_status":"PENDING_PAYMENT"}
{"order_customer_id":5327,"order_id":5388,"order_status":"COMPLETE"}
{"order_customer_id":12316,"order_id":5389,"order_status":"PENDING"}
{"order_customer_id":12385,"order_id":5390,"order_status":"PAYMENT_REVIEW"}
{"order_customer_id":6429,"order_id":5391,"order_status":"COMPLETE"}
{"order_customer_id":9526,"order_id":5392,"order_status":"COMPLETE"}
{"order_customer_id":3395,"order_id":5393,"order_status":"COMPLETE"}
{"order_customer_id":8708,"order_id":5394,"order_status":"CLOSED"}
{"order_customer_id":532,"order_id":5395,"order_status":"PENDING"}
{"order_customer_id":4494,"order_id":5396,"order_status":"PROCESSING"}
{"order_customer_id":450,"order_id":5397,"order_status":"COMPLETE"}
{"order_customer_id":6964,"order_id":5398,"order_status":"PROCESSING"}
{"order_customer_id":9722,"order_id":5399,"order_status":"PENDING"}
{"order_customer_id":1447,"order_id":5400,"order_status":"COMPLETE"}
{"order_customer_id":11945,"order_id":5401,"order_status":"PENDING_PAYMENT"}
{"order_customer_id":10781,"order_id":5402,"order_status":"COMPLETE"}
{"order_customer_id":269,"order_id":5403,"order_status":"PENDING_PAYMENT"}
{"order_customer_id":6059,"order_id":5404,"order_status":"ON_HOLD"}
{"order_customer_id":9647,"order_id":5405,"order_status":"PENDING_PAYMENT"}
{"order_customer_id":11333,"order_id":5406,"order_status":"PROCESSING"}
{"order_customer_id":8081,"order_id":5407,"order_status":"COMPLETE"}
{"order_customer_id":11084,"order_id":5408,"order_status":"PROCESSING"}
{"order_customer_id":4247,"order_id":5409,"order_status":"PENDING_PAYMENT"}
{"order_customer_id":12086,"order_id":5410,"order_status":"PENDING_PAYMENT"}
{"order_customer_id":11442,"order_id":5411,"order_status":"PENDING_PAYMENT"}
{"order_customer_id":1382,"order_id":5412,"order_status":"COMPLETE"}
{"order_customer_id":3883,"order_id":5413,"order_status":"PENDING"}
{"order_customer_id":9531,"order_id":5414,"order_status":"CLOSED"}
{"order_customer_id":12371,"order_id":5415,"order_status":"PENDING_PAYMENT"}
{"order_customer_id":10965,"order_id":5416,"order_status":"PROCESSING"}
{"order_customer_id":4148,"order_id":5417,"order_status":"PENDING_PAYMENT"}
{"order_customer_id":11403,"order_id":5418,"order_status":"PENDING_PAYMENT"}
{"order_customer_id":8496,"order_id":5419,"order_status":"PENDING_PAYMENT"}
{"order_customer_id":6094,"order_id":5420,"order_status":"PENDING"}
{"order_customer_id":12267,"order_id":5421,"order_status":"PENDING_PAYMENT"}
{"order_customer_id":8208,"order_id":5422,"order_status":"COMPLETE"}
{"order_customer_id":3285,"order_id":5423,"order_status":"PENDING_PAYMENT"}
{"order_customer_id":11574,"order_id":5424,"order_status":"PENDING"}
{"order_customer_id":8217,"order_id":5425,"order_status":"PENDING_PAYMENT"}
{"order_customer_id":2970,"order_id":5426,"order_status":"COMPLETE"}
{"order_customer_id":8552,"order_id":5427,"order_status":"CLOSED"}
{"order_customer_id":6143,"order_id":5428,"order_status":"PENDING_PAYMENT"}
{"order_customer_id":7736,"order_id":5429,"order_status":"PENDING"}
{"order_customer_id":10762,"order_id":5430,"order_status":"COMPLETE"}
{"order_customer_id":10582,"order_id":5431,"order_status":"PENDING_PAYMENT"}
{"order_customer_id":4647,"order_id":58588,"order_status":"PENDING_PAYMENT"}
{"order_customer_id":8137,"order_id":58589,"order_status":"COMPLETE"}
{"order_customer_id":1251,"order_id":58590,"order_status":"COMPLETE"}
{"order_customer_id":9696,"order_id":58591,"order_status":"COMPLETE"}
{"order_customer_id":11609,"order_id":58592,"order_status":"PENDING"}
{"order_customer_id":2111,"order_id":58593,"order_status":"COMPLETE"}
{"order_customer_id":1372,"order_id":58594,"order_status":"PENDING"}
{"order_customer_id":3690,"order_id":58595,"order_status":"PENDING"}
{"order_customer_id":1885,"order_id":58596,"order_status":"COMPLETE"}
{"order_customer_id":2311,"order_id":58597,"order_status":"PENDING"}
{"order_customer_id":11931,"order_id":58598,"order_status":"COMPLETE"}
{"order_customer_id":12355,"order_id":58599,"order_status":"COMPLETE"}
{"order_customer_id":2093,"order_id":58600,"order_status":"PENDING"}
{"order_customer_id":8698,"order_id":58601,"order_status":"PROCESSING"}
{"order_customer_id":9392,"order_id":58602,"order_status":"ON_HOLD"}
{"order_customer_id":514,"order_id":58603,"order_status":"COMPLETE"}
{"order_customer_id":624,"order_id":58604,"order_status":"COMPLETE"}
{"order_customer_id":12116,"order_id":58605,"order_status":"PENDING_PAYMENT"}
{"order_customer_id":6992,"order_id":58606,"order_status":"ON_HOLD"}
{"order_customer_id":1012,"order_id":58607,"order_status":"COMPLETE"}
{"order_customer_id":9631,"order_id":58608,"order_status":"COMPLETE"}
{"order_customer_id":10500,"order_id":58609,"order_status":"PENDING_PAYMENT"}
{"order_customer_id":11605,"order_id":58610,"order_status":"ON_HOLD"}
{"order_customer_id":4999,"order_id":58611,"order_status":"COMPLETE"}
{"order_customer_id":3107,"order_id":58612,"order_status":"PROCESSING"}
{"order_customer_id":8226,"order_id":67536,"order_status":"PROCESSING"}
{"order_customer_id":5638,"order_id":67537,"order_status":"CLOSED"}
{"order_customer_id":8852,"order_id":68708,"order_status":"ON_HOLD"}
