{"order_customer_id":12082,"order_id":39234,"order_status":"PENDING_PAYMENT"}
{"order_customer_id":10336,"order_id":39235,"order_status":"COMPLETE"}
{"order_customer_id":4470,"order_id":39236,"order_status":"COMPLETE"}
{"order_customer_id":9507,"order_id":39237,"order_status":"COMPLETE"}
{"order_customer_id":4264,"order_id":39238,"order_status":"COMPLETE"}
{"order_customer_id":10097,"order_id":39239,"order_status":"PENDING_PAYMENT"}
{"order_customer_id":11705,"order_id":39240,"order_status":"PAYMENT_REVIEW"}
{"order_customer_id":2368,"order_id":39241,"order_status":"PROCESSING"}
{"order_customer_id":12035,"order_id":39242,"order_status":"PROCESSING"}
{"order_customer_id":4725,"order_id":39243,"order_status":"CLOSED"}
{"order_customer_id":3491,"order_id":39244,"order_status":"COMPLETE"}
{"order_customer_id":4218,"order_id":39245,"order_status":"COMPLETE"}
{"order_customer_id":8147,"order_id":39246,"order_status":"PENDING_PAYMENT"}
{"order_customer_id":9923,"order_id":39247,"order_status":"PENDING_PAYMENT"}
{"order_customer_id":5297,"order_id":39248,"order_status":"PROCESSING"}
{"order_customer_id":4623,"order_id":39249,"order_status":"PENDING_PAYMENT"}
{"order_customer_id":5190,"order_id":39250,"order_status":"COMPLETE"}
{"order_customer_id":11639,"order_id":39251,"order_status":"COMPLETE"}
{"order_customer_id":3187,"order_id":39252,"order_status":"COMPLETE"}
{"order_customer_id":11093,"order_id":39253,"order_status":"PENDING_PAYMENT"}
{"order_customer_id":7017,"order_id":39254,"order_status":"COMPLETE"}
{"order_customer_id":3138,"order_id":39255,"order_status":"PENDING_PAYMENT"}
{"order_customer_id":12260,"order_id":39256,"order_status":"COMPLETE"}
{"order_customer_id":8808,"order_id":39257,"order_status":"COMPLETE"}
{"order_customer_id":4891,"order_id":39258,"order_status":"PENDING_PAYMENT"}
{"order_customer_id":9821,"order_id":39259,"order_status":"PENDING_PAYMENT"}
{"order_customer_id":2782,"order_id":39260,"order_status":"COMPLETE"}
{"order_customer_id":4224,"order_id":39261,"order_status":"PENDING"}
{"order_customer_id":11390,"order_id":39262,"order_status":"PROCESSING"}
{"order_customer_id":7530,"order_id":39263,"order_status":"CLOSED"}
{"order_customer_id":6879,"order_id":39264,"order_status":"COMPLETE"}
{"order_customer_id":7772,"order_id":39265,"order_status":"PENDING_PAYMENT"}
{"order_customer_id":9639,"order_id":39266,"order_status":"PENDING"}
{"order_customer_id":6312,"order_id":39267,"order_status":"PENDING_PAYMENT"}
{"order_customer_id":9622,"order_id":39268,"order_status":"COMPLETE"}
{"order_customer_id":2207,"order_id":39269,"order_status":"PROCESSING"}
{"order_customer_id":2663,"order_id":39270,"order_status":"COMPLETE"}
{"order_customer_id":3528,"order_id":39271,"order_status":"SUSPECTED_FRAUD"}
{"order_customer_id":8354,"order_id":39272,"order_status":"CLOSED"}
{"order_customer_id":7514,"order_id":39273,"order_status":"PENDING"}
{"order_customer_id":719,"order_id":39274,"order_status":"PENDING_PAYMENT"}
{"order_customer_id":4404,"order_id":39275,"order_status":"PENDING"}
{"order_customer_id":6129,"order_id":39276,"order_status":"PENDING_PAYMENT"}
{"order_customer_id":3723,"order_id":39277,"order_status":"CLOSED"}
{"order_customer_id":7841,"order_id":39278,"order_status":"PENDING_PAYMENT"}
{"order_customer_id":2155,"order_id":39279,"order_status":"COMPLETE"}
{"order_customer_id":2872,"order_id":39280,"order_status":"PENDING"}
{"order_customer_id":5807,"order_id":39281,"order_status":"PAYMENT_REVIEW"}
{"order_customer_id":8589,"order_id":39282,"order_status":"COMPLETE"}
{"order_customer_id":905,"order_id":39283,"order_status":"CLOSED"}
{"order_customer_id":6393,"order_id":39284,"order_status":"PENDING_PAYMENT"}
{"order_customer_id":10674,"order_id":39285,"order_status":"PENDING"}
{"order_customer_id":3327,"order_id":39286,"order_status":"COMPLETE"}
{"order_customer_id":10779,"order_id":39287,"order_status":"PENDING"}
{"order_customer_id":8052,"order_id":39288,"order_status":"COMPLETE"}
{"order_customer_id":10077,"order_id":39289,"order_status":"COMPLETE"}
{"order_customer_id":6132,"order_id":39290,"order_status":"COMPLETE"}
{"order_customer_id":3163,"order_id":39291,"order_status":"PENDING_PAYMENT"}
{"order_customer_id":9008,"order_id":39292,"order_status":"COMPLETE"}
{"order_customer_id":8914,"order_id":39293,"order_status":"PENDING_PAYMENT"}
{"order_customer_id":2589,"order_id":39294,"order_status":"COMPLETE"}
{"order_customer_id":2845,"order_id":39295,"order_status":"PENDING"}
{"order_customer_id":12291,"order_id":39296,"order_status":"CLOSED"}
{"order_customer_id":7781,"order_id":39297,"order_status":"PENDING_PAYMENT"}
{"order_customer_id":2678,"order_id":39298,"order_status":"CLOSED"}
{"order_customer_id":11858,"order_id":39299,"order_status":"COMPLETE"}
{"order_customer_id":11999,"order_id":39300,"order_status":"PENDING"}
{"order_customer_id":8124,"order_id":39301,"order_status":"PROCESSING"}
{"order_customer_id":3877,"order_id":39302,"order_status":"COMPLETE"}
{"order_customer_id":3452,"order_id":39303,"order_status":"COMPLETE"}
{"order_customer_id":131,"order_id":39304,"order_status":"COMPLETE"}
{"order_customer_id":10094,"order_id":39305,"order_status":"COMPLETE"}
{"order_customer_id":9904,"order_id":39306,"order_status":"PROCESSING"}
{"order_customer_id":3029,"order_id":39307,"order_status":"PROCESSING"}
{"order_customer_id":1773,"order_id":39308,"order_status":"COMPLETE"}
{"order_customer_id":10183,"order_id":39309,"order_status":"COMPLETE"}
{"order_customer_id":4083,"order_id":39310,"order_status":"COMPLETE"}
{"order_customer_id":1702,"order_id":39311,"order_status":"COMPLETE"}
{"order_customer_id":534,"order_id":39312,"order_status":"PENDING"}
{"order_customer_id":4242,"order_id":39313,"order_status":"COMPLETE"}
{"order_customer_id":7130,"order_id":39314,"order_status":"COMPLETE"}
{"order_customer_id":2732,"order_id":39315,"order_status":"ON_HOLD"}
{"order_customer_id":9129,"order_id":39316,"order_status":"CLOSED"}
{"order_customer_id":8100,"order_id":39317,"order_status":"PROCESSING"}
{"order_customer_id":8664,"order_id":39318,"order_status":"COMPLETE"}
{"order_customer_id":12407,"order_id":39319,"order_status":"PROCESSING"}
{"order_customer_id":4190,"order_id":39320,"order_status":"PENDING"}
{"order_customer_id":792,"order_id":39321,"order_status":"PENDING_PAYMENT"}
{"order_customer_id":7202,"order_id":39322,"order_status":"PENDING_PAYMENT"}
{"order_customer_id":7217,"order_id":39323,"order_status":"COMPLETE"}
{"order_customer_id":7954,"order_id":39324,"order_status":"PENDING_PAYMENT"}
{"order_customer_id":4145,"order_id":39325,"order_status":"COMPLETE"}
{"order_customer_id":1588,"order_id":39326,"order_status":"COMPLETE"}
{"order_customer_id":3622,"order_id":39327,"order_status":"PENDING_PAYMENT"}
{"order_customer_id":6376,"order_id":39328,"order_status":"PROCESSING"}
{"order_customer_id":6727,"order_id":39329,"order_status":"COMPLETE"}
{"order_customer_id":8759,"order_id":39330,"order_status":"CLOSED"}
{"order_customer_id":7535,"order_id":39331,"order_status":"COMPLETE"}
{"order_customer_id":2025,"order_id":64094,"order_status":"CANCELED"}
{"order_customer_id":11906,"order_id":64095,"order_status":"COMPLETE"}
{"order_customer_id":5959,"order_id":64096,"order_status":"COMPLETE"}
{"order_customer_id":9081,"order_id":64097,"order_status":"COMPLETE"}
{"order_customer_id":12293,"order_id":64098,"order_status":"COMPLETE"}
{"order_customer_id":1158,"order_id":64099,"order_status":"ON_HOLD"}
{"order_customer_id":11869,"order_id":64100,"order_status":"PENDING_PAYMENT"}
{"order_customer_id":8030,"order_id":64101,"order_status":"COMPLETE"}
{"order_customer_id":266,"order_id":64102,"order_status":"CLOSED"}
{"order_customer_id":8415,"order_id":64103,"order_status":"PENDING_PAYMENT"}
{"order_customer_id":7697,"order_id":64104,"order_status":"COMPLETE"}
{"order_customer_id":11013,"order_id":64105,"order_status":"PROCESSING"}
{"order_customer_id":1285,"order_id":64106,"order_status":"PROCESSING"}
{"order_customer_id":12359,"order_id":64107,"order_status":"PENDING_PAYMENT"}
{"order_customer_id":9921,"order_id":64108,"order_status":"PENDING_PAYMENT"}
{"order_customer_id":10539,"order_id":64109,"order_status":"COMPLETE"}
{"order_customer_id":207,"order_id":64110,"order_status":"PENDING_PAYMENT"}
{"order_customer_id":5623,"order_id":64111,"order_status":"CLOSED"}
{"order_customer_id":3983,"order_id":64112,"order_status":"PENDING"}
{"order_customer_id":8762,"order_id":64113,"order_status":"COMPLETE"}
{"order_customer_id":4919,"order_id":64114,"order_status":"PROCESSING"}
{"order_customer_id":10762,"order_id":64115,"order_status":"PENDING"}
{"order_customer_id":9772,"order_id":64116,"order_status":"PENDING_PAYMENT"}
{"order_customer_id":6112,"order_id":64117,"order_status":"PROCESSING"}
{"order_customer_id":9397,"order_id":64118,"order_status":"PENDING_PAYMENT"}
{"order_customer_id":8849,"order_id":64119,"order_status":"COMPLETE"}
{"order_customer_id":774,"order_id":64120,"order_status":"COMPLETE"}
{"order_customer_id":4320,"order_id":64121,"order_status":"PENDING"}
{"order_customer_id":3317,"order_id":64122,"order_status":"ON_HOLD"}
{"order_customer_id":6883,"order_id":64123,"order_status":"PENDING_PAYMENT"}
{"order_customer_id":5350,"order_id":64124,"order_status":"CLOSED"}
{"order_customer_id":10796,"order_id":68267,"order_status":"COMPLETE"}
{"order_customer_id":10290,"order_id":68268,"order_status":"CLOSED"}
{"order_customer_id":5866,"order_id":68269,"order_status":"COMPLETE"}
{"order_customer_id":6888,"order_id":68270,"order_status":"PENDING_PAYMENT"}
{"order_customer_id":11678,"order_id":68271,"order_status":"CLOSED"}
