{"order_customer_id":3708,"order_id":47464,"order_status":"CLOSED"}
{"order_customer_id":1154,"order_id":47465,"order_status":"COMPLETE"}
{"order_customer_id":6281,"order_id":47466,"order_status":"PENDING_PAYMENT"}
{"order_customer_id":11591,"order_id":47467,"order_status":"CLOSED"}
{"order_customer_id":7532,"order_id":47468,"order_status":"PENDING"}
{"order_customer_id":97,"order_id":47469,"order_status":"COMPLETE"}
{"order_customer_id":7328,"order_id":47470,"order_status":"PROCESSING"}
{"order_customer_id":2222,"order_id":47471,"order_status":"PENDING_PAYMENT"}
{"order_customer_id":895,"order_id":47472,"order_status":"ON_HOLD"}
{"order_customer_id":12303,"order_id":47473,"order_status":"COMPLETE"}
{"order_customer_id":4584,"order_id":47474,"order_status":"PROCESSING"}
{"order_customer_id":7294,"order_id":47475,"order_status":"PENDING_PAYMENT"}
{"order_customer_id":4203,"order_id":47476,"order_status":"SUSPECTED_FRAUD"}
{"order_customer_id":9248,"order_id":47477,"order_status":"PAYMENT_REVIEW"}
{"order_customer_id":8716,"order_id":47478,"order_status":"ON_HOLD"}
{"order_customer_id":10457,"order_id":47479,"order_status":"PENDING_PAYMENT"}
{"order_customer_id":270,"order_id":47480,"order_status":"PENDING"}
{"order_customer_id":1190,"order_id":47481,"order_status":"PENDING_PAYMENT"}
{"order_customer_id":1679,"order_id":47482,"order_status":"COMPLETE"}
{"order_customer_id":1377,"order_id":47483,"order_status":"PROCESSING"}
{"order_customer_id":12370,"order_id":47484,"order_status":"COMPLETE"}
{"order_customer_id":5941,"order_id":47485,"order_status":"COMPLETE"}
{"order_customer_id":1867,"order_id":47486,"order_status":"COMPLETE"}
{"order_customer_id":2877,"order_id":47487,"order_status":"CLOSED"}
{"order_customer_id":11051,"order_id":47488,"order_status":"ON_HOLD"}
{"order_customer_id":3417,"order_id":47489,"order_status":"PENDING"}
{"order_customer_id":4355,"order_id":47490,"order_status":"CLOSED"}
{"order_customer_id":5534,"order_id":47491,"order_status":"PENDING"}
{"order_customer_id":879,"order_id":47492,"order_status":"COMPLETE"}
{"order_customer_id":4612,"order_id":47493,"order_status":"SUSPECTED_FRAUD"}
{"order_customer_id":7958,"order_id":47494,"order_status":"COMPLETE"}
{"order_customer_id":991,"order_id":47495,"order_status":"CLOSED"}
{"order_customer_id":564,"order_id":47496,"order_status":"PENDING_PAYMENT"}
{"order_customer_id":8008,"order_id":47497,"order_status":"CANCELED"}
{"order_customer_id":1752,"order_id":47498,"order_status":"PENDING_PAYMENT"}
{"order_customer_id":2239,"order_id":47499,"order_status":"CLOSED"}
{"order_customer_id":1426,"order_id":47500,"order_status":"ON_HOLD"}
{"order_customer_id":3545,"order_id":47501,"order_status":"PENDING"}
{"order_customer_id":5735,"order_id":47502,"order_status":"PENDING"}
{"order_customer_id":5264,"order_id":47503,"order_status":"COMPLETE"}
{"order_customer_id":9749,"order_id":47504,"order_status":"PENDING_PAYMENT"}
{"order_customer_id":5617,"order_id":47505,"order_status":"COMPLETE"}
{"order_customer_id":4681,"order_id":47506,"order_status":"PENDING"}
{"order_customer_id":7606,"order_id":47507,"order_status":"COMPLETE"}
{"order_customer_id":9402,"order_id":47508,"order_status":"PENDING_PAYMENT"}
{"order_customer_id":7363,"order_id":47509,"order_status":"COMPLETE"}
{"order_customer_id":1726,"order_id":47510,"order_status":"COMPLETE"}
{"order_customer_id":10876,"order_id":47511,"order_status":"COMPLETE"}
{"order_customer_id":8015,"order_id":47512,"order_status":"PROCESSING"}
{"order_customer_id":11868,"order_id":47513,"order_status":"CANCELED"}
{"order_customer_id":5277,"order_id":47514,"order_status":"PENDING"}
{"order_customer_id":8452,"order_id":47515,"order_status":"SUSPECTED_FRAUD"}
{"order_customer_id":7459,"order_id":47516,"order_status":"PENDING_PAYMENT"}
{"order_customer_id":697,"order_id":47517,"order_status":"COMPLETE"}
{"order_customer_id":622,"order_id":47518,"order_status":"PENDING_PAYMENT"}
{"order_customer_id":10212,"order_id":47519,"order_status":"PENDING_PAYMENT"}
{"order_customer_id":5146,"order_id":47520,"order_status":"SUSPECTED_FRAUD"}
{"order_customer_id":12355,"order_id":47521,"order_status":"PROCESSING"}
{"order_customer_id":11297,"order_id":47522,"order_status":"PROCESSING"}
{"order_customer_id":3257,"order_id":47523,"order_status":"COMPLETE"}
{"order_customer_id":5561,"order_id":47524,"order_status":"COMPLETE"}
{"order_customer_id":7848,"order_id":47525,"order_status":"COMPLETE"}
{"order_customer_id":3008,"order_id":47526,"order_status":"COMPLETE"}
{"order_customer_id":10118,"order_id":47527,"order_status":"COMPLETE"}
{"order_customer_id":2251,"order_id":47528,"order_status":"ON_HOLD"}
{"order_customer_id":2296,"order_id":47529,"order_status":"COMPLETE"}
{"order_customer_id":12084,"order_id":47530,"order_status":"PENDING_PAYMENT"}
{"order_customer_id":10015,"order_id":47531,"order_status":"COMPLETE"}
{"order_customer_id":10505,"order_id":47532,"order_status":"COMPLETE"}
{"order_customer_id":6265,"order_id":47533,"order_status":"CLOSED"}
{"order_customer_id":6120,"order_id":47534,"order_status":"PROCESSING"}
{"order_customer_id":3635,"order_id":47535,"order_status":"COMPLETE"}
{"order_customer_id":6394,"order_id":47536,"order_status":"COMPLETE"}
{"order_customer_id":5211,"order_id":47537,"order_status":"CLOSED"}
{"order_customer_id":4895,"order_id":47538,"order_status":"COMPLETE"}
{"order_customer_id":5349,"order_id":47539,"order_status":"PENDING"}
{"order_customer_id":5279,"order_id":47540,"order_status":"PENDING"}
{"order_customer_id":1387,"order_id":47541,"order_status":"PENDING"}
{"order_customer_id":3104,"order_id":47542,"order_status":"PENDING"}
{"order_customer_id":8731,"order_id":47543,"order_status":"COMPLETE"}
{"order_customer_id":642,"order_id":47544,"order_status":"COMPLETE"}
{"order_customer_id":5340,"order_id":47545,"order_status":"COMPLETE"}
{"order_customer_id":3714,"order_id":47546,"order_status":"COMPLETE"}
{"order_customer_id":2726,"order_id":47547,"order_status":"PENDING_PAYMENT"}
{"order_customer_id":10353,"order_id":47548,"order_status":"COMPLETE"}
{"order_customer_id":943,"order_id":47549,"order_status":"COMPLETE"}
{"order_customer_id":1418,"order_id":47550,"order_status":"CLOSED"}
{"order_customer_id":4458,"order_id":47551,"order_status":"PENDING_PAYMENT"}
{"order_customer_id":6077,"order_id":47552,"order_status":"ON_HOLD"}
{"order_customer_id":1670,"order_id":47553,"order_status":"PENDING_PAYMENT"}
{"order_customer_id":6586,"order_id":47554,"order_status":"PROCESSING"}
{"order_customer_id":9186,"order_id":47555,"order_status":"COMPLETE"}
{"order_customer_id":3859,"order_id":47556,"order_status":"COMPLETE"}
{"order_customer_id":5774,"order_id":47557,"order_status":"PROCESSING"}
{"order_customer_id":8352,"order_id":47558,"order_status":"COMPLETE"}
{"order_customer_id":3492,"order_id":47559,"order_status":"COMPLETE"}
{"order_customer_id":2763,"order_id":47560,"order_status":"COMPLETE"}
{"order_customer_id":9910,"order_id":47561,"order_status":"PAYMENT_REVIEW"}
{"order_customer_id":9304,"order_id":47562,"order_status":"PROCESSING"}
{"order_customer_id":4335,"order_id":47563,"order_status":"COMPLETE"}
{"order_customer_id":10859,"order_id":47564,"order_status":"COMPLETE"}
{"order_customer_id":6464,"order_id":47565,"order_status":"COMPLETE"}
{"order_customer_id":7088,"order_id":47566,"order_status":"PROCESSING"}
{"order_customer_id":8298,"order_id":47567,"order_status":"COMPLETE"}
{"order_customer_id":10677,"order_id":47568,"order_status":"PENDING_PAYMENT"}
{"order_customer_id":2847,"order_id":47569,"order_status":"COMPLETE"}
{"order_customer_id":3728,"order_id":47570,"order_status":"PENDING_PAYMENT"}
{"order_customer_id":8203,"order_id":47571,"order_status":"CANCELED"}
{"order_customer_id":10521,"order_id":47572,"order_status":"PROCESSING"}
{"order_customer_id":5556,"order_id":47573,"order_status":"COMPLETE"}
{"order_customer_id":1966,"order_id":47574,"order_status":"ON_HOLD"}
{"order_customer_id":9989,"order_id":47575,"order_status":"PENDING"}
{"order_customer_id":4914,"order_id":47576,"order_status":"COMPLETE"}
{"order_customer_id":2059,"order_id":47577,"order_status":"COMPLETE"}
{"order_customer_id":3938,"order_id":47578,"order_status":"COMPLETE"}
{"order_customer_id":5617,"order_id":47579,"order_status":"COMPLETE"}
{"order_customer_id":7222,"order_id":47580,"order_status":"COMPLETE"}
{"order_customer_id":1952,"order_id":47581,"order_status":"PENDING"}
{"order_customer_id":8964,"order_id":47582,"order_status":"ON_HOLD"}
{"order_customer_id":2171,"order_id":47583,"order_status":"PENDING"}
{"order_customer_id":1767,"order_id":47584,"order_status":"CLOSED"}
{"order_customer_id":3802,"order_id":47585,"order_status":"PENDING"}
{"order_customer_id":820,"order_id":47586,"order_status":"ON_HOLD"}
{"order_customer_id":10124,"order_id":47587,"order_status":"COMPLETE"}
{"order_customer_id":2075,"order_id":47588,"order_status":"COMPLETE"}
{"order_customer_id":1319,"order_id":47589,"order_status":"CLOSED"}
{"order_customer_id":8952,"order_id":47590,"order_status":"PENDING_PAYMENT"}
{"order_customer_id":2752,"order_id":47591,"order_status":"PROCESSING"}
{"order_customer_id":1111,"order_id":47592,"order_status":"CLOSED"}
{"order_customer_id":1895,"order_id":65495,"order_status":"PENDING"}
{"order_customer_id":4682,"order_id":65496,"order_status":"PENDING"}
{"order_customer_id":1198,"order_id":65497,"order_status":"CLOSED"}
{"order_customer_id":7628,"order_id":65498,"order_status":"PROCESSING"}
{"order_customer_id":6892,"order_id":65499,"order_status":"COMPLETE"}
{"order_customer_id":2842,"order_id":65500,"order_status":"COMPLETE"}
{"order_customer_id":2318,"order_id":65501,"order_status":"ON_HOLD"}
{"order_customer_id":9135,"order_id":65502,"order_status":"SUSPECTED_FRAUD"}
{"order_customer_id":4861,"order_id":65503,"order_status":"ON_HOLD"}
{"order_customer_id":4700,"order_id":65504,"order_status":"PENDING"}
{"order_customer_id":5112,"order_id":65505,"order_status":"PENDING_PAYMENT"}
{"order_customer_id":1562,"order_id":65506,"order_status":"COMPLETE"}
{"order_customer_id":5440,"order_id":65507,"order_status":"PENDING_PAYMENT"}
{"order_customer_id":5311,"order_id":65508,"order_status":"ON_HOLD"}
{"order_customer_id":636,"order_id":68452,"order_status":"COMPLETE"}
{"order_customer_id":4400,"order_id":68453,"order_status":"PENDING_PAYMENT"}
{"order_customer_id":9297,"order_id":68454,"order_status":"CANCELED"}
{"order_customer_id":921,"order_id":68455,"order_status":"PROCESSING"}
{"order_customer_id":8208,"order_id":68456,"order_status":"COMPLETE"}
{"order_customer_id":11268,"order_id":68842,"order_status":"PENDING"}
