{"order_customer_id":11745,"order_id":35328,"order_status":"PENDING_PAYMENT"}
{"order_customer_id":11380,"order_id":35329,"order_status":"COMPLETE"}
{"order_customer_id":4164,"order_id":35330,"order_status":"COMPLETE"}
{"order_customer_id":3538,"order_id":35331,"order_status":"COMPLETE"}
{"order_customer_id":4491,"order_id":35332,"order_status":"COMPLETE"}
{"order_customer_id":5378,"order_id":35333,"order_status":"COMPLETE"}
{"order_customer_id":5807,"order_id":35334,"order_status":"PENDING_PAYMENT"}
{"order_customer_id":10687,"order_id":35335,"order_status":"CLOSED"}
{"order_customer_id":6930,"order_id":35336,"order_status":"COMPLETE"}
{"order_customer_id":6269,"order_id":35337,"order_status":"CLOSED"}
{"order_customer_id":2548,"order_id":35338,"order_status":"PENDING_PAYMENT"}
{"order_customer_id":5147,"order_id":35339,"order_status":"PENDING"}
{"order_customer_id":1369,"order_id":35340,"order_status":"SUSPECTED_FRAUD"}
{"order_customer_id":4654,"order_id":35341,"order_status":"PENDING_PAYMENT"}
{"order_customer_id":499,"order_id":35342,"order_status":"COMPLETE"}
{"order_customer_id":1718,"order_id":35343,"order_status":"CLOSED"}
{"order_customer_id":1746,"order_id":35344,"order_status":"PROCESSING"}
{"order_customer_id":7173,"order_id":35345,"order_status":"PENDING_PAYMENT"}
{"order_customer_id":728,"order_id":35346,"order_status":"COMPLETE"}
{"order_customer_id":11471,"order_id":35347,"order_status":"COMPLETE"}
{"order_customer_id":5986,"order_id":35348,"order_status":"PROCESSING"}
{"order_customer_id":9310,"order_id":35349,"order_status":"COMPLETE"}
{"order_customer_id":12078,"order_id":35350,"order_status":"COMPLETE"}
{"order_customer_id":5417,"order_id":35351,"order_status":"CANCELED"}
{"order_customer_id":8915,"order_id":35352,"order_status":"COMPLETE"}
{"order_customer_id":7503,"order_id":35353,"order_status":"COMPLETE"}
{"order_customer_id":1301,"order_id":35354,"order_status":"PENDING"}
{"order_customer_id":5053,"order_id":35355,"order_status":"PENDING"}
{"order_customer_id":9849,"order_id":35356,"order_status":"PAYMENT_REVIEW"}
{"order_customer_id":3585,"order_id":35357,"order_status":"COMPLETE"}
{"order_customer_id":603,"order_id":35358,"order_status":"CLOSED"}
{"order_customer_id":4055,"order_id":35359,"order_status":"PENDING"}
{"order_customer_id":9036,"order_id":35360,"order_status":"PENDING"}
{"order_customer_id":11039,"order_id":35361,"order_status":"CLOSED"}
{"order_customer_id":4726,"order_id":35362,"order_status":"CLOSED"}
{"order_customer_id":8035,"order_id":35363,"order_status":"CLOSED"}
{"order_customer_id":1321,"order_id":35364,"order_status":"CLOSED"}
{"order_customer_id":3291,"order_id":35365,"order_status":"COMPLETE"}
{"order_customer_id":9605,"order_id":35366,"order_status":"PENDING_PAYMENT"}
{"order_customer_id":6878,"order_id":35367,"order_status":"COMPLETE"}
{"order_customer_id":11698,"order_id":35368,"order_status":"CLOSED"}
{"order_customer_id":749,"order_id":35369,"order_status":"COMPLETE"}
{"order_customer_id":11674,"order_id":35370,"order_status":"PENDING_PAYMENT"}
{"order_customer_id":3200,"order_id":35371,"order_status":"COMPLETE"}
{"order_customer_id":7612,"order_id":35372,"order_status":"COMPLETE"}
{"order_customer_id":11587,"order_id":35373,"order_status":"COMPLETE"}
{"order_customer_id":4502,"order_id":35374,"order_status":"CANCELED"}
{"order_customer_id":2210,"order_id":35375,"order_status":"PENDING_PAYMENT"}
{"order_customer_id":11950,"order_id":35376,"order_status":"CLOSED"}
{"order_customer_id":733,"order_id":35377,"order_status":"CANCELED"}
{"order_customer_id":233,"order_id":35378,"order_status":"COMPLETE"}
{"order_customer_id":226,"order_id":35379,"order_status":"ON_HOLD"}
{"order_customer_id":2966,"order_id":35380,"order_status":"PENDING_PAYMENT"}
{"order_customer_id":5406,"order_id":35381,"order_status":"COMPLETE"}
{"order_customer_id":7119,"order_id":35382,"order_status":"PENDING"}
{"order_customer_id":1092,"order_id":35383,"order_status":"PENDING_PAYMENT"}
{"order_customer_id":8165,"order_id":35384,"order_status":"PENDING"}
{"order_customer_id":7812,"order_id":35385,"order_status":"COMPLETE"}
{"order_customer_id":6964,"order_id":35386,"order_status":"COMPLETE"}
{"order_customer_id":6662,"order_id":35387,"order_status":"PROCESSING"}
{"order_customer_id":10947,"order_id":35388,"order_status":"COMPLETE"}
{"order_customer_id":7175,"order_id":35389,"order_status":"PENDING"}
{"order_customer_id":6322,"order_id":35390,"order_status":"CLOSED"}
{"order_customer_id":5332,"order_id":35391,"order_status":"COMPLETE"}
{"order_customer_id":6946,"order_id":35392,"order_status":"PENDING_PAYMENT"}
{"order_customer_id":2922,"order_id":35393,"order_status":"PROCESSING"}
{"order_customer_id":9908,"order_id":35394,"order_status":"PROCESSING"}
{"order_customer_id":2223,"order_id":35395,"order_status":"ON_HOLD"}
{"order_customer_id":9182,"order_id":35396,"order_status":"PENDING_PAYMENT"}
{"order_customer_id":487,"order_id":35397,"order_status":"COMPLETE"}
{"order_customer_id":9665,"order_id":35398,"order_status":"COMPLETE"}
{"order_customer_id":2376,"order_id":35399,"order_status":"COMPLETE"}
{"order_customer_id":10960,"order_id":35400,"order_status":"CLOSED"}
{"order_customer_id":7517,"order_id":35401,"order_status":"PENDING_PAYMENT"}
{"order_customer_id":483,"order_id":35402,"order_status":"CANCELED"}
{"order_customer_id":408,"order_id":35403,"order_status":"PENDING_PAYMENT"}
{"order_customer_id":3280,"order_id":35404,"order_status":"PROCESSING"}
{"order_customer_id":6578,"order_id":35405,"order_status":"COMPLETE"}
{"order_customer_id":11551,"order_id":35406,"order_status":"COMPLETE"}
{"order_customer_id":4477,"order_id":35407,"order_status":"COMPLETE"}
{"order_customer_id":4447,"order_id":35408,"order_status":"COMPLETE"}
{"order_customer_id":825,"order_id":35409,"order_status":"CLOSED"}
{"order_customer_id":10333,"order_id":35410,"order_status":"PENDING_PAYMENT"}
{"order_customer_id":1018,"order_id":35411,"order_status":"COMPLETE"}
{"order_customer_id":6975,"order_id":35412,"order_status":"CLOSED"}
{"order_customer_id":3330,"order_id":35413,"order_status":"PENDING_PAYMENT"}
{"order_customer_id":10021,"order_id":35414,"order_status":"COMPLETE"}
{"order_customer_id":1443,"order_id":35415,"order_status":"COMPLETE"}
{"order_customer_id":11985,"order_id":35416,"order_status":"PENDING_PAYMENT"}
{"order_customer_id":3831,"order_id":35417,"order_status":"CLOSED"}
{"order_customer_id":1054,"order_id":35418,"order_status":"COMPLETE"}
{"order_customer_id":10948,"order_id":35419,"order_status":"PENDING"}
{"order_customer_id":9342,"order_id":35420,"order_status":"COMPLETE"}
{"order_customer_id":10533,"order_id":35421,"order_status":"PROCESSING"}
{"order_customer_id":7589,"order_id":35422,"order_status":"PROCESSING"}
{"order_customer_id":9542,"order_id":35423,"order_status":"COMPLETE"}
{"order_customer_id":4190,"order_id":35424,"order_status":"COMPLETE"}
{"order_customer_id":2222,"order_id":35425,"order_status":"COMPLETE"}
{"order_customer_id":3249,"order_id":35426,"order_status":"PROCESSING"}
{"order_customer_id":6770,"order_id":35427,"order_status":"COMPLETE"}
{"order_customer_id":7113,"order_id":35428,"order_status":"COMPLETE"}
{"order_customer_id":8514,"order_id":35429,"order_status":"PENDING_PAYMENT"}
{"order_customer_id":12333,"order_id":35430,"order_status":"PENDING"}
{"order_customer_id":11480,"order_id":35431,"order_status":"PENDING_PAYMENT"}
{"order_customer_id":3940,"order_id":35432,"order_status":"PENDING"}
{"order_customer_id":1699,"order_id":35433,"order_status":"COMPLETE"}
{"order_customer_id":1674,"order_id":35434,"order_status":"CANCELED"}
{"order_customer_id":5468,"order_id":35435,"order_status":"PROCESSING"}
{"order_customer_id":12134,"order_id":35436,"order_status":"COMPLETE"}
{"order_customer_id":10971,"order_id":35437,"order_status":"ON_HOLD"}
{"order_customer_id":1335,"order_id":35438,"order_status":"PENDING_PAYMENT"}
{"order_customer_id":4554,"order_id":35439,"order_status":"PENDING_PAYMENT"}
{"order_customer_id":2081,"order_id":35440,"order_status":"CLOSED"}
{"order_customer_id":4058,"order_id":35441,"order_status":"COMPLETE"}
{"order_customer_id":1213,"order_id":35442,"order_status":"PROCESSING"}
{"order_customer_id":8682,"order_id":35443,"order_status":"COMPLETE"}
{"order_customer_id":1414,"order_id":35444,"order_status":"PROCESSING"}
{"order_customer_id":7581,"order_id":35445,"order_status":"COMPLETE"}
{"order_customer_id":188,"order_id":35446,"order_status":"PENDING_PAYMENT"}
{"order_customer_id":7962,"order_id":35447,"order_status":"COMPLETE"}
{"order_customer_id":9559,"order_id":35448,"order_status":"PROCESSING"}
{"order_customer_id":10546,"order_id":35449,"order_status":"ON_HOLD"}
{"order_customer_id":5002,"order_id":35450,"order_status":"COMPLETE"}
{"order_customer_id":3481,"order_id":35451,"order_status":"CANCELED"}
{"order_customer_id":4726,"order_id":35452,"order_status":"CLOSED"}
{"order_customer_id":9887,"order_id":35453,"order_status":"CLOSED"}
{"order_customer_id":4317,"order_id":35454,"order_status":"COMPLETE"}
{"order_customer_id":1368,"order_id":35455,"order_status":"CLOSED"}
{"order_customer_id":6724,"order_id":35456,"order_status":"PENDING_PAYMENT"}
{"order_customer_id":6024,"order_id":35457,"order_status":"CLOSED"}
{"order_customer_id":11912,"order_id":35458,"order_status":"COMPLETE"}
{"order_customer_id":6258,"order_id":35459,"order_status":"ON_HOLD"}
{"order_customer_id":10358,"order_id":35460,"order_status":"COMPLETE"}
{"order_customer_id":7017,"order_id":35461,"order_status":"CLOSED"}
{"order_customer_id":1805,"order_id":35462,"order_status":"CANCELED"}
{"order_customer_id":3653,"order_id":35463,"order_status":"ON_HOLD"}
{"order_customer_id":1884,"order_id":35464,"order_status":"ON_HOLD"}
{"order_customer_id":5445,"order_id":35465,"order_status":"PROCESSING"}
{"order_customer_id":10141,"order_id":35466,"order_status":"PENDING_PAYMENT"}
{"order_customer_id":4537,"order_id":35467,"order_status":"COMPLETE"}
{"order_customer_id":5278,"order_id":35468,"order_status":"COMPLETE"}
{"order_customer_id":1393,"order_id":35469,"order_status":"PROCESSING"}
{"order_customer_id":4148,"order_id":35470,"order_status":"PENDING_PAYMENT"}
{"order_customer_id":9173,"order_id":35471,"order_status":"PENDING"}
{"order_customer_id":7557,"order_id":35472,"order_status":"PROCESSING"}
{"order_customer_id":1260,"order_id":35473,"order_status":"COMPLETE"}
{"order_customer_id":9499,"order_id":35474,"order_status":"COMPLETE"}
{"order_customer_id":2492,"order_id":35475,"order_status":"COMPLETE"}
{"order_customer_id":5313,"order_id":35476,"order_status":"CLOSED"}
{"order_customer_id":5346,"order_id":35477,"order_status":"PENDING_PAYMENT"}
{"order_customer_id":1178,"order_id":35478,"order_status":"PENDING"}
{"order_customer_id":11602,"order_id":35479,"order_status":"CLOSED"}
{"order_customer_id":1850,"order_id":35480,"order_status":"CLOSED"}
{"order_customer_id":7095,"order_id":35481,"order_status":"ON_HOLD"}
{"order_customer_id":6558,"order_id":35482,"order_status":"ON_HOLD"}
{"order_customer_id":11726,"order_id":35483,"order_status":"COMPLETE"}
{"order_customer_id":8091,"order_id":35484,"order_status":"PENDING_PAYMENT"}
{"order_customer_id":10293,"order_id":35485,"order_status":"PENDING_PAYMENT"}
{"order_customer_id":5176,"order_id":35486,"order_status":"PENDING"}
{"order_customer_id":1937,"order_id":35487,"order_status":"PENDING_PAYMENT"}
{"order_customer_id":4657,"order_id":35488,"order_status":"CLOSED"}
{"order_customer_id":5071,"order_id":35489,"order_status":"PENDING"}
{"order_customer_id":11062,"order_id":35490,"order_status":"PENDING_PAYMENT"}
{"order_customer_id":10505,"order_id":35491,"order_status":"COMPLETE"}
{"order_customer_id":3947,"order_id":35492,"order_status":"COMPLETE"}
{"order_customer_id":6076,"order_id":35493,"order_status":"PAYMENT_REVIEW"}
{"order_customer_id":10618,"order_id":35494,"order_status":"PENDING_PAYMENT"}
{"order_customer_id":10245,"order_id":35495,"order_status":"PENDING"}
{"order_customer_id":7780,"order_id":35496,"order_status":"PENDING"}
{"order_customer_id":12284,"order_id":35497,"order_status":"PROCESSING"}
{"order_customer_id":4807,"order_id":35498,"order_status":"CLOSED"}
{"order_customer_id":3789,"order_id":35499,"order_status":"PENDING_PAYMENT"}
{"order_customer_id":11897,"order_id":35500,"order_status":"PENDING_PAYMENT"}
{"order_customer_id":3745,"order_id":35501,"order_status":"PENDING_PAYMENT"}
{"order_customer_id":8655,"order_id":35502,"order_status":"PENDING_PAYMENT"}
{"order_customer_id":6608,"order_id":35503,"order_status":"ON_HOLD"}
{"order_customer_id":1356,"order_id":35504,"order_status":"PENDING_PAYMENT"}
{"order_customer_id":6421,"order_id":35505,"order_status":"PENDING"}
{"order_customer_id":12098,"order_id":35506,"order_status":"COMPLETE"}
{"order_customer_id":7296,"order_id":35507,"order_status":"CLOSED"}
{"order_customer_id":7217,"order_id":35508,"order_status":"PROCESSING"}
{"order_customer_id":9335,"order_id":35509,"order_status":"COMPLETE"}
{"order_customer_id":12107,"order_id":35510,"order_status":"CLOSED"}
{"order_customer_id":4339,"order_id":35511,"order_status":"PROCESSING"}
{"order_customer_id":773,"order_id":35512,"order_status":"PENDING"}
{"order_customer_id":2802,"order_id":35513,"order_status":"COMPLETE"}
{"order_customer_id":2685,"order_id":35514,"order_status":"PROCESSING"}
{"order_customer_id":5734,"order_id":35515,"order_status":"COMPLETE"}
{"order_customer_id":2461,"order_id":35516,"order_status":"COMPLETE"}
{"order_customer_id":2905,"order_id":35517,"order_status":"PROCESSING"}
{"order_customer_id":6594,"order_id":35518,"order_status":"PENDING_PAYMENT"}
{"order_customer_id":4871,"order_id":35519,"order_status":"COMPLETE"}
{"order_customer_id":4982,"order_id":35520,"order_status":"COMPLETE"}
{"order_customer_id":9277,"order_id":35521,"order_status":"CANCELED"}
{"order_customer_id":3655,"order_id":35522,"order_status":"PROCESSING"}
{"order_customer_id":5906,"order_id":35523,"order_status":"PENDING_PAYMENT"}
{"order_customer_id":3947,"order_id":35524,"order_status":"PENDING_PAYMENT"}
{"order_customer_id":12095,"order_id":35525,"order_status":"PAYMENT_REVIEW"}
{"order_customer_id":1827,"order_id":35526,"order_status":"PENDING"}
{"order_customer_id":10533,"order_id":35527,"order_status":"PENDING"}
{"order_customer_id":746,"order_id":35528,"order_status":"COMPLETE"}
{"order_customer_id":11507,"order_id":35529,"order_status":"PENDING"}
{"order_customer_id":3086,"order_id":35530,"order_status":"PENDING_PAYMENT"}
{"order_customer_id":1862,"order_id":35531,"order_status":"PROCESSING"}
{"order_customer_id":11456,"order_id":35532,"order_status":"ON_HOLD"}
{"order_customer_id":3100,"order_id":35533,"order_status":"ON_HOLD"}
{"order_customer_id":8521,"order_id":35534,"order_status":"PENDING"}
{"order_customer_id":9291,"order_id":35535,"order_status":"COMPLETE"}
{"order_customer_id":4918,"order_id":35536,"order_status":"COMPLETE"}
{"order_customer_id":8869,"order_id":35537,"order_status":"COMPLETE"}
{"order_customer_id":1579,"order_id":35538,"order_status":"COMPLETE"}
{"order_customer_id":1500,"order_id":35539,"order_status":"PENDING_PAYMENT"}
{"order_customer_id":5028,"order_id":35540,"order_status":"CLOSED"}
{"order_customer_id":3148,"order_id":35541,"order_status":"PENDING"}
{"order_customer_id":6211,"order_id":35542,"order_status":"PROCESSING"}
{"order_customer_id":9021,"order_id":35543,"order_status":"COMPLETE"}
{"order_customer_id":10618,"order_id":35544,"order_status":"COMPLETE"}
{"order_customer_id":549,"order_id":35545,"order_status":"CLOSED"}
{"order_customer_id":4907,"order_id":35546,"order_status":"PENDING_PAYMENT"}
{"order_customer_id":5536,"order_id":35547,"order_status":"PENDING_PAYMENT"}
{"order_customer_id":6554,"order_id":35548,"order_status":"PENDING_PAYMENT"}
{"order_customer_id":1607,"order_id":63508,"order_status":"COMPLETE"}
{"order_customer_id":4592,"order_id":63509,"order_status":"COMPLETE"}
{"order_customer_id":6209,"order_id":63510,"order_status":"PROCESSING"}
{"order_customer_id":3907,"order_id":63511,"order_status":"ON_HOLD"}
{"order_customer_id":12350,"order_id":63512,"order_status":"COMPLETE"}
{"order_customer_id":8449,"order_id":63513,"order_status":"COMPLETE"}
{"order_customer_id":6878,"order_id":63514,"order_status":"PENDING"}
{"order_customer_id":3352,"order_id":63515,"order_status":"PROCESSING"}
{"order_customer_id":8806,"order_id":63516,"order_status":"PENDING"}
{"order_customer_id":7330,"order_id":63517,"order_status":"COMPLETE"}
{"order_customer_id":4169,"order_id":63518,"order_status":"PROCESSING"}
{"order_customer_id":12075,"order_id":68187,"order_status":"PENDING"}
{"order_customer_id":7403,"order_id":68188,"order_status":"PENDING_PAYMENT"}
{"order_customer_id":1365,"order_id":68189,"order_status":"PENDING_PAYMENT"}
{"order_customer_id":12121,"order_id":68190,"order_status":"PENDING"}
{"order_customer_id":9012,"order_id":68191,"order_status":"CANCELED"}
{"order_customer_id":7771,"order_id":68192,"order_status":"PENDING_PAYMENT"}
