{"order_customer_id":3992,"order_id":25468,"order_status":"PENDING_PAYMENT"}
{"order_customer_id":821,"order_id":25469,"order_status":"COMPLETE"}
{"order_customer_id":2055,"order_id":25470,"order_status":"PENDING_PAYMENT"}
{"order_customer_id":891,"order_id":25471,"order_status":"ON_HOLD"}
{"order_customer_id":8604,"order_id":25472,"order_status":"PROCESSING"}
{"order_customer_id":12290,"order_id":25473,"order_status":"CANCELED"}
{"order_customer_id":11112,"order_id":25474,"order_status":"COMPLETE"}
{"order_customer_id":1443,"order_id":25475,"order_status":"PENDING_PAYMENT"}
{"order_customer_id":1477,"order_id":25476,"order_status":"COMPLETE"}
{"order_customer_id":6694,"order_id":25477,"order_status":"PENDING_PAYMENT"}
{"order_customer_id":7148,"order_id":25478,"order_status":"COMPLETE"}
{"order_customer_id":2049,"order_id":25479,"order_status":"COMPLETE"}
{"order_customer_id":1307,"order_id":25480,"order_status":"PENDING"}
{"order_customer_id":6183,"order_id":25481,"order_status":"PENDING_PAYMENT"}
{"order_customer_id":11880,"order_id":25482,"order_status":"PROCESSING"}
{"order_customer_id":5530,"order_id":25483,"order_status":"COMPLETE"}
{"order_customer_id":2236,"order_id":25484,"order_status":"COMPLETE"}
{"order_customer_id":6448,"order_id":25485,"order_status":"PENDING_PAYMENT"}
{"order_customer_id":3549,"order_id":25486,"order_status":"COMPLETE"}
{"order_customer_id":10796,"order_id":25487,"order_status":"PENDING_PAYMENT"}
{"order_customer_id":8394,"order_id":25488,"order_status":"PENDING"}
{"order_customer_id":11898,"order_id":25489,"order_status":"CLOSED"}
{"order_customer_id":10508,"order_id":25490,"order_status":"PENDING_PAYMENT"}
{"order_customer_id":5585,"order_id":25491,"order_status":"PROCESSING"}
{"order_customer_id":11997,"order_id":25492,"order_status":"ON_HOLD"}
{"order_customer_id":1488,"order_id":25493,"order_status":"PROCESSING"}
{"order_customer_id":5319,"order_id":25494,"order_status":"CLOSED"}
{"order_customer_id":10901,"order_id":25495,"order_status":"PENDING"}
{"order_customer_id":8492,"order_id":25496,"order_status":"CLOSED"}
{"order_customer_id":10085,"order_id":25497,"order_status":"ON_HOLD"}
{"order_customer_id":7589,"order_id":25498,"order_status":"CANCELED"}
{"order_customer_id":676,"order_id":25499,"order_status":"PENDING_PAYMENT"}
{"order_customer_id":10325,"order_id":25500,"order_status":"COMPLETE"}
{"order_customer_id":514,"order_id":25501,"order_status":"COMPLETE"}
{"order_customer_id":4120,"order_id":25502,"order_status":"CLOSED"}
{"order_customer_id":8791,"order_id":25503,"order_status":"COMPLETE"}
{"order_customer_id":4323,"order_id":25504,"order_status":"ON_HOLD"}
{"order_customer_id":9619,"order_id":25505,"order_status":"PENDING_PAYMENT"}
{"order_customer_id":4945,"order_id":25506,"order_status":"COMPLETE"}
{"order_customer_id":6691,"order_id":25507,"order_status":"PENDING"}
{"order_customer_id":3493,"order_id":25508,"order_status":"PROCESSING"}
{"order_customer_id":3249,"order_id":25509,"order_status":"CANCELED"}
{"order_customer_id":477,"order_id":25510,"order_status":"PROCESSING"}
{"order_customer_id":7226,"order_id":25511,"order_status":"PENDING"}
{"order_customer_id":2734,"order_id":25512,"order_status":"COMPLETE"}
{"order_customer_id":1581,"order_id":25513,"order_status":"PENDING"}
{"order_customer_id":4911,"order_id":25514,"order_status":"PENDING"}
{"order_customer_id":10435,"order_id":25515,"order_status":"COMPLETE"}
{"order_customer_id":8608,"order_id":25516,"order_status":"COMPLETE"}
{"order_customer_id":11995,"order_id":25517,"order_status":"PENDING"}
{"order_customer_id":5326,"order_id":25518,"order_status":"PENDING"}
{"order_customer_id":3408,"order_id":25519,"order_status":"PENDING_PAYMENT"}
{"order_customer_id":5596,"order_id":25520,"order_status":"COMPLETE"}
{"order_customer_id":3285,"order_id":25521,"order_status":"PENDING_PAYMENT"}
{"order_customer_id":3676,"order_id":25522,"order_status":"PENDING_PAYMENT"}
{"order_customer_id":9970,"order_id":25523,"order_status":"COMPLETE"}
{"order_customer_id":12226,"order_id":25524,"order_status":"PENDING"}
{"order_customer_id":10192,"order_id":25525,"order_status":"PENDING_PAYMENT"}
{"order_customer_id":11965,"order_id":25526,"order_status":"PENDING"}
{"order_customer_id":10996,"order_id":25527,"order_status":"PENDING_PAYMENT"}
{"order_customer_id":4232,"order_id":25528,"order_status":"PENDING_PAYMENT"}
{"order_customer_id":2807,"order_id":25529,"order_status":"PENDING"}
{"order_customer_id":8381,"order_id":25530,"order_status":"COMPLETE"}
{"order_customer_id":10427,"order_id":25531,"order_status":"COMPLETE"}
{"order_customer_id":2508,"order_id":25532,"order_status":"CLOSED"}
{"order_customer_id":7735,"order_id":25533,"order_status":"COMPLETE"}
{"order_customer_id":11379,"order_id":25534,"order_status":"CLOSED"}
{"order_customer_id":1838,"order_id":25535,"order_status":"CLOSED"}
{"order_customer_id":11740,"order_id":25536,"order_status":"COMPLETE"}
{"order_customer_id":5645,"order_id":25537,"order_status":"CLOSED"}
{"order_customer_id":1154,"order_id":25538,"order_status":"PROCESSING"}
{"order_customer_id":12260,"order_id":25539,"order_status":"PENDING_PAYMENT"}
{"order_customer_id":6348,"order_id":25540,"order_status":"PROCESSING"}
{"order_customer_id":3508,"order_id":25541,"order_status":"COMPLETE"}
{"order_customer_id":4022,"order_id":25542,"order_status":"COMPLETE"}
{"order_customer_id":6597,"order_id":25543,"order_status":"PENDING_PAYMENT"}
{"order_customer_id":5115,"order_id":25544,"order_status":"COMPLETE"}
{"order_customer_id":2265,"order_id":25545,"order_status":"COMPLETE"}
{"order_customer_id":8198,"order_id":25546,"order_status":"COMPLETE"}
{"order_customer_id":8766,"order_id":25547,"order_status":"COMPLETE"}
{"order_customer_id":8169,"order_id":25548,"order_status":"PROCESSING"}
{"order_customer_id":5485,"order_id":25549,"order_status":"COMPLETE"}
{"order_customer_id":1401,"order_id":25550,"order_status":"COMPLETE"}
{"order_customer_id":12180,"order_id":25551,"order_status":"COMPLETE"}
{"order_customer_id":4190,"order_id":25552,"order_status":"COMPLETE"}
{"order_customer_id":6707,"order_id":25553,"order_status":"PENDING_PAYMENT"}
{"order_customer_id":4504,"order_id":25554,"order_status":"CLOSED"}
{"order_customer_id":11456,"order_id":25555,"order_status":"COMPLETE"}
{"order_customer_id":10865,"order_id":25556,"order_status":"PENDING_PAYMENT"}
{"order_customer_id":1109,"order_id":25557,"order_status":"PENDING_PAYMENT"}
{"order_customer_id":2947,"order_id":25558,"order_status":"CLOSED"}
{"order_customer_id":3755,"order_id":25559,"order_status":"COMPLETE"}
{"order_customer_id":7272,"order_id":25560,"order_status":"PROCESSING"}
{"order_customer_id":4153,"order_id":25561,"order_status":"COMPLETE"}
{"order_customer_id":4585,"order_id":25562,"order_status":"PROCESSING"}
{"order_customer_id":2400,"order_id":25563,"order_status":"PENDING"}
{"order_customer_id":3747,"order_id":25564,"order_status":"COMPLETE"}
{"order_customer_id":10435,"order_id":25565,"order_status":"PENDING"}
{"order_customer_id":6429,"order_id":25566,"order_status":"COMPLETE"}
{"order_customer_id":7249,"order_id":25567,"order_status":"CLOSED"}
{"order_customer_id":1495,"order_id":25568,"order_status":"ON_HOLD"}
{"order_customer_id":8853,"order_id":25569,"order_status":"PENDING_PAYMENT"}
{"order_customer_id":5372,"order_id":25570,"order_status":"PENDING"}
{"order_customer_id":4092,"order_id":25571,"order_status":"PENDING_PAYMENT"}
{"order_customer_id":859,"order_id":25572,"order_status":"PENDING"}
{"order_customer_id":8965,"order_id":25573,"order_status":"CLOSED"}
{"order_customer_id":10367,"order_id":25574,"order_status":"COMPLETE"}
{"order_customer_id":381,"order_id":25575,"order_status":"COMPLETE"}
{"order_customer_id":2269,"order_id":25576,"order_status":"PENDING_PAYMENT"}
{"order_customer_id":11456,"order_id":25577,"order_status":"PENDING"}
{"order_customer_id":9540,"order_id":25578,"order_status":"PENDING_PAYMENT"}
{"order_customer_id":5651,"order_id":25579,"order_status":"COMPLETE"}
{"order_customer_id":1038,"order_id":25580,"order_status":"COMPLETE"}
{"order_customer_id":4936,"order_id":25581,"order_status":"PENDING_PAYMENT"}
{"order_customer_id":10644,"order_id":25582,"order_status":"COMPLETE"}
{"order_customer_id":5757,"order_id":25583,"order_status":"PENDING_PAYMENT"}
{"order_customer_id":4440,"order_id":25584,"order_status":"COMPLETE"}
{"order_customer_id":7271,"order_id":25585,"order_status":"COMPLETE"}
{"order_customer_id":1139,"order_id":25586,"order_status":"PROCESSING"}
{"order_customer_id":2569,"order_id":25587,"order_status":"PENDING_PAYMENT"}
{"order_customer_id":607,"order_id":25588,"order_status":"COMPLETE"}
{"order_customer_id":8397,"order_id":25589,"order_status":"PENDING_PAYMENT"}
{"order_customer_id":8714,"order_id":25590,"order_status":"PENDING_PAYMENT"}
{"order_customer_id":3704,"order_id":25591,"order_status":"CLOSED"}
{"order_customer_id":6541,"order_id":25592,"order_status":"COMPLETE"}
{"order_customer_id":7377,"order_id":25593,"order_status":"COMPLETE"}
{"order_customer_id":475,"order_id":25594,"order_status":"PENDING_PAYMENT"}
{"order_customer_id":7785,"order_id":25595,"order_status":"COMPLETE"}
{"order_customer_id":9106,"order_id":25596,"order_status":"COMPLETE"}
{"order_customer_id":6308,"order_id":25597,"order_status":"ON_HOLD"}
{"order_customer_id":8647,"order_id":25598,"order_status":"ON_HOLD"}
{"order_customer_id":4872,"order_id":25599,"order_status":"CANCELED"}
{"order_customer_id":8766,"order_id":25600,"order_status":"PROCESSING"}
{"order_customer_id":8252,"order_id":25601,"order_status":"COMPLETE"}
{"order_customer_id":4594,"order_id":25602,"order_status":"CLOSED"}
{"order_customer_id":9478,"order_id":25603,"order_status":"COMPLETE"}
{"order_customer_id":7018,"order_id":25604,"order_status":"CLOSED"}
{"order_customer_id":9581,"order_id":25605,"order_status":"COMPLETE"}
{"order_customer_id":4700,"order_id":25606,"order_status":"PROCESSING"}
{"order_customer_id":3320,"order_id":25607,"order_status":"CLOSED"}
{"order_customer_id":10838,"order_id":25608,"order_status":"SUSPECTED_FRAUD"}
{"order_customer_id":11720,"order_id":25609,"order_status":"COMPLETE"}
{"order_customer_id":1524,"order_id":25610,"order_status":"ON_HOLD"}
{"order_customer_id":11714,"order_id":25611,"order_status":"COMPLETE"}
{"order_customer_id":11548,"order_id":25612,"order_status":"COMPLETE"}
{"order_customer_id":12069,"order_id":25613,"order_status":"PENDING"}
{"order_customer_id":12431,"order_id":25614,"order_status":"CLOSED"}
{"order_customer_id":6126,"order_id":25615,"order_status":"PROCESSING"}
{"order_customer_id":4929,"order_id":25616,"order_status":"COMPLETE"}
{"order_customer_id":7842,"order_id":25617,"order_status":"PENDING"}
{"order_customer_id":7393,"order_id":25618,"order_status":"PROCESSING"}
{"order_customer_id":7349,"order_id":25619,"order_status":"PAYMENT_REVIEW"}
{"order_customer_id":4469,"order_id":25620,"order_status":"PROCESSING"}
{"order_customer_id":2028,"order_id":25621,"order_status":"CLOSED"}
{"order_customer_id":2514,"order_id":25622,"order_status":"PENDING"}
{"order_customer_id":408,"order_id":25623,"order_status":"PENDING_PAYMENT"}
{"order_customer_id":5661,"order_id":25624,"order_status":"COMPLETE"}
{"order_customer_id":5747,"order_id":25625,"order_status":"PENDING"}
{"order_customer_id":6407,"order_id":25626,"order_status":"COMPLETE"}
{"order_customer_id":8995,"order_id":25627,"order_status":"PENDING_PAYMENT"}
{"order_customer_id":9719,"order_id":25628,"order_status":"PENDING_PAYMENT"}
{"order_customer_id":5738,"order_id":25629,"order_status":"PENDING_PAYMENT"}
{"order_customer_id":1692,"order_id":25630,"order_status":"PENDING_PAYMENT"}
{"order_customer_id":2907,"order_id":25631,"order_status":"PENDING_PAYMENT"}
{"order_customer_id":3209,"order_id":25632,"order_status":"COMPLETE"}
{"order_customer_id":10540,"order_id":25633,"order_status":"PROCESSING"}
{"order_customer_id":2452,"order_id":25634,"order_status":"PENDING"}
{"order_customer_id":1988,"order_id":25635,"order_status":"CLOSED"}
{"order_customer_id":4183,"order_id":25636,"order_status":"PROCESSING"}
{"order_customer_id":4797,"order_id":61857,"order_status":"ON_HOLD"}
{"order_customer_id":10844,"order_id":61858,"order_status":"COMPLETE"}
{"order_customer_id":4791,"order_id":61859,"order_status":"PENDING"}
{"order_customer_id":2827,"order_id":61860,"order_status":"PENDING_PAYMENT"}
{"order_customer_id":11101,"order_id":61861,"order_status":"PROCESSING"}
{"order_customer_id":2958,"order_id":61862,"order_status":"COMPLETE"}
{"order_customer_id":5482,"order_id":61863,"order_status":"COMPLETE"}
{"order_customer_id":1646,"order_id":61864,"order_status":"PENDING_PAYMENT"}
{"order_customer_id":11137,"order_id":61865,"order_status":"PROCESSING"}
{"order_customer_id":7920,"order_id":61866,"order_status":"CLOSED"}
{"order_customer_id":2856,"order_id":61867,"order_status":"COMPLETE"}
{"order_customer_id":854,"order_id":61868,"order_status":"CLOSED"}
{"order_customer_id":7640,"order_id":61869,"order_status":"PENDING_PAYMENT"}
{"order_customer_id":7399,"order_id":61870,"order_status":"ON_HOLD"}
{"order_customer_id":5392,"order_id":61871,"order_status":"COMPLETE"}
{"order_customer_id":6261,"order_id":61872,"order_status":"CANCELED"}
{"order_customer_id":2590,"order_id":67968,"order_status":"COMPLETE"}
{"order_customer_id":6904,"order_id":67969,"order_status":"CANCELED"}
