{"order_customer_id":10617,"order_id":6142,"order_status":"CLOSED"}
{"order_customer_id":6551,"order_id":6143,"order_status":"ON_HOLD"}
{"order_customer_id":5559,"order_id":6144,"order_status":"PENDING_PAYMENT"}
{"order_customer_id":296,"order_id":6145,"order_status":"CLOSED"}
{"order_customer_id":856,"order_id":6146,"order_status":"PENDING_PAYMENT"}
{"order_customer_id":11981,"order_id":6147,"order_status":"PAYMENT_REVIEW"}
{"order_customer_id":4645,"order_id":6148,"order_status":"COMPLETE"}
{"order_customer_id":1562,"order_id":6149,"order_status":"CLOSED"}
{"order_customer_id":7449,"order_id":6150,"order_status":"COMPLETE"}
{"order_customer_id":3618,"order_id":6151,"order_status":"PENDING_PAYMENT"}
{"order_customer_id":10813,"order_id":6152,"order_status":"SUSPECTED_FRAUD"}
{"order_customer_id":8148,"order_id":6153,"order_status":"COMPLETE"}
{"order_customer_id":163,"order_id":6154,"order_status":"CLOSED"}
{"order_customer_id":4104,"order_id":6155,"order_status":"PENDING"}
{"order_customer_id":10316,"order_id":6156,"order_status":"COMPLETE"}
{"order_customer_id":9349,"order_id":6157,"order_status":"PENDING_PAYMENT"}
{"order_customer_id":2750,"order_id":6158,"order_status":"PENDING_PAYMENT"}
{"order_customer_id":12247,"order_id":6159,"order_status":"COMPLETE"}
{"order_customer_id":12434,"order_id":6160,"order_status":"COMPLETE"}
{"order_customer_id":6784,"order_id":6161,"order_status":"COMPLETE"}
{"order_customer_id":679,"order_id":6162,"order_status":"CLOSED"}
{"order_customer_id":9323,"order_id":6163,"order_status":"PENDING_PAYMENT"}
{"order_customer_id":3181,"order_id":6164,"order_status":"PENDING_PAYMENT"}
{"order_customer_id":4637,"order_id":6165,"order_status":"PENDING"}
{"order_customer_id":10207,"order_id":6166,"order_status":"PENDING"}
{"order_customer_id":1788,"order_id":6167,"order_status":"COMPLETE"}
{"order_customer_id":2754,"order_id":6168,"order_status":"PENDING_PAYMENT"}
{"order_customer_id":2805,"order_id":6169,"order_status":"COMPLETE"}
{"order_customer_id":7278,"order_id":6170,"order_status":"COMPLETE"}
{"order_customer_id":6552,"order_id":6171,"order_status":"COMPLETE"}
{"order_customer_id":11234,"order_id":6172,"order_status":"ON_HOLD"}
{"order_customer_id":6402,"order_id":6173,"order_status":"COMPLETE"}
{"order_customer_id":2101,"order_id":6174,"order_status":"PENDING_PAYMENT"}
{"order_customer_id":7225,"order_id":6175,"order_status":"COMPLETE"}
{"order_customer_id":3329,"order_id":6176,"order_status":"SUSPECTED_FRAUD"}
{"order_customer_id":6380,"order_id":6177,"order_status":"PENDING_PAYMENT"}
{"order_customer_id":1865,"order_id":6178,"order_status":"PENDING"}
{"order_customer_id":199,"order_id":6179,"order_status":"PENDING"}
{"order_customer_id":8688,"order_id":6180,"order_status":"CANCELED"}
{"order_customer_id":5841,"order_id":6181,"order_status":"ON_HOLD"}
{"order_customer_id":1073,"order_id":6182,"order_status":"CLOSED"}
{"order_customer_id":2673,"order_id":6183,"order_status":"CLOSED"}
{"order_customer_id":3379,"order_id":6184,"order_status":"COMPLETE"}
{"order_customer_id":12015,"order_id":6185,"order_status":"ON_HOLD"}
{"order_customer_id":9144,"order_id":6186,"order_status":"PENDING_PAYMENT"}
{"order_customer_id":11286,"order_id":6187,"order_status":"PENDING"}
{"order_customer_id":12364,"order_id":6188,"order_status":"PENDING_PAYMENT"}
{"order_customer_id":1386,"order_id":6189,"order_status":"PENDING_PAYMENT"}
{"order_customer_id":5296,"order_id":6190,"order_status":"COMPLETE"}
{"order_customer_id":1910,"order_id":6191,"order_status":"COMPLETE"}
{"order_customer_id":10643,"order_id":6192,"order_status":"PENDING_PAYMENT"}
{"order_customer_id":8934,"order_id":6193,"order_status":"COMPLETE"}
{"order_customer_id":1127,"order_id":6194,"order_status":"COMPLETE"}
{"order_customer_id":1918,"order_id":6195,"order_status":"COMPLETE"}
{"order_customer_id":1240,"order_id":6196,"order_status":"PENDING"}
{"order_customer_id":4329,"order_id":6197,"order_status":"PENDING_PAYMENT"}
{"order_customer_id":2636,"order_id":6198,"order_status":"COMPLETE"}
{"order_customer_id":812,"order_id":6199,"order_status":"PROCESSING"}
{"order_customer_id":3359,"order_id":6200,"order_status":"PROCESSING"}
{"order_customer_id":7387,"order_id":6201,"order_status":"COMPLETE"}
{"order_customer_id":5379,"order_id":6202,"order_status":"PROCESSING"}
{"order_customer_id":10105,"order_id":6203,"order_status":"ON_HOLD"}
{"order_customer_id":9044,"order_id":6204,"order_status":"ON_HOLD"}
{"order_customer_id":7189,"order_id":6205,"order_status":"PROCESSING"}
{"order_customer_id":8211,"order_id":6206,"order_status":"ON_HOLD"}
{"order_customer_id":9504,"order_id":6207,"order_status":"PENDING"}
{"order_customer_id":4072,"order_id":6208,"order_status":"PROCESSING"}
{"order_customer_id":6514,"order_id":6209,"order_status":"COMPLETE"}
{"order_customer_id":550,"order_id":6210,"order_status":"PENDING"}
{"order_customer_id":6716,"order_id":6211,"order_status":"PROCESSING"}
{"order_customer_id":10423,"order_id":6212,"order_status":"CLOSED"}
{"order_customer_id":5070,"order_id":6213,"order_status":"COMPLETE"}
{"order_customer_id":6641,"order_id":6214,"order_status":"CLOSED"}
{"order_customer_id":1468,"order_id":6215,"order_status":"COMPLETE"}
{"order_customer_id":11918,"order_id":6216,"order_status":"PROCESSING"}
{"order_customer_id":8567,"order_id":6217,"order_status":"COMPLETE"}
{"order_customer_id":4357,"order_id":6218,"order_status":"COMPLETE"}
{"order_customer_id":949,"order_id":6219,"order_status":"PENDING"}
{"order_customer_id":4698,"order_id":6220,"order_status":"COMPLETE"}
{"order_customer_id":6373,"order_id":6221,"order_status":"PENDING"}
{"order_customer_id":5967,"order_id":6222,"order_status":"COMPLETE"}
{"order_customer_id":625,"order_id":6223,"order_status":"PENDING_PAYMENT"}
{"order_customer_id":8691,"order_id":6224,"order_status":"COMPLETE"}
{"order_customer_id":10744,"order_id":6225,"order_status":"ON_HOLD"}
{"order_customer_id":9712,"order_id":6226,"order_status":"COMPLETE"}
{"order_customer_id":3957,"order_id":6227,"order_status":"COMPLETE"}
{"order_customer_id":8212,"order_id":6228,"order_status":"PROCESSING"}
{"order_customer_id":834,"order_id":6229,"order_status":"PENDING"}
{"order_customer_id":12363,"order_id":6230,"order_status":"CLOSED"}
{"order_customer_id":12347,"order_id":6231,"order_status":"CANCELED"}
{"order_customer_id":1394,"order_id":6232,"order_status":"COMPLETE"}
{"order_customer_id":4116,"order_id":6233,"order_status":"PENDING"}
{"order_customer_id":4909,"order_id":6234,"order_status":"COMPLETE"}
{"order_customer_id":5371,"order_id":6235,"order_status":"PENDING"}
{"order_customer_id":10427,"order_id":6236,"order_status":"PROCESSING"}
{"order_customer_id":4774,"order_id":6237,"order_status":"COMPLETE"}
{"order_customer_id":10886,"order_id":6238,"order_status":"PENDING_PAYMENT"}
{"order_customer_id":10887,"order_id":6239,"order_status":"PENDING_PAYMENT"}
{"order_customer_id":9363,"order_id":6240,"order_status":"ON_HOLD"}
{"order_customer_id":6053,"order_id":6241,"order_status":"CLOSED"}
{"order_customer_id":11922,"order_id":6242,"order_status":"COMPLETE"}
{"order_customer_id":8916,"order_id":6243,"order_status":"CLOSED"}
{"order_customer_id":5638,"order_id":6244,"order_status":"PENDING_PAYMENT"}
{"order_customer_id":7784,"order_id":6245,"order_status":"PENDING"}
{"order_customer_id":4869,"order_id":6246,"order_status":"PROCESSING"}
{"order_customer_id":93,"order_id":6247,"order_status":"COMPLETE"}
{"order_customer_id":11150,"order_id":6248,"order_status":"PENDING"}
{"order_customer_id":1258,"order_id":6249,"order_status":"COMPLETE"}
{"order_customer_id":8180,"order_id":6250,"order_status":"PENDING_PAYMENT"}
{"order_customer_id":10129,"order_id":6251,"order_status":"COMPLETE"}
{"order_customer_id":9091,"order_id":6252,"order_status":"COMPLETE"}
{"order_customer_id":6426,"order_id":6253,"order_status":"PENDING_PAYMENT"}
{"order_customer_id":10460,"order_id":6254,"order_status":"PENDING_PAYMENT"}
{"order_customer_id":3595,"order_id":6255,"order_status":"PENDING_PAYMENT"}
{"order_customer_id":3713,"order_id":6256,"order_status":"PENDING_PAYMENT"}
{"order_customer_id":7123,"order_id":6257,"order_status":"ON_HOLD"}
{"order_customer_id":3739,"order_id":6258,"order_status":"PENDING_PAYMENT"}
{"order_customer_id":9933,"order_id":6259,"order_status":"PROCESSING"}
{"order_customer_id":9628,"order_id":6260,"order_status":"CLOSED"}
{"order_customer_id":5613,"order_id":6261,"order_status":"PENDING_PAYMENT"}
{"order_customer_id":3330,"order_id":6262,"order_status":"COMPLETE"}
{"order_customer_id":10557,"order_id":6263,"order_status":"COMPLETE"}
{"order_customer_id":12177,"order_id":6264,"order_status":"COMPLETE"}
{"order_customer_id":10268,"order_id":6265,"order_status":"CANCELED"}
{"order_customer_id":1379,"order_id":6266,"order_status":"PENDING"}
{"order_customer_id":6865,"order_id":6267,"order_status":"COMPLETE"}
{"order_customer_id":5853,"order_id":6268,"order_status":"PENDING_PAYMENT"}
{"order_customer_id":1835,"order_id":6269,"order_status":"PENDING_PAYMENT"}
{"order_customer_id":2793,"order_id":6270,"order_status":"COMPLETE"}
{"order_customer_id":7203,"order_id":6271,"order_status":"COMPLETE"}
{"order_customer_id":1666,"order_id":6272,"order_status":"COMPLETE"}
{"order_customer_id":6307,"order_id":6273,"order_status":"PENDING_PAYMENT"}
{"order_customer_id":1921,"order_id":6274,"order_status":"CANCELED"}
{"order_customer_id":8278,"order_id":6275,"order_status":"PENDING"}
{"order_customer_id":4831,"order_id":6276,"order_status":"CLOSED"}
{"order_customer_id":4715,"order_id":6277,"order_status":"COMPLETE"}
{"order_customer_id":11793,"order_id":6278,"order_status":"COMPLETE"}
{"order_customer_id":11196,"order_id":6279,"order_status":"COMPLETE"}
{"order_customer_id":9186,"order_id":6280,"order_status":"CLOSED"}
{"order_customer_id":2303,"order_id":6281,"order_status":"COMPLETE"}
{"order_customer_id":7094,"order_id":6282,"order_status":"COMPLETE"}
{"order_customer_id":8062,"order_id":6283,"order_status":"PROCESSING"}
{"order_customer_id":12011,"order_id":6284,"order_status":"COMPLETE"}
{"order_customer_id":1232,"order_id":6285,"order_status":"COMPLETE"}
{"order_customer_id":247,"order_id":6286,"order_status":"PENDING_PAYMENT"}
{"order_customer_id":11553,"order_id":6287,"order_status":"COMPLETE"}
{"order_customer_id":10059,"order_id":6288,"order_status":"PENDING_PAYMENT"}
{"order_customer_id":11390,"order_id":6289,"order_status":"PENDING_PAYMENT"}
{"order_customer_id":2046,"order_id":6290,"order_status":"CLOSED"}
{"order_customer_id":10831,"order_id":6291,"order_status":"PENDING_PAYMENT"}
{"order_customer_id":172,"order_id":6292,"order_status":"CLOSED"}
{"order_customer_id":3890,"order_id":6293,"order_status":"ON_HOLD"}
{"order_customer_id":9752,"order_id":6294,"order_status":"CLOSED"}
{"order_customer_id":4993,"order_id":6295,"order_status":"COMPLETE"}
{"order_customer_id":10340,"order_id":6296,"order_status":"PENDING_PAYMENT"}
{"order_customer_id":6295,"order_id":6297,"order_status":"PENDING_PAYMENT"}
{"order_customer_id":3206,"order_id":6298,"order_status":"PROCESSING"}
{"order_customer_id":6486,"order_id":6299,"order_status":"CANCELED"}
{"order_customer_id":8906,"order_id":6300,"order_status":"PENDING"}
{"order_customer_id":4418,"order_id":6301,"order_status":"COMPLETE"}
{"order_customer_id":7950,"order_id":6302,"order_status":"COMPLETE"}
{"order_customer_id":1650,"order_id":6303,"order_status":"COMPLETE"}
{"order_customer_id":2641,"order_id":6304,"order_status":"PENDING"}
{"order_customer_id":8040,"order_id":6305,"order_status":"COMPLETE"}
{"order_customer_id":11857,"order_id":6306,"order_status":"PENDING_PAYMENT"}
{"order_customer_id":3608,"order_id":6307,"order_status":"COMPLETE"}
{"order_customer_id":7424,"order_id":6308,"order_status":"COMPLETE"}
{"order_customer_id":1999,"order_id":6309,"order_status":"COMPLETE"}
{"order_customer_id":8365,"order_id":6310,"order_status":"PENDING"}
{"order_customer_id":5911,"order_id":6311,"order_status":"SUSPECTED_FRAUD"}
{"order_customer_id":3114,"order_id":6312,"order_status":"COMPLETE"}
{"order_customer_id":8291,"order_id":6313,"order_status":"COMPLETE"}
{"order_customer_id":3942,"order_id":6314,"order_status":"COMPLETE"}
{"order_customer_id":260,"order_id":6315,"order_status":"PENDING_PAYMENT"}
{"order_customer_id":12424,"order_id":6316,"order_status":"CLOSED"}
{"order_customer_id":8171,"order_id":6317,"order_status":"COMPLETE"}
{"order_customer_id":6892,"order_id":6318,"order_status":"COMPLETE"}
{"order_customer_id":9962,"order_id":6319,"order_status":"COMPLETE"}
{"order_customer_id":675,"order_id":6320,"order_status":"COMPLETE"}
{"order_customer_id":4553,"order_id":6321,"order_status":"COMPLETE"}
{"order_customer_id":7064,"order_id":58771,"order_status":"PENDING_PAYMENT"}
{"order_customer_id":5462,"order_id":58772,"order_status":"PENDING_PAYMENT"}
{"order_customer_id":8692,"order_id":58773,"order_status":"COMPLETE"}
{"order_customer_id":5138,"order_id":58774,"order_status":"PENDING"}
{"order_customer_id":4822,"order_id":58775,"order_status":"PROCESSING"}
{"order_customer_id":3165,"order_id":58776,"order_status":"PROCESSING"}
{"order_customer_id":10292,"order_id":58777,"order_status":"PROCESSING"}
{"order_customer_id":9058,"order_id":58778,"order_status":"ON_HOLD"}
{"order_customer_id":5479,"order_id":58779,"order_status":"PENDING_PAYMENT"}
{"order_customer_id":7741,"order_id":58780,"order_status":"CANCELED"}
{"order_customer_id":9557,"order_id":58781,"order_status":"COMPLETE"}
{"order_customer_id":5259,"order_id":58782,"order_status":"COMPLETE"}
{"order_customer_id":622,"order_id":58783,"order_status":"PENDING_PAYMENT"}
{"order_customer_id":2892,"order_id":58784,"order_status":"COMPLETE"}
{"order_customer_id":3346,"order_id":58785,"order_status":"PROCESSING"}
{"order_customer_id":569,"order_id":58786,"order_status":"PENDING_PAYMENT"}
{"order_customer_id":6828,"order_id":58787,"order_status":"COMPLETE"}
{"order_customer_id":6587,"order_id":58788,"order_status":"PENDING"}
{"order_customer_id":5021,"order_id":58789,"order_status":"PENDING"}
{"order_customer_id":11675,"order_id":58790,"order_status":"COMPLETE"}
{"order_customer_id":9482,"order_id":58791,"order_status":"CLOSED"}
{"order_customer_id":8367,"order_id":67568,"order_status":"SUSPECTED_FRAUD"}
