{"order_customer_id":5597,"order_id":37116,"order_status":"PENDING"}
{"order_customer_id":10169,"order_id":37117,"order_status":"PENDING"}
{"order_customer_id":8170,"order_id":37118,"order_status":"COMPLETE"}
{"order_customer_id":11421,"order_id":37119,"order_status":"COMPLETE"}
{"order_customer_id":8997,"order_id":37120,"order_status":"CANCELED"}
{"order_customer_id":5257,"order_id":37121,"order_status":"PAYMENT_REVIEW"}
{"order_customer_id":10972,"order_id":37122,"order_status":"CANCELED"}
{"order_customer_id":4232,"order_id":37123,"order_status":"ON_HOLD"}
{"order_customer_id":7469,"order_id":37124,"order_status":"PENDING_PAYMENT"}
{"order_customer_id":5809,"order_id":37125,"order_status":"PENDING"}
{"order_customer_id":5741,"order_id":37126,"order_status":"PROCESSING"}
{"order_customer_id":10663,"order_id":37127,"order_status":"PROCESSING"}
{"order_customer_id":2315,"order_id":37128,"order_status":"COMPLETE"}
{"order_customer_id":4677,"order_id":37129,"order_status":"CLOSED"}
{"order_customer_id":532,"order_id":37130,"order_status":"ON_HOLD"}
{"order_customer_id":6506,"order_id":37131,"order_status":"PROCESSING"}
{"order_customer_id":7892,"order_id":37132,"order_status":"PROCESSING"}
{"order_customer_id":5593,"order_id":37133,"order_status":"COMPLETE"}
{"order_customer_id":12153,"order_id":37134,"order_status":"COMPLETE"}
{"order_customer_id":6971,"order_id":37135,"order_status":"CLOSED"}
{"order_customer_id":12406,"order_id":37136,"order_status":"PROCESSING"}
{"order_customer_id":8860,"order_id":37137,"order_status":"PROCESSING"}
{"order_customer_id":3229,"order_id":37138,"order_status":"CLOSED"}
{"order_customer_id":4086,"order_id":37139,"order_status":"ON_HOLD"}
{"order_customer_id":4781,"order_id":37140,"order_status":"COMPLETE"}
{"order_customer_id":11784,"order_id":37141,"order_status":"PROCESSING"}
{"order_customer_id":1209,"order_id":37142,"order_status":"CLOSED"}
{"order_customer_id":2870,"order_id":37143,"order_status":"PROCESSING"}
{"order_customer_id":5382,"order_id":37144,"order_status":"CLOSED"}
{"order_customer_id":3089,"order_id":37145,"order_status":"COMPLETE"}
{"order_customer_id":12062,"order_id":37146,"order_status":"COMPLETE"}
{"order_customer_id":2377,"order_id":37147,"order_status":"PROCESSING"}
{"order_customer_id":6812,"order_id":37148,"order_status":"COMPLETE"}
{"order_customer_id":2044,"order_id":37149,"order_status":"PENDING_PAYMENT"}
{"order_customer_id":507,"order_id":37150,"order_status":"CLOSED"}
{"order_customer_id":6936,"order_id":37151,"order_status":"PENDING_PAYMENT"}
{"order_customer_id":8469,"order_id":37152,"order_status":"CLOSED"}
{"order_customer_id":3721,"order_id":37153,"order_status":"PENDING"}
{"order_customer_id":404,"order_id":37154,"order_status":"COMPLETE"}
{"order_customer_id":5039,"order_id":37155,"order_status":"COMPLETE"}
{"order_customer_id":7182,"order_id":37156,"order_status":"COMPLETE"}
{"order_customer_id":7462,"order_id":37157,"order_status":"COMPLETE"}
{"order_customer_id":1221,"order_id":37158,"order_status":"PROCESSING"}
{"order_customer_id":10245,"order_id":37159,"order_status":"COMPLETE"}
{"order_customer_id":1387,"order_id":37160,"order_status":"PENDING"}
{"order_customer_id":7329,"order_id":37161,"order_status":"PROCESSING"}
{"order_customer_id":9167,"order_id":37162,"order_status":"COMPLETE"}
{"order_customer_id":1249,"order_id":37163,"order_status":"COMPLETE"}
{"order_customer_id":10183,"order_id":37164,"order_status":"PENDING_PAYMENT"}
{"order_customer_id":9607,"order_id":37165,"order_status":"COMPLETE"}
{"order_customer_id":4007,"order_id":37166,"order_status":"COMPLETE"}
{"order_customer_id":7401,"order_id":37167,"order_status":"CLOSED"}
{"order_customer_id":11158,"order_id":37168,"order_status":"PROCESSING"}
{"order_customer_id":6179,"order_id":37169,"order_status":"PROCESSING"}
{"order_customer_id":5794,"order_id":37170,"order_status":"COMPLETE"}
{"order_customer_id":10763,"order_id":37171,"order_status":"CLOSED"}
{"order_customer_id":3488,"order_id":37172,"order_status":"CLOSED"}
{"order_customer_id":8931,"order_id":37173,"order_status":"PENDING"}
{"order_customer_id":7124,"order_id":37174,"order_status":"COMPLETE"}
{"order_customer_id":3067,"order_id":37175,"order_status":"PENDING_PAYMENT"}
{"order_customer_id":6697,"order_id":37176,"order_status":"CLOSED"}
{"order_customer_id":392,"order_id":37177,"order_status":"CANCELED"}
{"order_customer_id":4161,"order_id":37178,"order_status":"COMPLETE"}
{"order_customer_id":10982,"order_id":37179,"order_status":"COMPLETE"}
{"order_customer_id":8608,"order_id":37180,"order_status":"PENDING_PAYMENT"}
{"order_customer_id":9765,"order_id":37181,"order_status":"PROCESSING"}
{"order_customer_id":10500,"order_id":37182,"order_status":"PROCESSING"}
{"order_customer_id":5210,"order_id":37183,"order_status":"COMPLETE"}
{"order_customer_id":6085,"order_id":37184,"order_status":"COMPLETE"}
{"order_customer_id":10198,"order_id":37185,"order_status":"CLOSED"}
{"order_customer_id":2641,"order_id":37186,"order_status":"COMPLETE"}
{"order_customer_id":9878,"order_id":37187,"order_status":"COMPLETE"}
{"order_customer_id":4359,"order_id":37188,"order_status":"PROCESSING"}
{"order_customer_id":1846,"order_id":37189,"order_status":"COMPLETE"}
{"order_customer_id":4929,"order_id":37190,"order_status":"PENDING"}
{"order_customer_id":4301,"order_id":37191,"order_status":"COMPLETE"}
{"order_customer_id":2126,"order_id":37192,"order_status":"CLOSED"}
{"order_customer_id":12097,"order_id":37193,"order_status":"ON_HOLD"}
{"order_customer_id":2133,"order_id":37194,"order_status":"COMPLETE"}
{"order_customer_id":10482,"order_id":37195,"order_status":"PROCESSING"}
{"order_customer_id":8278,"order_id":37196,"order_status":"PENDING_PAYMENT"}
{"order_customer_id":7652,"order_id":37197,"order_status":"COMPLETE"}
{"order_customer_id":2927,"order_id":37198,"order_status":"PENDING_PAYMENT"}
{"order_customer_id":7749,"order_id":37199,"order_status":"ON_HOLD"}
{"order_customer_id":4667,"order_id":37200,"order_status":"PENDING"}
{"order_customer_id":1853,"order_id":37201,"order_status":"PROCESSING"}
{"order_customer_id":2662,"order_id":37202,"order_status":"SUSPECTED_FRAUD"}
{"order_customer_id":1149,"order_id":37203,"order_status":"PENDING_PAYMENT"}
{"order_customer_id":6417,"order_id":37204,"order_status":"PENDING_PAYMENT"}
{"order_customer_id":5372,"order_id":37205,"order_status":"ON_HOLD"}
{"order_customer_id":3625,"order_id":37206,"order_status":"COMPLETE"}
{"order_customer_id":10630,"order_id":37207,"order_status":"PROCESSING"}
{"order_customer_id":1827,"order_id":37208,"order_status":"COMPLETE"}
{"order_customer_id":9840,"order_id":37209,"order_status":"COMPLETE"}
{"order_customer_id":6316,"order_id":37210,"order_status":"PROCESSING"}
{"order_customer_id":4285,"order_id":37211,"order_status":"COMPLETE"}
{"order_customer_id":3314,"order_id":37212,"order_status":"COMPLETE"}
{"order_customer_id":11478,"order_id":37213,"order_status":"COMPLETE"}
{"order_customer_id":688,"order_id":37214,"order_status":"PENDING_PAYMENT"}
{"order_customer_id":9513,"order_id":37215,"order_status":"PENDING_PAYMENT"}
{"order_customer_id":4764,"order_id":37216,"order_status":"COMPLETE"}
{"order_customer_id":7988,"order_id":37217,"order_status":"COMPLETE"}
{"order_customer_id":1749,"order_id":37218,"order_status":"COMPLETE"}
{"order_customer_id":9926,"order_id":37219,"order_status":"COMPLETE"}
{"order_customer_id":5110,"order_id":37220,"order_status":"COMPLETE"}
{"order_customer_id":6255,"order_id":37221,"order_status":"PENDING_PAYMENT"}
{"order_customer_id":10579,"order_id":37222,"order_status":"PROCESSING"}
{"order_customer_id":9164,"order_id":37223,"order_status":"PROCESSING"}
{"order_customer_id":10365,"order_id":37224,"order_status":"PENDING"}
{"order_customer_id":11350,"order_id":37225,"order_status":"CLOSED"}
{"order_customer_id":6296,"order_id":37226,"order_status":"PENDING"}
{"order_customer_id":9464,"order_id":37227,"order_status":"COMPLETE"}
{"order_customer_id":19,"order_id":37228,"order_status":"CLOSED"}
{"order_customer_id":6077,"order_id":37229,"order_status":"PROCESSING"}
{"order_customer_id":529,"order_id":37230,"order_status":"COMPLETE"}
{"order_customer_id":4470,"order_id":37231,"order_status":"PENDING"}
{"order_customer_id":7993,"order_id":37232,"order_status":"PENDING"}
{"order_customer_id":5602,"order_id":37233,"order_status":"COMPLETE"}
{"order_customer_id":7925,"order_id":37234,"order_status":"SUSPECTED_FRAUD"}
{"order_customer_id":4118,"order_id":37235,"order_status":"PENDING_PAYMENT"}
{"order_customer_id":10876,"order_id":37236,"order_status":"PENDING"}
{"order_customer_id":10200,"order_id":37237,"order_status":"PENDING_PAYMENT"}
{"order_customer_id":6099,"order_id":37238,"order_status":"COMPLETE"}
{"order_customer_id":7228,"order_id":37239,"order_status":"COMPLETE"}
{"order_customer_id":8294,"order_id":37240,"order_status":"PENDING_PAYMENT"}
{"order_customer_id":9768,"order_id":37241,"order_status":"PROCESSING"}
{"order_customer_id":3181,"order_id":37242,"order_status":"PENDING_PAYMENT"}
{"order_customer_id":11453,"order_id":37243,"order_status":"COMPLETE"}
{"order_customer_id":553,"order_id":37244,"order_status":"PROCESSING"}
{"order_customer_id":268,"order_id":37245,"order_status":"COMPLETE"}
{"order_customer_id":7153,"order_id":37246,"order_status":"CLOSED"}
{"order_customer_id":6332,"order_id":37247,"order_status":"COMPLETE"}
{"order_customer_id":4228,"order_id":37248,"order_status":"COMPLETE"}
{"order_customer_id":9073,"order_id":37249,"order_status":"ON_HOLD"}
{"order_customer_id":3872,"order_id":37250,"order_status":"PROCESSING"}
{"order_customer_id":5752,"order_id":37251,"order_status":"PROCESSING"}
{"order_customer_id":6618,"order_id":37252,"order_status":"CLOSED"}
{"order_customer_id":1291,"order_id":37253,"order_status":"CLOSED"}
{"order_customer_id":2717,"order_id":37254,"order_status":"PROCESSING"}
{"order_customer_id":6281,"order_id":37255,"order_status":"COMPLETE"}
{"order_customer_id":4763,"order_id":37256,"order_status":"PROCESSING"}
{"order_customer_id":9534,"order_id":37257,"order_status":"COMPLETE"}
{"order_customer_id":10281,"order_id":37258,"order_status":"SUSPECTED_FRAUD"}
{"order_customer_id":5715,"order_id":37259,"order_status":"COMPLETE"}
{"order_customer_id":2116,"order_id":37260,"order_status":"CLOSED"}
{"order_customer_id":5853,"order_id":37261,"order_status":"SUSPECTED_FRAUD"}
{"order_customer_id":6841,"order_id":37262,"order_status":"COMPLETE"}
{"order_customer_id":4881,"order_id":37263,"order_status":"COMPLETE"}
{"order_customer_id":7553,"order_id":37264,"order_status":"COMPLETE"}
{"order_customer_id":5800,"order_id":37265,"order_status":"PENDING"}
{"order_customer_id":4902,"order_id":37266,"order_status":"COMPLETE"}
{"order_customer_id":11506,"order_id":37267,"order_status":"COMPLETE"}
{"order_customer_id":9155,"order_id":37268,"order_status":"PENDING_PAYMENT"}
{"order_customer_id":9846,"order_id":37269,"order_status":"PROCESSING"}
{"order_customer_id":2478,"order_id":37270,"order_status":"PROCESSING"}
{"order_customer_id":11230,"order_id":37271,"order_status":"COMPLETE"}
{"order_customer_id":3088,"order_id":37272,"order_status":"CLOSED"}
{"order_customer_id":7122,"order_id":37273,"order_status":"PENDING"}
{"order_customer_id":7255,"order_id":37274,"order_status":"COMPLETE"}
{"order_customer_id":6378,"order_id":37275,"order_status":"PENDING"}
{"order_customer_id":5820,"order_id":37276,"order_status":"PENDING_PAYMENT"}
{"order_customer_id":4743,"order_id":37277,"order_status":"PENDING_PAYMENT"}
{"order_customer_id":11849,"order_id":37278,"order_status":"PENDING_PAYMENT"}
{"order_customer_id":6149,"order_id":37279,"order_status":"PENDING_PAYMENT"}
{"order_customer_id":8340,"order_id":37280,"order_status":"COMPLETE"}
{"order_customer_id":3506,"order_id":37281,"order_status":"COMPLETE"}
{"order_customer_id":5090,"order_id":37282,"order_status":"PENDING"}
{"order_customer_id":212,"order_id":37283,"order_status":"PENDING"}
{"order_customer_id":396,"order_id":37284,"order_status":"COMPLETE"}
{"order_customer_id":4991,"order_id":37285,"order_status":"PENDING_PAYMENT"}
{"order_customer_id":6375,"order_id":37286,"order_status":"COMPLETE"}
{"order_customer_id":12254,"order_id":37287,"order_status":"COMPLETE"}
{"order_customer_id":9375,"order_id":37288,"order_status":"COMPLETE"}
{"order_customer_id":6969,"order_id":37289,"order_status":"COMPLETE"}
{"order_customer_id":6927,"order_id":37290,"order_status":"PAYMENT_REVIEW"}
{"order_customer_id":6537,"order_id":37291,"order_status":"PROCESSING"}
{"order_customer_id":5327,"order_id":37292,"order_status":"CLOSED"}
{"order_customer_id":10837,"order_id":37293,"order_status":"CLOSED"}
{"order_customer_id":8912,"order_id":37294,"order_status":"COMPLETE"}
{"order_customer_id":10114,"order_id":37295,"order_status":"COMPLETE"}
{"order_customer_id":6281,"order_id":37296,"order_status":"ON_HOLD"}
{"order_customer_id":7905,"order_id":37297,"order_status":"PENDING"}
{"order_customer_id":8517,"order_id":63746,"order_status":"ON_HOLD"}
{"order_customer_id":3882,"order_id":63747,"order_status":"COMPLETE"}
{"order_customer_id":6391,"order_id":63748,"order_status":"PENDING_PAYMENT"}
{"order_customer_id":5283,"order_id":63749,"order_status":"PENDING_PAYMENT"}
{"order_customer_id":7135,"order_id":63750,"order_status":"COMPLETE"}
{"order_customer_id":810,"order_id":63751,"order_status":"PENDING"}
{"order_customer_id":4180,"order_id":63752,"order_status":"PENDING"}
{"order_customer_id":12043,"order_id":63753,"order_status":"PENDING"}
{"order_customer_id":1095,"order_id":63754,"order_status":"PENDING_PAYMENT"}
{"order_customer_id":1121,"order_id":63755,"order_status":"COMPLETE"}
{"order_customer_id":3683,"order_id":63756,"order_status":"PENDING_PAYMENT"}
{"order_customer_id":9223,"order_id":63757,"order_status":"CLOSED"}
{"order_customer_id":5382,"order_id":63758,"order_status":"PENDING_PAYMENT"}
{"order_customer_id":2482,"order_id":63759,"order_status":"CLOSED"}
{"order_customer_id":11233,"order_id":63760,"order_status":"PENDING_PAYMENT"}
{"order_customer_id":374,"order_id":63761,"order_status":"COMPLETE"}
{"order_customer_id":1501,"order_id":63762,"order_status":"PROCESSING"}
{"order_customer_id":11056,"order_id":63763,"order_status":"PROCESSING"}
{"order_customer_id":11808,"order_id":63764,"order_status":"PENDING"}
{"order_customer_id":5365,"order_id":63765,"order_status":"COMPLETE"}
{"order_customer_id":4820,"order_id":63766,"order_status":"CLOSED"}
{"order_customer_id":3580,"order_id":68226,"order_status":"COMPLETE"}
