{"order_customer_id":10784,"order_id":21536,"order_status":"SUSPECTED_FRAUD"}
{"order_customer_id":10249,"order_id":21537,"order_status":"CLOSED"}
{"order_customer_id":6964,"order_id":21538,"order_status":"SUSPECTED_FRAUD"}
{"order_customer_id":10678,"order_id":21539,"order_status":"CANCELED"}
{"order_customer_id":3171,"order_id":21540,"order_status":"SUSPECTED_FRAUD"}
{"order_customer_id":11185,"order_id":21541,"order_status":"CLOSED"}
{"order_customer_id":10116,"order_id":21542,"order_status":"PROCESSING"}
{"order_customer_id":2239,"order_id":21543,"order_status":"PENDING_PAYMENT"}
{"order_customer_id":11277,"order_id":21544,"order_status":"PROCESSING"}
{"order_customer_id":385,"order_id":21545,"order_status":"CLOSED"}
{"order_customer_id":3926,"order_id":21546,"order_status":"PENDING_PAYMENT"}
{"order_customer_id":3961,"order_id":21547,"order_status":"CANCELED"}
{"order_customer_id":7468,"order_id":21548,"order_status":"COMPLETE"}
{"order_customer_id":10262,"order_id":21549,"order_status":"PAYMENT_REVIEW"}
{"order_customer_id":12419,"order_id":21550,"order_status":"CLOSED"}
{"order_customer_id":6574,"order_id":21551,"order_status":"PROCESSING"}
{"order_customer_id":1181,"order_id":21552,"order_status":"PENDING"}
{"order_customer_id":8469,"order_id":21553,"order_status":"PENDING_PAYMENT"}
{"order_customer_id":2744,"order_id":21554,"order_status":"PENDING_PAYMENT"}
{"order_customer_id":8140,"order_id":21555,"order_status":"PAYMENT_REVIEW"}
{"order_customer_id":10541,"order_id":21556,"order_status":"COMPLETE"}
{"order_customer_id":3776,"order_id":21557,"order_status":"COMPLETE"}
{"order_customer_id":9180,"order_id":21558,"order_status":"ON_HOLD"}
{"order_customer_id":3316,"order_id":21559,"order_status":"PROCESSING"}
{"order_customer_id":1756,"order_id":21560,"order_status":"PENDING_PAYMENT"}
{"order_customer_id":6922,"order_id":21561,"order_status":"ON_HOLD"}
{"order_customer_id":10620,"order_id":21562,"order_status":"ON_HOLD"}
{"order_customer_id":4960,"order_id":21563,"order_status":"CLOSED"}
{"order_customer_id":9971,"order_id":21564,"order_status":"CLOSED"}
{"order_customer_id":69,"order_id":21565,"order_status":"COMPLETE"}
{"order_customer_id":8675,"order_id":21566,"order_status":"ON_HOLD"}
{"order_customer_id":9431,"order_id":21567,"order_status":"PENDING_PAYMENT"}
{"order_customer_id":4854,"order_id":21568,"order_status":"COMPLETE"}
{"order_customer_id":3110,"order_id":21569,"order_status":"PROCESSING"}
{"order_customer_id":10398,"order_id":21570,"order_status":"PENDING_PAYMENT"}
{"order_customer_id":7520,"order_id":21571,"order_status":"PENDING_PAYMENT"}
{"order_customer_id":5076,"order_id":21572,"order_status":"CLOSED"}
{"order_customer_id":737,"order_id":21573,"order_status":"COMPLETE"}
{"order_customer_id":11169,"order_id":21574,"order_status":"COMPLETE"}
{"order_customer_id":8273,"order_id":21575,"order_status":"PROCESSING"}
{"order_customer_id":10882,"order_id":21576,"order_status":"PROCESSING"}
{"order_customer_id":6307,"order_id":21577,"order_status":"COMPLETE"}
{"order_customer_id":2934,"order_id":21578,"order_status":"PENDING_PAYMENT"}
{"order_customer_id":4123,"order_id":21579,"order_status":"PENDING_PAYMENT"}
{"order_customer_id":1249,"order_id":21580,"order_status":"COMPLETE"}
{"order_customer_id":3483,"order_id":21581,"order_status":"CLOSED"}
{"order_customer_id":11680,"order_id":21582,"order_status":"PENDING_PAYMENT"}
{"order_customer_id":690,"order_id":21583,"order_status":"PENDING_PAYMENT"}
{"order_customer_id":4318,"order_id":21584,"order_status":"PROCESSING"}
{"order_customer_id":576,"order_id":21585,"order_status":"PENDING_PAYMENT"}
{"order_customer_id":9146,"order_id":21586,"order_status":"ON_HOLD"}
{"order_customer_id":9597,"order_id":21587,"order_status":"COMPLETE"}
{"order_customer_id":426,"order_id":21588,"order_status":"CLOSED"}
{"order_customer_id":10762,"order_id":21589,"order_status":"ON_HOLD"}
{"order_customer_id":3594,"order_id":21590,"order_status":"PENDING_PAYMENT"}
{"order_customer_id":1428,"order_id":21591,"order_status":"PENDING"}
{"order_customer_id":228,"order_id":21592,"order_status":"CANCELED"}
{"order_customer_id":11048,"order_id":21593,"order_status":"PROCESSING"}
{"order_customer_id":6364,"order_id":21594,"order_status":"PENDING"}
{"order_customer_id":12124,"order_id":21595,"order_status":"CLOSED"}
{"order_customer_id":2632,"order_id":21596,"order_status":"PROCESSING"}
{"order_customer_id":4539,"order_id":21597,"order_status":"COMPLETE"}
{"order_customer_id":5537,"order_id":21598,"order_status":"CLOSED"}
{"order_customer_id":5048,"order_id":21599,"order_status":"COMPLETE"}
{"order_customer_id":801,"order_id":21600,"order_status":"COMPLETE"}
{"order_customer_id":11705,"order_id":21601,"order_status":"COMPLETE"}
{"order_customer_id":4318,"order_id":21602,"order_status":"PENDING"}
{"order_customer_id":6536,"order_id":21603,"order_status":"COMPLETE"}
{"order_customer_id":8742,"order_id":21604,"order_status":"PENDING_PAYMENT"}
{"order_customer_id":12322,"order_id":21605,"order_status":"PENDING_PAYMENT"}
{"order_customer_id":8432,"order_id":21606,"order_status":"PENDING_PAYMENT"}
{"order_customer_id":5256,"order_id":21607,"order_status":"CLOSED"}
{"order_customer_id":7553,"order_id":21608,"order_status":"ON_HOLD"}
{"order_customer_id":12333,"order_id":21609,"order_status":"CLOSED"}
{"order_customer_id":2487,"order_id":21610,"order_status":"PENDING_PAYMENT"}
{"order_customer_id":8536,"order_id":21611,"order_status":"ON_HOLD"}
{"order_customer_id":3849,"order_id":21612,"order_status":"PROCESSING"}
{"order_customer_id":898,"order_id":21613,"order_status":"PROCESSING"}
{"order_customer_id":5008,"order_id":21614,"order_status":"CANCELED"}
{"order_customer_id":7182,"order_id":21615,"order_status":"CLOSED"}
{"order_customer_id":5767,"order_id":21616,"order_status":"PENDING_PAYMENT"}
{"order_customer_id":4257,"order_id":21617,"order_status":"PENDING_PAYMENT"}
{"order_customer_id":3869,"order_id":21618,"order_status":"COMPLETE"}
{"order_customer_id":11426,"order_id":21619,"order_status":"PENDING_PAYMENT"}
{"order_customer_id":11727,"order_id":21620,"order_status":"COMPLETE"}
{"order_customer_id":408,"order_id":21621,"order_status":"COMPLETE"}
{"order_customer_id":2169,"order_id":21622,"order_status":"PENDING_PAYMENT"}
{"order_customer_id":5944,"order_id":21623,"order_status":"PENDING_PAYMENT"}
{"order_customer_id":10852,"order_id":21624,"order_status":"PROCESSING"}
{"order_customer_id":2438,"order_id":21625,"order_status":"PROCESSING"}
{"order_customer_id":9725,"order_id":21626,"order_status":"PROCESSING"}
{"order_customer_id":4079,"order_id":21627,"order_status":"PENDING_PAYMENT"}
{"order_customer_id":11606,"order_id":21628,"order_status":"PENDING_PAYMENT"}
{"order_customer_id":11902,"order_id":21629,"order_status":"COMPLETE"}
{"order_customer_id":11586,"order_id":21630,"order_status":"PROCESSING"}
{"order_customer_id":2249,"order_id":21631,"order_status":"PROCESSING"}
{"order_customer_id":11928,"order_id":21632,"order_status":"COMPLETE"}
{"order_customer_id":474,"order_id":21633,"order_status":"PROCESSING"}
{"order_customer_id":83,"order_id":21634,"order_status":"PENDING_PAYMENT"}
{"order_customer_id":12235,"order_id":21635,"order_status":"PENDING_PAYMENT"}
{"order_customer_id":1824,"order_id":21636,"order_status":"PENDING_PAYMENT"}
{"order_customer_id":6704,"order_id":21637,"order_status":"PENDING_PAYMENT"}
{"order_customer_id":6703,"order_id":21638,"order_status":"PENDING"}
{"order_customer_id":8521,"order_id":21639,"order_status":"COMPLETE"}
{"order_customer_id":19,"order_id":21640,"order_status":"COMPLETE"}
{"order_customer_id":9317,"order_id":21641,"order_status":"CLOSED"}
{"order_customer_id":4193,"order_id":21642,"order_status":"CLOSED"}
{"order_customer_id":12036,"order_id":21643,"order_status":"PROCESSING"}
{"order_customer_id":6490,"order_id":21644,"order_status":"SUSPECTED_FRAUD"}
{"order_customer_id":2335,"order_id":21645,"order_status":"PENDING_PAYMENT"}
{"order_customer_id":11298,"order_id":21646,"order_status":"PROCESSING"}
{"order_customer_id":3539,"order_id":21647,"order_status":"CLOSED"}
{"order_customer_id":5860,"order_id":21648,"order_status":"COMPLETE"}
{"order_customer_id":1685,"order_id":21649,"order_status":"PENDING_PAYMENT"}
{"order_customer_id":10284,"order_id":21650,"order_status":"PENDING"}
{"order_customer_id":3425,"order_id":21651,"order_status":"COMPLETE"}
{"order_customer_id":10566,"order_id":21652,"order_status":"COMPLETE"}
{"order_customer_id":11350,"order_id":21653,"order_status":"PENDING"}
{"order_customer_id":3554,"order_id":21654,"order_status":"CLOSED"}
{"order_customer_id":7883,"order_id":21655,"order_status":"CLOSED"}
{"order_customer_id":10178,"order_id":21656,"order_status":"COMPLETE"}
{"order_customer_id":7999,"order_id":21657,"order_status":"PENDING_PAYMENT"}
{"order_customer_id":4337,"order_id":21658,"order_status":"PENDING"}
{"order_customer_id":3529,"order_id":21659,"order_status":"ON_HOLD"}
{"order_customer_id":8718,"order_id":21660,"order_status":"ON_HOLD"}
{"order_customer_id":9096,"order_id":21661,"order_status":"ON_HOLD"}
{"order_customer_id":5691,"order_id":21662,"order_status":"CLOSED"}
{"order_customer_id":8286,"order_id":21663,"order_status":"COMPLETE"}
{"order_customer_id":11326,"order_id":21664,"order_status":"PENDING"}
{"order_customer_id":11038,"order_id":21665,"order_status":"COMPLETE"}
{"order_customer_id":4331,"order_id":21666,"order_status":"COMPLETE"}
{"order_customer_id":3099,"order_id":21667,"order_status":"COMPLETE"}
{"order_customer_id":962,"order_id":21668,"order_status":"PENDING_PAYMENT"}
{"order_customer_id":11346,"order_id":21669,"order_status":"PROCESSING"}
{"order_customer_id":4585,"order_id":21670,"order_status":"CLOSED"}
{"order_customer_id":3471,"order_id":21671,"order_status":"PENDING_PAYMENT"}
{"order_customer_id":10660,"order_id":21672,"order_status":"PENDING"}
{"order_customer_id":10722,"order_id":21673,"order_status":"PROCESSING"}
{"order_customer_id":9986,"order_id":21674,"order_status":"ON_HOLD"}
{"order_customer_id":1172,"order_id":21675,"order_status":"COMPLETE"}
{"order_customer_id":11321,"order_id":21676,"order_status":"COMPLETE"}
{"order_customer_id":753,"order_id":21677,"order_status":"CANCELED"}
{"order_customer_id":3826,"order_id":21678,"order_status":"COMPLETE"}
{"order_customer_id":1373,"order_id":21679,"order_status":"PENDING"}
{"order_customer_id":11920,"order_id":21680,"order_status":"PENDING_PAYMENT"}
{"order_customer_id":5757,"order_id":21681,"order_status":"PENDING_PAYMENT"}
{"order_customer_id":1882,"order_id":21682,"order_status":"ON_HOLD"}
{"order_customer_id":10642,"order_id":21683,"order_status":"PENDING_PAYMENT"}
{"order_customer_id":5430,"order_id":21684,"order_status":"PENDING_PAYMENT"}
{"order_customer_id":2801,"order_id":21685,"order_status":"PENDING_PAYMENT"}
{"order_customer_id":6068,"order_id":21686,"order_status":"PENDING_PAYMENT"}
{"order_customer_id":1627,"order_id":21687,"order_status":"PENDING"}
{"order_customer_id":7613,"order_id":21688,"order_status":"COMPLETE"}
{"order_customer_id":9743,"order_id":21689,"order_status":"COMPLETE"}
{"order_customer_id":7980,"order_id":21690,"order_status":"PROCESSING"}
{"order_customer_id":532,"order_id":21691,"order_status":"PENDING"}
{"order_customer_id":1489,"order_id":21692,"order_status":"PENDING_PAYMENT"}
{"order_customer_id":2003,"order_id":21693,"order_status":"COMPLETE"}
{"order_customer_id":2724,"order_id":21694,"order_status":"PROCESSING"}
{"order_customer_id":6886,"order_id":21695,"order_status":"COMPLETE"}
{"order_customer_id":3920,"order_id":21696,"order_status":"PENDING_PAYMENT"}
{"order_customer_id":5821,"order_id":21697,"order_status":"PENDING"}
{"order_customer_id":10678,"order_id":21698,"order_status":"PENDING"}
{"order_customer_id":11755,"order_id":21699,"order_status":"COMPLETE"}
{"order_customer_id":7465,"order_id":21700,"order_status":"CLOSED"}
{"order_customer_id":2528,"order_id":21701,"order_status":"CLOSED"}
{"order_customer_id":436,"order_id":21702,"order_status":"PROCESSING"}
{"order_customer_id":11058,"order_id":21703,"order_status":"CLOSED"}
{"order_customer_id":5538,"order_id":21704,"order_status":"CLOSED"}
{"order_customer_id":9044,"order_id":21705,"order_status":"PAYMENT_REVIEW"}
{"order_customer_id":1574,"order_id":21706,"order_status":"CLOSED"}
{"order_customer_id":2950,"order_id":21707,"order_status":"CLOSED"}
{"order_customer_id":1269,"order_id":21708,"order_status":"PENDING_PAYMENT"}
{"order_customer_id":7810,"order_id":21709,"order_status":"COMPLETE"}
{"order_customer_id":5549,"order_id":21710,"order_status":"PROCESSING"}
{"order_customer_id":7914,"order_id":21711,"order_status":"PROCESSING"}
{"order_customer_id":5395,"order_id":21712,"order_status":"ON_HOLD"}
{"order_customer_id":9312,"order_id":21713,"order_status":"PENDING_PAYMENT"}
{"order_customer_id":10965,"order_id":21714,"order_status":"COMPLETE"}
{"order_customer_id":3893,"order_id":21715,"order_status":"COMPLETE"}
{"order_customer_id":6716,"order_id":21716,"order_status":"PENDING_PAYMENT"}
{"order_customer_id":8719,"order_id":21717,"order_status":"COMPLETE"}
{"order_customer_id":9507,"order_id":21718,"order_status":"PENDING_PAYMENT"}
{"order_customer_id":3995,"order_id":21719,"order_status":"CLOSED"}
{"order_customer_id":12047,"order_id":21720,"order_status":"COMPLETE"}
{"order_customer_id":3940,"order_id":21721,"order_status":"PENDING"}
{"order_customer_id":1976,"order_id":21722,"order_status":"COMPLETE"}
{"order_customer_id":10250,"order_id":21723,"order_status":"PROCESSING"}
{"order_customer_id":2107,"order_id":21724,"order_status":"COMPLETE"}
{"order_customer_id":4667,"order_id":21725,"order_status":"COMPLETE"}
{"order_customer_id":831,"order_id":21726,"order_status":"CANCELED"}
{"order_customer_id":10322,"order_id":21727,"order_status":"PENDING"}
{"order_customer_id":7105,"order_id":21728,"order_status":"ON_HOLD"}
{"order_customer_id":2077,"order_id":21729,"order_status":"PROCESSING"}
{"order_customer_id":26,"order_id":21730,"order_status":"CLOSED"}
{"order_customer_id":6812,"order_id":21731,"order_status":"COMPLETE"}
{"order_customer_id":6571,"order_id":21732,"order_status":"PROCESSING"}
{"order_customer_id":4564,"order_id":21733,"order_status":"COMPLETE"}
{"order_customer_id":5469,"order_id":21734,"order_status":"PENDING"}
{"order_customer_id":4863,"order_id":21735,"order_status":"CLOSED"}
{"order_customer_id":2362,"order_id":21736,"order_status":"ON_HOLD"}
{"order_customer_id":4099,"order_id":21737,"order_status":"COMPLETE"}
{"order_customer_id":7566,"order_id":21738,"order_status":"PROCESSING"}
{"order_customer_id":2854,"order_id":21739,"order_status":"PENDING"}
{"order_customer_id":6136,"order_id":21740,"order_status":"CLOSED"}
{"order_customer_id":2819,"order_id":21741,"order_status":"PENDING_PAYMENT"}
{"order_customer_id":2278,"order_id":21742,"order_status":"PENDING_PAYMENT"}
{"order_customer_id":2253,"order_id":21743,"order_status":"CLOSED"}
{"order_customer_id":1773,"order_id":21744,"order_status":"PENDING"}
{"order_customer_id":3760,"order_id":21745,"order_status":"COMPLETE"}
{"order_customer_id":6071,"order_id":21746,"order_status":"COMPLETE"}
{"order_customer_id":11502,"order_id":21747,"order_status":"ON_HOLD"}
{"order_customer_id":4259,"order_id":21748,"order_status":"PENDING_PAYMENT"}
{"order_customer_id":8947,"order_id":21749,"order_status":"CLOSED"}
{"order_customer_id":4660,"order_id":21750,"order_status":"CLOSED"}
{"order_customer_id":5929,"order_id":21751,"order_status":"COMPLETE"}
{"order_customer_id":10614,"order_id":21752,"order_status":"COMPLETE"}
{"order_customer_id":11058,"order_id":21753,"order_status":"PENDING_PAYMENT"}
{"order_customer_id":6038,"order_id":21754,"order_status":"PENDING_PAYMENT"}
{"order_customer_id":6908,"order_id":21755,"order_status":"COMPLETE"}
{"order_customer_id":2368,"order_id":21756,"order_status":"CLOSED"}
{"order_customer_id":5907,"order_id":21757,"order_status":"PENDING_PAYMENT"}
{"order_customer_id":11916,"order_id":21758,"order_status":"COMPLETE"}
{"order_customer_id":11434,"order_id":21759,"order_status":"PENDING_PAYMENT"}
{"order_customer_id":7378,"order_id":61214,"order_status":"SUSPECTED_FRAUD"}
{"order_customer_id":10933,"order_id":61215,"order_status":"COMPLETE"}
{"order_customer_id":5559,"order_id":61216,"order_status":"PROCESSING"}
{"order_customer_id":403,"order_id":61217,"order_status":"PENDING"}
{"order_customer_id":6318,"order_id":61218,"order_status":"PENDING"}
{"order_customer_id":4976,"order_id":61219,"order_status":"PENDING"}
{"order_customer_id":4507,"order_id":61220,"order_status":"PENDING"}
{"order_customer_id":2679,"order_id":61221,"order_status":"PENDING_PAYMENT"}
{"order_customer_id":8196,"order_id":61222,"order_status":"PENDING_PAYMENT"}
{"order_customer_id":6795,"order_id":61223,"order_status":"PROCESSING"}
{"order_customer_id":3033,"order_id":61224,"order_status":"PENDING_PAYMENT"}
{"order_customer_id":7489,"order_id":61225,"order_status":"COMPLETE"}
{"order_customer_id":7829,"order_id":61226,"order_status":"PENDING_PAYMENT"}
{"order_customer_id":174,"order_id":61227,"order_status":"PROCESSING"}
{"order_customer_id":697,"order_id":61228,"order_status":"PROCESSING"}
{"order_customer_id":2170,"order_id":67876,"order_status":"COMPLETE"}
{"order_customer_id":1761,"order_id":68762,"order_status":"PENDING_PAYMENT"}
