{"order_customer_id":9202,"order_id":48101,"order_status":"CANCELED"}
{"order_customer_id":5313,"order_id":48102,"order_status":"PENDING_PAYMENT"}
{"order_customer_id":3050,"order_id":48103,"order_status":"PENDING"}
{"order_customer_id":4864,"order_id":48104,"order_status":"PROCESSING"}
{"order_customer_id":5414,"order_id":48105,"order_status":"PENDING"}
{"order_customer_id":6823,"order_id":48106,"order_status":"CLOSED"}
{"order_customer_id":11493,"order_id":48107,"order_status":"PENDING"}
{"order_customer_id":10503,"order_id":48108,"order_status":"COMPLETE"}
{"order_customer_id":5111,"order_id":48109,"order_status":"ON_HOLD"}
{"order_customer_id":2910,"order_id":48110,"order_status":"PENDING_PAYMENT"}
{"order_customer_id":3703,"order_id":48111,"order_status":"COMPLETE"}
{"order_customer_id":9549,"order_id":48112,"order_status":"COMPLETE"}
{"order_customer_id":5628,"order_id":48113,"order_status":"CLOSED"}
{"order_customer_id":9593,"order_id":48114,"order_status":"PENDING_PAYMENT"}
{"order_customer_id":4367,"order_id":48115,"order_status":"PENDING_PAYMENT"}
{"order_customer_id":41,"order_id":48116,"order_status":"COMPLETE"}
{"order_customer_id":1766,"order_id":48117,"order_status":"PENDING"}
{"order_customer_id":2222,"order_id":48118,"order_status":"CLOSED"}
{"order_customer_id":9413,"order_id":48119,"order_status":"PENDING_PAYMENT"}
{"order_customer_id":8183,"order_id":48120,"order_status":"COMPLETE"}
{"order_customer_id":1673,"order_id":48121,"order_status":"PAYMENT_REVIEW"}
{"order_customer_id":1651,"order_id":48122,"order_status":"COMPLETE"}
{"order_customer_id":1090,"order_id":48123,"order_status":"CLOSED"}
{"order_customer_id":6167,"order_id":48124,"order_status":"COMPLETE"}
{"order_customer_id":8864,"order_id":48125,"order_status":"PENDING_PAYMENT"}
{"order_customer_id":1615,"order_id":48126,"order_status":"PENDING_PAYMENT"}
{"order_customer_id":2617,"order_id":48127,"order_status":"PENDING_PAYMENT"}
{"order_customer_id":2708,"order_id":48128,"order_status":"CLOSED"}
{"order_customer_id":8031,"order_id":48129,"order_status":"CLOSED"}
{"order_customer_id":3072,"order_id":48130,"order_status":"PENDING"}
{"order_customer_id":4857,"order_id":48131,"order_status":"COMPLETE"}
{"order_customer_id":11288,"order_id":48132,"order_status":"SUSPECTED_FRAUD"}
{"order_customer_id":152,"order_id":48133,"order_status":"COMPLETE"}
{"order_customer_id":11963,"order_id":48134,"order_status":"PROCESSING"}
{"order_customer_id":76,"order_id":48135,"order_status":"PENDING_PAYMENT"}
{"order_customer_id":6419,"order_id":48136,"order_status":"COMPLETE"}
{"order_customer_id":6213,"order_id":48137,"order_status":"ON_HOLD"}
{"order_customer_id":9516,"order_id":48138,"order_status":"PENDING_PAYMENT"}
{"order_customer_id":4288,"order_id":48139,"order_status":"COMPLETE"}
{"order_customer_id":11810,"order_id":48140,"order_status":"PENDING_PAYMENT"}
{"order_customer_id":6477,"order_id":48141,"order_status":"COMPLETE"}
{"order_customer_id":7193,"order_id":48142,"order_status":"PROCESSING"}
{"order_customer_id":388,"order_id":48143,"order_status":"PENDING"}
{"order_customer_id":5078,"order_id":48144,"order_status":"PENDING_PAYMENT"}
{"order_customer_id":4832,"order_id":48145,"order_status":"CLOSED"}
{"order_customer_id":7208,"order_id":48146,"order_status":"PENDING_PAYMENT"}
{"order_customer_id":1715,"order_id":48147,"order_status":"PENDING"}
{"order_customer_id":10179,"order_id":48148,"order_status":"PROCESSING"}
{"order_customer_id":8337,"order_id":48149,"order_status":"COMPLETE"}
{"order_customer_id":5564,"order_id":48150,"order_status":"COMPLETE"}
{"order_customer_id":11389,"order_id":48151,"order_status":"COMPLETE"}
{"order_customer_id":11775,"order_id":48152,"order_status":"PENDING"}
{"order_customer_id":10490,"order_id":48153,"order_status":"PENDING_PAYMENT"}
{"order_customer_id":3808,"order_id":48154,"order_status":"SUSPECTED_FRAUD"}
{"order_customer_id":6936,"order_id":48155,"order_status":"COMPLETE"}
{"order_customer_id":5490,"order_id":48156,"order_status":"PROCESSING"}
{"order_customer_id":2243,"order_id":48157,"order_status":"COMPLETE"}
{"order_customer_id":3532,"order_id":48158,"order_status":"PENDING_PAYMENT"}
{"order_customer_id":1771,"order_id":48159,"order_status":"COMPLETE"}
{"order_customer_id":4882,"order_id":48160,"order_status":"CLOSED"}
{"order_customer_id":6530,"order_id":48161,"order_status":"PENDING_PAYMENT"}
{"order_customer_id":6395,"order_id":48162,"order_status":"CANCELED"}
{"order_customer_id":4329,"order_id":48163,"order_status":"SUSPECTED_FRAUD"}
{"order_customer_id":2911,"order_id":48164,"order_status":"CLOSED"}
{"order_customer_id":3513,"order_id":48165,"order_status":"PENDING"}
{"order_customer_id":5965,"order_id":48166,"order_status":"CLOSED"}
{"order_customer_id":12000,"order_id":65591,"order_status":"COMPLETE"}
{"order_customer_id":9453,"order_id":65592,"order_status":"COMPLETE"}
{"order_customer_id":9567,"order_id":65593,"order_status":"COMPLETE"}
{"order_customer_id":1452,"order_id":65594,"order_status":"PENDING_PAYMENT"}
{"order_customer_id":7864,"order_id":65595,"order_status":"COMPLETE"}
{"order_customer_id":301,"order_id":65596,"order_status":"ON_HOLD"}
{"order_customer_id":7388,"order_id":65597,"order_status":"CANCELED"}
{"order_customer_id":7457,"order_id":65598,"order_status":"CLOSED"}
{"order_customer_id":1501,"order_id":65599,"order_status":"PENDING"}
{"order_customer_id":4647,"order_id":65600,"order_status":"ON_HOLD"}
{"order_customer_id":8067,"order_id":65601,"order_status":"COMPLETE"}
{"order_customer_id":3878,"order_id":65602,"order_status":"SUSPECTED_FRAUD"}
{"order_customer_id":12246,"order_id":65603,"order_status":"ON_HOLD"}
{"order_customer_id":8166,"order_id":65604,"order_status":"CLOSED"}
{"order_customer_id":3160,"order_id":65605,"order_status":"CLOSED"}
{"order_customer_id":2258,"order_id":65606,"order_status":"COMPLETE"}
{"order_customer_id":4980,"order_id":65607,"order_status":"COMPLETE"}
{"order_customer_id":1165,"order_id":65608,"order_status":"PENDING_PAYMENT"}
{"order_customer_id":7167,"order_id":65609,"order_status":"COMPLETE"}
{"order_customer_id":6003,"order_id":65610,"order_status":"COMPLETE"}
{"order_customer_id":8123,"order_id":65611,"order_status":"PROCESSING"}
{"order_customer_id":9521,"order_id":65612,"order_status":"COMPLETE"}
{"order_customer_id":4931,"order_id":65613,"order_status":"COMPLETE"}
{"order_customer_id":6617,"order_id":65614,"order_status":"CLOSED"}
{"order_customer_id":3365,"order_id":65615,"order_status":"COMPLETE"}
{"order_customer_id":11966,"order_id":65616,"order_status":"PENDING"}
{"order_customer_id":3270,"order_id":68470,"order_status":"PENDING_PAYMENT"}
{"order_customer_id":7816,"order_id":68471,"order_status":"CLOSED"}
{"order_customer_id":2741,"order_id":68472,"order_status":"COMPLETE"}
{"order_customer_id":10584,"order_id":68473,"order_status":"COMPLETE"}
{"order_customer_id":5038,"order_id":68474,"order_status":"COMPLETE"}
