{"order_customer_id":12184,"order_id":33319,"order_status":"PENDING"}
{"order_customer_id":9316,"order_id":33320,"order_status":"CLOSED"}
{"order_customer_id":8710,"order_id":33321,"order_status":"PROCESSING"}
{"order_customer_id":3126,"order_id":33322,"order_status":"PENDING_PAYMENT"}
{"order_customer_id":10766,"order_id":33323,"order_status":"COMPLETE"}
{"order_customer_id":9116,"order_id":33324,"order_status":"PROCESSING"}
{"order_customer_id":4322,"order_id":33325,"order_status":"COMPLETE"}
{"order_customer_id":11790,"order_id":33326,"order_status":"PROCESSING"}
{"order_customer_id":2094,"order_id":33327,"order_status":"CLOSED"}
{"order_customer_id":6585,"order_id":33328,"order_status":"PENDING_PAYMENT"}
{"order_customer_id":1331,"order_id":33329,"order_status":"PENDING_PAYMENT"}
{"order_customer_id":9515,"order_id":33330,"order_status":"CLOSED"}
{"order_customer_id":1282,"order_id":33331,"order_status":"COMPLETE"}
{"order_customer_id":118,"order_id":33332,"order_status":"PAYMENT_REVIEW"}
{"order_customer_id":5705,"order_id":33333,"order_status":"COMPLETE"}
{"order_customer_id":2371,"order_id":33334,"order_status":"PROCESSING"}
{"order_customer_id":9374,"order_id":33335,"order_status":"PROCESSING"}
{"order_customer_id":10493,"order_id":33336,"order_status":"ON_HOLD"}
{"order_customer_id":2636,"order_id":33337,"order_status":"CLOSED"}
{"order_customer_id":316,"order_id":33338,"order_status":"CLOSED"}
{"order_customer_id":12152,"order_id":33339,"order_status":"PENDING"}
{"order_customer_id":6374,"order_id":33340,"order_status":"COMPLETE"}
{"order_customer_id":5137,"order_id":33341,"order_status":"PENDING_PAYMENT"}
{"order_customer_id":3112,"order_id":33342,"order_status":"COMPLETE"}
{"order_customer_id":3038,"order_id":33343,"order_status":"PENDING_PAYMENT"}
{"order_customer_id":4680,"order_id":33344,"order_status":"PROCESSING"}
{"order_customer_id":3754,"order_id":33345,"order_status":"COMPLETE"}
{"order_customer_id":2413,"order_id":33346,"order_status":"COMPLETE"}
{"order_customer_id":12317,"order_id":33347,"order_status":"SUSPECTED_FRAUD"}
{"order_customer_id":4491,"order_id":33348,"order_status":"PENDING_PAYMENT"}
{"order_customer_id":7388,"order_id":33349,"order_status":"COMPLETE"}
{"order_customer_id":10085,"order_id":33350,"order_status":"COMPLETE"}
{"order_customer_id":6494,"order_id":33351,"order_status":"PROCESSING"}
{"order_customer_id":505,"order_id":33352,"order_status":"COMPLETE"}
{"order_customer_id":1369,"order_id":33353,"order_status":"COMPLETE"}
{"order_customer_id":6432,"order_id":33354,"order_status":"COMPLETE"}
{"order_customer_id":9129,"order_id":33355,"order_status":"PENDING"}
{"order_customer_id":6486,"order_id":33356,"order_status":"COMPLETE"}
{"order_customer_id":1771,"order_id":33357,"order_status":"PENDING"}
{"order_customer_id":1711,"order_id":33358,"order_status":"COMPLETE"}
{"order_customer_id":3387,"order_id":33359,"order_status":"PENDING"}
{"order_customer_id":5523,"order_id":33360,"order_status":"COMPLETE"}
{"order_customer_id":6294,"order_id":33361,"order_status":"COMPLETE"}
{"order_customer_id":2845,"order_id":33362,"order_status":"PENDING"}
{"order_customer_id":4060,"order_id":33363,"order_status":"COMPLETE"}
{"order_customer_id":1804,"order_id":33364,"order_status":"PROCESSING"}
{"order_customer_id":63,"order_id":33365,"order_status":"PENDING"}
{"order_customer_id":9279,"order_id":33366,"order_status":"COMPLETE"}
{"order_customer_id":8146,"order_id":33367,"order_status":"PENDING_PAYMENT"}
{"order_customer_id":11646,"order_id":33368,"order_status":"COMPLETE"}
{"order_customer_id":9344,"order_id":33369,"order_status":"PENDING_PAYMENT"}
{"order_customer_id":10952,"order_id":33370,"order_status":"PENDING_PAYMENT"}
{"order_customer_id":8322,"order_id":33371,"order_status":"PENDING_PAYMENT"}
{"order_customer_id":5551,"order_id":33372,"order_status":"COMPLETE"}
{"order_customer_id":8617,"order_id":33373,"order_status":"PENDING"}
{"order_customer_id":11912,"order_id":33374,"order_status":"SUSPECTED_FRAUD"}
{"order_customer_id":10796,"order_id":33375,"order_status":"COMPLETE"}
{"order_customer_id":2451,"order_id":33376,"order_status":"SUSPECTED_FRAUD"}
{"order_customer_id":8015,"order_id":33377,"order_status":"CLOSED"}
{"order_customer_id":9801,"order_id":33378,"order_status":"PROCESSING"}
{"order_customer_id":2653,"order_id":33379,"order_status":"PENDING"}
{"order_customer_id":988,"order_id":33380,"order_status":"COMPLETE"}
{"order_customer_id":2013,"order_id":33381,"order_status":"PENDING_PAYMENT"}
{"order_customer_id":2616,"order_id":33382,"order_status":"CLOSED"}
{"order_customer_id":2783,"order_id":33383,"order_status":"CLOSED"}
{"order_customer_id":717,"order_id":33384,"order_status":"PENDING_PAYMENT"}
{"order_customer_id":10672,"order_id":33385,"order_status":"COMPLETE"}
{"order_customer_id":5418,"order_id":33386,"order_status":"PENDING_PAYMENT"}
{"order_customer_id":911,"order_id":33387,"order_status":"PENDING"}
{"order_customer_id":4084,"order_id":33388,"order_status":"COMPLETE"}
{"order_customer_id":7862,"order_id":33389,"order_status":"PROCESSING"}
{"order_customer_id":2823,"order_id":33390,"order_status":"COMPLETE"}
{"order_customer_id":2656,"order_id":33391,"order_status":"PROCESSING"}
{"order_customer_id":7636,"order_id":33392,"order_status":"COMPLETE"}
{"order_customer_id":4429,"order_id":33393,"order_status":"CLOSED"}
{"order_customer_id":4548,"order_id":33394,"order_status":"PROCESSING"}
{"order_customer_id":7728,"order_id":33395,"order_status":"PENDING_PAYMENT"}
{"order_customer_id":11648,"order_id":33396,"order_status":"PROCESSING"}
{"order_customer_id":11485,"order_id":33397,"order_status":"COMPLETE"}
{"order_customer_id":9876,"order_id":33398,"order_status":"CLOSED"}
{"order_customer_id":7732,"order_id":33399,"order_status":"PENDING"}
{"order_customer_id":1742,"order_id":33400,"order_status":"COMPLETE"}
{"order_customer_id":507,"order_id":33401,"order_status":"PROCESSING"}
{"order_customer_id":6601,"order_id":33402,"order_status":"PROCESSING"}
{"order_customer_id":9915,"order_id":33403,"order_status":"PENDING"}
{"order_customer_id":2764,"order_id":33404,"order_status":"PROCESSING"}
{"order_customer_id":2312,"order_id":33405,"order_status":"COMPLETE"}
{"order_customer_id":6763,"order_id":33406,"order_status":"PENDING_PAYMENT"}
{"order_customer_id":2950,"order_id":33407,"order_status":"PENDING"}
{"order_customer_id":7176,"order_id":33408,"order_status":"COMPLETE"}
{"order_customer_id":7502,"order_id":33409,"order_status":"COMPLETE"}
{"order_customer_id":1171,"order_id":33410,"order_status":"COMPLETE"}
{"order_customer_id":12418,"order_id":33411,"order_status":"COMPLETE"}
{"order_customer_id":8362,"order_id":33412,"order_status":"CLOSED"}
{"order_customer_id":5640,"order_id":33413,"order_status":"COMPLETE"}
{"order_customer_id":9702,"order_id":33414,"order_status":"COMPLETE"}
{"order_customer_id":9306,"order_id":33415,"order_status":"ON_HOLD"}
{"order_customer_id":3044,"order_id":33416,"order_status":"COMPLETE"}
{"order_customer_id":8801,"order_id":33417,"order_status":"PENDING_PAYMENT"}
{"order_customer_id":2727,"order_id":33418,"order_status":"PROCESSING"}
{"order_customer_id":265,"order_id":33419,"order_status":"CLOSED"}
{"order_customer_id":8691,"order_id":33420,"order_status":"PROCESSING"}
{"order_customer_id":11430,"order_id":33421,"order_status":"COMPLETE"}
{"order_customer_id":12318,"order_id":33422,"order_status":"CLOSED"}
{"order_customer_id":8762,"order_id":33423,"order_status":"CLOSED"}
{"order_customer_id":8845,"order_id":33424,"order_status":"PENDING_PAYMENT"}
{"order_customer_id":6916,"order_id":33425,"order_status":"COMPLETE"}
{"order_customer_id":7211,"order_id":33426,"order_status":"PENDING_PAYMENT"}
{"order_customer_id":5595,"order_id":33427,"order_status":"PENDING"}
{"order_customer_id":9268,"order_id":33428,"order_status":"PENDING_PAYMENT"}
{"order_customer_id":9085,"order_id":33429,"order_status":"COMPLETE"}
{"order_customer_id":6348,"order_id":33430,"order_status":"PENDING"}
{"order_customer_id":9455,"order_id":33431,"order_status":"PENDING"}
{"order_customer_id":4920,"order_id":33432,"order_status":"PENDING_PAYMENT"}
{"order_customer_id":1348,"order_id":33433,"order_status":"PROCESSING"}
{"order_customer_id":6252,"order_id":33434,"order_status":"PENDING_PAYMENT"}
{"order_customer_id":2462,"order_id":33435,"order_status":"COMPLETE"}
{"order_customer_id":3617,"order_id":33436,"order_status":"PROCESSING"}
{"order_customer_id":5994,"order_id":33437,"order_status":"COMPLETE"}
{"order_customer_id":11275,"order_id":33438,"order_status":"CLOSED"}
{"order_customer_id":3377,"order_id":33439,"order_status":"PROCESSING"}
{"order_customer_id":8063,"order_id":33440,"order_status":"COMPLETE"}
{"order_customer_id":23,"order_id":33441,"order_status":"PENDING_PAYMENT"}
{"order_customer_id":7151,"order_id":33442,"order_status":"PENDING"}
{"order_customer_id":8808,"order_id":33443,"order_status":"COMPLETE"}
{"order_customer_id":4078,"order_id":33444,"order_status":"PROCESSING"}
{"order_customer_id":10722,"order_id":33445,"order_status":"CANCELED"}
{"order_customer_id":11509,"order_id":33446,"order_status":"COMPLETE"}
{"order_customer_id":4067,"order_id":33447,"order_status":"PENDING_PAYMENT"}
{"order_customer_id":12306,"order_id":33448,"order_status":"CANCELED"}
{"order_customer_id":502,"order_id":33449,"order_status":"PROCESSING"}
{"order_customer_id":4484,"order_id":33450,"order_status":"COMPLETE"}
{"order_customer_id":1014,"order_id":33451,"order_status":"PENDING"}
{"order_customer_id":10308,"order_id":33452,"order_status":"SUSPECTED_FRAUD"}
{"order_customer_id":8517,"order_id":33453,"order_status":"ON_HOLD"}
{"order_customer_id":5868,"order_id":33454,"order_status":"PENDING_PAYMENT"}
{"order_customer_id":4249,"order_id":33455,"order_status":"CLOSED"}
{"order_customer_id":6995,"order_id":33456,"order_status":"PROCESSING"}
{"order_customer_id":6986,"order_id":33457,"order_status":"PROCESSING"}
{"order_customer_id":2305,"order_id":33458,"order_status":"COMPLETE"}
{"order_customer_id":3224,"order_id":33459,"order_status":"PENDING"}
{"order_customer_id":10585,"order_id":33460,"order_status":"ON_HOLD"}
{"order_customer_id":11278,"order_id":33461,"order_status":"PENDING_PAYMENT"}
{"order_customer_id":4004,"order_id":33462,"order_status":"COMPLETE"}
{"order_customer_id":8761,"order_id":33463,"order_status":"PROCESSING"}
{"order_customer_id":4152,"order_id":33464,"order_status":"COMPLETE"}
{"order_customer_id":2788,"order_id":33465,"order_status":"COMPLETE"}
{"order_customer_id":11022,"order_id":33466,"order_status":"COMPLETE"}
{"order_customer_id":10732,"order_id":33467,"order_status":"COMPLETE"}
{"order_customer_id":4245,"order_id":33468,"order_status":"COMPLETE"}
{"order_customer_id":2014,"order_id":33469,"order_status":"COMPLETE"}
{"order_customer_id":5999,"order_id":33470,"order_status":"PROCESSING"}
{"order_customer_id":12076,"order_id":33471,"order_status":"PENDING"}
{"order_customer_id":589,"order_id":33472,"order_status":"PROCESSING"}
{"order_customer_id":9145,"order_id":33473,"order_status":"COMPLETE"}
{"order_customer_id":840,"order_id":33474,"order_status":"PENDING_PAYMENT"}
{"order_customer_id":2239,"order_id":33475,"order_status":"PENDING_PAYMENT"}
{"order_customer_id":1779,"order_id":33476,"order_status":"CLOSED"}
{"order_customer_id":11622,"order_id":33477,"order_status":"PENDING_PAYMENT"}
{"order_customer_id":8566,"order_id":33478,"order_status":"COMPLETE"}
{"order_customer_id":5543,"order_id":33479,"order_status":"PROCESSING"}
{"order_customer_id":7327,"order_id":33480,"order_status":"COMPLETE"}
{"order_customer_id":21,"order_id":33481,"order_status":"PENDING"}
{"order_customer_id":6276,"order_id":33482,"order_status":"ON_HOLD"}
{"order_customer_id":7036,"order_id":33483,"order_status":"PROCESSING"}
{"order_customer_id":7250,"order_id":33484,"order_status":"COMPLETE"}
{"order_customer_id":2901,"order_id":33485,"order_status":"PROCESSING"}
{"order_customer_id":538,"order_id":33486,"order_status":"SUSPECTED_FRAUD"}
{"order_customer_id":11677,"order_id":33487,"order_status":"CANCELED"}
{"order_customer_id":1044,"order_id":33488,"order_status":"PENDING"}
{"order_customer_id":11212,"order_id":33489,"order_status":"COMPLETE"}
{"order_customer_id":9212,"order_id":33490,"order_status":"COMPLETE"}
{"order_customer_id":11936,"order_id":33491,"order_status":"COMPLETE"}
{"order_customer_id":4072,"order_id":33492,"order_status":"PENDING_PAYMENT"}
{"order_customer_id":3034,"order_id":33493,"order_status":"PROCESSING"}
{"order_customer_id":9972,"order_id":33494,"order_status":"COMPLETE"}
{"order_customer_id":840,"order_id":33495,"order_status":"COMPLETE"}
{"order_customer_id":3405,"order_id":33496,"order_status":"PAYMENT_REVIEW"}
{"order_customer_id":6759,"order_id":33497,"order_status":"CLOSED"}
{"order_customer_id":3339,"order_id":33498,"order_status":"COMPLETE"}
{"order_customer_id":6660,"order_id":33499,"order_status":"ON_HOLD"}
{"order_customer_id":6235,"order_id":33500,"order_status":"PENDING_PAYMENT"}
{"order_customer_id":12162,"order_id":33501,"order_status":"COMPLETE"}
{"order_customer_id":3586,"order_id":33502,"order_status":"CANCELED"}
{"order_customer_id":12004,"order_id":33503,"order_status":"PENDING_PAYMENT"}
{"order_customer_id":8558,"order_id":33504,"order_status":"COMPLETE"}
{"order_customer_id":10747,"order_id":33505,"order_status":"PROCESSING"}
{"order_customer_id":5832,"order_id":33506,"order_status":"PENDING_PAYMENT"}
{"order_customer_id":9948,"order_id":33507,"order_status":"COMPLETE"}
{"order_customer_id":6325,"order_id":33508,"order_status":"COMPLETE"}
{"order_customer_id":10596,"order_id":33509,"order_status":"COMPLETE"}
{"order_customer_id":2633,"order_id":33510,"order_status":"PENDING_PAYMENT"}
{"order_customer_id":7064,"order_id":33511,"order_status":"COMPLETE"}
{"order_customer_id":7388,"order_id":33512,"order_status":"PENDING_PAYMENT"}
{"order_customer_id":3228,"order_id":33513,"order_status":"COMPLETE"}
{"order_customer_id":2793,"order_id":33514,"order_status":"PENDING_PAYMENT"}
{"order_customer_id":5707,"order_id":33515,"order_status":"COMPLETE"}
{"order_customer_id":4208,"order_id":33516,"order_status":"COMPLETE"}
{"order_customer_id":10769,"order_id":33517,"order_status":"COMPLETE"}
{"order_customer_id":761,"order_id":33518,"order_status":"SUSPECTED_FRAUD"}
{"order_customer_id":5736,"order_id":33519,"order_status":"PROCESSING"}
{"order_customer_id":9989,"order_id":33520,"order_status":"PROCESSING"}
{"order_customer_id":2147,"order_id":33521,"order_status":"COMPLETE"}
{"order_customer_id":3990,"order_id":33522,"order_status":"PENDING_PAYMENT"}
{"order_customer_id":8383,"order_id":33523,"order_status":"COMPLETE"}
{"order_customer_id":9400,"order_id":33524,"order_status":"COMPLETE"}
{"order_customer_id":10104,"order_id":33525,"order_status":"PENDING_PAYMENT"}
{"order_customer_id":8812,"order_id":33526,"order_status":"COMPLETE"}
{"order_customer_id":4492,"order_id":33527,"order_status":"CANCELED"}
{"order_customer_id":2159,"order_id":33528,"order_status":"COMPLETE"}
{"order_customer_id":5051,"order_id":33529,"order_status":"SUSPECTED_FRAUD"}
{"order_customer_id":2750,"order_id":33530,"order_status":"PENDING_PAYMENT"}
{"order_customer_id":8274,"order_id":33531,"order_status":"PENDING"}
{"order_customer_id":2970,"order_id":33532,"order_status":"PROCESSING"}
{"order_customer_id":8116,"order_id":33533,"order_status":"PENDING"}
{"order_customer_id":4452,"order_id":33534,"order_status":"ON_HOLD"}
{"order_customer_id":312,"order_id":33535,"order_status":"PENDING_PAYMENT"}
{"order_customer_id":2211,"order_id":33536,"order_status":"COMPLETE"}
{"order_customer_id":10518,"order_id":33537,"order_status":"PENDING"}
{"order_customer_id":10299,"order_id":33538,"order_status":"CLOSED"}
{"order_customer_id":8270,"order_id":33539,"order_status":"PROCESSING"}
{"order_customer_id":3545,"order_id":33540,"order_status":"COMPLETE"}
{"order_customer_id":7757,"order_id":33541,"order_status":"COMPLETE"}
{"order_customer_id":10321,"order_id":33542,"order_status":"COMPLETE"}
{"order_customer_id":9972,"order_id":33543,"order_status":"CLOSED"}
{"order_customer_id":12073,"order_id":33544,"order_status":"PENDING_PAYMENT"}
{"order_customer_id":1336,"order_id":33545,"order_status":"PENDING"}
{"order_customer_id":3937,"order_id":33546,"order_status":"PROCESSING"}
{"order_customer_id":445,"order_id":33547,"order_status":"CLOSED"}
{"order_customer_id":6454,"order_id":33548,"order_status":"COMPLETE"}
{"order_customer_id":9316,"order_id":33549,"order_status":"PROCESSING"}
{"order_customer_id":4442,"order_id":63224,"order_status":"COMPLETE"}
{"order_customer_id":12366,"order_id":63225,"order_status":"COMPLETE"}
{"order_customer_id":1951,"order_id":63226,"order_status":"PROCESSING"}
{"order_customer_id":3498,"order_id":63227,"order_status":"PENDING"}
{"order_customer_id":1521,"order_id":63228,"order_status":"CLOSED"}
{"order_customer_id":8522,"order_id":63229,"order_status":"COMPLETE"}
{"order_customer_id":5107,"order_id":63230,"order_status":"COMPLETE"}
{"order_customer_id":7877,"order_id":63231,"order_status":"COMPLETE"}
{"order_customer_id":6654,"order_id":63232,"order_status":"PROCESSING"}
{"order_customer_id":5870,"order_id":63233,"order_status":"PENDING"}
{"order_customer_id":3286,"order_id":63234,"order_status":"PENDING_PAYMENT"}
{"order_customer_id":7995,"order_id":63235,"order_status":"PENDING_PAYMENT"}
{"order_customer_id":9969,"order_id":63236,"order_status":"CLOSED"}
{"order_customer_id":3422,"order_id":63237,"order_status":"PENDING_PAYMENT"}
{"order_customer_id":1295,"order_id":63238,"order_status":"COMPLETE"}
{"order_customer_id":6584,"order_id":63239,"order_status":"ON_HOLD"}
{"order_customer_id":9979,"order_id":68140,"order_status":"CLOSED"}
{"order_customer_id":4655,"order_id":68141,"order_status":"COMPLETE"}
{"order_customer_id":10701,"order_id":68142,"order_status":"COMPLETE"}
{"order_customer_id":2907,"order_id":68143,"order_status":"COMPLETE"}
{"order_customer_id":9319,"order_id":68144,"order_status":"PROCESSING"}
{"order_customer_id":10706,"order_id":68145,"order_status":"CLOSED"}
