{"order_customer_id":5552,"order_id":38705,"order_status":"PENDING"}
{"order_customer_id":5272,"order_id":38706,"order_status":"PENDING"}
{"order_customer_id":3615,"order_id":38707,"order_status":"PENDING_PAYMENT"}
{"order_customer_id":10742,"order_id":38708,"order_status":"PROCESSING"}
{"order_customer_id":9459,"order_id":38709,"order_status":"COMPLETE"}
{"order_customer_id":5916,"order_id":38710,"order_status":"CLOSED"}
{"order_customer_id":8214,"order_id":38711,"order_status":"COMPLETE"}
{"order_customer_id":10030,"order_id":38712,"order_status":"COMPLETE"}
{"order_customer_id":5732,"order_id":38713,"order_status":"CLOSED"}
{"order_customer_id":1095,"order_id":38714,"order_status":"COMPLETE"}
{"order_customer_id":3365,"order_id":38715,"order_status":"COMPLETE"}
{"order_customer_id":3855,"order_id":38716,"order_status":"COMPLETE"}
{"order_customer_id":1078,"order_id":38717,"order_status":"COMPLETE"}
{"order_customer_id":7337,"order_id":38718,"order_status":"PENDING_PAYMENT"}
{"order_customer_id":7132,"order_id":38719,"order_status":"ON_HOLD"}
{"order_customer_id":5566,"order_id":38720,"order_status":"ON_HOLD"}
{"order_customer_id":12171,"order_id":38721,"order_status":"COMPLETE"}
{"order_customer_id":9978,"order_id":38722,"order_status":"PENDING"}
{"order_customer_id":7501,"order_id":38723,"order_status":"CLOSED"}
{"order_customer_id":2313,"order_id":38724,"order_status":"PENDING_PAYMENT"}
{"order_customer_id":8775,"order_id":38725,"order_status":"PENDING_PAYMENT"}
{"order_customer_id":9434,"order_id":38726,"order_status":"PENDING_PAYMENT"}
{"order_customer_id":8332,"order_id":38727,"order_status":"SUSPECTED_FRAUD"}
{"order_customer_id":5957,"order_id":38728,"order_status":"COMPLETE"}
{"order_customer_id":11077,"order_id":38729,"order_status":"PENDING"}
{"order_customer_id":2278,"order_id":38730,"order_status":"PENDING_PAYMENT"}
{"order_customer_id":4219,"order_id":38731,"order_status":"PENDING_PAYMENT"}
{"order_customer_id":1676,"order_id":38732,"order_status":"CLOSED"}
{"order_customer_id":2615,"order_id":38733,"order_status":"COMPLETE"}
{"order_customer_id":4456,"order_id":38734,"order_status":"PENDING_PAYMENT"}
{"order_customer_id":11763,"order_id":38735,"order_status":"PROCESSING"}
{"order_customer_id":1356,"order_id":38736,"order_status":"PENDING"}
{"order_customer_id":8447,"order_id":38737,"order_status":"COMPLETE"}
{"order_customer_id":2261,"order_id":38738,"order_status":"PENDING"}
{"order_customer_id":9910,"order_id":38739,"order_status":"ON_HOLD"}
{"order_customer_id":1936,"order_id":38740,"order_status":"PENDING"}
{"order_customer_id":4890,"order_id":38741,"order_status":"COMPLETE"}
{"order_customer_id":3768,"order_id":38742,"order_status":"PENDING"}
{"order_customer_id":11768,"order_id":38743,"order_status":"CANCELED"}
{"order_customer_id":12131,"order_id":38744,"order_status":"PENDING"}
{"order_customer_id":8617,"order_id":38745,"order_status":"SUSPECTED_FRAUD"}
{"order_customer_id":3331,"order_id":38746,"order_status":"PENDING"}
{"order_customer_id":12366,"order_id":38747,"order_status":"COMPLETE"}
{"order_customer_id":10473,"order_id":38748,"order_status":"CANCELED"}
{"order_customer_id":8321,"order_id":38749,"order_status":"COMPLETE"}
{"order_customer_id":6789,"order_id":38750,"order_status":"PENDING_PAYMENT"}
{"order_customer_id":1827,"order_id":38751,"order_status":"PENDING_PAYMENT"}
{"order_customer_id":3345,"order_id":38752,"order_status":"COMPLETE"}
{"order_customer_id":2572,"order_id":38753,"order_status":"PROCESSING"}
{"order_customer_id":206,"order_id":38754,"order_status":"COMPLETE"}
{"order_customer_id":7284,"order_id":38755,"order_status":"ON_HOLD"}
{"order_customer_id":7597,"order_id":38756,"order_status":"CLOSED"}
{"order_customer_id":10487,"order_id":38757,"order_status":"COMPLETE"}
{"order_customer_id":9626,"order_id":38758,"order_status":"PENDING_PAYMENT"}
{"order_customer_id":10933,"order_id":38759,"order_status":"CLOSED"}
{"order_customer_id":467,"order_id":38760,"order_status":"PENDING_PAYMENT"}
{"order_customer_id":3279,"order_id":38761,"order_status":"PENDING_PAYMENT"}
{"order_customer_id":3582,"order_id":38762,"order_status":"PENDING_PAYMENT"}
{"order_customer_id":9271,"order_id":38763,"order_status":"PENDING_PAYMENT"}
{"order_customer_id":8101,"order_id":38764,"order_status":"ON_HOLD"}
{"order_customer_id":6550,"order_id":38765,"order_status":"COMPLETE"}
{"order_customer_id":10182,"order_id":38766,"order_status":"PROCESSING"}
{"order_customer_id":11114,"order_id":38767,"order_status":"PENDING"}
{"order_customer_id":5339,"order_id":38768,"order_status":"COMPLETE"}
{"order_customer_id":6908,"order_id":38769,"order_status":"PENDING_PAYMENT"}
{"order_customer_id":11265,"order_id":38770,"order_status":"PENDING_PAYMENT"}
{"order_customer_id":10582,"order_id":38771,"order_status":"PENDING_PAYMENT"}
{"order_customer_id":7876,"order_id":38772,"order_status":"PENDING_PAYMENT"}
{"order_customer_id":6158,"order_id":38773,"order_status":"COMPLETE"}
{"order_customer_id":12256,"order_id":38774,"order_status":"ON_HOLD"}
{"order_customer_id":1972,"order_id":38775,"order_status":"ON_HOLD"}
{"order_customer_id":7994,"order_id":38776,"order_status":"PENDING_PAYMENT"}
{"order_customer_id":12051,"order_id":38777,"order_status":"COMPLETE"}
{"order_customer_id":5336,"order_id":38778,"order_status":"PENDING_PAYMENT"}
{"order_customer_id":3474,"order_id":38779,"order_status":"PROCESSING"}
{"order_customer_id":6330,"order_id":38780,"order_status":"COMPLETE"}
{"order_customer_id":2572,"order_id":38781,"order_status":"PROCESSING"}
{"order_customer_id":7375,"order_id":38782,"order_status":"PENDING"}
{"order_customer_id":12386,"order_id":38783,"order_status":"CLOSED"}
{"order_customer_id":2276,"order_id":38784,"order_status":"COMPLETE"}
{"order_customer_id":4823,"order_id":38785,"order_status":"COMPLETE"}
{"order_customer_id":973,"order_id":38786,"order_status":"COMPLETE"}
{"order_customer_id":10183,"order_id":38787,"order_status":"COMPLETE"}
{"order_customer_id":4417,"order_id":38788,"order_status":"COMPLETE"}
{"order_customer_id":5299,"order_id":38789,"order_status":"CLOSED"}
{"order_customer_id":10907,"order_id":38790,"order_status":"CLOSED"}
{"order_customer_id":11770,"order_id":38791,"order_status":"PENDING"}
{"order_customer_id":2349,"order_id":38792,"order_status":"CLOSED"}
{"order_customer_id":10736,"order_id":38793,"order_status":"PENDING_PAYMENT"}
{"order_customer_id":8133,"order_id":38794,"order_status":"PENDING"}
{"order_customer_id":11246,"order_id":38795,"order_status":"COMPLETE"}
{"order_customer_id":408,"order_id":38796,"order_status":"ON_HOLD"}
{"order_customer_id":11113,"order_id":38797,"order_status":"PENDING_PAYMENT"}
{"order_customer_id":5442,"order_id":38798,"order_status":"PENDING_PAYMENT"}
{"order_customer_id":4148,"order_id":38799,"order_status":"SUSPECTED_FRAUD"}
{"order_customer_id":10803,"order_id":38800,"order_status":"COMPLETE"}
{"order_customer_id":297,"order_id":38801,"order_status":"CLOSED"}
{"order_customer_id":2626,"order_id":38802,"order_status":"COMPLETE"}
{"order_customer_id":8869,"order_id":38803,"order_status":"PROCESSING"}
{"order_customer_id":11862,"order_id":38804,"order_status":"COMPLETE"}
{"order_customer_id":797,"order_id":38805,"order_status":"COMPLETE"}
{"order_customer_id":4978,"order_id":38806,"order_status":"PENDING_PAYMENT"}
{"order_customer_id":8015,"order_id":38807,"order_status":"PENDING_PAYMENT"}
{"order_customer_id":2485,"order_id":38808,"order_status":"PENDING_PAYMENT"}
{"order_customer_id":2488,"order_id":38809,"order_status":"COMPLETE"}
{"order_customer_id":4958,"order_id":38810,"order_status":"COMPLETE"}
{"order_customer_id":7098,"order_id":38811,"order_status":"COMPLETE"}
{"order_customer_id":1543,"order_id":38812,"order_status":"PROCESSING"}
{"order_customer_id":7585,"order_id":38813,"order_status":"COMPLETE"}
{"order_customer_id":10018,"order_id":38814,"order_status":"CLOSED"}
{"order_customer_id":3889,"order_id":38815,"order_status":"CLOSED"}
{"order_customer_id":11577,"order_id":38816,"order_status":"PROCESSING"}
{"order_customer_id":11198,"order_id":38817,"order_status":"COMPLETE"}
{"order_customer_id":6595,"order_id":38818,"order_status":"PENDING_PAYMENT"}
{"order_customer_id":12079,"order_id":38819,"order_status":"COMPLETE"}
{"order_customer_id":4094,"order_id":38820,"order_status":"PROCESSING"}
{"order_customer_id":5695,"order_id":38821,"order_status":"SUSPECTED_FRAUD"}
{"order_customer_id":11349,"order_id":38822,"order_status":"PENDING_PAYMENT"}
{"order_customer_id":8507,"order_id":38823,"order_status":"CANCELED"}
{"order_customer_id":9570,"order_id":38824,"order_status":"CLOSED"}
{"order_customer_id":10711,"order_id":38825,"order_status":"PENDING_PAYMENT"}
{"order_customer_id":2470,"order_id":38826,"order_status":"PENDING_PAYMENT"}
{"order_customer_id":9806,"order_id":38827,"order_status":"COMPLETE"}
{"order_customer_id":5140,"order_id":38828,"order_status":"PENDING_PAYMENT"}
{"order_customer_id":7694,"order_id":38829,"order_status":"PENDING_PAYMENT"}
{"order_customer_id":558,"order_id":38830,"order_status":"CLOSED"}
{"order_customer_id":6321,"order_id":38831,"order_status":"CLOSED"}
{"order_customer_id":3725,"order_id":38832,"order_status":"PROCESSING"}
{"order_customer_id":8159,"order_id":38833,"order_status":"PROCESSING"}
{"order_customer_id":4590,"order_id":38834,"order_status":"ON_HOLD"}
{"order_customer_id":6959,"order_id":38835,"order_status":"COMPLETE"}
{"order_customer_id":11499,"order_id":38836,"order_status":"PENDING_PAYMENT"}
{"order_customer_id":1464,"order_id":38837,"order_status":"COMPLETE"}
{"order_customer_id":8012,"order_id":38838,"order_status":"COMPLETE"}
{"order_customer_id":11109,"order_id":38839,"order_status":"ON_HOLD"}
{"order_customer_id":1008,"order_id":38840,"order_status":"PENDING_PAYMENT"}
{"order_customer_id":10340,"order_id":38841,"order_status":"COMPLETE"}
{"order_customer_id":2164,"order_id":38842,"order_status":"PENDING_PAYMENT"}
{"order_customer_id":6273,"order_id":38843,"order_status":"CANCELED"}
{"order_customer_id":2229,"order_id":38844,"order_status":"COMPLETE"}
{"order_customer_id":8743,"order_id":38845,"order_status":"COMPLETE"}
{"order_customer_id":11501,"order_id":38846,"order_status":"PENDING_PAYMENT"}
{"order_customer_id":3226,"order_id":38847,"order_status":"PENDING_PAYMENT"}
{"order_customer_id":55,"order_id":38848,"order_status":"CLOSED"}
{"order_customer_id":1289,"order_id":38849,"order_status":"PENDING_PAYMENT"}
{"order_customer_id":76,"order_id":38850,"order_status":"COMPLETE"}
{"order_customer_id":7789,"order_id":38851,"order_status":"COMPLETE"}
{"order_customer_id":11475,"order_id":38852,"order_status":"PENDING"}
{"order_customer_id":10346,"order_id":38853,"order_status":"CLOSED"}
{"order_customer_id":677,"order_id":38854,"order_status":"PENDING_PAYMENT"}
{"order_customer_id":760,"order_id":38855,"order_status":"PENDING_PAYMENT"}
{"order_customer_id":5928,"order_id":38856,"order_status":"PENDING_PAYMENT"}
{"order_customer_id":6382,"order_id":38857,"order_status":"PROCESSING"}
{"order_customer_id":11836,"order_id":38858,"order_status":"PENDING_PAYMENT"}
{"order_customer_id":5340,"order_id":64015,"order_status":"COMPLETE"}
{"order_customer_id":3822,"order_id":64016,"order_status":"PENDING_PAYMENT"}
{"order_customer_id":8593,"order_id":64017,"order_status":"COMPLETE"}
{"order_customer_id":9389,"order_id":64018,"order_status":"ON_HOLD"}
{"order_customer_id":4872,"order_id":64019,"order_status":"PENDING_PAYMENT"}
{"order_customer_id":1273,"order_id":64020,"order_status":"PENDING_PAYMENT"}
{"order_customer_id":5010,"order_id":64021,"order_status":"PROCESSING"}
{"order_customer_id":5998,"order_id":64022,"order_status":"COMPLETE"}
{"order_customer_id":4038,"order_id":64023,"order_status":"COMPLETE"}
{"order_customer_id":6710,"order_id":64024,"order_status":"COMPLETE"}
{"order_customer_id":4957,"order_id":64025,"order_status":"PROCESSING"}
{"order_customer_id":4059,"order_id":64026,"order_status":"PENDING_PAYMENT"}
{"order_customer_id":10663,"order_id":64027,"order_status":"PENDING_PAYMENT"}
{"order_customer_id":8312,"order_id":64028,"order_status":"PENDING"}
{"order_customer_id":9003,"order_id":64029,"order_status":"CLOSED"}
{"order_customer_id":1599,"order_id":64030,"order_status":"PROCESSING"}
{"order_customer_id":10351,"order_id":64031,"order_status":"CLOSED"}
{"order_customer_id":2258,"order_id":64032,"order_status":"COMPLETE"}
{"order_customer_id":6341,"order_id":64033,"order_status":"COMPLETE"}
{"order_customer_id":6474,"order_id":64034,"order_status":"SUSPECTED_FRAUD"}
{"order_customer_id":5597,"order_id":64035,"order_status":"COMPLETE"}
{"order_customer_id":5003,"order_id":64036,"order_status":"CLOSED"}
{"order_customer_id":3939,"order_id":64037,"order_status":"COMPLETE"}
{"order_customer_id":11045,"order_id":64038,"order_status":"PROCESSING"}
{"order_customer_id":5345,"order_id":64039,"order_status":"COMPLETE"}
{"order_customer_id":7536,"order_id":64040,"order_status":"COMPLETE"}
{"order_customer_id":2702,"order_id":64041,"order_status":"PROCESSING"}
{"order_customer_id":4335,"order_id":64042,"order_status":"PENDING_PAYMENT"}
{"order_customer_id":12076,"order_id":64043,"order_status":"CLOSED"}
{"order_customer_id":6019,"order_id":68255,"order_status":"PENDING"}
{"order_customer_id":5021,"order_id":68256,"order_status":"PENDING"}
{"order_customer_id":5415,"order_id":68257,"order_status":"COMPLETE"}
{"order_customer_id":9989,"order_id":68258,"order_status":"COMPLETE"}
