{"order_customer_id":8916,"order_id":30078,"order_status":"PENDING_PAYMENT"}
{"order_customer_id":8592,"order_id":30079,"order_status":"CLOSED"}
{"order_customer_id":4670,"order_id":30080,"order_status":"PENDING_PAYMENT"}
{"order_customer_id":4458,"order_id":30081,"order_status":"SUSPECTED_FRAUD"}
{"order_customer_id":848,"order_id":30082,"order_status":"COMPLETE"}
{"order_customer_id":8058,"order_id":30083,"order_status":"PENDING"}
{"order_customer_id":6160,"order_id":30084,"order_status":"PENDING_PAYMENT"}
{"order_customer_id":10071,"order_id":30085,"order_status":"COMPLETE"}
{"order_customer_id":3336,"order_id":30086,"order_status":"PENDING_PAYMENT"}
{"order_customer_id":1184,"order_id":30087,"order_status":"PENDING"}
{"order_customer_id":4922,"order_id":30088,"order_status":"PROCESSING"}
{"order_customer_id":9858,"order_id":30089,"order_status":"COMPLETE"}
{"order_customer_id":3236,"order_id":30090,"order_status":"COMPLETE"}
{"order_customer_id":6833,"order_id":30091,"order_status":"COMPLETE"}
{"order_customer_id":1084,"order_id":30092,"order_status":"ON_HOLD"}
{"order_customer_id":1993,"order_id":30093,"order_status":"PENDING_PAYMENT"}
{"order_customer_id":5941,"order_id":30094,"order_status":"PROCESSING"}
{"order_customer_id":9319,"order_id":30095,"order_status":"PROCESSING"}
{"order_customer_id":11306,"order_id":30096,"order_status":"PENDING_PAYMENT"}
{"order_customer_id":489,"order_id":30097,"order_status":"COMPLETE"}
{"order_customer_id":132,"order_id":30098,"order_status":"PENDING_PAYMENT"}
{"order_customer_id":5778,"order_id":30099,"order_status":"PENDING_PAYMENT"}
{"order_customer_id":2381,"order_id":30100,"order_status":"PENDING_PAYMENT"}
{"order_customer_id":8258,"order_id":30101,"order_status":"PENDING_PAYMENT"}
{"order_customer_id":9402,"order_id":30102,"order_status":"PENDING"}
{"order_customer_id":7418,"order_id":30103,"order_status":"PENDING_PAYMENT"}
{"order_customer_id":11126,"order_id":30104,"order_status":"ON_HOLD"}
{"order_customer_id":1775,"order_id":30105,"order_status":"COMPLETE"}
{"order_customer_id":264,"order_id":30106,"order_status":"CLOSED"}
{"order_customer_id":10008,"order_id":30107,"order_status":"PENDING_PAYMENT"}
{"order_customer_id":1213,"order_id":30108,"order_status":"COMPLETE"}
{"order_customer_id":11407,"order_id":30109,"order_status":"PENDING"}
{"order_customer_id":9088,"order_id":30110,"order_status":"CANCELED"}
{"order_customer_id":4781,"order_id":30111,"order_status":"PROCESSING"}
{"order_customer_id":7230,"order_id":30112,"order_status":"COMPLETE"}
{"order_customer_id":4008,"order_id":30113,"order_status":"CLOSED"}
{"order_customer_id":5660,"order_id":30114,"order_status":"COMPLETE"}
{"order_customer_id":8893,"order_id":30115,"order_status":"PENDING_PAYMENT"}
{"order_customer_id":1658,"order_id":30116,"order_status":"PROCESSING"}
{"order_customer_id":457,"order_id":30117,"order_status":"COMPLETE"}
{"order_customer_id":11101,"order_id":30118,"order_status":"COMPLETE"}
{"order_customer_id":6393,"order_id":30119,"order_status":"COMPLETE"}
{"order_customer_id":7245,"order_id":30120,"order_status":"COMPLETE"}
{"order_customer_id":6666,"order_id":30121,"order_status":"PROCESSING"}
{"order_customer_id":6876,"order_id":30122,"order_status":"COMPLETE"}
{"order_customer_id":8964,"order_id":30123,"order_status":"COMPLETE"}
{"order_customer_id":1223,"order_id":30124,"order_status":"ON_HOLD"}
{"order_customer_id":1368,"order_id":30125,"order_status":"PENDING"}
{"order_customer_id":9930,"order_id":30126,"order_status":"CLOSED"}
{"order_customer_id":11962,"order_id":30127,"order_status":"COMPLETE"}
{"order_customer_id":1716,"order_id":30128,"order_status":"PROCESSING"}
{"order_customer_id":6671,"order_id":30129,"order_status":"COMPLETE"}
{"order_customer_id":3886,"order_id":30130,"order_status":"ON_HOLD"}
{"order_customer_id":7963,"order_id":30131,"order_status":"COMPLETE"}
{"order_customer_id":8817,"order_id":30132,"order_status":"COMPLETE"}
{"order_customer_id":6835,"order_id":30133,"order_status":"PENDING_PAYMENT"}
{"order_customer_id":3355,"order_id":30134,"order_status":"COMPLETE"}
{"order_customer_id":2457,"order_id":30135,"order_status":"COMPLETE"}
{"order_customer_id":9501,"order_id":30136,"order_status":"COMPLETE"}
{"order_customer_id":1651,"order_id":30137,"order_status":"CLOSED"}
{"order_customer_id":11545,"order_id":30138,"order_status":"COMPLETE"}
{"order_customer_id":6237,"order_id":30139,"order_status":"COMPLETE"}
{"order_customer_id":10172,"order_id":30140,"order_status":"PROCESSING"}
{"order_customer_id":7942,"order_id":30141,"order_status":"COMPLETE"}
{"order_customer_id":8781,"order_id":30142,"order_status":"PENDING_PAYMENT"}
{"order_customer_id":10777,"order_id":30143,"order_status":"PROCESSING"}
{"order_customer_id":3371,"order_id":30144,"order_status":"COMPLETE"}
{"order_customer_id":1330,"order_id":30145,"order_status":"CLOSED"}
{"order_customer_id":10980,"order_id":30146,"order_status":"CANCELED"}
{"order_customer_id":3238,"order_id":30147,"order_status":"CANCELED"}
{"order_customer_id":9335,"order_id":30148,"order_status":"CLOSED"}
{"order_customer_id":7290,"order_id":30149,"order_status":"PENDING_PAYMENT"}
{"order_customer_id":5203,"order_id":30150,"order_status":"PENDING_PAYMENT"}
{"order_customer_id":9539,"order_id":30151,"order_status":"COMPLETE"}
{"order_customer_id":10267,"order_id":30152,"order_status":"COMPLETE"}
{"order_customer_id":1224,"order_id":30153,"order_status":"COMPLETE"}
{"order_customer_id":5705,"order_id":30154,"order_status":"COMPLETE"}
{"order_customer_id":2985,"order_id":30155,"order_status":"COMPLETE"}
{"order_customer_id":1524,"order_id":30156,"order_status":"PENDING_PAYMENT"}
{"order_customer_id":9806,"order_id":30157,"order_status":"PENDING_PAYMENT"}
{"order_customer_id":11785,"order_id":30158,"order_status":"PROCESSING"}
{"order_customer_id":8370,"order_id":30159,"order_status":"PENDING_PAYMENT"}
{"order_customer_id":11184,"order_id":30160,"order_status":"COMPLETE"}
{"order_customer_id":2660,"order_id":30161,"order_status":"PENDING_PAYMENT"}
{"order_customer_id":2689,"order_id":30162,"order_status":"ON_HOLD"}
{"order_customer_id":7597,"order_id":30163,"order_status":"ON_HOLD"}
{"order_customer_id":1205,"order_id":30164,"order_status":"PROCESSING"}
{"order_customer_id":3308,"order_id":30165,"order_status":"COMPLETE"}
{"order_customer_id":7871,"order_id":30166,"order_status":"COMPLETE"}
{"order_customer_id":10715,"order_id":30167,"order_status":"PENDING_PAYMENT"}
{"order_customer_id":5737,"order_id":30168,"order_status":"COMPLETE"}
{"order_customer_id":10031,"order_id":30169,"order_status":"PENDING_PAYMENT"}
{"order_customer_id":9108,"order_id":30170,"order_status":"COMPLETE"}
{"order_customer_id":4290,"order_id":30171,"order_status":"CLOSED"}
{"order_customer_id":1271,"order_id":30172,"order_status":"COMPLETE"}
{"order_customer_id":3743,"order_id":30173,"order_status":"PENDING_PAYMENT"}
{"order_customer_id":6248,"order_id":30174,"order_status":"COMPLETE"}
{"order_customer_id":3580,"order_id":30175,"order_status":"PROCESSING"}
{"order_customer_id":6929,"order_id":30176,"order_status":"COMPLETE"}
{"order_customer_id":11077,"order_id":30177,"order_status":"CANCELED"}
{"order_customer_id":7234,"order_id":30178,"order_status":"COMPLETE"}
{"order_customer_id":320,"order_id":30179,"order_status":"CLOSED"}
{"order_customer_id":4908,"order_id":30180,"order_status":"ON_HOLD"}
{"order_customer_id":3262,"order_id":30181,"order_status":"PENDING_PAYMENT"}
{"order_customer_id":4973,"order_id":30182,"order_status":"CANCELED"}
{"order_customer_id":9352,"order_id":30183,"order_status":"PENDING_PAYMENT"}
{"order_customer_id":1555,"order_id":30184,"order_status":"PENDING_PAYMENT"}
{"order_customer_id":7995,"order_id":30185,"order_status":"COMPLETE"}
{"order_customer_id":5950,"order_id":30186,"order_status":"COMPLETE"}
{"order_customer_id":1373,"order_id":30187,"order_status":"PENDING_PAYMENT"}
{"order_customer_id":110,"order_id":30188,"order_status":"COMPLETE"}
{"order_customer_id":7228,"order_id":30189,"order_status":"CLOSED"}
{"order_customer_id":5699,"order_id":30190,"order_status":"PENDING_PAYMENT"}
{"order_customer_id":8241,"order_id":30191,"order_status":"COMPLETE"}
{"order_customer_id":11214,"order_id":30192,"order_status":"COMPLETE"}
{"order_customer_id":7601,"order_id":30193,"order_status":"PENDING"}
{"order_customer_id":9135,"order_id":30194,"order_status":"COMPLETE"}
{"order_customer_id":7149,"order_id":30195,"order_status":"PROCESSING"}
{"order_customer_id":5699,"order_id":30196,"order_status":"CLOSED"}
{"order_customer_id":10195,"order_id":30197,"order_status":"COMPLETE"}
{"order_customer_id":5622,"order_id":30198,"order_status":"COMPLETE"}
{"order_customer_id":9537,"order_id":30199,"order_status":"COMPLETE"}
{"order_customer_id":1782,"order_id":30200,"order_status":"PENDING_PAYMENT"}
{"order_customer_id":1745,"order_id":30201,"order_status":"COMPLETE"}
{"order_customer_id":4812,"order_id":30202,"order_status":"CANCELED"}
{"order_customer_id":8499,"order_id":30203,"order_status":"PENDING_PAYMENT"}
{"order_customer_id":1178,"order_id":30204,"order_status":"COMPLETE"}
{"order_customer_id":4796,"order_id":30205,"order_status":"PENDING_PAYMENT"}
{"order_customer_id":930,"order_id":30206,"order_status":"PROCESSING"}
{"order_customer_id":209,"order_id":30207,"order_status":"SUSPECTED_FRAUD"}
{"order_customer_id":8517,"order_id":30208,"order_status":"PENDING_PAYMENT"}
{"order_customer_id":8737,"order_id":30209,"order_status":"PENDING_PAYMENT"}
{"order_customer_id":9721,"order_id":30210,"order_status":"PENDING_PAYMENT"}
{"order_customer_id":10504,"order_id":30211,"order_status":"COMPLETE"}
{"order_customer_id":1288,"order_id":30212,"order_status":"CLOSED"}
{"order_customer_id":9949,"order_id":30213,"order_status":"PROCESSING"}
{"order_customer_id":4117,"order_id":30214,"order_status":"PENDING"}
{"order_customer_id":7721,"order_id":30215,"order_status":"PENDING_PAYMENT"}
{"order_customer_id":7461,"order_id":30216,"order_status":"PENDING_PAYMENT"}
{"order_customer_id":6201,"order_id":30217,"order_status":"PENDING_PAYMENT"}
{"order_customer_id":11538,"order_id":30218,"order_status":"COMPLETE"}
{"order_customer_id":3526,"order_id":30219,"order_status":"PENDING"}
{"order_customer_id":5260,"order_id":30220,"order_status":"ON_HOLD"}
{"order_customer_id":1870,"order_id":30221,"order_status":"COMPLETE"}
{"order_customer_id":8135,"order_id":30222,"order_status":"PENDING"}
{"order_customer_id":6703,"order_id":30223,"order_status":"COMPLETE"}
{"order_customer_id":6428,"order_id":30224,"order_status":"PROCESSING"}
{"order_customer_id":3321,"order_id":30225,"order_status":"PENDING_PAYMENT"}
{"order_customer_id":773,"order_id":30226,"order_status":"PROCESSING"}
{"order_customer_id":2518,"order_id":30227,"order_status":"PENDING_PAYMENT"}
{"order_customer_id":2303,"order_id":30228,"order_status":"COMPLETE"}
{"order_customer_id":6115,"order_id":30229,"order_status":"COMPLETE"}
{"order_customer_id":7468,"order_id":30230,"order_status":"CLOSED"}
{"order_customer_id":12339,"order_id":30231,"order_status":"COMPLETE"}
{"order_customer_id":5190,"order_id":30232,"order_status":"CLOSED"}
{"order_customer_id":3865,"order_id":30233,"order_status":"COMPLETE"}
{"order_customer_id":9710,"order_id":30234,"order_status":"COMPLETE"}
{"order_customer_id":8499,"order_id":30235,"order_status":"COMPLETE"}
{"order_customer_id":7593,"order_id":30236,"order_status":"COMPLETE"}
{"order_customer_id":7565,"order_id":30237,"order_status":"PENDING_PAYMENT"}
{"order_customer_id":3142,"order_id":30238,"order_status":"PROCESSING"}
{"order_customer_id":1660,"order_id":30239,"order_status":"COMPLETE"}
{"order_customer_id":9547,"order_id":30240,"order_status":"CLOSED"}
{"order_customer_id":9404,"order_id":30241,"order_status":"PENDING"}
{"order_customer_id":6036,"order_id":30242,"order_status":"PROCESSING"}
{"order_customer_id":9491,"order_id":30243,"order_status":"ON_HOLD"}
{"order_customer_id":11151,"order_id":30244,"order_status":"COMPLETE"}
{"order_customer_id":8698,"order_id":30245,"order_status":"SUSPECTED_FRAUD"}
{"order_customer_id":6780,"order_id":62663,"order_status":"PROCESSING"}
{"order_customer_id":5641,"order_id":62664,"order_status":"PENDING"}
{"order_customer_id":1838,"order_id":62665,"order_status":"PROCESSING"}
{"order_customer_id":9193,"order_id":62666,"order_status":"CLOSED"}
{"order_customer_id":10082,"order_id":62667,"order_status":"PROCESSING"}
{"order_customer_id":3354,"order_id":62668,"order_status":"COMPLETE"}
{"order_customer_id":8754,"order_id":62669,"order_status":"PROCESSING"}
{"order_customer_id":10681,"order_id":62670,"order_status":"ON_HOLD"}
{"order_customer_id":1545,"order_id":62671,"order_status":"PENDING"}
{"order_customer_id":7575,"order_id":62672,"order_status":"PROCESSING"}
{"order_customer_id":9223,"order_id":62673,"order_status":"PENDING_PAYMENT"}
{"order_customer_id":12219,"order_id":62674,"order_status":"COMPLETE"}
{"order_customer_id":6289,"order_id":62675,"order_status":"COMPLETE"}
{"order_customer_id":8939,"order_id":62676,"order_status":"PENDING"}
{"order_customer_id":5575,"order_id":62677,"order_status":"PROCESSING"}
{"order_customer_id":3341,"order_id":62678,"order_status":"PENDING_PAYMENT"}
{"order_customer_id":12278,"order_id":62679,"order_status":"PENDING_PAYMENT"}
{"order_customer_id":1912,"order_id":62680,"order_status":"CANCELED"}
{"order_customer_id":12052,"order_id":62681,"order_status":"PENDING_PAYMENT"}
{"order_customer_id":8156,"order_id":62682,"order_status":"PENDING"}
{"order_customer_id":3439,"order_id":62683,"order_status":"SUSPECTED_FRAUD"}
{"order_customer_id":5717,"order_id":62684,"order_status":"SUSPECTED_FRAUD"}
{"order_customer_id":5560,"order_id":62685,"order_status":"COMPLETE"}
{"order_customer_id":4976,"order_id":62686,"order_status":"COMPLETE"}
{"order_customer_id":11079,"order_id":62687,"order_status":"PROCESSING"}
{"order_customer_id":7844,"order_id":62688,"order_status":"PENDING_PAYMENT"}
{"order_customer_id":280,"order_id":62689,"order_status":"COMPLETE"}
{"order_customer_id":9009,"order_id":68066,"order_status":"PENDING"}
{"order_customer_id":9809,"order_id":68792,"order_status":"CANCELED"}
