{"order_customer_id":4622,"order_id":20438,"order_status":"PAYMENT_REVIEW"}
{"order_customer_id":10011,"order_id":20439,"order_status":"PROCESSING"}
{"order_customer_id":6359,"order_id":20440,"order_status":"COMPLETE"}
{"order_customer_id":9213,"order_id":20441,"order_status":"CLOSED"}
{"order_customer_id":11489,"order_id":20442,"order_status":"PENDING_PAYMENT"}
{"order_customer_id":1473,"order_id":20443,"order_status":"CLOSED"}
{"order_customer_id":7050,"order_id":20444,"order_status":"PENDING"}
{"order_customer_id":6195,"order_id":20445,"order_status":"PROCESSING"}
{"order_customer_id":4106,"order_id":20446,"order_status":"COMPLETE"}
{"order_customer_id":8015,"order_id":20447,"order_status":"CLOSED"}
{"order_customer_id":2030,"order_id":20448,"order_status":"PENDING"}
{"order_customer_id":2800,"order_id":20449,"order_status":"PENDING"}
{"order_customer_id":10328,"order_id":20450,"order_status":"CLOSED"}
{"order_customer_id":1438,"order_id":20451,"order_status":"COMPLETE"}
{"order_customer_id":3755,"order_id":20452,"order_status":"SUSPECTED_FRAUD"}
{"order_customer_id":11848,"order_id":20453,"order_status":"CLOSED"}
{"order_customer_id":9249,"order_id":20454,"order_status":"COMPLETE"}
{"order_customer_id":4526,"order_id":20455,"order_status":"PENDING"}
{"order_customer_id":8422,"order_id":20456,"order_status":"PENDING"}
{"order_customer_id":10067,"order_id":20457,"order_status":"PROCESSING"}
{"order_customer_id":11222,"order_id":20458,"order_status":"SUSPECTED_FRAUD"}
{"order_customer_id":11497,"order_id":20459,"order_status":"COMPLETE"}
{"order_customer_id":8919,"order_id":20460,"order_status":"PENDING"}
{"order_customer_id":6630,"order_id":20461,"order_status":"CLOSED"}
{"order_customer_id":5659,"order_id":20462,"order_status":"PENDING_PAYMENT"}
{"order_customer_id":9517,"order_id":20463,"order_status":"PENDING_PAYMENT"}
{"order_customer_id":4837,"order_id":20464,"order_status":"CLOSED"}
{"order_customer_id":2275,"order_id":20465,"order_status":"PENDING_PAYMENT"}
{"order_customer_id":7144,"order_id":20466,"order_status":"PENDING_PAYMENT"}
{"order_customer_id":7252,"order_id":20467,"order_status":"PENDING_PAYMENT"}
{"order_customer_id":11454,"order_id":20468,"order_status":"COMPLETE"}
{"order_customer_id":6221,"order_id":20469,"order_status":"CLOSED"}
{"order_customer_id":3036,"order_id":20470,"order_status":"COMPLETE"}
{"order_customer_id":9957,"order_id":20471,"order_status":"COMPLETE"}
{"order_customer_id":7208,"order_id":20472,"order_status":"PENDING_PAYMENT"}
{"order_customer_id":5114,"order_id":20473,"order_status":"SUSPECTED_FRAUD"}
{"order_customer_id":2793,"order_id":20474,"order_status":"COMPLETE"}
{"order_customer_id":9063,"order_id":20475,"order_status":"COMPLETE"}
{"order_customer_id":7982,"order_id":20476,"order_status":"PROCESSING"}
{"order_customer_id":723,"order_id":20477,"order_status":"COMPLETE"}
{"order_customer_id":4348,"order_id":20478,"order_status":"COMPLETE"}
{"order_customer_id":3362,"order_id":20479,"order_status":"PENDING"}
{"order_customer_id":4410,"order_id":20480,"order_status":"ON_HOLD"}
{"order_customer_id":2594,"order_id":20481,"order_status":"COMPLETE"}
{"order_customer_id":10959,"order_id":20482,"order_status":"PENDING_PAYMENT"}
{"order_customer_id":11791,"order_id":20483,"order_status":"PENDING_PAYMENT"}
{"order_customer_id":7291,"order_id":20484,"order_status":"CLOSED"}
{"order_customer_id":3196,"order_id":20485,"order_status":"COMPLETE"}
{"order_customer_id":4786,"order_id":20486,"order_status":"COMPLETE"}
{"order_customer_id":698,"order_id":20487,"order_status":"COMPLETE"}
{"order_customer_id":10313,"order_id":20488,"order_status":"PROCESSING"}
{"order_customer_id":3811,"order_id":20489,"order_status":"PENDING"}
{"order_customer_id":1085,"order_id":20490,"order_status":"PENDING_PAYMENT"}
{"order_customer_id":2861,"order_id":20491,"order_status":"PENDING"}
{"order_customer_id":2780,"order_id":20492,"order_status":"COMPLETE"}
{"order_customer_id":6915,"order_id":20493,"order_status":"PENDING"}
{"order_customer_id":3580,"order_id":20494,"order_status":"COMPLETE"}
{"order_customer_id":12264,"order_id":20495,"order_status":"PENDING"}
{"order_customer_id":9070,"order_id":20496,"order_status":"COMPLETE"}
{"order_customer_id":2670,"order_id":20497,"order_status":"COMPLETE"}
{"order_customer_id":1516,"order_id":20498,"order_status":"CLOSED"}
{"order_customer_id":10210,"order_id":20499,"order_status":"COMPLETE"}
{"order_customer_id":2716,"order_id":20500,"order_status":"CLOSED"}
{"order_customer_id":6326,"order_id":20501,"order_status":"PENDING_PAYMENT"}
{"order_customer_id":7066,"order_id":20502,"order_status":"PENDING"}
{"order_customer_id":11253,"order_id":20503,"order_status":"CLOSED"}
{"order_customer_id":9821,"order_id":20504,"order_status":"PENDING_PAYMENT"}
{"order_customer_id":660,"order_id":20505,"order_status":"PROCESSING"}
{"order_customer_id":8828,"order_id":20506,"order_status":"COMPLETE"}
{"order_customer_id":1306,"order_id":20507,"order_status":"SUSPECTED_FRAUD"}
{"order_customer_id":2403,"order_id":20508,"order_status":"PENDING"}
{"order_customer_id":10724,"order_id":20509,"order_status":"PROCESSING"}
{"order_customer_id":9176,"order_id":20510,"order_status":"PENDING_PAYMENT"}
{"order_customer_id":1099,"order_id":20511,"order_status":"PENDING_PAYMENT"}
{"order_customer_id":1500,"order_id":20512,"order_status":"COMPLETE"}
{"order_customer_id":9295,"order_id":20513,"order_status":"COMPLETE"}
{"order_customer_id":10120,"order_id":20514,"order_status":"CLOSED"}
{"order_customer_id":572,"order_id":20515,"order_status":"PENDING_PAYMENT"}
{"order_customer_id":1689,"order_id":20516,"order_status":"PROCESSING"}
{"order_customer_id":5796,"order_id":20517,"order_status":"COMPLETE"}
{"order_customer_id":10472,"order_id":20518,"order_status":"PROCESSING"}
{"order_customer_id":6883,"order_id":20519,"order_status":"COMPLETE"}
{"order_customer_id":10515,"order_id":20520,"order_status":"CLOSED"}
{"order_customer_id":5768,"order_id":20521,"order_status":"SUSPECTED_FRAUD"}
{"order_customer_id":4223,"order_id":20522,"order_status":"PENDING_PAYMENT"}
{"order_customer_id":11913,"order_id":20523,"order_status":"COMPLETE"}
{"order_customer_id":2197,"order_id":20524,"order_status":"PENDING_PAYMENT"}
{"order_customer_id":9325,"order_id":20525,"order_status":"COMPLETE"}
{"order_customer_id":10598,"order_id":20526,"order_status":"COMPLETE"}
{"order_customer_id":8976,"order_id":20527,"order_status":"ON_HOLD"}
{"order_customer_id":7859,"order_id":20528,"order_status":"ON_HOLD"}
{"order_customer_id":4497,"order_id":20529,"order_status":"PENDING_PAYMENT"}
{"order_customer_id":1301,"order_id":20530,"order_status":"PENDING_PAYMENT"}
{"order_customer_id":9578,"order_id":20531,"order_status":"CLOSED"}
{"order_customer_id":1563,"order_id":20532,"order_status":"COMPLETE"}
{"order_customer_id":6495,"order_id":20533,"order_status":"COMPLETE"}
{"order_customer_id":4142,"order_id":20534,"order_status":"COMPLETE"}
{"order_customer_id":6959,"order_id":20535,"order_status":"PENDING"}
{"order_customer_id":7588,"order_id":20536,"order_status":"PROCESSING"}
{"order_customer_id":12,"order_id":20537,"order_status":"PENDING_PAYMENT"}
{"order_customer_id":11601,"order_id":20538,"order_status":"PENDING_PAYMENT"}
{"order_customer_id":9743,"order_id":20539,"order_status":"PENDING_PAYMENT"}
{"order_customer_id":3617,"order_id":20540,"order_status":"PENDING_PAYMENT"}
{"order_customer_id":10501,"order_id":20541,"order_status":"COMPLETE"}
{"order_customer_id":7410,"order_id":20542,"order_status":"PENDING_PAYMENT"}
{"order_customer_id":1007,"order_id":20543,"order_status":"COMPLETE"}
{"order_customer_id":11162,"order_id":20544,"order_status":"COMPLETE"}
{"order_customer_id":4954,"order_id":20545,"order_status":"ON_HOLD"}
{"order_customer_id":1169,"order_id":20546,"order_status":"PROCESSING"}
{"order_customer_id":315,"order_id":20547,"order_status":"CLOSED"}
{"order_customer_id":3747,"order_id":20548,"order_status":"PENDING_PAYMENT"}
{"order_customer_id":10131,"order_id":20549,"order_status":"PENDING_PAYMENT"}
{"order_customer_id":3144,"order_id":20550,"order_status":"PENDING"}
{"order_customer_id":8120,"order_id":20551,"order_status":"COMPLETE"}
{"order_customer_id":4901,"order_id":20552,"order_status":"COMPLETE"}
{"order_customer_id":9020,"order_id":20553,"order_status":"COMPLETE"}
{"order_customer_id":6860,"order_id":20554,"order_status":"COMPLETE"}
{"order_customer_id":10742,"order_id":20555,"order_status":"CLOSED"}
{"order_customer_id":5106,"order_id":20556,"order_status":"PENDING_PAYMENT"}
{"order_customer_id":2703,"order_id":20557,"order_status":"COMPLETE"}
{"order_customer_id":8668,"order_id":20558,"order_status":"PENDING_PAYMENT"}
{"order_customer_id":2220,"order_id":20559,"order_status":"COMPLETE"}
{"order_customer_id":7445,"order_id":20560,"order_status":"PENDING"}
{"order_customer_id":6126,"order_id":20561,"order_status":"PENDING_PAYMENT"}
{"order_customer_id":2753,"order_id":20562,"order_status":"PENDING_PAYMENT"}
{"order_customer_id":12090,"order_id":20563,"order_status":"COMPLETE"}
{"order_customer_id":3406,"order_id":20564,"order_status":"PENDING_PAYMENT"}
{"order_customer_id":5792,"order_id":20565,"order_status":"PENDING_PAYMENT"}
{"order_customer_id":11823,"order_id":20566,"order_status":"PENDING"}
{"order_customer_id":10447,"order_id":20567,"order_status":"ON_HOLD"}
{"order_customer_id":7124,"order_id":20568,"order_status":"COMPLETE"}
{"order_customer_id":6982,"order_id":20569,"order_status":"PENDING"}
{"order_customer_id":12191,"order_id":20570,"order_status":"ON_HOLD"}
{"order_customer_id":11421,"order_id":20571,"order_status":"COMPLETE"}
{"order_customer_id":11332,"order_id":20572,"order_status":"COMPLETE"}
{"order_customer_id":8164,"order_id":20573,"order_status":"PENDING"}
{"order_customer_id":4610,"order_id":20574,"order_status":"COMPLETE"}
{"order_customer_id":9823,"order_id":20575,"order_status":"COMPLETE"}
{"order_customer_id":12014,"order_id":20576,"order_status":"COMPLETE"}
{"order_customer_id":2873,"order_id":20577,"order_status":"ON_HOLD"}
{"order_customer_id":10928,"order_id":20578,"order_status":"PROCESSING"}
{"order_customer_id":289,"order_id":20579,"order_status":"PENDING_PAYMENT"}
{"order_customer_id":3279,"order_id":20580,"order_status":"PENDING_PAYMENT"}
{"order_customer_id":4903,"order_id":20581,"order_status":"PENDING_PAYMENT"}
{"order_customer_id":9114,"order_id":20582,"order_status":"COMPLETE"}
{"order_customer_id":3816,"order_id":20583,"order_status":"PENDING_PAYMENT"}
{"order_customer_id":8334,"order_id":20584,"order_status":"PENDING_PAYMENT"}
{"order_customer_id":2058,"order_id":20585,"order_status":"PENDING"}
{"order_customer_id":10595,"order_id":20586,"order_status":"COMPLETE"}
{"order_customer_id":10020,"order_id":20587,"order_status":"COMPLETE"}
{"order_customer_id":2155,"order_id":20588,"order_status":"PENDING"}
{"order_customer_id":11688,"order_id":20589,"order_status":"COMPLETE"}
{"order_customer_id":6965,"order_id":20590,"order_status":"PENDING_PAYMENT"}
{"order_customer_id":5056,"order_id":20591,"order_status":"PENDING_PAYMENT"}
{"order_customer_id":6699,"order_id":20592,"order_status":"COMPLETE"}
{"order_customer_id":378,"order_id":20593,"order_status":"PROCESSING"}
{"order_customer_id":3586,"order_id":20594,"order_status":"PENDING"}
{"order_customer_id":10666,"order_id":20595,"order_status":"COMPLETE"}
{"order_customer_id":11387,"order_id":20596,"order_status":"COMPLETE"}
{"order_customer_id":6035,"order_id":20597,"order_status":"COMPLETE"}
{"order_customer_id":2905,"order_id":20598,"order_status":"COMPLETE"}
{"order_customer_id":7190,"order_id":20599,"order_status":"PENDING_PAYMENT"}
{"order_customer_id":11738,"order_id":20600,"order_status":"PAYMENT_REVIEW"}
{"order_customer_id":12010,"order_id":20601,"order_status":"PENDING_PAYMENT"}
{"order_customer_id":12136,"order_id":20602,"order_status":"PENDING"}
{"order_customer_id":5257,"order_id":20603,"order_status":"COMPLETE"}
{"order_customer_id":4750,"order_id":20604,"order_status":"PROCESSING"}
{"order_customer_id":2688,"order_id":20605,"order_status":"PENDING"}
{"order_customer_id":3193,"order_id":20606,"order_status":"COMPLETE"}
{"order_customer_id":6869,"order_id":20607,"order_status":"PENDING_PAYMENT"}
{"order_customer_id":5312,"order_id":20608,"order_status":"PENDING"}
{"order_customer_id":586,"order_id":20609,"order_status":"CLOSED"}
{"order_customer_id":5837,"order_id":20610,"order_status":"ON_HOLD"}
{"order_customer_id":4110,"order_id":20611,"order_status":"COMPLETE"}
{"order_customer_id":5423,"order_id":20612,"order_status":"PENDING_PAYMENT"}
{"order_customer_id":8797,"order_id":20613,"order_status":"PENDING_PAYMENT"}
{"order_customer_id":4349,"order_id":20614,"order_status":"PENDING"}
{"order_customer_id":311,"order_id":20615,"order_status":"PENDING_PAYMENT"}
{"order_customer_id":12031,"order_id":20616,"order_status":"ON_HOLD"}
{"order_customer_id":8976,"order_id":20617,"order_status":"ON_HOLD"}
{"order_customer_id":7670,"order_id":20618,"order_status":"PROCESSING"}
{"order_customer_id":2373,"order_id":20619,"order_status":"ON_HOLD"}
{"order_customer_id":6587,"order_id":20620,"order_status":"COMPLETE"}
{"order_customer_id":10196,"order_id":20621,"order_status":"COMPLETE"}
{"order_customer_id":14,"order_id":20622,"order_status":"COMPLETE"}
{"order_customer_id":3687,"order_id":20623,"order_status":"PENDING_PAYMENT"}
{"order_customer_id":6803,"order_id":20624,"order_status":"COMPLETE"}
{"order_customer_id":545,"order_id":20625,"order_status":"COMPLETE"}
{"order_customer_id":9802,"order_id":20626,"order_status":"PENDING"}
{"order_customer_id":7184,"order_id":20627,"order_status":"PENDING_PAYMENT"}
{"order_customer_id":1831,"order_id":20628,"order_status":"PENDING_PAYMENT"}
{"order_customer_id":11348,"order_id":20629,"order_status":"PROCESSING"}
{"order_customer_id":10257,"order_id":20630,"order_status":"CANCELED"}
{"order_customer_id":8754,"order_id":20631,"order_status":"PENDING_PAYMENT"}
{"order_customer_id":7358,"order_id":20632,"order_status":"COMPLETE"}
{"order_customer_id":8845,"order_id":20633,"order_status":"PROCESSING"}
{"order_customer_id":11379,"order_id":20634,"order_status":"COMPLETE"}
{"order_customer_id":5521,"order_id":20635,"order_status":"COMPLETE"}
{"order_customer_id":2087,"order_id":20636,"order_status":"COMPLETE"}
{"order_customer_id":8437,"order_id":20637,"order_status":"PENDING_PAYMENT"}
{"order_customer_id":9666,"order_id":20638,"order_status":"CLOSED"}
{"order_customer_id":10050,"order_id":20639,"order_status":"PENDING_PAYMENT"}
{"order_customer_id":11735,"order_id":20640,"order_status":"CANCELED"}
{"order_customer_id":11008,"order_id":20641,"order_status":"COMPLETE"}
{"order_customer_id":12189,"order_id":20642,"order_status":"PENDING_PAYMENT"}
{"order_customer_id":4793,"order_id":20643,"order_status":"PENDING_PAYMENT"}
{"order_customer_id":12235,"order_id":20644,"order_status":"PENDING"}
{"order_customer_id":5501,"order_id":20645,"order_status":"COMPLETE"}
{"order_customer_id":7573,"order_id":20646,"order_status":"PENDING"}
{"order_customer_id":9181,"order_id":20647,"order_status":"PROCESSING"}
{"order_customer_id":150,"order_id":20648,"order_status":"PENDING_PAYMENT"}
{"order_customer_id":8266,"order_id":20649,"order_status":"PROCESSING"}
{"order_customer_id":11264,"order_id":20650,"order_status":"PENDING"}
{"order_customer_id":9739,"order_id":20651,"order_status":"PENDING_PAYMENT"}
{"order_customer_id":6356,"order_id":20652,"order_status":"PENDING"}
{"order_customer_id":6197,"order_id":20653,"order_status":"COMPLETE"}
{"order_customer_id":1008,"order_id":20654,"order_status":"PAYMENT_REVIEW"}
{"order_customer_id":2834,"order_id":20655,"order_status":"CLOSED"}
{"order_customer_id":11392,"order_id":20656,"order_status":"PENDING"}
{"order_customer_id":10653,"order_id":20657,"order_status":"ON_HOLD"}
{"order_customer_id":5176,"order_id":20658,"order_status":"COMPLETE"}
{"order_customer_id":11475,"order_id":20659,"order_status":"COMPLETE"}
{"order_customer_id":9704,"order_id":20660,"order_status":"PENDING_PAYMENT"}
{"order_customer_id":11760,"order_id":20661,"order_status":"PENDING_PAYMENT"}
{"order_customer_id":6990,"order_id":20662,"order_status":"COMPLETE"}
{"order_customer_id":8526,"order_id":20663,"order_status":"CANCELED"}
{"order_customer_id":12039,"order_id":20664,"order_status":"PENDING_PAYMENT"}
{"order_customer_id":912,"order_id":20665,"order_status":"PENDING_PAYMENT"}
{"order_customer_id":11586,"order_id":20666,"order_status":"COMPLETE"}
{"order_customer_id":3904,"order_id":20667,"order_status":"CLOSED"}
{"order_customer_id":8550,"order_id":20668,"order_status":"PENDING"}
{"order_customer_id":10277,"order_id":20669,"order_status":"PROCESSING"}
{"order_customer_id":11832,"order_id":20670,"order_status":"PENDING_PAYMENT"}
{"order_customer_id":11277,"order_id":20671,"order_status":"PENDING_PAYMENT"}
{"order_customer_id":12023,"order_id":20672,"order_status":"COMPLETE"}
{"order_customer_id":12144,"order_id":61062,"order_status":"COMPLETE"}
{"order_customer_id":3101,"order_id":61063,"order_status":"COMPLETE"}
{"order_customer_id":11405,"order_id":61064,"order_status":"COMPLETE"}
{"order_customer_id":5700,"order_id":61065,"order_status":"PENDING_PAYMENT"}
{"order_customer_id":12042,"order_id":61066,"order_status":"CLOSED"}
{"order_customer_id":5481,"order_id":61067,"order_status":"COMPLETE"}
{"order_customer_id":3580,"order_id":61068,"order_status":"COMPLETE"}
{"order_customer_id":8411,"order_id":61069,"order_status":"CANCELED"}
{"order_customer_id":1597,"order_id":61070,"order_status":"PROCESSING"}
{"order_customer_id":2237,"order_id":61071,"order_status":"CLOSED"}
{"order_customer_id":2115,"order_id":61072,"order_status":"PENDING"}
{"order_customer_id":9012,"order_id":61073,"order_status":"SUSPECTED_FRAUD"}
{"order_customer_id":5264,"order_id":61074,"order_status":"CANCELED"}
{"order_customer_id":10928,"order_id":61075,"order_status":"COMPLETE"}
{"order_customer_id":8787,"order_id":61076,"order_status":"COMPLETE"}
{"order_customer_id":9194,"order_id":61077,"order_status":"COMPLETE"}
{"order_customer_id":8711,"order_id":61078,"order_status":"CLOSED"}
{"order_customer_id":4388,"order_id":61079,"order_status":"COMPLETE"}
{"order_customer_id":7549,"order_id":67860,"order_status":"COMPLETE"}
{"order_customer_id":8615,"order_id":67861,"order_status":"PENDING_PAYMENT"}
{"order_customer_id":1443,"order_id":67862,"order_status":"CLOSED"}
