{"order_customer_id":8377,"order_id":19913,"order_status":"CANCELED"}
{"order_customer_id":2412,"order_id":19914,"order_status":"COMPLETE"}
{"order_customer_id":9868,"order_id":19915,"order_status":"PENDING_PAYMENT"}
{"order_customer_id":6285,"order_id":19916,"order_status":"PENDING_PAYMENT"}
{"order_customer_id":4282,"order_id":19917,"order_status":"CLOSED"}
{"order_customer_id":10277,"order_id":19918,"order_status":"PENDING_PAYMENT"}
{"order_customer_id":5859,"order_id":19919,"order_status":"PROCESSING"}
{"order_customer_id":4677,"order_id":19920,"order_status":"COMPLETE"}
{"order_customer_id":2283,"order_id":19921,"order_status":"PENDING"}
{"order_customer_id":3141,"order_id":19922,"order_status":"PAYMENT_REVIEW"}
{"order_customer_id":145,"order_id":19923,"order_status":"PROCESSING"}
{"order_customer_id":8459,"order_id":19924,"order_status":"PENDING"}
{"order_customer_id":6440,"order_id":19925,"order_status":"COMPLETE"}
{"order_customer_id":9653,"order_id":19926,"order_status":"PROCESSING"}
{"order_customer_id":729,"order_id":19927,"order_status":"COMPLETE"}
{"order_customer_id":2384,"order_id":19928,"order_status":"PENDING_PAYMENT"}
{"order_customer_id":5517,"order_id":19929,"order_status":"PENDING_PAYMENT"}
{"order_customer_id":5007,"order_id":19930,"order_status":"PENDING"}
{"order_customer_id":5220,"order_id":19931,"order_status":"SUSPECTED_FRAUD"}
{"order_customer_id":4148,"order_id":19932,"order_status":"COMPLETE"}
{"order_customer_id":3755,"order_id":19933,"order_status":"COMPLETE"}
{"order_customer_id":9619,"order_id":19934,"order_status":"CLOSED"}
{"order_customer_id":11895,"order_id":19935,"order_status":"PENDING_PAYMENT"}
{"order_customer_id":10235,"order_id":19936,"order_status":"COMPLETE"}
{"order_customer_id":5383,"order_id":19937,"order_status":"PENDING_PAYMENT"}
{"order_customer_id":7213,"order_id":19938,"order_status":"PENDING_PAYMENT"}
{"order_customer_id":10842,"order_id":19939,"order_status":"COMPLETE"}
{"order_customer_id":11822,"order_id":19940,"order_status":"CLOSED"}
{"order_customer_id":3259,"order_id":19941,"order_status":"PROCESSING"}
{"order_customer_id":12269,"order_id":19942,"order_status":"PROCESSING"}
{"order_customer_id":2498,"order_id":19943,"order_status":"PROCESSING"}
{"order_customer_id":11525,"order_id":19944,"order_status":"PENDING"}
{"order_customer_id":3969,"order_id":19945,"order_status":"COMPLETE"}
{"order_customer_id":240,"order_id":19946,"order_status":"PAYMENT_REVIEW"}
{"order_customer_id":10570,"order_id":19947,"order_status":"CLOSED"}
{"order_customer_id":2914,"order_id":19948,"order_status":"PENDING_PAYMENT"}
{"order_customer_id":10144,"order_id":19949,"order_status":"PROCESSING"}
{"order_customer_id":4890,"order_id":19950,"order_status":"COMPLETE"}
{"order_customer_id":5169,"order_id":19951,"order_status":"PENDING_PAYMENT"}
{"order_customer_id":4841,"order_id":19952,"order_status":"COMPLETE"}
{"order_customer_id":3677,"order_id":19953,"order_status":"PENDING_PAYMENT"}
{"order_customer_id":9264,"order_id":19954,"order_status":"COMPLETE"}
{"order_customer_id":5881,"order_id":19955,"order_status":"COMPLETE"}
{"order_customer_id":5815,"order_id":19956,"order_status":"CLOSED"}
{"order_customer_id":400,"order_id":19957,"order_status":"PENDING_PAYMENT"}
{"order_customer_id":1470,"order_id":19958,"order_status":"PAYMENT_REVIEW"}
{"order_customer_id":3679,"order_id":19959,"order_status":"CANCELED"}
{"order_customer_id":12322,"order_id":19960,"order_status":"PENDING_PAYMENT"}
{"order_customer_id":3031,"order_id":19961,"order_status":"PENDING_PAYMENT"}
{"order_customer_id":8451,"order_id":19962,"order_status":"CLOSED"}
{"order_customer_id":6426,"order_id":19963,"order_status":"COMPLETE"}
{"order_customer_id":6401,"order_id":19964,"order_status":"PAYMENT_REVIEW"}
{"order_customer_id":8092,"order_id":19965,"order_status":"COMPLETE"}
{"order_customer_id":31,"order_id":19966,"order_status":"CLOSED"}
{"order_customer_id":5825,"order_id":19967,"order_status":"COMPLETE"}
{"order_customer_id":10132,"order_id":19968,"order_status":"PROCESSING"}
{"order_customer_id":3294,"order_id":19969,"order_status":"PENDING"}
{"order_customer_id":1613,"order_id":19970,"order_status":"COMPLETE"}
{"order_customer_id":11049,"order_id":19971,"order_status":"PENDING_PAYMENT"}
{"order_customer_id":1013,"order_id":19972,"order_status":"PENDING_PAYMENT"}
{"order_customer_id":3868,"order_id":19973,"order_status":"COMPLETE"}
{"order_customer_id":4732,"order_id":19974,"order_status":"ON_HOLD"}
{"order_customer_id":9844,"order_id":19975,"order_status":"CLOSED"}
{"order_customer_id":3157,"order_id":19976,"order_status":"CANCELED"}
{"order_customer_id":57,"order_id":19977,"order_status":"ON_HOLD"}
{"order_customer_id":1496,"order_id":19978,"order_status":"COMPLETE"}
{"order_customer_id":5123,"order_id":19979,"order_status":"PENDING"}
{"order_customer_id":1250,"order_id":19980,"order_status":"PENDING"}
{"order_customer_id":8935,"order_id":19981,"order_status":"COMPLETE"}
{"order_customer_id":9755,"order_id":19982,"order_status":"ON_HOLD"}
{"order_customer_id":6306,"order_id":19983,"order_status":"CANCELED"}
{"order_customer_id":1716,"order_id":19984,"order_status":"CLOSED"}
{"order_customer_id":5314,"order_id":19985,"order_status":"COMPLETE"}
{"order_customer_id":3573,"order_id":19986,"order_status":"PENDING_PAYMENT"}
{"order_customer_id":6171,"order_id":19987,"order_status":"PENDING_PAYMENT"}
{"order_customer_id":11705,"order_id":19988,"order_status":"PROCESSING"}
{"order_customer_id":10116,"order_id":19989,"order_status":"COMPLETE"}
{"order_customer_id":9687,"order_id":19990,"order_status":"COMPLETE"}
{"order_customer_id":468,"order_id":19991,"order_status":"COMPLETE"}
{"order_customer_id":11881,"order_id":19992,"order_status":"PENDING_PAYMENT"}
{"order_customer_id":2648,"order_id":19993,"order_status":"PROCESSING"}
{"order_customer_id":12176,"order_id":19994,"order_status":"ON_HOLD"}
{"order_customer_id":12174,"order_id":19995,"order_status":"PENDING_PAYMENT"}
{"order_customer_id":11161,"order_id":19996,"order_status":"PENDING_PAYMENT"}
{"order_customer_id":1920,"order_id":19997,"order_status":"COMPLETE"}
{"order_customer_id":11672,"order_id":19998,"order_status":"PROCESSING"}
{"order_customer_id":10014,"order_id":19999,"order_status":"COMPLETE"}
{"order_customer_id":974,"order_id":20000,"order_status":"PENDING_PAYMENT"}
{"order_customer_id":4596,"order_id":20001,"order_status":"PENDING"}
{"order_customer_id":5572,"order_id":20002,"order_status":"SUSPECTED_FRAUD"}
{"order_customer_id":6126,"order_id":20003,"order_status":"CLOSED"}
{"order_customer_id":2092,"order_id":20004,"order_status":"PENDING"}
{"order_customer_id":4227,"order_id":20005,"order_status":"PROCESSING"}
{"order_customer_id":7261,"order_id":60934,"order_status":"COMPLETE"}
{"order_customer_id":9825,"order_id":60935,"order_status":"PENDING"}
{"order_customer_id":4547,"order_id":60936,"order_status":"COMPLETE"}
{"order_customer_id":6426,"order_id":60937,"order_status":"COMPLETE"}
{"order_customer_id":9004,"order_id":60938,"order_status":"COMPLETE"}
{"order_customer_id":4144,"order_id":60939,"order_status":"PENDING_PAYMENT"}
{"order_customer_id":3415,"order_id":60940,"order_status":"COMPLETE"}
{"order_customer_id":10562,"order_id":60941,"order_status":"COMPLETE"}
{"order_customer_id":9956,"order_id":60942,"order_status":"PENDING_PAYMENT"}
{"order_customer_id":5000,"order_id":60943,"order_status":"COMPLETE"}
{"order_customer_id":11524,"order_id":60944,"order_status":"SUSPECTED_FRAUD"}
{"order_customer_id":7178,"order_id":60945,"order_status":"PENDING_PAYMENT"}
{"order_customer_id":7802,"order_id":60946,"order_status":"PENDING"}
{"order_customer_id":9012,"order_id":60947,"order_status":"ON_HOLD"}
{"order_customer_id":11391,"order_id":60948,"order_status":"PENDING_PAYMENT"}
{"order_customer_id":3561,"order_id":60949,"order_status":"COMPLETE"}
{"order_customer_id":4491,"order_id":60950,"order_status":"COMPLETE"}
{"order_customer_id":8930,"order_id":60951,"order_status":"CANCELED"}
{"order_customer_id":11212,"order_id":60952,"order_status":"ON_HOLD"}
{"order_customer_id":6247,"order_id":60953,"order_status":"COMPLETE"}
{"order_customer_id":2657,"order_id":60954,"order_status":"PENDING_PAYMENT"}
{"order_customer_id":10729,"order_id":60955,"order_status":"PENDING_PAYMENT"}
{"order_customer_id":5752,"order_id":60956,"order_status":"PROCESSING"}
{"order_customer_id":2897,"order_id":60957,"order_status":"PENDING_PAYMENT"}
{"order_customer_id":4825,"order_id":60958,"order_status":"PENDING_PAYMENT"}
{"order_customer_id":6553,"order_id":60959,"order_status":"PENDING"}
{"order_customer_id":8171,"order_id":60960,"order_status":"PENDING"}
{"order_customer_id":2950,"order_id":60961,"order_status":"COMPLETE"}
{"order_customer_id":9962,"order_id":60962,"order_status":"COMPLETE"}
{"order_customer_id":3169,"order_id":60963,"order_status":"CLOSED"}
{"order_customer_id":2765,"order_id":60964,"order_status":"COMPLETE"}
{"order_customer_id":4849,"order_id":60965,"order_status":"PROCESSING"}
{"order_customer_id":1965,"order_id":60966,"order_status":"PENDING_PAYMENT"}
{"order_customer_id":11269,"order_id":60967,"order_status":"PENDING_PAYMENT"}
{"order_customer_id":3269,"order_id":60968,"order_status":"PENDING_PAYMENT"}
{"order_customer_id":2034,"order_id":67848,"order_status":"ON_HOLD"}
{"order_customer_id":1012,"order_id":67849,"order_status":"PENDING_PAYMENT"}
{"order_customer_id":133,"order_id":67850,"order_status":"PENDING_PAYMENT"}
{"order_customer_id":8285,"order_id":67851,"order_status":"COMPLETE"}
{"order_customer_id":2949,"order_id":67852,"order_status":"PROCESSING"}
