{"order_customer_id":7652,"order_id":14228,"order_status":"COMPLETE"}
{"order_customer_id":6371,"order_id":14229,"order_status":"PENDING_PAYMENT"}
{"order_customer_id":10738,"order_id":14230,"order_status":"PENDING_PAYMENT"}
{"order_customer_id":10651,"order_id":14231,"order_status":"ON_HOLD"}
{"order_customer_id":4580,"order_id":14232,"order_status":"COMPLETE"}
{"order_customer_id":3273,"order_id":14233,"order_status":"CLOSED"}
{"order_customer_id":3671,"order_id":14234,"order_status":"PENDING_PAYMENT"}
{"order_customer_id":12404,"order_id":14235,"order_status":"COMPLETE"}
{"order_customer_id":1563,"order_id":14236,"order_status":"COMPLETE"}
{"order_customer_id":8224,"order_id":14237,"order_status":"COMPLETE"}
{"order_customer_id":2519,"order_id":14238,"order_status":"COMPLETE"}
{"order_customer_id":8861,"order_id":14239,"order_status":"COMPLETE"}
{"order_customer_id":2300,"order_id":14240,"order_status":"COMPLETE"}
{"order_customer_id":386,"order_id":14241,"order_status":"COMPLETE"}
{"order_customer_id":5168,"order_id":14242,"order_status":"PAYMENT_REVIEW"}
{"order_customer_id":11429,"order_id":14243,"order_status":"PENDING_PAYMENT"}
{"order_customer_id":6188,"order_id":14244,"order_status":"COMPLETE"}
{"order_customer_id":11804,"order_id":14245,"order_status":"PENDING_PAYMENT"}
{"order_customer_id":5805,"order_id":14246,"order_status":"COMPLETE"}
{"order_customer_id":2093,"order_id":14247,"order_status":"SUSPECTED_FRAUD"}
{"order_customer_id":7744,"order_id":14248,"order_status":"PENDING"}
{"order_customer_id":5603,"order_id":14249,"order_status":"PENDING"}
{"order_customer_id":6010,"order_id":14250,"order_status":"COMPLETE"}
{"order_customer_id":5527,"order_id":14251,"order_status":"PENDING"}
{"order_customer_id":1204,"order_id":14252,"order_status":"PROCESSING"}
{"order_customer_id":5317,"order_id":14253,"order_status":"PENDING"}
{"order_customer_id":7417,"order_id":14254,"order_status":"CLOSED"}
{"order_customer_id":6412,"order_id":14255,"order_status":"COMPLETE"}
{"order_customer_id":4099,"order_id":14256,"order_status":"PENDING"}
{"order_customer_id":2567,"order_id":14257,"order_status":"CLOSED"}
{"order_customer_id":2118,"order_id":14258,"order_status":"PENDING_PAYMENT"}
{"order_customer_id":4487,"order_id":14259,"order_status":"COMPLETE"}
{"order_customer_id":2378,"order_id":14260,"order_status":"PENDING"}
{"order_customer_id":3238,"order_id":14261,"order_status":"CLOSED"}
{"order_customer_id":3441,"order_id":14262,"order_status":"PROCESSING"}
{"order_customer_id":3996,"order_id":14263,"order_status":"SUSPECTED_FRAUD"}
{"order_customer_id":6842,"order_id":14264,"order_status":"CLOSED"}
{"order_customer_id":1309,"order_id":14265,"order_status":"PROCESSING"}
{"order_customer_id":3488,"order_id":14266,"order_status":"COMPLETE"}
{"order_customer_id":5844,"order_id":14267,"order_status":"PENDING"}
{"order_customer_id":2960,"order_id":14268,"order_status":"PENDING_PAYMENT"}
{"order_customer_id":8240,"order_id":14269,"order_status":"CLOSED"}
{"order_customer_id":4941,"order_id":14270,"order_status":"PENDING_PAYMENT"}
{"order_customer_id":8820,"order_id":14271,"order_status":"COMPLETE"}
{"order_customer_id":2389,"order_id":14272,"order_status":"COMPLETE"}
{"order_customer_id":2042,"order_id":14273,"order_status":"PROCESSING"}
{"order_customer_id":6809,"order_id":14274,"order_status":"PENDING_PAYMENT"}
{"order_customer_id":1848,"order_id":14275,"order_status":"CLOSED"}
{"order_customer_id":11881,"order_id":14276,"order_status":"COMPLETE"}
{"order_customer_id":4505,"order_id":14277,"order_status":"PENDING_PAYMENT"}
{"order_customer_id":6990,"order_id":14278,"order_status":"PENDING_PAYMENT"}
{"order_customer_id":7868,"order_id":14279,"order_status":"COMPLETE"}
{"order_customer_id":9467,"order_id":14280,"order_status":"COMPLETE"}
{"order_customer_id":924,"order_id":14281,"order_status":"CLOSED"}
{"order_customer_id":1482,"order_id":14282,"order_status":"PENDING_PAYMENT"}
{"order_customer_id":5137,"order_id":14283,"order_status":"CLOSED"}
{"order_customer_id":4792,"order_id":14284,"order_status":"CLOSED"}
{"order_customer_id":12373,"order_id":14285,"order_status":"PENDING"}
{"order_customer_id":10091,"order_id":14286,"order_status":"ON_HOLD"}
{"order_customer_id":8492,"order_id":14287,"order_status":"PENDING_PAYMENT"}
{"order_customer_id":8198,"order_id":14288,"order_status":"PENDING_PAYMENT"}
{"order_customer_id":2290,"order_id":14289,"order_status":"PENDING_PAYMENT"}
{"order_customer_id":3136,"order_id":14290,"order_status":"CANCELED"}
{"order_customer_id":2604,"order_id":14291,"order_status":"SUSPECTED_FRAUD"}
{"order_customer_id":11984,"order_id":14292,"order_status":"PROCESSING"}
{"order_customer_id":6012,"order_id":14293,"order_status":"COMPLETE"}
{"order_customer_id":8023,"order_id":14294,"order_status":"COMPLETE"}
{"order_customer_id":3481,"order_id":14295,"order_status":"COMPLETE"}
{"order_customer_id":9429,"order_id":14296,"order_status":"COMPLETE"}
{"order_customer_id":357,"order_id":14297,"order_status":"PENDING"}
{"order_customer_id":10467,"order_id":14298,"order_status":"COMPLETE"}
{"order_customer_id":11645,"order_id":14299,"order_status":"COMPLETE"}
{"order_customer_id":1816,"order_id":14300,"order_status":"CLOSED"}
{"order_customer_id":2737,"order_id":14301,"order_status":"PROCESSING"}
{"order_customer_id":5039,"order_id":14302,"order_status":"ON_HOLD"}
{"order_customer_id":6143,"order_id":14303,"order_status":"COMPLETE"}
{"order_customer_id":465,"order_id":14304,"order_status":"COMPLETE"}
{"order_customer_id":7580,"order_id":14305,"order_status":"ON_HOLD"}
{"order_customer_id":1999,"order_id":14306,"order_status":"PENDING"}
{"order_customer_id":1966,"order_id":14307,"order_status":"COMPLETE"}
{"order_customer_id":7961,"order_id":14308,"order_status":"COMPLETE"}
{"order_customer_id":433,"order_id":14309,"order_status":"ON_HOLD"}
{"order_customer_id":9993,"order_id":14310,"order_status":"PENDING_PAYMENT"}
{"order_customer_id":12360,"order_id":14311,"order_status":"COMPLETE"}
{"order_customer_id":977,"order_id":14312,"order_status":"PROCESSING"}
{"order_customer_id":2410,"order_id":14313,"order_status":"PENDING_PAYMENT"}
{"order_customer_id":9565,"order_id":14314,"order_status":"PENDING_PAYMENT"}
{"order_customer_id":6730,"order_id":14315,"order_status":"COMPLETE"}
{"order_customer_id":6378,"order_id":14316,"order_status":"PROCESSING"}
{"order_customer_id":7281,"order_id":14317,"order_status":"SUSPECTED_FRAUD"}
{"order_customer_id":2394,"order_id":14318,"order_status":"CLOSED"}
{"order_customer_id":4479,"order_id":14319,"order_status":"COMPLETE"}
{"order_customer_id":11992,"order_id":14320,"order_status":"PENDING"}
{"order_customer_id":9036,"order_id":14321,"order_status":"PENDING_PAYMENT"}
{"order_customer_id":1629,"order_id":14322,"order_status":"COMPLETE"}
{"order_customer_id":2200,"order_id":14323,"order_status":"CLOSED"}
{"order_customer_id":9015,"order_id":14324,"order_status":"COMPLETE"}
{"order_customer_id":10244,"order_id":14325,"order_status":"PENDING_PAYMENT"}
{"order_customer_id":1871,"order_id":14326,"order_status":"CLOSED"}
{"order_customer_id":3523,"order_id":14327,"order_status":"PENDING_PAYMENT"}
{"order_customer_id":1908,"order_id":14328,"order_status":"PROCESSING"}
{"order_customer_id":3336,"order_id":14329,"order_status":"CLOSED"}
{"order_customer_id":2265,"order_id":14330,"order_status":"PAYMENT_REVIEW"}
{"order_customer_id":1386,"order_id":14331,"order_status":"PENDING_PAYMENT"}
{"order_customer_id":9538,"order_id":14332,"order_status":"PENDING_PAYMENT"}
{"order_customer_id":4202,"order_id":14333,"order_status":"PENDING_PAYMENT"}
{"order_customer_id":7253,"order_id":14334,"order_status":"COMPLETE"}
{"order_customer_id":3620,"order_id":14335,"order_status":"PENDING_PAYMENT"}
{"order_customer_id":9064,"order_id":14336,"order_status":"COMPLETE"}
{"order_customer_id":11235,"order_id":14337,"order_status":"CLOSED"}
{"order_customer_id":8227,"order_id":14338,"order_status":"PROCESSING"}
{"order_customer_id":746,"order_id":14339,"order_status":"SUSPECTED_FRAUD"}
{"order_customer_id":4411,"order_id":14340,"order_status":"PENDING_PAYMENT"}
{"order_customer_id":8775,"order_id":14341,"order_status":"COMPLETE"}
{"order_customer_id":9841,"order_id":14342,"order_status":"COMPLETE"}
{"order_customer_id":2680,"order_id":14343,"order_status":"CLOSED"}
{"order_customer_id":1239,"order_id":14344,"order_status":"COMPLETE"}
{"order_customer_id":10630,"order_id":14345,"order_status":"PENDING_PAYMENT"}
{"order_customer_id":12211,"order_id":14346,"order_status":"ON_HOLD"}
{"order_customer_id":7177,"order_id":14347,"order_status":"PENDING_PAYMENT"}
{"order_customer_id":8530,"order_id":14348,"order_status":"PROCESSING"}
{"order_customer_id":6906,"order_id":14349,"order_status":"CLOSED"}
{"order_customer_id":8712,"order_id":14350,"order_status":"COMPLETE"}
{"order_customer_id":9342,"order_id":14351,"order_status":"ON_HOLD"}
{"order_customer_id":4205,"order_id":14352,"order_status":"PENDING_PAYMENT"}
{"order_customer_id":12160,"order_id":14353,"order_status":"COMPLETE"}
{"order_customer_id":5691,"order_id":14354,"order_status":"PENDING_PAYMENT"}
{"order_customer_id":175,"order_id":14355,"order_status":"COMPLETE"}
{"order_customer_id":6904,"order_id":14356,"order_status":"PENDING_PAYMENT"}
{"order_customer_id":3217,"order_id":14357,"order_status":"CLOSED"}
{"order_customer_id":10361,"order_id":14358,"order_status":"COMPLETE"}
{"order_customer_id":6511,"order_id":14359,"order_status":"PROCESSING"}
{"order_customer_id":4449,"order_id":14360,"order_status":"CLOSED"}
{"order_customer_id":1911,"order_id":14361,"order_status":"PROCESSING"}
{"order_customer_id":8552,"order_id":14362,"order_status":"PROCESSING"}
{"order_customer_id":11388,"order_id":14363,"order_status":"PROCESSING"}
{"order_customer_id":4427,"order_id":14364,"order_status":"CLOSED"}
{"order_customer_id":11927,"order_id":14365,"order_status":"COMPLETE"}
{"order_customer_id":6456,"order_id":14366,"order_status":"COMPLETE"}
{"order_customer_id":1480,"order_id":14367,"order_status":"PENDING_PAYMENT"}
{"order_customer_id":9396,"order_id":14368,"order_status":"PENDING_PAYMENT"}
{"order_customer_id":6341,"order_id":14369,"order_status":"PROCESSING"}
{"order_customer_id":6355,"order_id":14370,"order_status":"ON_HOLD"}
{"order_customer_id":6096,"order_id":14371,"order_status":"CLOSED"}
{"order_customer_id":4160,"order_id":14372,"order_status":"SUSPECTED_FRAUD"}
{"order_customer_id":4017,"order_id":14373,"order_status":"COMPLETE"}
{"order_customer_id":9945,"order_id":14374,"order_status":"PENDING"}
{"order_customer_id":11259,"order_id":14375,"order_status":"COMPLETE"}
{"order_customer_id":7824,"order_id":14376,"order_status":"COMPLETE"}
{"order_customer_id":777,"order_id":14377,"order_status":"PENDING_PAYMENT"}
{"order_customer_id":8396,"order_id":14378,"order_status":"PENDING_PAYMENT"}
{"order_customer_id":1359,"order_id":14379,"order_status":"PENDING_PAYMENT"}
{"order_customer_id":5688,"order_id":14380,"order_status":"PROCESSING"}
{"order_customer_id":4257,"order_id":14381,"order_status":"COMPLETE"}
{"order_customer_id":6476,"order_id":14382,"order_status":"PENDING"}
{"order_customer_id":9690,"order_id":14383,"order_status":"PENDING_PAYMENT"}
{"order_customer_id":6947,"order_id":14384,"order_status":"COMPLETE"}
{"order_customer_id":8017,"order_id":14385,"order_status":"COMPLETE"}
{"order_customer_id":406,"order_id":14386,"order_status":"PENDING_PAYMENT"}
{"order_customer_id":3369,"order_id":14387,"order_status":"COMPLETE"}
{"order_customer_id":6924,"order_id":14388,"order_status":"CLOSED"}
{"order_customer_id":1550,"order_id":14389,"order_status":"CANCELED"}
{"order_customer_id":6350,"order_id":14390,"order_status":"PENDING"}
{"order_customer_id":2381,"order_id":14391,"order_status":"CLOSED"}
{"order_customer_id":1039,"order_id":14392,"order_status":"PROCESSING"}
{"order_customer_id":11213,"order_id":14393,"order_status":"CLOSED"}
{"order_customer_id":223,"order_id":14394,"order_status":"ON_HOLD"}
{"order_customer_id":4269,"order_id":14395,"order_status":"PENDING_PAYMENT"}
{"order_customer_id":11541,"order_id":14396,"order_status":"PENDING"}
{"order_customer_id":12289,"order_id":14397,"order_status":"PENDING"}
{"order_customer_id":3562,"order_id":14398,"order_status":"PENDING_PAYMENT"}
{"order_customer_id":3902,"order_id":14399,"order_status":"COMPLETE"}
{"order_customer_id":9205,"order_id":14400,"order_status":"PROCESSING"}
{"order_customer_id":5578,"order_id":14401,"order_status":"CLOSED"}
{"order_customer_id":2904,"order_id":14402,"order_status":"PROCESSING"}
{"order_customer_id":2838,"order_id":14403,"order_status":"CANCELED"}
{"order_customer_id":12322,"order_id":14404,"order_status":"PENDING_PAYMENT"}
{"order_customer_id":1105,"order_id":14405,"order_status":"ON_HOLD"}
{"order_customer_id":10960,"order_id":14406,"order_status":"PROCESSING"}
{"order_customer_id":10188,"order_id":14407,"order_status":"COMPLETE"}
{"order_customer_id":1936,"order_id":14408,"order_status":"CLOSED"}
{"order_customer_id":12253,"order_id":14409,"order_status":"COMPLETE"}
{"order_customer_id":11362,"order_id":14410,"order_status":"PENDING"}
{"order_customer_id":6333,"order_id":14411,"order_status":"PENDING"}
{"order_customer_id":5426,"order_id":14412,"order_status":"COMPLETE"}
{"order_customer_id":4126,"order_id":14413,"order_status":"CLOSED"}
{"order_customer_id":8155,"order_id":14414,"order_status":"PENDING"}
{"order_customer_id":1039,"order_id":14415,"order_status":"CLOSED"}
{"order_customer_id":795,"order_id":14416,"order_status":"CLOSED"}
{"order_customer_id":4456,"order_id":14417,"order_status":"COMPLETE"}
{"order_customer_id":547,"order_id":14418,"order_status":"PENDING_PAYMENT"}
{"order_customer_id":4776,"order_id":14419,"order_status":"COMPLETE"}
{"order_customer_id":4013,"order_id":14420,"order_status":"ON_HOLD"}
{"order_customer_id":5079,"order_id":14421,"order_status":"COMPLETE"}
{"order_customer_id":8993,"order_id":14422,"order_status":"COMPLETE"}
{"order_customer_id":1482,"order_id":14423,"order_status":"PROCESSING"}
{"order_customer_id":9028,"order_id":14424,"order_status":"COMPLETE"}
{"order_customer_id":10085,"order_id":14425,"order_status":"PENDING_PAYMENT"}
{"order_customer_id":1813,"order_id":14426,"order_status":"COMPLETE"}
{"order_customer_id":12078,"order_id":14427,"order_status":"COMPLETE"}
{"order_customer_id":9780,"order_id":14428,"order_status":"PENDING"}
{"order_customer_id":2439,"order_id":14429,"order_status":"COMPLETE"}
{"order_customer_id":11937,"order_id":14430,"order_status":"PENDING_PAYMENT"}
{"order_customer_id":11427,"order_id":14431,"order_status":"PENDING_PAYMENT"}
{"order_customer_id":5431,"order_id":14432,"order_status":"CANCELED"}
{"order_customer_id":1833,"order_id":14433,"order_status":"PROCESSING"}
{"order_customer_id":11502,"order_id":14434,"order_status":"PENDING"}
{"order_customer_id":10044,"order_id":14435,"order_status":"COMPLETE"}
{"order_customer_id":7318,"order_id":14436,"order_status":"PENDING"}
{"order_customer_id":921,"order_id":14437,"order_status":"PROCESSING"}
{"order_customer_id":11039,"order_id":14438,"order_status":"ON_HOLD"}
{"order_customer_id":11232,"order_id":14439,"order_status":"COMPLETE"}
{"order_customer_id":331,"order_id":14440,"order_status":"COMPLETE"}
{"order_customer_id":8281,"order_id":14441,"order_status":"PENDING_PAYMENT"}
{"order_customer_id":3710,"order_id":14442,"order_status":"COMPLETE"}
{"order_customer_id":10109,"order_id":14443,"order_status":"PENDING"}
{"order_customer_id":4616,"order_id":14444,"order_status":"ON_HOLD"}
{"order_customer_id":9879,"order_id":14445,"order_status":"COMPLETE"}
{"order_customer_id":4021,"order_id":14446,"order_status":"CLOSED"}
{"order_customer_id":541,"order_id":60081,"order_status":"COMPLETE"}
{"order_customer_id":10273,"order_id":60082,"order_status":"COMPLETE"}
{"order_customer_id":6544,"order_id":60083,"order_status":"PENDING"}
{"order_customer_id":1750,"order_id":60084,"order_status":"PENDING_PAYMENT"}
{"order_customer_id":9267,"order_id":60085,"order_status":"PENDING"}
{"order_customer_id":4188,"order_id":60086,"order_status":"PROCESSING"}
{"order_customer_id":11243,"order_id":60087,"order_status":"PENDING"}
{"order_customer_id":11522,"order_id":60088,"order_status":"PENDING_PAYMENT"}
{"order_customer_id":11194,"order_id":60089,"order_status":"COMPLETE"}
{"order_customer_id":10079,"order_id":60090,"order_status":"PENDING_PAYMENT"}
{"order_customer_id":3317,"order_id":60091,"order_status":"PENDING"}
{"order_customer_id":8905,"order_id":67732,"order_status":"CLOSED"}
{"order_customer_id":7378,"order_id":67733,"order_status":"COMPLETE"}
{"order_customer_id":10261,"order_id":67734,"order_status":"COMPLETE"}
{"order_customer_id":4420,"order_id":67735,"order_status":"COMPLETE"}
{"order_customer_id":9517,"order_id":67736,"order_status":"PROCESSING"}
{"order_customer_id":8462,"order_id":68736,"order_status":"COMPLETE"}
