{"order_customer_id":8389,"order_id":46750,"order_status":"COMPLETE"}
{"order_customer_id":5618,"order_id":46751,"order_status":"COMPLETE"}
{"order_customer_id":8684,"order_id":46752,"order_status":"PROCESSING"}
{"order_customer_id":11979,"order_id":46753,"order_status":"COMPLETE"}
{"order_customer_id":10863,"order_id":46754,"order_status":"PROCESSING"}
{"order_customer_id":2567,"order_id":46755,"order_status":"PENDING_PAYMENT"}
{"order_customer_id":8180,"order_id":46756,"order_status":"PROCESSING"}
{"order_customer_id":9917,"order_id":46757,"order_status":"PROCESSING"}
{"order_customer_id":2769,"order_id":46758,"order_status":"COMPLETE"}
{"order_customer_id":1104,"order_id":46759,"order_status":"PROCESSING"}
{"order_customer_id":2080,"order_id":46760,"order_status":"COMPLETE"}
{"order_customer_id":2683,"order_id":46761,"order_status":"PENDING_PAYMENT"}
{"order_customer_id":2850,"order_id":46762,"order_status":"COMPLETE"}
{"order_customer_id":784,"order_id":46763,"order_status":"PROCESSING"}
{"order_customer_id":10788,"order_id":46764,"order_status":"COMPLETE"}
{"order_customer_id":5534,"order_id":46765,"order_status":"COMPLETE"}
{"order_customer_id":1027,"order_id":46766,"order_status":"CLOSED"}
{"order_customer_id":4249,"order_id":46767,"order_status":"PROCESSING"}
{"order_customer_id":8027,"order_id":46768,"order_status":"PROCESSING"}
{"order_customer_id":2890,"order_id":46769,"order_status":"ON_HOLD"}
{"order_customer_id":2723,"order_id":46770,"order_status":"CLOSED"}
{"order_customer_id":7654,"order_id":46771,"order_status":"PENDING_PAYMENT"}
{"order_customer_id":4496,"order_id":46772,"order_status":"CLOSED"}
{"order_customer_id":4664,"order_id":46773,"order_status":"COMPLETE"}
{"order_customer_id":7844,"order_id":46774,"order_status":"COMPLETE"}
{"order_customer_id":11764,"order_id":46775,"order_status":"PENDING"}
{"order_customer_id":11601,"order_id":46776,"order_status":"ON_HOLD"}
{"order_customer_id":9992,"order_id":46777,"order_status":"CLOSED"}
{"order_customer_id":7848,"order_id":46778,"order_status":"SUSPECTED_FRAUD"}
{"order_customer_id":1858,"order_id":46779,"order_status":"PENDING"}
{"order_customer_id":672,"order_id":46780,"order_status":"PROCESSING"}
{"order_customer_id":6766,"order_id":46781,"order_status":"COMPLETE"}
{"order_customer_id":10080,"order_id":46782,"order_status":"PENDING"}
{"order_customer_id":2929,"order_id":46783,"order_status":"PENDING_PAYMENT"}
{"order_customer_id":2477,"order_id":46784,"order_status":"PENDING_PAYMENT"}
{"order_customer_id":6928,"order_id":46785,"order_status":"PROCESSING"}
{"order_customer_id":3115,"order_id":46786,"order_status":"PENDING_PAYMENT"}
{"order_customer_id":7341,"order_id":46787,"order_status":"SUSPECTED_FRAUD"}
{"order_customer_id":7716,"order_id":46788,"order_status":"COMPLETE"}
{"order_customer_id":1385,"order_id":46789,"order_status":"COMPLETE"}
{"order_customer_id":11265,"order_id":46790,"order_status":"ON_HOLD"}
{"order_customer_id":197,"order_id":46791,"order_status":"PENDING"}
{"order_customer_id":5854,"order_id":46792,"order_status":"PENDING"}
{"order_customer_id":9965,"order_id":46793,"order_status":"COMPLETE"}
{"order_customer_id":9569,"order_id":46794,"order_status":"COMPLETE"}
{"order_customer_id":3307,"order_id":46795,"order_status":"COMPLETE"}
{"order_customer_id":9064,"order_id":46796,"order_status":"COMPLETE"}
{"order_customer_id":2990,"order_id":46797,"order_status":"COMPLETE"}
{"order_customer_id":528,"order_id":46798,"order_status":"SUSPECTED_FRAUD"}
{"order_customer_id":8954,"order_id":46799,"order_status":"COMPLETE"}
{"order_customer_id":11693,"order_id":46800,"order_status":"COMPLETE"}
{"order_customer_id":8811,"order_id":46801,"order_status":"PENDING"}
{"order_customer_id":8976,"order_id":46802,"order_status":"CLOSED"}
{"order_customer_id":9059,"order_id":46803,"order_status":"PENDING_PAYMENT"}
{"order_customer_id":7081,"order_id":46804,"order_status":"PROCESSING"}
{"order_customer_id":7327,"order_id":46805,"order_status":"COMPLETE"}
{"order_customer_id":5711,"order_id":46806,"order_status":"CLOSED"}
{"order_customer_id":9384,"order_id":46807,"order_status":"COMPLETE"}
{"order_customer_id":9201,"order_id":46808,"order_status":"PENDING"}
{"order_customer_id":6513,"order_id":46809,"order_status":"COMPLETE"}
{"order_customer_id":9620,"order_id":46810,"order_status":"PENDING"}
{"order_customer_id":5085,"order_id":46811,"order_status":"COMPLETE"}
{"order_customer_id":1513,"order_id":46812,"order_status":"COMPLETE"}
{"order_customer_id":6417,"order_id":46813,"order_status":"PROCESSING"}
{"order_customer_id":2627,"order_id":46814,"order_status":"PENDING_PAYMENT"}
{"order_customer_id":3831,"order_id":46815,"order_status":"PENDING_PAYMENT"}
{"order_customer_id":6208,"order_id":46816,"order_status":"PENDING"}
{"order_customer_id":11538,"order_id":46817,"order_status":"CLOSED"}
{"order_customer_id":3591,"order_id":46818,"order_status":"PENDING_PAYMENT"}
{"order_customer_id":8326,"order_id":46819,"order_status":"CLOSED"}
{"order_customer_id":286,"order_id":46820,"order_status":"PENDING_PAYMENT"}
{"order_customer_id":7414,"order_id":46821,"order_status":"PENDING_PAYMENT"}
{"order_customer_id":9071,"order_id":46822,"order_status":"COMPLETE"}
{"order_customer_id":4243,"order_id":46823,"order_status":"PENDING"}
{"order_customer_id":10887,"order_id":46824,"order_status":"SUSPECTED_FRAUD"}
{"order_customer_id":11674,"order_id":46825,"order_status":"PROCESSING"}
{"order_customer_id":4232,"order_id":46826,"order_status":"PROCESSING"}
{"order_customer_id":7537,"order_id":46827,"order_status":"PROCESSING"}
{"order_customer_id":667,"order_id":46828,"order_status":"COMPLETE"}
{"order_customer_id":4649,"order_id":46829,"order_status":"PAYMENT_REVIEW"}
{"order_customer_id":1179,"order_id":46830,"order_status":"COMPLETE"}
{"order_customer_id":10473,"order_id":46831,"order_status":"ON_HOLD"}
{"order_customer_id":8633,"order_id":46832,"order_status":"COMPLETE"}
{"order_customer_id":6033,"order_id":46833,"order_status":"COMPLETE"}
{"order_customer_id":4463,"order_id":46834,"order_status":"CLOSED"}
{"order_customer_id":7209,"order_id":46835,"order_status":"ON_HOLD"}
{"order_customer_id":7200,"order_id":46836,"order_status":"PROCESSING"}
{"order_customer_id":2519,"order_id":46837,"order_status":"PENDING_PAYMENT"}
{"order_customer_id":3438,"order_id":46838,"order_status":"COMPLETE"}
{"order_customer_id":10750,"order_id":46839,"order_status":"CLOSED"}
{"order_customer_id":11492,"order_id":46840,"order_status":"CLOSED"}
{"order_customer_id":4169,"order_id":46841,"order_status":"PENDING_PAYMENT"}
{"order_customer_id":8926,"order_id":46842,"order_status":"CLOSED"}
{"order_customer_id":4317,"order_id":46843,"order_status":"CLOSED"}
{"order_customer_id":2953,"order_id":46844,"order_status":"COMPLETE"}
{"order_customer_id":11236,"order_id":46845,"order_status":"PENDING"}
{"order_customer_id":10946,"order_id":46846,"order_status":"COMPLETE"}
{"order_customer_id":4459,"order_id":46847,"order_status":"CLOSED"}
{"order_customer_id":2130,"order_id":46848,"order_status":"PENDING_PAYMENT"}
{"order_customer_id":6115,"order_id":46849,"order_status":"PENDING_PAYMENT"}
{"order_customer_id":12192,"order_id":46850,"order_status":"PENDING_PAYMENT"}
{"order_customer_id":754,"order_id":46851,"order_status":"ON_HOLD"}
{"order_customer_id":9310,"order_id":46852,"order_status":"PENDING_PAYMENT"}
{"order_customer_id":956,"order_id":46853,"order_status":"ON_HOLD"}
{"order_customer_id":2355,"order_id":46854,"order_status":"CLOSED"}
{"order_customer_id":1895,"order_id":46855,"order_status":"PROCESSING"}
{"order_customer_id":11738,"order_id":46856,"order_status":"COMPLETE"}
{"order_customer_id":8682,"order_id":46857,"order_status":"COMPLETE"}
{"order_customer_id":5659,"order_id":46858,"order_status":"PENDING_PAYMENT"}
{"order_customer_id":7492,"order_id":46859,"order_status":"COMPLETE"}
{"order_customer_id":186,"order_id":46860,"order_status":"CLOSED"}
{"order_customer_id":6490,"order_id":46861,"order_status":"SUSPECTED_FRAUD"}
{"order_customer_id":7299,"order_id":46862,"order_status":"COMPLETE"}
{"order_customer_id":7464,"order_id":46863,"order_status":"PENDING"}
{"order_customer_id":3066,"order_id":46864,"order_status":"CANCELED"}
{"order_customer_id":752,"order_id":46865,"order_status":"PENDING_PAYMENT"}
{"order_customer_id":11842,"order_id":46866,"order_status":"PROCESSING"}
{"order_customer_id":1209,"order_id":46867,"order_status":"PENDING"}
{"order_customer_id":11377,"order_id":46868,"order_status":"SUSPECTED_FRAUD"}
{"order_customer_id":9377,"order_id":46869,"order_status":"COMPLETE"}
{"order_customer_id":12101,"order_id":46870,"order_status":"PROCESSING"}
{"order_customer_id":4237,"order_id":46871,"order_status":"COMPLETE"}
{"order_customer_id":3199,"order_id":46872,"order_status":"PROCESSING"}
{"order_customer_id":10039,"order_id":46873,"order_status":"PROCESSING"}
{"order_customer_id":907,"order_id":46874,"order_status":"COMPLETE"}
{"order_customer_id":3472,"order_id":46875,"order_status":"CLOSED"}
{"order_customer_id":6826,"order_id":46876,"order_status":"CLOSED"}
{"order_customer_id":3406,"order_id":46877,"order_status":"PENDING_PAYMENT"}
{"order_customer_id":6727,"order_id":46878,"order_status":"PENDING_PAYMENT"}
{"order_customer_id":6351,"order_id":46879,"order_status":"COMPLETE"}
{"order_customer_id":12278,"order_id":46880,"order_status":"PENDING"}
{"order_customer_id":3702,"order_id":46881,"order_status":"COMPLETE"}
{"order_customer_id":12169,"order_id":46882,"order_status":"COMPLETE"}
{"order_customer_id":8723,"order_id":46883,"order_status":"CANCELED"}
{"order_customer_id":10912,"order_id":46884,"order_status":"PENDING_PAYMENT"}
{"order_customer_id":5997,"order_id":46885,"order_status":"COMPLETE"}
{"order_customer_id":10113,"order_id":46886,"order_status":"COMPLETE"}
{"order_customer_id":6539,"order_id":46887,"order_status":"COMPLETE"}
{"order_customer_id":10859,"order_id":46888,"order_status":"CLOSED"}
{"order_customer_id":2896,"order_id":46889,"order_status":"CANCELED"}
{"order_customer_id":7327,"order_id":46890,"order_status":"PENDING_PAYMENT"}
{"order_customer_id":7602,"order_id":46891,"order_status":"COMPLETE"}
{"order_customer_id":3491,"order_id":46892,"order_status":"ON_HOLD"}
{"order_customer_id":3105,"order_id":46893,"order_status":"CANCELED"}
{"order_customer_id":5970,"order_id":46894,"order_status":"COMPLETE"}
{"order_customer_id":4471,"order_id":46895,"order_status":"CLOSED"}
{"order_customer_id":11032,"order_id":46896,"order_status":"PENDING_PAYMENT"}
{"order_customer_id":1024,"order_id":46897,"order_status":"PENDING_PAYMENT"}
{"order_customer_id":5999,"order_id":46898,"order_status":"CLOSED"}
{"order_customer_id":10252,"order_id":46899,"order_status":"CANCELED"}
{"order_customer_id":2410,"order_id":46900,"order_status":"COMPLETE"}
{"order_customer_id":4253,"order_id":46901,"order_status":"PENDING_PAYMENT"}
{"order_customer_id":8597,"order_id":46902,"order_status":"PENDING"}
{"order_customer_id":9614,"order_id":46903,"order_status":"COMPLETE"}
{"order_customer_id":10269,"order_id":46904,"order_status":"PENDING_PAYMENT"}
{"order_customer_id":8977,"order_id":46905,"order_status":"PENDING_PAYMENT"}
{"order_customer_id":4657,"order_id":46906,"order_status":"COMPLETE"}
{"order_customer_id":2324,"order_id":46907,"order_status":"PENDING_PAYMENT"}
{"order_customer_id":5216,"order_id":46908,"order_status":"CLOSED"}
{"order_customer_id":2915,"order_id":46909,"order_status":"PENDING_PAYMENT"}
{"order_customer_id":8439,"order_id":46910,"order_status":"COMPLETE"}
{"order_customer_id":3135,"order_id":46911,"order_status":"PROCESSING"}
{"order_customer_id":8330,"order_id":46912,"order_status":"COMPLETE"}
{"order_customer_id":4715,"order_id":46913,"order_status":"ON_HOLD"}
{"order_customer_id":575,"order_id":46914,"order_status":"CLOSED"}
{"order_customer_id":2474,"order_id":46915,"order_status":"COMPLETE"}
{"order_customer_id":10781,"order_id":46916,"order_status":"COMPLETE"}
{"order_customer_id":10562,"order_id":46917,"order_status":"COMPLETE"}
{"order_customer_id":8582,"order_id":46918,"order_status":"COMPLETE"}
{"order_customer_id":3906,"order_id":46919,"order_status":"PENDING"}
{"order_customer_id":8167,"order_id":46920,"order_status":"CLOSED"}
{"order_customer_id":10731,"order_id":46921,"order_status":"CLOSED"}
{"order_customer_id":10382,"order_id":46922,"order_status":"COMPLETE"}
{"order_customer_id":4423,"order_id":46923,"order_status":"ON_HOLD"}
{"order_customer_id":1746,"order_id":46924,"order_status":"COMPLETE"}
{"order_customer_id":4347,"order_id":46925,"order_status":"SUSPECTED_FRAUD"}
{"order_customer_id":855,"order_id":46926,"order_status":"COMPLETE"}
{"order_customer_id":6864,"order_id":46927,"order_status":"PAYMENT_REVIEW"}
{"order_customer_id":9775,"order_id":46928,"order_status":"PENDING_PAYMENT"}
{"order_customer_id":10071,"order_id":46929,"order_status":"COMPLETE"}
{"order_customer_id":1520,"order_id":46930,"order_status":"PENDING_PAYMENT"}
{"order_customer_id":1310,"order_id":65388,"order_status":"PENDING"}
{"order_customer_id":7013,"order_id":65389,"order_status":"CANCELED"}
{"order_customer_id":1936,"order_id":65390,"order_status":"COMPLETE"}
{"order_customer_id":4905,"order_id":65391,"order_status":"COMPLETE"}
{"order_customer_id":5991,"order_id":65392,"order_status":"PENDING_PAYMENT"}
{"order_customer_id":5736,"order_id":65393,"order_status":"ON_HOLD"}
{"order_customer_id":258,"order_id":65394,"order_status":"PENDING_PAYMENT"}
{"order_customer_id":7392,"order_id":65395,"order_status":"COMPLETE"}
{"order_customer_id":3038,"order_id":65396,"order_status":"CLOSED"}
{"order_customer_id":3762,"order_id":65397,"order_status":"PROCESSING"}
{"order_customer_id":4849,"order_id":65398,"order_status":"COMPLETE"}
{"order_customer_id":10095,"order_id":65399,"order_status":"PENDING"}
{"order_customer_id":9949,"order_id":65400,"order_status":"PENDING"}
{"order_customer_id":3951,"order_id":65401,"order_status":"COMPLETE"}
{"order_customer_id":2053,"order_id":65402,"order_status":"COMPLETE"}
{"order_customer_id":2444,"order_id":65403,"order_status":"COMPLETE"}
{"order_customer_id":4403,"order_id":65404,"order_status":"PENDING_PAYMENT"}
{"order_customer_id":5403,"order_id":65405,"order_status":"PROCESSING"}
{"order_customer_id":11577,"order_id":65406,"order_status":"PENDING_PAYMENT"}
{"order_customer_id":5286,"order_id":65407,"order_status":"CLOSED"}
{"order_customer_id":1643,"order_id":65408,"order_status":"COMPLETE"}
{"order_customer_id":3571,"order_id":65409,"order_status":"PENDING"}
{"order_customer_id":11965,"order_id":65410,"order_status":"COMPLETE"}
{"order_customer_id":5824,"order_id":65411,"order_status":"PROCESSING"}
{"order_customer_id":9184,"order_id":65412,"order_status":"PAYMENT_REVIEW"}
{"order_customer_id":6409,"order_id":65413,"order_status":"PENDING_PAYMENT"}
{"order_customer_id":3992,"order_id":65414,"order_status":"PENDING_PAYMENT"}
{"order_customer_id":747,"order_id":65415,"order_status":"COMPLETE"}
{"order_customer_id":373,"order_id":65416,"order_status":"PENDING_PAYMENT"}
{"order_customer_id":4255,"order_id":65417,"order_status":"PENDING_PAYMENT"}
{"order_customer_id":996,"order_id":65418,"order_status":"COMPLETE"}
{"order_customer_id":8660,"order_id":65419,"order_status":"CLOSED"}
{"order_customer_id":12115,"order_id":65420,"order_status":"COMPLETE"}
{"order_customer_id":10110,"order_id":65421,"order_status":"COMPLETE"}
{"order_customer_id":11657,"order_id":65422,"order_status":"ON_HOLD"}
{"order_customer_id":5777,"order_id":65423,"order_status":"PENDING_PAYMENT"}
{"order_customer_id":749,"order_id":65424,"order_status":"COMPLETE"}
{"order_customer_id":4299,"order_id":65425,"order_status":"ON_HOLD"}
{"order_customer_id":1803,"order_id":65426,"order_status":"CLOSED"}
{"order_customer_id":6812,"order_id":68434,"order_status":"PROCESSING"}
{"order_customer_id":10441,"order_id":68435,"order_status":"CLOSED"}
{"order_customer_id":6589,"order_id":68436,"order_status":"PENDING_PAYMENT"}
{"order_customer_id":3413,"order_id":68437,"order_status":"CANCELED"}
{"order_customer_id":5710,"order_id":68438,"order_status":"PROCESSING"}
{"order_customer_id":10490,"order_id":68439,"order_status":"COMPLETE"}
{"order_customer_id":4399,"order_id":68840,"order_status":"CLOSED"}
