{"order_customer_id":9794,"order_id":14555,"order_status":"COMPLETE"}
{"order_customer_id":8505,"order_id":14556,"order_status":"PENDING_PAYMENT"}
{"order_customer_id":9306,"order_id":14557,"order_status":"ON_HOLD"}
{"order_customer_id":12358,"order_id":14558,"order_status":"ON_HOLD"}
{"order_customer_id":5903,"order_id":14559,"order_status":"COMPLETE"}
{"order_customer_id":12064,"order_id":14560,"order_status":"COMPLETE"}
{"order_customer_id":5280,"order_id":14561,"order_status":"SUSPECTED_FRAUD"}
{"order_customer_id":10623,"order_id":14562,"order_status":"PENDING_PAYMENT"}
{"order_customer_id":4471,"order_id":14563,"order_status":"PENDING_PAYMENT"}
{"order_customer_id":5044,"order_id":14564,"order_status":"PENDING_PAYMENT"}
{"order_customer_id":10838,"order_id":14565,"order_status":"PROCESSING"}
{"order_customer_id":4704,"order_id":14566,"order_status":"COMPLETE"}
{"order_customer_id":7897,"order_id":14567,"order_status":"CLOSED"}
{"order_customer_id":9322,"order_id":14568,"order_status":"CLOSED"}
{"order_customer_id":11300,"order_id":14569,"order_status":"PENDING"}
{"order_customer_id":2145,"order_id":14570,"order_status":"PENDING_PAYMENT"}
{"order_customer_id":293,"order_id":14571,"order_status":"PROCESSING"}
{"order_customer_id":8997,"order_id":14572,"order_status":"PROCESSING"}
{"order_customer_id":11052,"order_id":14573,"order_status":"COMPLETE"}
{"order_customer_id":6594,"order_id":14574,"order_status":"COMPLETE"}
{"order_customer_id":1628,"order_id":14575,"order_status":"COMPLETE"}
{"order_customer_id":11508,"order_id":14576,"order_status":"PAYMENT_REVIEW"}
{"order_customer_id":5789,"order_id":14577,"order_status":"PENDING_PAYMENT"}
{"order_customer_id":6217,"order_id":14578,"order_status":"COMPLETE"}
{"order_customer_id":10885,"order_id":14579,"order_status":"COMPLETE"}
{"order_customer_id":5234,"order_id":14580,"order_status":"PAYMENT_REVIEW"}
{"order_customer_id":12239,"order_id":14581,"order_status":"COMPLETE"}
{"order_customer_id":12008,"order_id":14582,"order_status":"CLOSED"}
{"order_customer_id":1706,"order_id":14583,"order_status":"COMPLETE"}
{"order_customer_id":10700,"order_id":14584,"order_status":"PENDING_PAYMENT"}
{"order_customer_id":4876,"order_id":14585,"order_status":"PROCESSING"}
{"order_customer_id":6717,"order_id":14586,"order_status":"PENDING_PAYMENT"}
{"order_customer_id":10910,"order_id":14587,"order_status":"CLOSED"}
{"order_customer_id":1191,"order_id":14588,"order_status":"ON_HOLD"}
{"order_customer_id":4807,"order_id":14589,"order_status":"COMPLETE"}
{"order_customer_id":9771,"order_id":14590,"order_status":"ON_HOLD"}
{"order_customer_id":2942,"order_id":14591,"order_status":"PROCESSING"}
{"order_customer_id":8043,"order_id":14592,"order_status":"PENDING"}
{"order_customer_id":6734,"order_id":14593,"order_status":"COMPLETE"}
{"order_customer_id":1502,"order_id":14594,"order_status":"PENDING"}
{"order_customer_id":1688,"order_id":14595,"order_status":"COMPLETE"}
{"order_customer_id":4219,"order_id":14596,"order_status":"CLOSED"}
{"order_customer_id":3360,"order_id":14597,"order_status":"COMPLETE"}
{"order_customer_id":5619,"order_id":14598,"order_status":"COMPLETE"}
{"order_customer_id":1835,"order_id":14599,"order_status":"CLOSED"}
{"order_customer_id":10972,"order_id":14600,"order_status":"COMPLETE"}
{"order_customer_id":5557,"order_id":14601,"order_status":"PENDING_PAYMENT"}
{"order_customer_id":6872,"order_id":14602,"order_status":"COMPLETE"}
{"order_customer_id":7623,"order_id":14603,"order_status":"PENDING_PAYMENT"}
{"order_customer_id":5378,"order_id":14604,"order_status":"COMPLETE"}
{"order_customer_id":8485,"order_id":14605,"order_status":"COMPLETE"}
{"order_customer_id":7629,"order_id":14606,"order_status":"PROCESSING"}
{"order_customer_id":8847,"order_id":14607,"order_status":"COMPLETE"}
{"order_customer_id":6566,"order_id":14608,"order_status":"COMPLETE"}
{"order_customer_id":12166,"order_id":14609,"order_status":"COMPLETE"}
{"order_customer_id":5257,"order_id":14610,"order_status":"SUSPECTED_FRAUD"}
{"order_customer_id":10128,"order_id":14611,"order_status":"PENDING_PAYMENT"}
{"order_customer_id":1928,"order_id":14612,"order_status":"ON_HOLD"}
{"order_customer_id":6432,"order_id":14613,"order_status":"COMPLETE"}
{"order_customer_id":12195,"order_id":14614,"order_status":"COMPLETE"}
{"order_customer_id":579,"order_id":14615,"order_status":"ON_HOLD"}
{"order_customer_id":625,"order_id":14616,"order_status":"PENDING_PAYMENT"}
{"order_customer_id":12142,"order_id":14617,"order_status":"PENDING_PAYMENT"}
{"order_customer_id":4092,"order_id":14618,"order_status":"ON_HOLD"}
{"order_customer_id":12152,"order_id":14619,"order_status":"PROCESSING"}
{"order_customer_id":6125,"order_id":14620,"order_status":"ON_HOLD"}
{"order_customer_id":8502,"order_id":14621,"order_status":"CLOSED"}
{"order_customer_id":3178,"order_id":14622,"order_status":"PENDING"}
{"order_customer_id":9224,"order_id":14623,"order_status":"CLOSED"}
{"order_customer_id":1430,"order_id":14624,"order_status":"PENDING_PAYMENT"}
{"order_customer_id":7842,"order_id":14625,"order_status":"COMPLETE"}
{"order_customer_id":12063,"order_id":14626,"order_status":"CLOSED"}
{"order_customer_id":5745,"order_id":14627,"order_status":"COMPLETE"}
{"order_customer_id":2807,"order_id":14628,"order_status":"PENDING"}
{"order_customer_id":5638,"order_id":14629,"order_status":"CLOSED"}
{"order_customer_id":10482,"order_id":14630,"order_status":"PENDING_PAYMENT"}
{"order_customer_id":9297,"order_id":14631,"order_status":"CLOSED"}
{"order_customer_id":4426,"order_id":14632,"order_status":"COMPLETE"}
{"order_customer_id":571,"order_id":14633,"order_status":"PENDING_PAYMENT"}
{"order_customer_id":7771,"order_id":14634,"order_status":"CLOSED"}
{"order_customer_id":676,"order_id":14635,"order_status":"PENDING"}
{"order_customer_id":1097,"order_id":14636,"order_status":"ON_HOLD"}
{"order_customer_id":6800,"order_id":14637,"order_status":"COMPLETE"}
{"order_customer_id":1256,"order_id":14638,"order_status":"PENDING"}
{"order_customer_id":7965,"order_id":14639,"order_status":"PENDING_PAYMENT"}
{"order_customer_id":10851,"order_id":14640,"order_status":"COMPLETE"}
{"order_customer_id":1912,"order_id":14641,"order_status":"COMPLETE"}
{"order_customer_id":114,"order_id":14642,"order_status":"COMPLETE"}
{"order_customer_id":5463,"order_id":14643,"order_status":"COMPLETE"}
{"order_customer_id":7922,"order_id":14644,"order_status":"ON_HOLD"}
{"order_customer_id":9790,"order_id":14645,"order_status":"PENDING_PAYMENT"}
{"order_customer_id":87,"order_id":14646,"order_status":"COMPLETE"}
{"order_customer_id":10909,"order_id":14647,"order_status":"COMPLETE"}
{"order_customer_id":7009,"order_id":14648,"order_status":"PENDING_PAYMENT"}
{"order_customer_id":5800,"order_id":14649,"order_status":"COMPLETE"}
{"order_customer_id":8986,"order_id":14650,"order_status":"PENDING"}
{"order_customer_id":11887,"order_id":14651,"order_status":"COMPLETE"}
{"order_customer_id":2164,"order_id":14652,"order_status":"COMPLETE"}
{"order_customer_id":4402,"order_id":14653,"order_status":"PROCESSING"}
{"order_customer_id":6982,"order_id":14654,"order_status":"ON_HOLD"}
{"order_customer_id":3093,"order_id":14655,"order_status":"ON_HOLD"}
{"order_customer_id":879,"order_id":14656,"order_status":"CLOSED"}
{"order_customer_id":2693,"order_id":14657,"order_status":"PENDING"}
{"order_customer_id":3243,"order_id":14658,"order_status":"CLOSED"}
{"order_customer_id":4652,"order_id":14659,"order_status":"COMPLETE"}
{"order_customer_id":9371,"order_id":14660,"order_status":"COMPLETE"}
{"order_customer_id":8332,"order_id":14661,"order_status":"COMPLETE"}
{"order_customer_id":2989,"order_id":14662,"order_status":"COMPLETE"}
{"order_customer_id":788,"order_id":14663,"order_status":"PENDING"}
{"order_customer_id":1581,"order_id":14664,"order_status":"PROCESSING"}
{"order_customer_id":7427,"order_id":14665,"order_status":"PENDING_PAYMENT"}
{"order_customer_id":1586,"order_id":14666,"order_status":"PROCESSING"}
{"order_customer_id":7471,"order_id":14667,"order_status":"PENDING_PAYMENT"}
{"order_customer_id":10354,"order_id":14668,"order_status":"PENDING"}
{"order_customer_id":5682,"order_id":14669,"order_status":"COMPLETE"}
{"order_customer_id":8935,"order_id":14670,"order_status":"PENDING"}
{"order_customer_id":10400,"order_id":14671,"order_status":"ON_HOLD"}
{"order_customer_id":7291,"order_id":14672,"order_status":"COMPLETE"}
{"order_customer_id":11986,"order_id":14673,"order_status":"PROCESSING"}
{"order_customer_id":1375,"order_id":14674,"order_status":"PENDING_PAYMENT"}
{"order_customer_id":11403,"order_id":14675,"order_status":"SUSPECTED_FRAUD"}
{"order_customer_id":10547,"order_id":14676,"order_status":"COMPLETE"}
{"order_customer_id":4045,"order_id":14677,"order_status":"PENDING"}
{"order_customer_id":11928,"order_id":14678,"order_status":"COMPLETE"}
{"order_customer_id":10610,"order_id":14679,"order_status":"COMPLETE"}
{"order_customer_id":544,"order_id":14680,"order_status":"PROCESSING"}
{"order_customer_id":635,"order_id":14681,"order_status":"COMPLETE"}
{"order_customer_id":5958,"order_id":14682,"order_status":"PENDING"}
{"order_customer_id":999,"order_id":14683,"order_status":"PENDING"}
{"order_customer_id":2784,"order_id":14684,"order_status":"COMPLETE"}
{"order_customer_id":10563,"order_id":14685,"order_status":"PENDING"}
{"order_customer_id":3316,"order_id":14686,"order_status":"PENDING_PAYMENT"}
{"order_customer_id":10487,"order_id":14687,"order_status":"PENDING_PAYMENT"}
{"order_customer_id":1209,"order_id":14688,"order_status":"PENDING"}
{"order_customer_id":4444,"order_id":14689,"order_status":"PENDING_PAYMENT"}
{"order_customer_id":4238,"order_id":14690,"order_status":"COMPLETE"}
{"order_customer_id":11133,"order_id":14691,"order_status":"PROCESSING"}
{"order_customer_id":2313,"order_id":14692,"order_status":"PENDING_PAYMENT"}
{"order_customer_id":9786,"order_id":14693,"order_status":"COMPLETE"}
{"order_customer_id":4404,"order_id":14694,"order_status":"PENDING_PAYMENT"}
{"order_customer_id":3961,"order_id":60113,"order_status":"COMPLETE"}
{"order_customer_id":6622,"order_id":60114,"order_status":"PENDING"}
{"order_customer_id":3979,"order_id":60115,"order_status":"COMPLETE"}
{"order_customer_id":11701,"order_id":60116,"order_status":"ON_HOLD"}
{"order_customer_id":7828,"order_id":60117,"order_status":"CLOSED"}
{"order_customer_id":10185,"order_id":60118,"order_status":"PENDING"}
{"order_customer_id":3078,"order_id":60119,"order_status":"CLOSED"}
{"order_customer_id":3826,"order_id":60120,"order_status":"COMPLETE"}
{"order_customer_id":341,"order_id":60121,"order_status":"COMPLETE"}
{"order_customer_id":11784,"order_id":60122,"order_status":"PROCESSING"}
{"order_customer_id":10007,"order_id":60123,"order_status":"COMPLETE"}
{"order_customer_id":8915,"order_id":60124,"order_status":"COMPLETE"}
{"order_customer_id":10505,"order_id":60125,"order_status":"PENDING_PAYMENT"}
{"order_customer_id":5704,"order_id":60126,"order_status":"COMPLETE"}
{"order_customer_id":9204,"order_id":60127,"order_status":"PENDING"}
{"order_customer_id":6902,"order_id":60128,"order_status":"PENDING_PAYMENT"}
{"order_customer_id":5104,"order_id":67739,"order_status":"CLOSED"}
{"order_customer_id":732,"order_id":67740,"order_status":"CANCELED"}
