{"order_customer_id":5201,"order_id":27763,"order_status":"PENDING_PAYMENT"}
{"order_customer_id":6271,"order_id":27764,"order_status":"COMPLETE"}
{"order_customer_id":3337,"order_id":27765,"order_status":"PROCESSING"}
{"order_customer_id":1623,"order_id":27766,"order_status":"PENDING"}
{"order_customer_id":12239,"order_id":27767,"order_status":"PENDING"}
{"order_customer_id":4406,"order_id":27768,"order_status":"COMPLETE"}
{"order_customer_id":4604,"order_id":27769,"order_status":"CLOSED"}
{"order_customer_id":11728,"order_id":27770,"order_status":"PROCESSING"}
{"order_customer_id":4702,"order_id":27771,"order_status":"COMPLETE"}
{"order_customer_id":9467,"order_id":27772,"order_status":"PENDING_PAYMENT"}
{"order_customer_id":2555,"order_id":27773,"order_status":"PROCESSING"}
{"order_customer_id":2572,"order_id":27774,"order_status":"COMPLETE"}
{"order_customer_id":9844,"order_id":27775,"order_status":"PROCESSING"}
{"order_customer_id":12007,"order_id":27776,"order_status":"COMPLETE"}
{"order_customer_id":1767,"order_id":27777,"order_status":"COMPLETE"}
{"order_customer_id":2107,"order_id":27778,"order_status":"COMPLETE"}
{"order_customer_id":7410,"order_id":27779,"order_status":"COMPLETE"}
{"order_customer_id":3783,"order_id":27780,"order_status":"COMPLETE"}
{"order_customer_id":1109,"order_id":27781,"order_status":"PROCESSING"}
{"order_customer_id":1043,"order_id":27782,"order_status":"CLOSED"}
{"order_customer_id":10527,"order_id":27783,"order_status":"PENDING_PAYMENT"}
{"order_customer_id":7473,"order_id":27784,"order_status":"COMPLETE"}
{"order_customer_id":9116,"order_id":27785,"order_status":"CLOSED"}
{"order_customer_id":8393,"order_id":27786,"order_status":"PENDING"}
{"order_customer_id":141,"order_id":27787,"order_status":"COMPLETE"}
{"order_customer_id":10458,"order_id":27788,"order_status":"PROCESSING"}
{"order_customer_id":9567,"order_id":27789,"order_status":"COMPLETE"}
{"order_customer_id":4636,"order_id":27790,"order_status":"CLOSED"}
{"order_customer_id":3729,"order_id":27791,"order_status":"PENDING_PAYMENT"}
{"order_customer_id":2429,"order_id":27792,"order_status":"COMPLETE"}
{"order_customer_id":11826,"order_id":27793,"order_status":"ON_HOLD"}
{"order_customer_id":2451,"order_id":27794,"order_status":"PENDING_PAYMENT"}
{"order_customer_id":3655,"order_id":27795,"order_status":"PENDING_PAYMENT"}
{"order_customer_id":11383,"order_id":27796,"order_status":"COMPLETE"}
{"order_customer_id":5254,"order_id":27797,"order_status":"COMPLETE"}
{"order_customer_id":3128,"order_id":27798,"order_status":"PENDING"}
{"order_customer_id":2365,"order_id":27799,"order_status":"PROCESSING"}
{"order_customer_id":3431,"order_id":27800,"order_status":"COMPLETE"}
{"order_customer_id":7394,"order_id":27801,"order_status":"COMPLETE"}
{"order_customer_id":10932,"order_id":27802,"order_status":"SUSPECTED_FRAUD"}
{"order_customer_id":7282,"order_id":27803,"order_status":"COMPLETE"}
{"order_customer_id":8339,"order_id":27804,"order_status":"COMPLETE"}
{"order_customer_id":18,"order_id":27805,"order_status":"COMPLETE"}
{"order_customer_id":10283,"order_id":27806,"order_status":"PENDING"}
{"order_customer_id":7985,"order_id":27807,"order_status":"PENDING_PAYMENT"}
{"order_customer_id":644,"order_id":27808,"order_status":"PENDING_PAYMENT"}
{"order_customer_id":10142,"order_id":27809,"order_status":"PENDING"}
{"order_customer_id":9632,"order_id":27810,"order_status":"PENDING"}
{"order_customer_id":3636,"order_id":27811,"order_status":"PENDING_PAYMENT"}
{"order_customer_id":38,"order_id":27812,"order_status":"CLOSED"}
{"order_customer_id":11706,"order_id":27813,"order_status":"ON_HOLD"}
{"order_customer_id":8249,"order_id":27814,"order_status":"COMPLETE"}
{"order_customer_id":5621,"order_id":27815,"order_status":"PROCESSING"}
{"order_customer_id":8550,"order_id":27816,"order_status":"COMPLETE"}
{"order_customer_id":9391,"order_id":27817,"order_status":"CLOSED"}
{"order_customer_id":11216,"order_id":27818,"order_status":"SUSPECTED_FRAUD"}
{"order_customer_id":11318,"order_id":27819,"order_status":"PAYMENT_REVIEW"}
{"order_customer_id":6731,"order_id":27820,"order_status":"COMPLETE"}
{"order_customer_id":2111,"order_id":27821,"order_status":"CLOSED"}
{"order_customer_id":8510,"order_id":27822,"order_status":"PENDING_PAYMENT"}
{"order_customer_id":3017,"order_id":27823,"order_status":"COMPLETE"}
{"order_customer_id":8280,"order_id":27824,"order_status":"COMPLETE"}
{"order_customer_id":2373,"order_id":27825,"order_status":"PENDING"}
{"order_customer_id":9421,"order_id":27826,"order_status":"PROCESSING"}
{"order_customer_id":1926,"order_id":27827,"order_status":"ON_HOLD"}
{"order_customer_id":1131,"order_id":27828,"order_status":"COMPLETE"}
{"order_customer_id":5396,"order_id":27829,"order_status":"COMPLETE"}
{"order_customer_id":8674,"order_id":27830,"order_status":"CLOSED"}
{"order_customer_id":10935,"order_id":27831,"order_status":"COMPLETE"}
{"order_customer_id":1094,"order_id":27832,"order_status":"COMPLETE"}
{"order_customer_id":3656,"order_id":27833,"order_status":"CLOSED"}
{"order_customer_id":4465,"order_id":27834,"order_status":"PENDING_PAYMENT"}
{"order_customer_id":9827,"order_id":27835,"order_status":"COMPLETE"}
{"order_customer_id":6350,"order_id":27836,"order_status":"PENDING"}
{"order_customer_id":7395,"order_id":27837,"order_status":"ON_HOLD"}
{"order_customer_id":12414,"order_id":27838,"order_status":"COMPLETE"}
{"order_customer_id":10472,"order_id":27839,"order_status":"PROCESSING"}
{"order_customer_id":3125,"order_id":27840,"order_status":"PENDING_PAYMENT"}
{"order_customer_id":955,"order_id":27841,"order_status":"COMPLETE"}
{"order_customer_id":3605,"order_id":27842,"order_status":"PENDING_PAYMENT"}
{"order_customer_id":11420,"order_id":27843,"order_status":"ON_HOLD"}
{"order_customer_id":4283,"order_id":27844,"order_status":"ON_HOLD"}
{"order_customer_id":1839,"order_id":27845,"order_status":"PENDING_PAYMENT"}
{"order_customer_id":8235,"order_id":27846,"order_status":"PENDING_PAYMENT"}
{"order_customer_id":8099,"order_id":27847,"order_status":"PENDING_PAYMENT"}
{"order_customer_id":7036,"order_id":27848,"order_status":"COMPLETE"}
{"order_customer_id":4138,"order_id":27849,"order_status":"CLOSED"}
{"order_customer_id":7750,"order_id":27850,"order_status":"COMPLETE"}
{"order_customer_id":6859,"order_id":27851,"order_status":"PENDING"}
{"order_customer_id":3539,"order_id":27852,"order_status":"ON_HOLD"}
{"order_customer_id":10038,"order_id":27853,"order_status":"CLOSED"}
{"order_customer_id":10659,"order_id":27854,"order_status":"CLOSED"}
{"order_customer_id":3605,"order_id":27855,"order_status":"PENDING"}
{"order_customer_id":9177,"order_id":27856,"order_status":"PROCESSING"}
{"order_customer_id":7940,"order_id":27857,"order_status":"PROCESSING"}
{"order_customer_id":142,"order_id":27858,"order_status":"PENDING"}
{"order_customer_id":10957,"order_id":27859,"order_status":"COMPLETE"}
{"order_customer_id":10424,"order_id":27860,"order_status":"ON_HOLD"}
{"order_customer_id":7664,"order_id":27861,"order_status":"PENDING"}
{"order_customer_id":8077,"order_id":27862,"order_status":"COMPLETE"}
{"order_customer_id":11784,"order_id":27863,"order_status":"COMPLETE"}
{"order_customer_id":7205,"order_id":27864,"order_status":"COMPLETE"}
{"order_customer_id":375,"order_id":27865,"order_status":"PENDING_PAYMENT"}
{"order_customer_id":11746,"order_id":27866,"order_status":"COMPLETE"}
{"order_customer_id":7321,"order_id":27867,"order_status":"CANCELED"}
{"order_customer_id":2078,"order_id":27868,"order_status":"PROCESSING"}
{"order_customer_id":10154,"order_id":27869,"order_status":"COMPLETE"}
{"order_customer_id":5169,"order_id":27870,"order_status":"CLOSED"}
{"order_customer_id":3529,"order_id":27871,"order_status":"PENDING_PAYMENT"}
{"order_customer_id":10425,"order_id":27872,"order_status":"COMPLETE"}
{"order_customer_id":9405,"order_id":27873,"order_status":"COMPLETE"}
{"order_customer_id":1675,"order_id":27874,"order_status":"CLOSED"}
{"order_customer_id":8644,"order_id":27875,"order_status":"COMPLETE"}
{"order_customer_id":5146,"order_id":27876,"order_status":"PROCESSING"}
{"order_customer_id":24,"order_id":27877,"order_status":"SUSPECTED_FRAUD"}
{"order_customer_id":3758,"order_id":27878,"order_status":"COMPLETE"}
{"order_customer_id":10494,"order_id":27879,"order_status":"PENDING_PAYMENT"}
{"order_customer_id":12038,"order_id":27880,"order_status":"ON_HOLD"}
{"order_customer_id":11941,"order_id":27881,"order_status":"PROCESSING"}
{"order_customer_id":995,"order_id":27882,"order_status":"ON_HOLD"}
{"order_customer_id":4579,"order_id":27883,"order_status":"PENDING"}
{"order_customer_id":3941,"order_id":27884,"order_status":"COMPLETE"}
{"order_customer_id":11225,"order_id":27885,"order_status":"PENDING_PAYMENT"}
{"order_customer_id":8750,"order_id":27886,"order_status":"CLOSED"}
{"order_customer_id":2561,"order_id":27887,"order_status":"CLOSED"}
{"order_customer_id":4226,"order_id":27888,"order_status":"COMPLETE"}
{"order_customer_id":2727,"order_id":27889,"order_status":"PENDING_PAYMENT"}
{"order_customer_id":11751,"order_id":27890,"order_status":"ON_HOLD"}
{"order_customer_id":3082,"order_id":27891,"order_status":"PENDING_PAYMENT"}
{"order_customer_id":1424,"order_id":27892,"order_status":"PROCESSING"}
{"order_customer_id":10535,"order_id":27893,"order_status":"PENDING_PAYMENT"}
{"order_customer_id":7220,"order_id":27894,"order_status":"PENDING_PAYMENT"}
{"order_customer_id":7027,"order_id":27895,"order_status":"SUSPECTED_FRAUD"}
{"order_customer_id":8069,"order_id":27896,"order_status":"PENDING_PAYMENT"}
{"order_customer_id":10800,"order_id":27897,"order_status":"COMPLETE"}
{"order_customer_id":701,"order_id":27898,"order_status":"PENDING_PAYMENT"}
{"order_customer_id":9068,"order_id":27899,"order_status":"SUSPECTED_FRAUD"}
{"order_customer_id":8128,"order_id":27900,"order_status":"CLOSED"}
{"order_customer_id":6958,"order_id":27901,"order_status":"PROCESSING"}
{"order_customer_id":5330,"order_id":27902,"order_status":"PENDING_PAYMENT"}
{"order_customer_id":624,"order_id":27903,"order_status":"COMPLETE"}
{"order_customer_id":1287,"order_id":27904,"order_status":"PROCESSING"}
{"order_customer_id":2425,"order_id":27905,"order_status":"PENDING_PAYMENT"}
{"order_customer_id":3839,"order_id":27906,"order_status":"PENDING_PAYMENT"}
{"order_customer_id":5961,"order_id":27907,"order_status":"COMPLETE"}
{"order_customer_id":9808,"order_id":27908,"order_status":"PENDING_PAYMENT"}
{"order_customer_id":3167,"order_id":27909,"order_status":"COMPLETE"}
{"order_customer_id":10292,"order_id":27910,"order_status":"COMPLETE"}
{"order_customer_id":8571,"order_id":27911,"order_status":"COMPLETE"}
{"order_customer_id":699,"order_id":27912,"order_status":"COMPLETE"}
{"order_customer_id":9260,"order_id":27913,"order_status":"PENDING_PAYMENT"}
{"order_customer_id":1919,"order_id":27914,"order_status":"PENDING"}
{"order_customer_id":5146,"order_id":27915,"order_status":"PENDING_PAYMENT"}
{"order_customer_id":4956,"order_id":27916,"order_status":"COMPLETE"}
{"order_customer_id":6813,"order_id":27917,"order_status":"PENDING_PAYMENT"}
{"order_customer_id":11286,"order_id":27918,"order_status":"COMPLETE"}
{"order_customer_id":10519,"order_id":27919,"order_status":"PROCESSING"}
{"order_customer_id":10594,"order_id":27920,"order_status":"CLOSED"}
{"order_customer_id":6611,"order_id":27921,"order_status":"PENDING_PAYMENT"}
{"order_customer_id":4203,"order_id":27922,"order_status":"CLOSED"}
{"order_customer_id":3079,"order_id":27923,"order_status":"COMPLETE"}
{"order_customer_id":6179,"order_id":27924,"order_status":"PROCESSING"}
{"order_customer_id":9690,"order_id":27925,"order_status":"PENDING"}
{"order_customer_id":6617,"order_id":27926,"order_status":"COMPLETE"}
{"order_customer_id":204,"order_id":62241,"order_status":"PENDING_PAYMENT"}
{"order_customer_id":3203,"order_id":62242,"order_status":"COMPLETE"}
{"order_customer_id":4763,"order_id":62243,"order_status":"COMPLETE"}
{"order_customer_id":1128,"order_id":62244,"order_status":"COMPLETE"}
{"order_customer_id":10697,"order_id":62245,"order_status":"PROCESSING"}
{"order_customer_id":7458,"order_id":62246,"order_status":"COMPLETE"}
{"order_customer_id":4296,"order_id":62247,"order_status":"COMPLETE"}
{"order_customer_id":10592,"order_id":62248,"order_status":"PROCESSING"}
{"order_customer_id":817,"order_id":62249,"order_status":"PROCESSING"}
{"order_customer_id":4148,"order_id":62250,"order_status":"PROCESSING"}
{"order_customer_id":3555,"order_id":62251,"order_status":"PENDING_PAYMENT"}
{"order_customer_id":5517,"order_id":62252,"order_status":"PROCESSING"}
{"order_customer_id":3758,"order_id":62253,"order_status":"PENDING_PAYMENT"}
{"order_customer_id":11789,"order_id":62254,"order_status":"COMPLETE"}
{"order_customer_id":7095,"order_id":68010,"order_status":"PAYMENT_REVIEW"}
