{"order_customer_id":5099,"order_id":23067,"order_status":"PENDING_PAYMENT"}
{"order_customer_id":12381,"order_id":23068,"order_status":"COMPLETE"}
{"order_customer_id":10028,"order_id":23069,"order_status":"PENDING_PAYMENT"}
{"order_customer_id":5522,"order_id":23070,"order_status":"COMPLETE"}
{"order_customer_id":11368,"order_id":23071,"order_status":"PENDING_PAYMENT"}
{"order_customer_id":4537,"order_id":23072,"order_status":"PENDING_PAYMENT"}
{"order_customer_id":1433,"order_id":23073,"order_status":"PROCESSING"}
{"order_customer_id":6888,"order_id":23074,"order_status":"PENDING_PAYMENT"}
{"order_customer_id":4638,"order_id":23075,"order_status":"PROCESSING"}
{"order_customer_id":180,"order_id":23076,"order_status":"CLOSED"}
{"order_customer_id":10628,"order_id":23077,"order_status":"PENDING_PAYMENT"}
{"order_customer_id":11662,"order_id":23078,"order_status":"SUSPECTED_FRAUD"}
{"order_customer_id":409,"order_id":23079,"order_status":"PENDING"}
{"order_customer_id":9432,"order_id":23080,"order_status":"CLOSED"}
{"order_customer_id":3389,"order_id":23081,"order_status":"CLOSED"}
{"order_customer_id":8843,"order_id":23082,"order_status":"COMPLETE"}
{"order_customer_id":1779,"order_id":23083,"order_status":"COMPLETE"}
{"order_customer_id":7823,"order_id":23084,"order_status":"PENDING_PAYMENT"}
{"order_customer_id":8197,"order_id":23085,"order_status":"COMPLETE"}
{"order_customer_id":1860,"order_id":23086,"order_status":"CLOSED"}
{"order_customer_id":5693,"order_id":23087,"order_status":"PENDING_PAYMENT"}
{"order_customer_id":7240,"order_id":23088,"order_status":"COMPLETE"}
{"order_customer_id":5214,"order_id":23089,"order_status":"CLOSED"}
{"order_customer_id":12215,"order_id":23090,"order_status":"COMPLETE"}
{"order_customer_id":8800,"order_id":23091,"order_status":"CANCELED"}
{"order_customer_id":11521,"order_id":23092,"order_status":"PENDING_PAYMENT"}
{"order_customer_id":1206,"order_id":23093,"order_status":"COMPLETE"}
{"order_customer_id":9514,"order_id":23094,"order_status":"PENDING"}
{"order_customer_id":6917,"order_id":23095,"order_status":"COMPLETE"}
{"order_customer_id":11626,"order_id":23096,"order_status":"COMPLETE"}
{"order_customer_id":9795,"order_id":23097,"order_status":"ON_HOLD"}
{"order_customer_id":7040,"order_id":23098,"order_status":"PENDING_PAYMENT"}
{"order_customer_id":4913,"order_id":23099,"order_status":"COMPLETE"}
{"order_customer_id":10127,"order_id":23100,"order_status":"PENDING_PAYMENT"}
{"order_customer_id":10458,"order_id":23101,"order_status":"CLOSED"}
{"order_customer_id":12306,"order_id":23102,"order_status":"SUSPECTED_FRAUD"}
{"order_customer_id":7633,"order_id":23103,"order_status":"PENDING"}
{"order_customer_id":5097,"order_id":23104,"order_status":"PENDING_PAYMENT"}
{"order_customer_id":11914,"order_id":23105,"order_status":"PROCESSING"}
{"order_customer_id":5541,"order_id":23106,"order_status":"PROCESSING"}
{"order_customer_id":2354,"order_id":23107,"order_status":"COMPLETE"}
{"order_customer_id":10469,"order_id":23108,"order_status":"CLOSED"}
{"order_customer_id":4445,"order_id":23109,"order_status":"COMPLETE"}
{"order_customer_id":3428,"order_id":23110,"order_status":"PROCESSING"}
{"order_customer_id":3205,"order_id":23111,"order_status":"PENDING_PAYMENT"}
{"order_customer_id":10111,"order_id":23112,"order_status":"PROCESSING"}
{"order_customer_id":1226,"order_id":23113,"order_status":"COMPLETE"}
{"order_customer_id":4008,"order_id":23114,"order_status":"COMPLETE"}
{"order_customer_id":8457,"order_id":23115,"order_status":"PENDING_PAYMENT"}
{"order_customer_id":7190,"order_id":23116,"order_status":"PENDING_PAYMENT"}
{"order_customer_id":2503,"order_id":23117,"order_status":"ON_HOLD"}
{"order_customer_id":5660,"order_id":23118,"order_status":"ON_HOLD"}
{"order_customer_id":1781,"order_id":23119,"order_status":"COMPLETE"}
{"order_customer_id":3096,"order_id":23120,"order_status":"PENDING_PAYMENT"}
{"order_customer_id":10160,"order_id":23121,"order_status":"COMPLETE"}
{"order_customer_id":3270,"order_id":23122,"order_status":"PENDING"}
{"order_customer_id":9368,"order_id":23123,"order_status":"PENDING_PAYMENT"}
{"order_customer_id":10653,"order_id":23124,"order_status":"COMPLETE"}
{"order_customer_id":9851,"order_id":23125,"order_status":"PROCESSING"}
{"order_customer_id":10837,"order_id":23126,"order_status":"ON_HOLD"}
{"order_customer_id":1139,"order_id":23127,"order_status":"PENDING_PAYMENT"}
{"order_customer_id":6547,"order_id":23128,"order_status":"PENDING_PAYMENT"}
{"order_customer_id":2102,"order_id":23129,"order_status":"CLOSED"}
{"order_customer_id":8429,"order_id":23130,"order_status":"CLOSED"}
{"order_customer_id":8081,"order_id":23131,"order_status":"PENDING_PAYMENT"}
{"order_customer_id":11196,"order_id":23132,"order_status":"COMPLETE"}
{"order_customer_id":8091,"order_id":23133,"order_status":"PENDING"}
{"order_customer_id":524,"order_id":23134,"order_status":"COMPLETE"}
{"order_customer_id":8692,"order_id":23135,"order_status":"CLOSED"}
{"order_customer_id":4016,"order_id":23136,"order_status":"COMPLETE"}
{"order_customer_id":6407,"order_id":23137,"order_status":"PENDING"}
{"order_customer_id":911,"order_id":23138,"order_status":"CLOSED"}
{"order_customer_id":2642,"order_id":23139,"order_status":"COMPLETE"}
{"order_customer_id":1580,"order_id":23140,"order_status":"PENDING_PAYMENT"}
{"order_customer_id":9887,"order_id":23141,"order_status":"PENDING_PAYMENT"}
{"order_customer_id":4788,"order_id":23142,"order_status":"PENDING_PAYMENT"}
{"order_customer_id":3987,"order_id":23143,"order_status":"CLOSED"}
{"order_customer_id":198,"order_id":23144,"order_status":"PENDING"}
{"order_customer_id":8300,"order_id":23145,"order_status":"PROCESSING"}
{"order_customer_id":4415,"order_id":23146,"order_status":"PROCESSING"}
{"order_customer_id":5195,"order_id":23147,"order_status":"COMPLETE"}
{"order_customer_id":12295,"order_id":23148,"order_status":"PENDING_PAYMENT"}
{"order_customer_id":12263,"order_id":23149,"order_status":"PENDING_PAYMENT"}
{"order_customer_id":3136,"order_id":23150,"order_status":"PENDING_PAYMENT"}
{"order_customer_id":3906,"order_id":23151,"order_status":"PENDING_PAYMENT"}
{"order_customer_id":9183,"order_id":23152,"order_status":"COMPLETE"}
{"order_customer_id":4583,"order_id":23153,"order_status":"PENDING_PAYMENT"}
{"order_customer_id":9374,"order_id":23154,"order_status":"COMPLETE"}
{"order_customer_id":10559,"order_id":23155,"order_status":"COMPLETE"}
{"order_customer_id":6466,"order_id":23156,"order_status":"PENDING"}
{"order_customer_id":3033,"order_id":23157,"order_status":"PENDING_PAYMENT"}
{"order_customer_id":2616,"order_id":23158,"order_status":"COMPLETE"}
{"order_customer_id":4904,"order_id":23159,"order_status":"CLOSED"}
{"order_customer_id":9778,"order_id":23160,"order_status":"PENDING_PAYMENT"}
{"order_customer_id":1995,"order_id":23161,"order_status":"CLOSED"}
{"order_customer_id":8998,"order_id":23162,"order_status":"COMPLETE"}
{"order_customer_id":6165,"order_id":23163,"order_status":"PROCESSING"}
{"order_customer_id":6285,"order_id":23164,"order_status":"COMPLETE"}
{"order_customer_id":4907,"order_id":23165,"order_status":"PROCESSING"}
{"order_customer_id":3280,"order_id":23166,"order_status":"COMPLETE"}
{"order_customer_id":9022,"order_id":23167,"order_status":"PROCESSING"}
{"order_customer_id":6326,"order_id":23168,"order_status":"CLOSED"}
{"order_customer_id":9467,"order_id":23169,"order_status":"PENDING_PAYMENT"}
{"order_customer_id":7742,"order_id":23170,"order_status":"CLOSED"}
{"order_customer_id":10909,"order_id":23171,"order_status":"PROCESSING"}
{"order_customer_id":7475,"order_id":23172,"order_status":"COMPLETE"}
{"order_customer_id":3994,"order_id":23173,"order_status":"CLOSED"}
{"order_customer_id":11284,"order_id":23174,"order_status":"PENDING"}
{"order_customer_id":8430,"order_id":23175,"order_status":"PENDING_PAYMENT"}
{"order_customer_id":1542,"order_id":23176,"order_status":"PENDING_PAYMENT"}
{"order_customer_id":8074,"order_id":23177,"order_status":"CLOSED"}
{"order_customer_id":7495,"order_id":23178,"order_status":"PENDING_PAYMENT"}
{"order_customer_id":11280,"order_id":23179,"order_status":"COMPLETE"}
{"order_customer_id":1981,"order_id":23180,"order_status":"CLOSED"}
{"order_customer_id":1564,"order_id":23181,"order_status":"COMPLETE"}
{"order_customer_id":9603,"order_id":23182,"order_status":"PENDING_PAYMENT"}
{"order_customer_id":1227,"order_id":23183,"order_status":"COMPLETE"}
{"order_customer_id":5429,"order_id":23184,"order_status":"COMPLETE"}
{"order_customer_id":3416,"order_id":23185,"order_status":"CLOSED"}
{"order_customer_id":3337,"order_id":23186,"order_status":"COMPLETE"}
{"order_customer_id":5313,"order_id":23187,"order_status":"COMPLETE"}
{"order_customer_id":9640,"order_id":23188,"order_status":"PROCESSING"}
{"order_customer_id":3195,"order_id":23189,"order_status":"ON_HOLD"}
{"order_customer_id":5516,"order_id":23190,"order_status":"COMPLETE"}
{"order_customer_id":10870,"order_id":23191,"order_status":"ON_HOLD"}
{"order_customer_id":743,"order_id":23192,"order_status":"CLOSED"}
{"order_customer_id":5634,"order_id":23193,"order_status":"COMPLETE"}
{"order_customer_id":12099,"order_id":23194,"order_status":"COMPLETE"}
{"order_customer_id":5457,"order_id":23195,"order_status":"COMPLETE"}
{"order_customer_id":3122,"order_id":23196,"order_status":"COMPLETE"}
{"order_customer_id":10907,"order_id":23197,"order_status":"COMPLETE"}
{"order_customer_id":11844,"order_id":23198,"order_status":"PROCESSING"}
{"order_customer_id":12248,"order_id":23199,"order_status":"COMPLETE"}
{"order_customer_id":7182,"order_id":23200,"order_status":"COMPLETE"}
{"order_customer_id":8963,"order_id":23201,"order_status":"PENDING_PAYMENT"}
{"order_customer_id":419,"order_id":23202,"order_status":"PENDING_PAYMENT"}
{"order_customer_id":3341,"order_id":23203,"order_status":"PROCESSING"}
{"order_customer_id":2718,"order_id":23204,"order_status":"COMPLETE"}
{"order_customer_id":11167,"order_id":23205,"order_status":"CLOSED"}
{"order_customer_id":8229,"order_id":23206,"order_status":"PENDING_PAYMENT"}
{"order_customer_id":576,"order_id":23207,"order_status":"CLOSED"}
{"order_customer_id":1010,"order_id":23208,"order_status":"CLOSED"}
{"order_customer_id":6329,"order_id":23209,"order_status":"CLOSED"}
{"order_customer_id":11446,"order_id":23210,"order_status":"CLOSED"}
{"order_customer_id":12100,"order_id":23211,"order_status":"COMPLETE"}
{"order_customer_id":6537,"order_id":23212,"order_status":"CLOSED"}
{"order_customer_id":9864,"order_id":23213,"order_status":"PENDING_PAYMENT"}
{"order_customer_id":3529,"order_id":23214,"order_status":"PENDING"}
{"order_customer_id":2392,"order_id":23215,"order_status":"COMPLETE"}
{"order_customer_id":3453,"order_id":23216,"order_status":"COMPLETE"}
{"order_customer_id":10674,"order_id":23217,"order_status":"CLOSED"}
{"order_customer_id":7797,"order_id":23218,"order_status":"PENDING_PAYMENT"}
{"order_customer_id":4588,"order_id":23219,"order_status":"CLOSED"}
{"order_customer_id":9383,"order_id":23220,"order_status":"PENDING"}
{"order_customer_id":3765,"order_id":23221,"order_status":"PENDING_PAYMENT"}
{"order_customer_id":5040,"order_id":23222,"order_status":"CLOSED"}
{"order_customer_id":4781,"order_id":23223,"order_status":"PENDING"}
{"order_customer_id":4078,"order_id":23224,"order_status":"ON_HOLD"}
{"order_customer_id":1473,"order_id":23225,"order_status":"SUSPECTED_FRAUD"}
{"order_customer_id":759,"order_id":23226,"order_status":"PENDING_PAYMENT"}
{"order_customer_id":8983,"order_id":23227,"order_status":"CLOSED"}
{"order_customer_id":6499,"order_id":23228,"order_status":"COMPLETE"}
{"order_customer_id":1477,"order_id":23229,"order_status":"PENDING_PAYMENT"}
{"order_customer_id":8455,"order_id":23230,"order_status":"COMPLETE"}
{"order_customer_id":5674,"order_id":23231,"order_status":"CLOSED"}
{"order_customer_id":4677,"order_id":23232,"order_status":"PENDING"}
{"order_customer_id":5113,"order_id":23233,"order_status":"PENDING_PAYMENT"}
{"order_customer_id":8041,"order_id":23234,"order_status":"COMPLETE"}
{"order_customer_id":7192,"order_id":23235,"order_status":"COMPLETE"}
{"order_customer_id":5047,"order_id":23236,"order_status":"PROCESSING"}
{"order_customer_id":1163,"order_id":23237,"order_status":"COMPLETE"}
{"order_customer_id":3189,"order_id":23238,"order_status":"CANCELED"}
{"order_customer_id":7394,"order_id":23239,"order_status":"PENDING_PAYMENT"}
{"order_customer_id":1257,"order_id":23240,"order_status":"COMPLETE"}
{"order_customer_id":8642,"order_id":23241,"order_status":"COMPLETE"}
{"order_customer_id":8408,"order_id":23242,"order_status":"PENDING"}
{"order_customer_id":12312,"order_id":23243,"order_status":"PENDING_PAYMENT"}
{"order_customer_id":9618,"order_id":23244,"order_status":"COMPLETE"}
{"order_customer_id":10991,"order_id":23245,"order_status":"COMPLETE"}
{"order_customer_id":703,"order_id":23246,"order_status":"PENDING"}
{"order_customer_id":10748,"order_id":23247,"order_status":"COMPLETE"}
{"order_customer_id":5672,"order_id":61465,"order_status":"PROCESSING"}
{"order_customer_id":2768,"order_id":61466,"order_status":"CLOSED"}
{"order_customer_id":11427,"order_id":61467,"order_status":"PENDING_PAYMENT"}
{"order_customer_id":6328,"order_id":61468,"order_status":"COMPLETE"}
{"order_customer_id":4530,"order_id":61469,"order_status":"PROCESSING"}
{"order_customer_id":9879,"order_id":61470,"order_status":"PENDING_PAYMENT"}
{"order_customer_id":12387,"order_id":61471,"order_status":"COMPLETE"}
{"order_customer_id":4205,"order_id":61472,"order_status":"PENDING_PAYMENT"}
{"order_customer_id":1784,"order_id":61473,"order_status":"PENDING_PAYMENT"}
{"order_customer_id":10506,"order_id":61474,"order_status":"CANCELED"}
{"order_customer_id":2952,"order_id":61475,"order_status":"PENDING"}
{"order_customer_id":10327,"order_id":61476,"order_status":"PENDING_PAYMENT"}
{"order_customer_id":5460,"order_id":61477,"order_status":"PENDING"}
{"order_customer_id":1078,"order_id":61478,"order_status":"PROCESSING"}
{"order_customer_id":6740,"order_id":61479,"order_status":"COMPLETE"}
{"order_customer_id":8978,"order_id":61480,"order_status":"PROCESSING"}
{"order_customer_id":1553,"order_id":61481,"order_status":"CLOSED"}
{"order_customer_id":7669,"order_id":61482,"order_status":"COMPLETE"}
{"order_customer_id":5419,"order_id":61483,"order_status":"CLOSED"}
{"order_customer_id":881,"order_id":61484,"order_status":"SUSPECTED_FRAUD"}
{"order_customer_id":7747,"order_id":61485,"order_status":"PENDING"}
{"order_customer_id":9120,"order_id":61486,"order_status":"PENDING"}
{"order_customer_id":8617,"order_id":61487,"order_status":"COMPLETE"}
{"order_customer_id":1404,"order_id":61488,"order_status":"CLOSED"}
{"order_customer_id":414,"order_id":61489,"order_status":"COMPLETE"}
{"order_customer_id":5305,"order_id":61490,"order_status":"COMPLETE"}
{"order_customer_id":6098,"order_id":61491,"order_status":"ON_HOLD"}
{"order_customer_id":11908,"order_id":61492,"order_status":"PENDING"}
{"order_customer_id":8036,"order_id":61493,"order_status":"PROCESSING"}
{"order_customer_id":12001,"order_id":61494,"order_status":"CLOSED"}
{"order_customer_id":6788,"order_id":61495,"order_status":"ON_HOLD"}
{"order_customer_id":2462,"order_id":61496,"order_status":"COMPLETE"}
{"order_customer_id":4187,"order_id":61497,"order_status":"PENDING"}
{"order_customer_id":1043,"order_id":61498,"order_status":"COMPLETE"}
{"order_customer_id":11834,"order_id":61499,"order_status":"COMPLETE"}
{"order_customer_id":10604,"order_id":61500,"order_status":"PENDING"}
{"order_customer_id":4094,"order_id":61501,"order_status":"CLOSED"}
{"order_customer_id":1627,"order_id":67910,"order_status":"PENDING"}
{"order_customer_id":1087,"order_id":68770,"order_status":"PENDING_PAYMENT"}
