{"order_customer_id":191,"order_id":13674,"order_status":"PENDING_PAYMENT"}
{"order_customer_id":4919,"order_id":13675,"order_status":"PENDING_PAYMENT"}
{"order_customer_id":535,"order_id":13676,"order_status":"PENDING_PAYMENT"}
{"order_customer_id":3270,"order_id":13677,"order_status":"COMPLETE"}
{"order_customer_id":7505,"order_id":13678,"order_status":"PENDING_PAYMENT"}
{"order_customer_id":9629,"order_id":13679,"order_status":"PENDING"}
{"order_customer_id":10351,"order_id":13680,"order_status":"PENDING_PAYMENT"}
{"order_customer_id":1929,"order_id":13681,"order_status":"PENDING_PAYMENT"}
{"order_customer_id":34,"order_id":13682,"order_status":"PENDING"}
{"order_customer_id":221,"order_id":13683,"order_status":"PENDING_PAYMENT"}
{"order_customer_id":10973,"order_id":13684,"order_status":"COMPLETE"}
{"order_customer_id":10348,"order_id":13685,"order_status":"COMPLETE"}
{"order_customer_id":7219,"order_id":13686,"order_status":"ON_HOLD"}
{"order_customer_id":5328,"order_id":13687,"order_status":"COMPLETE"}
{"order_customer_id":8895,"order_id":13688,"order_status":"COMPLETE"}
{"order_customer_id":11295,"order_id":13689,"order_status":"PROCESSING"}
{"order_customer_id":12056,"order_id":13690,"order_status":"ON_HOLD"}
{"order_customer_id":5871,"order_id":13691,"order_status":"PENDING_PAYMENT"}
{"order_customer_id":6091,"order_id":13692,"order_status":"PENDING"}
{"order_customer_id":8532,"order_id":13693,"order_status":"CLOSED"}
{"order_customer_id":2923,"order_id":13694,"order_status":"COMPLETE"}
{"order_customer_id":2418,"order_id":13695,"order_status":"COMPLETE"}
{"order_customer_id":8467,"order_id":13696,"order_status":"PROCESSING"}
{"order_customer_id":7377,"order_id":13697,"order_status":"PENDING"}
{"order_customer_id":8993,"order_id":13698,"order_status":"ON_HOLD"}
{"order_customer_id":9197,"order_id":13699,"order_status":"PROCESSING"}
{"order_customer_id":2683,"order_id":13700,"order_status":"PENDING"}
{"order_customer_id":1265,"order_id":13701,"order_status":"CLOSED"}
{"order_customer_id":10912,"order_id":13702,"order_status":"ON_HOLD"}
{"order_customer_id":3522,"order_id":13703,"order_status":"PROCESSING"}
{"order_customer_id":3111,"order_id":13704,"order_status":"PROCESSING"}
{"order_customer_id":5,"order_id":13705,"order_status":"COMPLETE"}
{"order_customer_id":12034,"order_id":13706,"order_status":"PENDING"}
{"order_customer_id":7292,"order_id":13707,"order_status":"PENDING"}
{"order_customer_id":443,"order_id":13708,"order_status":"COMPLETE"}
{"order_customer_id":3625,"order_id":13709,"order_status":"PENDING_PAYMENT"}
{"order_customer_id":3198,"order_id":13710,"order_status":"PENDING_PAYMENT"}
{"order_customer_id":2523,"order_id":13711,"order_status":"PENDING"}
{"order_customer_id":374,"order_id":13712,"order_status":"PENDING"}
{"order_customer_id":2006,"order_id":13713,"order_status":"ON_HOLD"}
{"order_customer_id":5964,"order_id":13714,"order_status":"PENDING_PAYMENT"}
{"order_customer_id":3733,"order_id":13715,"order_status":"PROCESSING"}
{"order_customer_id":5001,"order_id":13716,"order_status":"PENDING"}
{"order_customer_id":2920,"order_id":13717,"order_status":"PROCESSING"}
{"order_customer_id":6580,"order_id":13718,"order_status":"PAYMENT_REVIEW"}
{"order_customer_id":6347,"order_id":13719,"order_status":"PENDING_PAYMENT"}
{"order_customer_id":8431,"order_id":13720,"order_status":"COMPLETE"}
{"order_customer_id":7112,"order_id":13721,"order_status":"PROCESSING"}
{"order_customer_id":12065,"order_id":13722,"order_status":"COMPLETE"}
{"order_customer_id":1119,"order_id":13723,"order_status":"COMPLETE"}
{"order_customer_id":9294,"order_id":13724,"order_status":"CLOSED"}
{"order_customer_id":1900,"order_id":13725,"order_status":"COMPLETE"}
{"order_customer_id":9916,"order_id":13726,"order_status":"CLOSED"}
{"order_customer_id":10374,"order_id":13727,"order_status":"COMPLETE"}
{"order_customer_id":7357,"order_id":13728,"order_status":"PENDING_PAYMENT"}
{"order_customer_id":8926,"order_id":13729,"order_status":"COMPLETE"}
{"order_customer_id":10303,"order_id":13730,"order_status":"SUSPECTED_FRAUD"}
{"order_customer_id":280,"order_id":13731,"order_status":"PENDING_PAYMENT"}
{"order_customer_id":586,"order_id":13732,"order_status":"PENDING_PAYMENT"}
{"order_customer_id":11159,"order_id":13733,"order_status":"COMPLETE"}
{"order_customer_id":10034,"order_id":13734,"order_status":"PENDING"}
{"order_customer_id":561,"order_id":13735,"order_status":"SUSPECTED_FRAUD"}
{"order_customer_id":1086,"order_id":13736,"order_status":"PENDING_PAYMENT"}
{"order_customer_id":1429,"order_id":13737,"order_status":"COMPLETE"}
{"order_customer_id":4470,"order_id":13738,"order_status":"ON_HOLD"}
{"order_customer_id":6519,"order_id":13739,"order_status":"CLOSED"}
{"order_customer_id":6785,"order_id":13740,"order_status":"ON_HOLD"}
{"order_customer_id":8666,"order_id":13741,"order_status":"COMPLETE"}
{"order_customer_id":2118,"order_id":13742,"order_status":"COMPLETE"}
{"order_customer_id":4485,"order_id":13743,"order_status":"PENDING_PAYMENT"}
{"order_customer_id":850,"order_id":13744,"order_status":"PENDING_PAYMENT"}
{"order_customer_id":2872,"order_id":13745,"order_status":"PENDING"}
{"order_customer_id":7082,"order_id":13746,"order_status":"COMPLETE"}
{"order_customer_id":4184,"order_id":13747,"order_status":"PROCESSING"}
{"order_customer_id":9924,"order_id":13748,"order_status":"COMPLETE"}
{"order_customer_id":3192,"order_id":13749,"order_status":"PENDING"}
{"order_customer_id":2829,"order_id":13750,"order_status":"PENDING_PAYMENT"}
{"order_customer_id":11659,"order_id":13751,"order_status":"COMPLETE"}
{"order_customer_id":2031,"order_id":13752,"order_status":"PROCESSING"}
{"order_customer_id":4307,"order_id":13753,"order_status":"COMPLETE"}
{"order_customer_id":12303,"order_id":13754,"order_status":"PENDING_PAYMENT"}
{"order_customer_id":11448,"order_id":13755,"order_status":"SUSPECTED_FRAUD"}
{"order_customer_id":9359,"order_id":13756,"order_status":"PENDING_PAYMENT"}
{"order_customer_id":8521,"order_id":13757,"order_status":"COMPLETE"}
{"order_customer_id":7234,"order_id":13758,"order_status":"PENDING"}
{"order_customer_id":8851,"order_id":59935,"order_status":"PENDING_PAYMENT"}
{"order_customer_id":12293,"order_id":59936,"order_status":"COMPLETE"}
{"order_customer_id":9085,"order_id":59937,"order_status":"CLOSED"}
{"order_customer_id":5802,"order_id":59938,"order_status":"PENDING"}
{"order_customer_id":5300,"order_id":59939,"order_status":"ON_HOLD"}
{"order_customer_id":7590,"order_id":59940,"order_status":"COMPLETE"}
{"order_customer_id":9365,"order_id":59941,"order_status":"PENDING"}
{"order_customer_id":6329,"order_id":59942,"order_status":"PENDING"}
{"order_customer_id":10358,"order_id":59943,"order_status":"COMPLETE"}
{"order_customer_id":4214,"order_id":59944,"order_status":"COMPLETE"}
{"order_customer_id":6702,"order_id":59945,"order_status":"PROCESSING"}
{"order_customer_id":2384,"order_id":59946,"order_status":"CLOSED"}
{"order_customer_id":7421,"order_id":59947,"order_status":"CLOSED"}
{"order_customer_id":7514,"order_id":59948,"order_status":"COMPLETE"}
{"order_customer_id":5713,"order_id":59949,"order_status":"PENDING_PAYMENT"}
{"order_customer_id":3989,"order_id":59950,"order_status":"PENDING_PAYMENT"}
{"order_customer_id":5983,"order_id":59951,"order_status":"COMPLETE"}
{"order_customer_id":7122,"order_id":59952,"order_status":"COMPLETE"}
{"order_customer_id":3201,"order_id":59953,"order_status":"COMPLETE"}
{"order_customer_id":9470,"order_id":59954,"order_status":"COMPLETE"}
{"order_customer_id":2039,"order_id":59955,"order_status":"PENDING_PAYMENT"}
{"order_customer_id":6785,"order_id":59956,"order_status":"PENDING"}
{"order_customer_id":5530,"order_id":59957,"order_status":"PROCESSING"}
{"order_customer_id":6125,"order_id":59958,"order_status":"CLOSED"}
{"order_customer_id":8090,"order_id":59959,"order_status":"PENDING"}
{"order_customer_id":7979,"order_id":59960,"order_status":"PROCESSING"}
{"order_customer_id":523,"order_id":59961,"order_status":"CLOSED"}
{"order_customer_id":3989,"order_id":59962,"order_status":"PROCESSING"}
{"order_customer_id":1498,"order_id":59963,"order_status":"PENDING_PAYMENT"}
{"order_customer_id":11919,"order_id":59964,"order_status":"CLOSED"}
{"order_customer_id":411,"order_id":59965,"order_status":"COMPLETE"}
{"order_customer_id":12127,"order_id":59966,"order_status":"COMPLETE"}
{"order_customer_id":10445,"order_id":59967,"order_status":"COMPLETE"}
{"order_customer_id":7165,"order_id":59968,"order_status":"COMPLETE"}
{"order_customer_id":6301,"order_id":59969,"order_status":"PENDING"}
{"order_customer_id":9992,"order_id":59970,"order_status":"PENDING"}
{"order_customer_id":4747,"order_id":59971,"order_status":"ON_HOLD"}
{"order_customer_id":5663,"order_id":59972,"order_status":"COMPLETE"}
{"order_customer_id":10676,"order_id":59973,"order_status":"PENDING_PAYMENT"}
{"order_customer_id":5862,"order_id":59974,"order_status":"COMPLETE"}
{"order_customer_id":1180,"order_id":59975,"order_status":"COMPLETE"}
{"order_customer_id":5389,"order_id":67722,"order_status":"PENDING_PAYMENT"}
{"order_customer_id":4069,"order_id":67723,"order_status":"COMPLETE"}
{"order_customer_id":8510,"order_id":68734,"order_status":"ON_HOLD"}
