{"order_customer_id":7335,"order_id":15301,"order_status":"PENDING_PAYMENT"}
{"order_customer_id":9619,"order_id":15302,"order_status":"PROCESSING"}
{"order_customer_id":1194,"order_id":15303,"order_status":"COMPLETE"}
{"order_customer_id":5655,"order_id":15304,"order_status":"PROCESSING"}
{"order_customer_id":9581,"order_id":15305,"order_status":"COMPLETE"}
{"order_customer_id":2447,"order_id":15306,"order_status":"PENDING_PAYMENT"}
{"order_customer_id":204,"order_id":15307,"order_status":"PAYMENT_REVIEW"}
{"order_customer_id":9895,"order_id":15308,"order_status":"PENDING_PAYMENT"}
{"order_customer_id":10564,"order_id":15309,"order_status":"PENDING_PAYMENT"}
{"order_customer_id":9535,"order_id":15310,"order_status":"PENDING_PAYMENT"}
{"order_customer_id":5430,"order_id":15311,"order_status":"PENDING"}
{"order_customer_id":911,"order_id":15312,"order_status":"PROCESSING"}
{"order_customer_id":3302,"order_id":15313,"order_status":"COMPLETE"}
{"order_customer_id":11472,"order_id":15314,"order_status":"PROCESSING"}
{"order_customer_id":5298,"order_id":15315,"order_status":"PROCESSING"}
{"order_customer_id":6110,"order_id":15316,"order_status":"COMPLETE"}
{"order_customer_id":5757,"order_id":15317,"order_status":"PROCESSING"}
{"order_customer_id":4860,"order_id":15318,"order_status":"COMPLETE"}
{"order_customer_id":10634,"order_id":15319,"order_status":"PROCESSING"}
{"order_customer_id":8892,"order_id":15320,"order_status":"CANCELED"}
{"order_customer_id":5120,"order_id":15321,"order_status":"COMPLETE"}
{"order_customer_id":4316,"order_id":15322,"order_status":"PENDING"}
{"order_customer_id":3326,"order_id":15323,"order_status":"COMPLETE"}
{"order_customer_id":4940,"order_id":15324,"order_status":"PROCESSING"}
{"order_customer_id":11081,"order_id":15325,"order_status":"COMPLETE"}
{"order_customer_id":7951,"order_id":15326,"order_status":"COMPLETE"}
{"order_customer_id":217,"order_id":15327,"order_status":"COMPLETE"}
{"order_customer_id":10965,"order_id":15328,"order_status":"PENDING"}
{"order_customer_id":1329,"order_id":15329,"order_status":"CANCELED"}
{"order_customer_id":7757,"order_id":15330,"order_status":"PROCESSING"}
{"order_customer_id":468,"order_id":15331,"order_status":"PROCESSING"}
{"order_customer_id":9052,"order_id":15332,"order_status":"CLOSED"}
{"order_customer_id":5658,"order_id":15333,"order_status":"PENDING_PAYMENT"}
{"order_customer_id":10935,"order_id":15334,"order_status":"PENDING_PAYMENT"}
{"order_customer_id":4810,"order_id":15335,"order_status":"CLOSED"}
{"order_customer_id":1421,"order_id":15336,"order_status":"COMPLETE"}
{"order_customer_id":4719,"order_id":15337,"order_status":"ON_HOLD"}
{"order_customer_id":12128,"order_id":15338,"order_status":"CLOSED"}
{"order_customer_id":2716,"order_id":15339,"order_status":"PAYMENT_REVIEW"}
{"order_customer_id":2735,"order_id":15340,"order_status":"PENDING"}
{"order_customer_id":7446,"order_id":15341,"order_status":"PAYMENT_REVIEW"}
{"order_customer_id":11741,"order_id":15342,"order_status":"COMPLETE"}
{"order_customer_id":7731,"order_id":15343,"order_status":"CLOSED"}
{"order_customer_id":5214,"order_id":15344,"order_status":"CLOSED"}
{"order_customer_id":1569,"order_id":15345,"order_status":"COMPLETE"}
{"order_customer_id":8211,"order_id":15346,"order_status":"ON_HOLD"}
{"order_customer_id":5190,"order_id":15347,"order_status":"PENDING_PAYMENT"}
{"order_customer_id":10224,"order_id":15348,"order_status":"PENDING"}
{"order_customer_id":11777,"order_id":15349,"order_status":"ON_HOLD"}
{"order_customer_id":1245,"order_id":15350,"order_status":"PROCESSING"}
{"order_customer_id":9236,"order_id":15351,"order_status":"CLOSED"}
{"order_customer_id":7630,"order_id":15352,"order_status":"SUSPECTED_FRAUD"}
{"order_customer_id":8821,"order_id":15353,"order_status":"COMPLETE"}
{"order_customer_id":5877,"order_id":15354,"order_status":"COMPLETE"}
{"order_customer_id":7830,"order_id":15355,"order_status":"COMPLETE"}
{"order_customer_id":2478,"order_id":15356,"order_status":"COMPLETE"}
{"order_customer_id":510,"order_id":15357,"order_status":"ON_HOLD"}
{"order_customer_id":1537,"order_id":15358,"order_status":"PENDING"}
{"order_customer_id":4960,"order_id":15359,"order_status":"COMPLETE"}
{"order_customer_id":5303,"order_id":15360,"order_status":"PENDING_PAYMENT"}
{"order_customer_id":6704,"order_id":15361,"order_status":"PROCESSING"}
{"order_customer_id":10523,"order_id":15362,"order_status":"CLOSED"}
{"order_customer_id":9670,"order_id":15363,"order_status":"PROCESSING"}
{"order_customer_id":2130,"order_id":15364,"order_status":"PENDING_PAYMENT"}
{"order_customer_id":12299,"order_id":15365,"order_status":"PROCESSING"}
{"order_customer_id":1692,"order_id":15366,"order_status":"COMPLETE"}
{"order_customer_id":3658,"order_id":15367,"order_status":"PENDING_PAYMENT"}
{"order_customer_id":10373,"order_id":15368,"order_status":"PENDING_PAYMENT"}
{"order_customer_id":9210,"order_id":15369,"order_status":"CLOSED"}
{"order_customer_id":7528,"order_id":15370,"order_status":"PENDING_PAYMENT"}
{"order_customer_id":2646,"order_id":15371,"order_status":"COMPLETE"}
{"order_customer_id":173,"order_id":15372,"order_status":"COMPLETE"}
{"order_customer_id":11691,"order_id":15373,"order_status":"COMPLETE"}
{"order_customer_id":742,"order_id":15374,"order_status":"PENDING"}
{"order_customer_id":6725,"order_id":15375,"order_status":"COMPLETE"}
{"order_customer_id":2289,"order_id":15376,"order_status":"COMPLETE"}
{"order_customer_id":5624,"order_id":15377,"order_status":"ON_HOLD"}
{"order_customer_id":4150,"order_id":15378,"order_status":"COMPLETE"}
{"order_customer_id":6005,"order_id":15379,"order_status":"ON_HOLD"}
{"order_customer_id":7504,"order_id":15380,"order_status":"PROCESSING"}
{"order_customer_id":8442,"order_id":15381,"order_status":"CLOSED"}
{"order_customer_id":2898,"order_id":15382,"order_status":"COMPLETE"}
{"order_customer_id":1377,"order_id":15383,"order_status":"PENDING_PAYMENT"}
{"order_customer_id":2573,"order_id":15384,"order_status":"CANCELED"}
{"order_customer_id":7734,"order_id":15385,"order_status":"PROCESSING"}
{"order_customer_id":2164,"order_id":15386,"order_status":"PENDING_PAYMENT"}
{"order_customer_id":7213,"order_id":15387,"order_status":"COMPLETE"}
{"order_customer_id":4571,"order_id":15388,"order_status":"CANCELED"}
{"order_customer_id":3871,"order_id":15389,"order_status":"COMPLETE"}
{"order_customer_id":9808,"order_id":15390,"order_status":"PENDING_PAYMENT"}
{"order_customer_id":4154,"order_id":15391,"order_status":"ON_HOLD"}
{"order_customer_id":8254,"order_id":15392,"order_status":"COMPLETE"}
{"order_customer_id":4962,"order_id":15393,"order_status":"COMPLETE"}
{"order_customer_id":438,"order_id":15394,"order_status":"PENDING_PAYMENT"}
{"order_customer_id":1598,"order_id":15395,"order_status":"CLOSED"}
{"order_customer_id":2385,"order_id":15396,"order_status":"PENDING"}
{"order_customer_id":3439,"order_id":15397,"order_status":"CLOSED"}
{"order_customer_id":12076,"order_id":15398,"order_status":"PENDING_PAYMENT"}
{"order_customer_id":2531,"order_id":15399,"order_status":"PENDING"}
{"order_customer_id":3272,"order_id":15400,"order_status":"COMPLETE"}
{"order_customer_id":5063,"order_id":15401,"order_status":"COMPLETE"}
{"order_customer_id":2142,"order_id":15402,"order_status":"COMPLETE"}
{"order_customer_id":7216,"order_id":15403,"order_status":"COMPLETE"}
{"order_customer_id":5600,"order_id":15404,"order_status":"COMPLETE"}
{"order_customer_id":8864,"order_id":15405,"order_status":"PENDING_PAYMENT"}
{"order_customer_id":7493,"order_id":15406,"order_status":"ON_HOLD"}
{"order_customer_id":486,"order_id":15407,"order_status":"CLOSED"}
{"order_customer_id":3405,"order_id":15408,"order_status":"CLOSED"}
{"order_customer_id":3438,"order_id":15409,"order_status":"COMPLETE"}
{"order_customer_id":1525,"order_id":15410,"order_status":"PENDING_PAYMENT"}
{"order_customer_id":9596,"order_id":15411,"order_status":"PENDING_PAYMENT"}
{"order_customer_id":2919,"order_id":15412,"order_status":"COMPLETE"}
{"order_customer_id":5089,"order_id":15413,"order_status":"PENDING_PAYMENT"}
{"order_customer_id":4552,"order_id":15414,"order_status":"COMPLETE"}
{"order_customer_id":9671,"order_id":15415,"order_status":"CLOSED"}
{"order_customer_id":6036,"order_id":15416,"order_status":"CLOSED"}
{"order_customer_id":10471,"order_id":15417,"order_status":"PENDING_PAYMENT"}
{"order_customer_id":12317,"order_id":15418,"order_status":"PENDING"}
{"order_customer_id":9155,"order_id":15419,"order_status":"COMPLETE"}
{"order_customer_id":2553,"order_id":15420,"order_status":"CLOSED"}
{"order_customer_id":2918,"order_id":15421,"order_status":"COMPLETE"}
{"order_customer_id":8860,"order_id":15422,"order_status":"PENDING"}
{"order_customer_id":8303,"order_id":15423,"order_status":"PROCESSING"}
{"order_customer_id":10216,"order_id":15424,"order_status":"COMPLETE"}
{"order_customer_id":3874,"order_id":15425,"order_status":"COMPLETE"}
{"order_customer_id":10358,"order_id":15426,"order_status":"COMPLETE"}
{"order_customer_id":8043,"order_id":15427,"order_status":"CLOSED"}
{"order_customer_id":5578,"order_id":15428,"order_status":"COMPLETE"}
{"order_customer_id":10082,"order_id":15429,"order_status":"PENDING_PAYMENT"}
{"order_customer_id":2654,"order_id":15430,"order_status":"ON_HOLD"}
{"order_customer_id":1636,"order_id":15431,"order_status":"COMPLETE"}
{"order_customer_id":9744,"order_id":15432,"order_status":"CANCELED"}
{"order_customer_id":1494,"order_id":15433,"order_status":"PROCESSING"}
{"order_customer_id":6404,"order_id":15434,"order_status":"PENDING"}
{"order_customer_id":11589,"order_id":15435,"order_status":"COMPLETE"}
{"order_customer_id":6764,"order_id":15436,"order_status":"COMPLETE"}
{"order_customer_id":4366,"order_id":15437,"order_status":"PENDING_PAYMENT"}
{"order_customer_id":10043,"order_id":15438,"order_status":"COMPLETE"}
{"order_customer_id":11725,"order_id":15439,"order_status":"CLOSED"}
{"order_customer_id":5162,"order_id":15440,"order_status":"PENDING_PAYMENT"}
{"order_customer_id":7280,"order_id":15441,"order_status":"PENDING_PAYMENT"}
{"order_customer_id":10052,"order_id":15442,"order_status":"PENDING_PAYMENT"}
{"order_customer_id":2284,"order_id":15443,"order_status":"PENDING"}
{"order_customer_id":1161,"order_id":15444,"order_status":"COMPLETE"}
{"order_customer_id":11826,"order_id":15445,"order_status":"COMPLETE"}
{"order_customer_id":630,"order_id":15446,"order_status":"PROCESSING"}
{"order_customer_id":3679,"order_id":15447,"order_status":"PENDING"}
{"order_customer_id":406,"order_id":15448,"order_status":"PAYMENT_REVIEW"}
{"order_customer_id":899,"order_id":15449,"order_status":"COMPLETE"}
{"order_customer_id":4588,"order_id":15450,"order_status":"COMPLETE"}
{"order_customer_id":2865,"order_id":15451,"order_status":"PENDING_PAYMENT"}
{"order_customer_id":2976,"order_id":15452,"order_status":"COMPLETE"}
{"order_customer_id":7271,"order_id":15453,"order_status":"PENDING"}
{"order_customer_id":1698,"order_id":15454,"order_status":"SUSPECTED_FRAUD"}
{"order_customer_id":4047,"order_id":15455,"order_status":"ON_HOLD"}
{"order_customer_id":2088,"order_id":15456,"order_status":"PENDING_PAYMENT"}
{"order_customer_id":12403,"order_id":15457,"order_status":"PROCESSING"}
{"order_customer_id":1666,"order_id":15458,"order_status":"CLOSED"}
{"order_customer_id":8674,"order_id":15459,"order_status":"COMPLETE"}
{"order_customer_id":5308,"order_id":15460,"order_status":"COMPLETE"}
{"order_customer_id":9746,"order_id":15461,"order_status":"PENDING_PAYMENT"}
{"order_customer_id":1325,"order_id":15462,"order_status":"COMPLETE"}
{"order_customer_id":52,"order_id":15463,"order_status":"COMPLETE"}
{"order_customer_id":9646,"order_id":15464,"order_status":"PENDING_PAYMENT"}
{"order_customer_id":1290,"order_id":15465,"order_status":"PENDING"}
{"order_customer_id":6662,"order_id":15466,"order_status":"ON_HOLD"}
{"order_customer_id":7432,"order_id":15467,"order_status":"PENDING_PAYMENT"}
{"order_customer_id":3059,"order_id":15468,"order_status":"PENDING"}
{"order_customer_id":12106,"order_id":15469,"order_status":"PROCESSING"}
{"order_customer_id":12076,"order_id":15470,"order_status":"COMPLETE"}
{"order_customer_id":2444,"order_id":15471,"order_status":"PENDING_PAYMENT"}
{"order_customer_id":3120,"order_id":15472,"order_status":"CLOSED"}
{"order_customer_id":1289,"order_id":15473,"order_status":"PENDING_PAYMENT"}
{"order_customer_id":4352,"order_id":15474,"order_status":"COMPLETE"}
{"order_customer_id":7211,"order_id":15475,"order_status":"PENDING"}
{"order_customer_id":8759,"order_id":15476,"order_status":"COMPLETE"}
{"order_customer_id":12373,"order_id":15477,"order_status":"PENDING"}
{"order_customer_id":3048,"order_id":15478,"order_status":"PENDING"}
{"order_customer_id":3726,"order_id":15479,"order_status":"CLOSED"}
{"order_customer_id":4744,"order_id":15480,"order_status":"CLOSED"}
{"order_customer_id":2272,"order_id":15481,"order_status":"COMPLETE"}
{"order_customer_id":8338,"order_id":15482,"order_status":"COMPLETE"}
{"order_customer_id":2198,"order_id":15483,"order_status":"ON_HOLD"}
{"order_customer_id":9772,"order_id":15484,"order_status":"CANCELED"}
{"order_customer_id":4588,"order_id":15485,"order_status":"PENDING"}
{"order_customer_id":7805,"order_id":15486,"order_status":"COMPLETE"}
{"order_customer_id":11731,"order_id":15487,"order_status":"PROCESSING"}
{"order_customer_id":5074,"order_id":60243,"order_status":"CLOSED"}
{"order_customer_id":10846,"order_id":60244,"order_status":"COMPLETE"}
{"order_customer_id":7474,"order_id":60245,"order_status":"PROCESSING"}
{"order_customer_id":11352,"order_id":60246,"order_status":"CLOSED"}
{"order_customer_id":7396,"order_id":60247,"order_status":"CLOSED"}
{"order_customer_id":9085,"order_id":60248,"order_status":"PENDING_PAYMENT"}
{"order_customer_id":7085,"order_id":60249,"order_status":"PENDING_PAYMENT"}
{"order_customer_id":9809,"order_id":60250,"order_status":"COMPLETE"}
{"order_customer_id":1945,"order_id":60251,"order_status":"COMPLETE"}
{"order_customer_id":907,"order_id":60252,"order_status":"ON_HOLD"}
{"order_customer_id":7845,"order_id":60253,"order_status":"COMPLETE"}
{"order_customer_id":11508,"order_id":60254,"order_status":"PENDING_PAYMENT"}
{"order_customer_id":1242,"order_id":60255,"order_status":"PENDING"}
{"order_customer_id":4596,"order_id":60256,"order_status":"PROCESSING"}
{"order_customer_id":11606,"order_id":60257,"order_status":"PENDING_PAYMENT"}
{"order_customer_id":4461,"order_id":60258,"order_status":"PENDING_PAYMENT"}
{"order_customer_id":6146,"order_id":67756,"order_status":"PROCESSING"}
{"order_customer_id":441,"order_id":67757,"order_status":"CLOSED"}
{"order_customer_id":6750,"order_id":67758,"order_status":"CLOSED"}
{"order_customer_id":10759,"order_id":67759,"order_status":"PENDING_PAYMENT"}
{"order_customer_id":197,"order_id":68742,"order_status":"COMPLETE"}
