{"order_customer_id":8025,"order_id":5432,"order_status":"PROCESSING"}
{"order_customer_id":2185,"order_id":5433,"order_status":"PROCESSING"}
{"order_customer_id":1771,"order_id":5434,"order_status":"COMPLETE"}
{"order_customer_id":6442,"order_id":5435,"order_status":"PROCESSING"}
{"order_customer_id":1974,"order_id":5436,"order_status":"COMPLETE"}
{"order_customer_id":7319,"order_id":5437,"order_status":"COMPLETE"}
{"order_customer_id":2645,"order_id":5438,"order_status":"ON_HOLD"}
{"order_customer_id":4440,"order_id":5439,"order_status":"PENDING_PAYMENT"}
{"order_customer_id":1291,"order_id":5440,"order_status":"PROCESSING"}
{"order_customer_id":1096,"order_id":5441,"order_status":"COMPLETE"}
{"order_customer_id":2562,"order_id":5442,"order_status":"COMPLETE"}
{"order_customer_id":5024,"order_id":5443,"order_status":"PROCESSING"}
{"order_customer_id":11814,"order_id":5444,"order_status":"PROCESSING"}
{"order_customer_id":3175,"order_id":5445,"order_status":"COMPLETE"}
{"order_customer_id":10493,"order_id":5446,"order_status":"PENDING_PAYMENT"}
{"order_customer_id":8184,"order_id":5447,"order_status":"PROCESSING"}
{"order_customer_id":6357,"order_id":5448,"order_status":"COMPLETE"}
{"order_customer_id":9744,"order_id":5449,"order_status":"CLOSED"}
{"order_customer_id":3026,"order_id":5450,"order_status":"COMPLETE"}
{"order_customer_id":1108,"order_id":5451,"order_status":"CANCELED"}
{"order_customer_id":3247,"order_id":5452,"order_status":"ON_HOLD"}
{"order_customer_id":936,"order_id":5453,"order_status":"PENDING_PAYMENT"}
{"order_customer_id":1327,"order_id":5454,"order_status":"CLOSED"}
{"order_customer_id":7670,"order_id":5455,"order_status":"COMPLETE"}
{"order_customer_id":9926,"order_id":5456,"order_status":"PROCESSING"}
{"order_customer_id":7892,"order_id":5457,"order_status":"PENDING_PAYMENT"}
{"order_customer_id":9714,"order_id":5458,"order_status":"PENDING_PAYMENT"}
{"order_customer_id":8745,"order_id":5459,"order_status":"PENDING_PAYMENT"}
{"order_customer_id":1981,"order_id":5460,"order_status":"PENDING_PAYMENT"}
{"order_customer_id":556,"order_id":5461,"order_status":"PROCESSING"}
{"order_customer_id":6130,"order_id":5462,"order_status":"COMPLETE"}
{"order_customer_id":11156,"order_id":5463,"order_status":"PENDING_PAYMENT"}
{"order_customer_id":306,"order_id":5464,"order_status":"COMPLETE"}
{"order_customer_id":5533,"order_id":5465,"order_status":"PROCESSING"}
{"order_customer_id":11973,"order_id":5466,"order_status":"PENDING_PAYMENT"}
{"order_customer_id":296,"order_id":5467,"order_status":"PROCESSING"}
{"order_customer_id":9391,"order_id":5468,"order_status":"PENDING_PAYMENT"}
{"order_customer_id":3296,"order_id":5469,"order_status":"CLOSED"}
{"order_customer_id":6323,"order_id":5470,"order_status":"PENDING_PAYMENT"}
{"order_customer_id":9960,"order_id":5471,"order_status":"COMPLETE"}
{"order_customer_id":3999,"order_id":5472,"order_status":"PROCESSING"}
{"order_customer_id":1159,"order_id":5473,"order_status":"ON_HOLD"}
{"order_customer_id":1673,"order_id":5474,"order_status":"COMPLETE"}
{"order_customer_id":4199,"order_id":5475,"order_status":"COMPLETE"}
{"order_customer_id":2717,"order_id":5476,"order_status":"COMPLETE"}
{"order_customer_id":182,"order_id":5477,"order_status":"PENDING_PAYMENT"}
{"order_customer_id":5653,"order_id":5478,"order_status":"COMPLETE"}
{"order_customer_id":6172,"order_id":5479,"order_status":"PROCESSING"}
{"order_customer_id":5526,"order_id":5480,"order_status":"CLOSED"}
{"order_customer_id":2842,"order_id":5481,"order_status":"ON_HOLD"}
{"order_customer_id":7962,"order_id":5482,"order_status":"PENDING"}
{"order_customer_id":9537,"order_id":5483,"order_status":"PENDING_PAYMENT"}
{"order_customer_id":12123,"order_id":5484,"order_status":"PENDING"}
{"order_customer_id":3917,"order_id":5485,"order_status":"ON_HOLD"}
{"order_customer_id":1714,"order_id":5486,"order_status":"COMPLETE"}
{"order_customer_id":8666,"order_id":5487,"order_status":"COMPLETE"}
{"order_customer_id":8124,"order_id":5488,"order_status":"CLOSED"}
{"order_customer_id":9182,"order_id":5489,"order_status":"PENDING_PAYMENT"}
{"order_customer_id":255,"order_id":5490,"order_status":"ON_HOLD"}
{"order_customer_id":1063,"order_id":5491,"order_status":"PENDING"}
{"order_customer_id":4580,"order_id":5492,"order_status":"CLOSED"}
{"order_customer_id":1412,"order_id":5493,"order_status":"COMPLETE"}
{"order_customer_id":1844,"order_id":5494,"order_status":"PENDING_PAYMENT"}
{"order_customer_id":4456,"order_id":5495,"order_status":"PENDING_PAYMENT"}
{"order_customer_id":1006,"order_id":5496,"order_status":"PENDING_PAYMENT"}
{"order_customer_id":7694,"order_id":5497,"order_status":"COMPLETE"}
{"order_customer_id":3639,"order_id":5498,"order_status":"PENDING"}
{"order_customer_id":4459,"order_id":5499,"order_status":"PROCESSING"}
{"order_customer_id":11380,"order_id":5500,"order_status":"COMPLETE"}
{"order_customer_id":6014,"order_id":5501,"order_status":"COMPLETE"}
{"order_customer_id":2533,"order_id":5502,"order_status":"COMPLETE"}
{"order_customer_id":10357,"order_id":5503,"order_status":"PROCESSING"}
{"order_customer_id":4786,"order_id":5504,"order_status":"CLOSED"}
{"order_customer_id":10978,"order_id":5505,"order_status":"COMPLETE"}
{"order_customer_id":9879,"order_id":5506,"order_status":"CLOSED"}
{"order_customer_id":11767,"order_id":5507,"order_status":"CLOSED"}
{"order_customer_id":9549,"order_id":5508,"order_status":"COMPLETE"}
{"order_customer_id":8568,"order_id":5509,"order_status":"PENDING_PAYMENT"}
{"order_customer_id":6652,"order_id":5510,"order_status":"COMPLETE"}
{"order_customer_id":2812,"order_id":5511,"order_status":"PROCESSING"}
{"order_customer_id":3677,"order_id":5512,"order_status":"COMPLETE"}
{"order_customer_id":9825,"order_id":5513,"order_status":"PENDING_PAYMENT"}
{"order_customer_id":7805,"order_id":5514,"order_status":"CLOSED"}
{"order_customer_id":2918,"order_id":5515,"order_status":"CLOSED"}
{"order_customer_id":1601,"order_id":5516,"order_status":"PENDING_PAYMENT"}
{"order_customer_id":10735,"order_id":5517,"order_status":"COMPLETE"}
{"order_customer_id":12116,"order_id":5518,"order_status":"PROCESSING"}
{"order_customer_id":10154,"order_id":5519,"order_status":"SUSPECTED_FRAUD"}
{"order_customer_id":12285,"order_id":5520,"order_status":"PENDING"}
{"order_customer_id":5509,"order_id":5521,"order_status":"COMPLETE"}
{"order_customer_id":5826,"order_id":5522,"order_status":"COMPLETE"}
{"order_customer_id":767,"order_id":5523,"order_status":"PENDING"}
{"order_customer_id":3604,"order_id":5524,"order_status":"CANCELED"}
{"order_customer_id":9875,"order_id":5525,"order_status":"SUSPECTED_FRAUD"}
{"order_customer_id":1261,"order_id":5526,"order_status":"PENDING"}
{"order_customer_id":4701,"order_id":5527,"order_status":"PENDING"}
{"order_customer_id":6071,"order_id":5528,"order_status":"PROCESSING"}
{"order_customer_id":3273,"order_id":5529,"order_status":"PENDING_PAYMENT"}
{"order_customer_id":5612,"order_id":5530,"order_status":"COMPLETE"}
{"order_customer_id":1788,"order_id":5531,"order_status":"COMPLETE"}
{"order_customer_id":5780,"order_id":5532,"order_status":"PENDING_PAYMENT"}
{"order_customer_id":5315,"order_id":5533,"order_status":"CANCELED"}
{"order_customer_id":1657,"order_id":5534,"order_status":"CLOSED"}
{"order_customer_id":6443,"order_id":5535,"order_status":"PENDING_PAYMENT"}
{"order_customer_id":3983,"order_id":5536,"order_status":"CLOSED"}
{"order_customer_id":6546,"order_id":5537,"order_status":"COMPLETE"}
{"order_customer_id":1665,"order_id":5538,"order_status":"PENDING_PAYMENT"}
{"order_customer_id":334,"order_id":5539,"order_status":"PROCESSING"}
{"order_customer_id":10777,"order_id":5540,"order_status":"PROCESSING"}
{"order_customer_id":10875,"order_id":5541,"order_status":"PENDING_PAYMENT"}
{"order_customer_id":4018,"order_id":5542,"order_status":"CLOSED"}
{"order_customer_id":9692,"order_id":5543,"order_status":"ON_HOLD"}
{"order_customer_id":8415,"order_id":5544,"order_status":"PENDING_PAYMENT"}
{"order_customer_id":8936,"order_id":5545,"order_status":"PENDING_PAYMENT"}
{"order_customer_id":9249,"order_id":5546,"order_status":"COMPLETE"}
{"order_customer_id":2944,"order_id":5547,"order_status":"ON_HOLD"}
{"order_customer_id":1747,"order_id":5548,"order_status":"PENDING_PAYMENT"}
{"order_customer_id":4709,"order_id":5549,"order_status":"PENDING_PAYMENT"}
{"order_customer_id":4309,"order_id":5550,"order_status":"PROCESSING"}
{"order_customer_id":4265,"order_id":5551,"order_status":"PROCESSING"}
{"order_customer_id":11379,"order_id":5552,"order_status":"PENDING_PAYMENT"}
{"order_customer_id":11865,"order_id":5553,"order_status":"COMPLETE"}
{"order_customer_id":9759,"order_id":5554,"order_status":"COMPLETE"}
{"order_customer_id":6499,"order_id":5555,"order_status":"CLOSED"}
{"order_customer_id":2577,"order_id":5556,"order_status":"COMPLETE"}
{"order_customer_id":2712,"order_id":5557,"order_status":"CLOSED"}
{"order_customer_id":3323,"order_id":5558,"order_status":"PROCESSING"}
{"order_customer_id":5911,"order_id":5559,"order_status":"COMPLETE"}
{"order_customer_id":6635,"order_id":5560,"order_status":"COMPLETE"}
{"order_customer_id":10994,"order_id":5561,"order_status":"PENDING"}
{"order_customer_id":12209,"order_id":5562,"order_status":"COMPLETE"}
{"order_customer_id":185,"order_id":5563,"order_status":"ON_HOLD"}
{"order_customer_id":8987,"order_id":5564,"order_status":"ON_HOLD"}
{"order_customer_id":11705,"order_id":5565,"order_status":"PENDING"}
{"order_customer_id":7544,"order_id":5566,"order_status":"COMPLETE"}
{"order_customer_id":3244,"order_id":5567,"order_status":"COMPLETE"}
{"order_customer_id":11017,"order_id":5568,"order_status":"PENDING_PAYMENT"}
{"order_customer_id":4919,"order_id":5569,"order_status":"COMPLETE"}
{"order_customer_id":3536,"order_id":5570,"order_status":"COMPLETE"}
{"order_customer_id":6704,"order_id":5571,"order_status":"PENDING_PAYMENT"}
{"order_customer_id":7554,"order_id":5572,"order_status":"COMPLETE"}
{"order_customer_id":1670,"order_id":5573,"order_status":"CLOSED"}
{"order_customer_id":8831,"order_id":58613,"order_status":"PENDING_PAYMENT"}
{"order_customer_id":9227,"order_id":58614,"order_status":"COMPLETE"}
{"order_customer_id":11904,"order_id":58615,"order_status":"COMPLETE"}
{"order_customer_id":1933,"order_id":58616,"order_status":"PENDING"}
{"order_customer_id":587,"order_id":58617,"order_status":"PENDING_PAYMENT"}
{"order_customer_id":422,"order_id":58618,"order_status":"PENDING_PAYMENT"}
{"order_customer_id":6025,"order_id":58619,"order_status":"COMPLETE"}
{"order_customer_id":9575,"order_id":58620,"order_status":"CLOSED"}
{"order_customer_id":407,"order_id":58621,"order_status":"ON_HOLD"}
{"order_customer_id":7985,"order_id":58622,"order_status":"PENDING_PAYMENT"}
{"order_customer_id":5088,"order_id":58623,"order_status":"PROCESSING"}
{"order_customer_id":10080,"order_id":58624,"order_status":"PENDING_PAYMENT"}
{"order_customer_id":8979,"order_id":58625,"order_status":"PENDING"}
{"order_customer_id":2899,"order_id":58626,"order_status":"PENDING_PAYMENT"}
{"order_customer_id":1751,"order_id":58627,"order_status":"PENDING"}
{"order_customer_id":4652,"order_id":58628,"order_status":"COMPLETE"}
{"order_customer_id":8297,"order_id":58629,"order_status":"COMPLETE"}
{"order_customer_id":3571,"order_id":58630,"order_status":"ON_HOLD"}
{"order_customer_id":10826,"order_id":58631,"order_status":"PROCESSING"}
{"order_customer_id":3202,"order_id":58632,"order_status":"COMPLETE"}
{"order_customer_id":337,"order_id":58633,"order_status":"PROCESSING"}
{"order_customer_id":5192,"order_id":58634,"order_status":"ON_HOLD"}
{"order_customer_id":5668,"order_id":58635,"order_status":"PENDING"}
{"order_customer_id":3717,"order_id":58636,"order_status":"COMPLETE"}
{"order_customer_id":7967,"order_id":58637,"order_status":"PROCESSING"}
{"order_customer_id":10408,"order_id":58638,"order_status":"COMPLETE"}
{"order_customer_id":3090,"order_id":58639,"order_status":"COMPLETE"}
{"order_customer_id":8421,"order_id":58640,"order_status":"CLOSED"}
{"order_customer_id":12055,"order_id":58641,"order_status":"PENDING"}
{"order_customer_id":315,"order_id":58642,"order_status":"PENDING_PAYMENT"}
{"order_customer_id":6250,"order_id":58643,"order_status":"COMPLETE"}
{"order_customer_id":10740,"order_id":58644,"order_status":"COMPLETE"}
{"order_customer_id":9825,"order_id":58645,"order_status":"COMPLETE"}
{"order_customer_id":9291,"order_id":58646,"order_status":"PENDING_PAYMENT"}
{"order_customer_id":12245,"order_id":58647,"order_status":"COMPLETE"}
{"order_customer_id":11777,"order_id":58648,"order_status":"COMPLETE"}
{"order_customer_id":12297,"order_id":58649,"order_status":"COMPLETE"}
{"order_customer_id":3144,"order_id":58650,"order_status":"PENDING_PAYMENT"}
{"order_customer_id":11485,"order_id":58651,"order_status":"ON_HOLD"}
{"order_customer_id":12432,"order_id":58652,"order_status":"ON_HOLD"}
{"order_customer_id":918,"order_id":67538,"order_status":"PENDING"}
{"order_customer_id":6277,"order_id":67539,"order_status":"COMPLETE"}
{"order_customer_id":2218,"order_id":67540,"order_status":"CLOSED"}
{"order_customer_id":996,"order_id":67541,"order_status":"COMPLETE"}
{"order_customer_id":9392,"order_id":67542,"order_status":"PENDING_PAYMENT"}
{"order_customer_id":8065,"order_id":67543,"order_status":"CLOSED"}
