{"order_customer_id":3153,"order_id":3439,"order_status":"COMPLETE"}
{"order_customer_id":1448,"order_id":3440,"order_status":"PENDING_PAYMENT"}
{"order_customer_id":2979,"order_id":3441,"order_status":"COMPLETE"}
{"order_customer_id":5470,"order_id":3442,"order_status":"CLOSED"}
{"order_customer_id":2673,"order_id":3443,"order_status":"COMPLETE"}
{"order_customer_id":8549,"order_id":3444,"order_status":"COMPLETE"}
{"order_customer_id":12285,"order_id":3445,"order_status":"PENDING_PAYMENT"}
{"order_customer_id":4915,"order_id":3446,"order_status":"COMPLETE"}
{"order_customer_id":8533,"order_id":3447,"order_status":"COMPLETE"}
{"order_customer_id":4667,"order_id":3448,"order_status":"PENDING_PAYMENT"}
{"order_customer_id":3946,"order_id":3449,"order_status":"ON_HOLD"}
{"order_customer_id":12254,"order_id":3450,"order_status":"PROCESSING"}
{"order_customer_id":1284,"order_id":3451,"order_status":"PENDING"}
{"order_customer_id":88,"order_id":3452,"order_status":"PENDING_PAYMENT"}
{"order_customer_id":1121,"order_id":3453,"order_status":"PENDING_PAYMENT"}
{"order_customer_id":5172,"order_id":3454,"order_status":"PENDING_PAYMENT"}
{"order_customer_id":8607,"order_id":3455,"order_status":"PENDING_PAYMENT"}
{"order_customer_id":8001,"order_id":3456,"order_status":"PROCESSING"}
{"order_customer_id":1627,"order_id":3457,"order_status":"PROCESSING"}
{"order_customer_id":11345,"order_id":3458,"order_status":"COMPLETE"}
{"order_customer_id":3687,"order_id":3459,"order_status":"PROCESSING"}
{"order_customer_id":6747,"order_id":3460,"order_status":"PENDING_PAYMENT"}
{"order_customer_id":3036,"order_id":3461,"order_status":"COMPLETE"}
{"order_customer_id":9193,"order_id":3462,"order_status":"PENDING_PAYMENT"}
{"order_customer_id":5803,"order_id":3463,"order_status":"PROCESSING"}
{"order_customer_id":12019,"order_id":3464,"order_status":"PROCESSING"}
{"order_customer_id":10587,"order_id":3465,"order_status":"COMPLETE"}
{"order_customer_id":10312,"order_id":3466,"order_status":"PENDING_PAYMENT"}
{"order_customer_id":7205,"order_id":3467,"order_status":"COMPLETE"}
{"order_customer_id":4657,"order_id":3468,"order_status":"CLOSED"}
{"order_customer_id":2004,"order_id":3469,"order_status":"COMPLETE"}
{"order_customer_id":6187,"order_id":3470,"order_status":"PENDING"}
{"order_customer_id":9999,"order_id":3471,"order_status":"COMPLETE"}
{"order_customer_id":11352,"order_id":3472,"order_status":"COMPLETE"}
{"order_customer_id":3307,"order_id":3473,"order_status":"CLOSED"}
{"order_customer_id":9172,"order_id":3474,"order_status":"ON_HOLD"}
{"order_customer_id":7798,"order_id":3475,"order_status":"CANCELED"}
{"order_customer_id":9485,"order_id":3476,"order_status":"COMPLETE"}
{"order_customer_id":6898,"order_id":3477,"order_status":"COMPLETE"}
{"order_customer_id":95,"order_id":3478,"order_status":"COMPLETE"}
{"order_customer_id":11596,"order_id":3479,"order_status":"PENDING_PAYMENT"}
{"order_customer_id":7173,"order_id":3480,"order_status":"COMPLETE"}
{"order_customer_id":5691,"order_id":3481,"order_status":"PENDING"}
{"order_customer_id":3955,"order_id":3482,"order_status":"CLOSED"}
{"order_customer_id":1094,"order_id":3483,"order_status":"CLOSED"}
{"order_customer_id":10067,"order_id":3484,"order_status":"PENDING_PAYMENT"}
{"order_customer_id":2397,"order_id":3485,"order_status":"PENDING"}
{"order_customer_id":5173,"order_id":3486,"order_status":"PROCESSING"}
{"order_customer_id":2698,"order_id":3487,"order_status":"COMPLETE"}
{"order_customer_id":245,"order_id":3488,"order_status":"CLOSED"}
{"order_customer_id":11084,"order_id":3489,"order_status":"PENDING_PAYMENT"}
{"order_customer_id":6448,"order_id":3490,"order_status":"PENDING_PAYMENT"}
{"order_customer_id":9543,"order_id":3491,"order_status":"SUSPECTED_FRAUD"}
{"order_customer_id":888,"order_id":3492,"order_status":"PROCESSING"}
{"order_customer_id":1651,"order_id":3493,"order_status":"COMPLETE"}
{"order_customer_id":2756,"order_id":3494,"order_status":"CLOSED"}
{"order_customer_id":2588,"order_id":3495,"order_status":"PENDING_PAYMENT"}
{"order_customer_id":5682,"order_id":3496,"order_status":"COMPLETE"}
{"order_customer_id":1551,"order_id":3497,"order_status":"PENDING"}
{"order_customer_id":8165,"order_id":3498,"order_status":"COMPLETE"}
{"order_customer_id":6635,"order_id":3499,"order_status":"CLOSED"}
{"order_customer_id":8518,"order_id":3500,"order_status":"COMPLETE"}
{"order_customer_id":956,"order_id":3501,"order_status":"COMPLETE"}
{"order_customer_id":1955,"order_id":3502,"order_status":"PENDING_PAYMENT"}
{"order_customer_id":8805,"order_id":3503,"order_status":"PENDING_PAYMENT"}
{"order_customer_id":3529,"order_id":3504,"order_status":"PENDING"}
{"order_customer_id":9819,"order_id":3505,"order_status":"COMPLETE"}
{"order_customer_id":2564,"order_id":3506,"order_status":"PENDING_PAYMENT"}
{"order_customer_id":10942,"order_id":3507,"order_status":"CLOSED"}
{"order_customer_id":7167,"order_id":3508,"order_status":"COMPLETE"}
{"order_customer_id":12251,"order_id":3509,"order_status":"ON_HOLD"}
{"order_customer_id":12296,"order_id":3510,"order_status":"PROCESSING"}
{"order_customer_id":96,"order_id":3511,"order_status":"PROCESSING"}
{"order_customer_id":2123,"order_id":3512,"order_status":"COMPLETE"}
{"order_customer_id":4967,"order_id":3513,"order_status":"PENDING"}
{"order_customer_id":8417,"order_id":3514,"order_status":"CLOSED"}
{"order_customer_id":6703,"order_id":3515,"order_status":"PENDING"}
{"order_customer_id":8162,"order_id":3516,"order_status":"PROCESSING"}
{"order_customer_id":379,"order_id":3517,"order_status":"PROCESSING"}
{"order_customer_id":10239,"order_id":3518,"order_status":"PENDING"}
{"order_customer_id":5548,"order_id":3519,"order_status":"PENDING"}
{"order_customer_id":12180,"order_id":3520,"order_status":"COMPLETE"}
{"order_customer_id":11929,"order_id":3521,"order_status":"PENDING_PAYMENT"}
{"order_customer_id":7108,"order_id":3522,"order_status":"PENDING_PAYMENT"}
{"order_customer_id":878,"order_id":3523,"order_status":"COMPLETE"}
{"order_customer_id":2283,"order_id":3524,"order_status":"PENDING"}
{"order_customer_id":6339,"order_id":3525,"order_status":"ON_HOLD"}
{"order_customer_id":1023,"order_id":3526,"order_status":"CLOSED"}
{"order_customer_id":7407,"order_id":3527,"order_status":"PROCESSING"}
{"order_customer_id":6384,"order_id":3528,"order_status":"COMPLETE"}
{"order_customer_id":2586,"order_id":3529,"order_status":"PENDING_PAYMENT"}
{"order_customer_id":808,"order_id":3530,"order_status":"PENDING_PAYMENT"}
{"order_customer_id":11222,"order_id":3531,"order_status":"COMPLETE"}
{"order_customer_id":5666,"order_id":3532,"order_status":"PROCESSING"}
{"order_customer_id":5217,"order_id":3533,"order_status":"PENDING"}
{"order_customer_id":11009,"order_id":3534,"order_status":"PENDING_PAYMENT"}
{"order_customer_id":7840,"order_id":3535,"order_status":"COMPLETE"}
{"order_customer_id":5943,"order_id":3536,"order_status":"COMPLETE"}
{"order_customer_id":1320,"order_id":3537,"order_status":"CANCELED"}
{"order_customer_id":8069,"order_id":3538,"order_status":"PENDING_PAYMENT"}
{"order_customer_id":8498,"order_id":3539,"order_status":"PROCESSING"}
{"order_customer_id":3863,"order_id":3540,"order_status":"COMPLETE"}
{"order_customer_id":6372,"order_id":3541,"order_status":"PENDING_PAYMENT"}
{"order_customer_id":5264,"order_id":3542,"order_status":"PENDING_PAYMENT"}
{"order_customer_id":7116,"order_id":3543,"order_status":"COMPLETE"}
{"order_customer_id":791,"order_id":3544,"order_status":"PENDING_PAYMENT"}
{"order_customer_id":4161,"order_id":3545,"order_status":"CLOSED"}
{"order_customer_id":12024,"order_id":3546,"order_status":"CLOSED"}
{"order_customer_id":1076,"order_id":3547,"order_status":"COMPLETE"}
{"order_customer_id":1102,"order_id":3548,"order_status":"PENDING_PAYMENT"}
{"order_customer_id":3664,"order_id":3549,"order_status":"PAYMENT_REVIEW"}
{"order_customer_id":9204,"order_id":3550,"order_status":"ON_HOLD"}
{"order_customer_id":5363,"order_id":3551,"order_status":"CANCELED"}
{"order_customer_id":2463,"order_id":3552,"order_status":"COMPLETE"}
{"order_customer_id":11214,"order_id":3553,"order_status":"CANCELED"}
{"order_customer_id":355,"order_id":3554,"order_status":"PROCESSING"}
{"order_customer_id":1482,"order_id":3555,"order_status":"PROCESSING"}
{"order_customer_id":11037,"order_id":3556,"order_status":"ON_HOLD"}
{"order_customer_id":11789,"order_id":3557,"order_status":"ON_HOLD"}
{"order_customer_id":5297,"order_id":3558,"order_status":"PROCESSING"}
{"order_customer_id":4788,"order_id":3559,"order_status":"ON_HOLD"}
{"order_customer_id":10841,"order_id":3560,"order_status":"COMPLETE"}
{"order_customer_id":11392,"order_id":3561,"order_status":"COMPLETE"}
{"order_customer_id":5425,"order_id":3562,"order_status":"PENDING_PAYMENT"}
{"order_customer_id":2095,"order_id":3563,"order_status":"PENDING_PAYMENT"}
{"order_customer_id":4842,"order_id":3564,"order_status":"COMPLETE"}
{"order_customer_id":3029,"order_id":3565,"order_status":"PENDING_PAYMENT"}
{"order_customer_id":3518,"order_id":3566,"order_status":"PROCESSING"}
{"order_customer_id":2663,"order_id":3567,"order_status":"PENDING_PAYMENT"}
{"order_customer_id":9898,"order_id":3568,"order_status":"PENDING"}
{"order_customer_id":8401,"order_id":3569,"order_status":"PROCESSING"}
{"order_customer_id":8653,"order_id":3570,"order_status":"PROCESSING"}
{"order_customer_id":1868,"order_id":3571,"order_status":"CLOSED"}
{"order_customer_id":406,"order_id":3572,"order_status":"PENDING_PAYMENT"}
{"order_customer_id":2051,"order_id":3573,"order_status":"COMPLETE"}
{"order_customer_id":4412,"order_id":3574,"order_status":"PENDING_PAYMENT"}
{"order_customer_id":2761,"order_id":3575,"order_status":"PENDING_PAYMENT"}
{"order_customer_id":8648,"order_id":3576,"order_status":"COMPLETE"}
{"order_customer_id":630,"order_id":3577,"order_status":"PENDING_PAYMENT"}
{"order_customer_id":7613,"order_id":3578,"order_status":"COMPLETE"}
{"order_customer_id":7429,"order_id":3579,"order_status":"COMPLETE"}
{"order_customer_id":4097,"order_id":3580,"order_status":"ON_HOLD"}
{"order_customer_id":6049,"order_id":3581,"order_status":"PENDING_PAYMENT"}
{"order_customer_id":5876,"order_id":3582,"order_status":"COMPLETE"}
{"order_customer_id":6565,"order_id":3583,"order_status":"PENDING_PAYMENT"}
{"order_customer_id":6707,"order_id":58250,"order_status":"PENDING_PAYMENT"}
{"order_customer_id":6830,"order_id":58251,"order_status":"PENDING_PAYMENT"}
{"order_customer_id":8345,"order_id":58252,"order_status":"SUSPECTED_FRAUD"}
{"order_customer_id":3945,"order_id":58253,"order_status":"COMPLETE"}
{"order_customer_id":112,"order_id":58254,"order_status":"PENDING_PAYMENT"}
{"order_customer_id":1284,"order_id":58255,"order_status":"COMPLETE"}
{"order_customer_id":5047,"order_id":58256,"order_status":"PENDING_PAYMENT"}
{"order_customer_id":11784,"order_id":58257,"order_status":"PAYMENT_REVIEW"}
{"order_customer_id":9636,"order_id":58258,"order_status":"PENDING"}
{"order_customer_id":10153,"order_id":58259,"order_status":"COMPLETE"}
{"order_customer_id":9513,"order_id":58260,"order_status":"COMPLETE"}
{"order_customer_id":10222,"order_id":58261,"order_status":"PROCESSING"}
{"order_customer_id":12032,"order_id":58262,"order_status":"ON_HOLD"}
{"order_customer_id":7507,"order_id":58263,"order_status":"PROCESSING"}
{"order_customer_id":3923,"order_id":58264,"order_status":"COMPLETE"}
{"order_customer_id":5784,"order_id":58265,"order_status":"COMPLETE"}
{"order_customer_id":11448,"order_id":58266,"order_status":"PENDING_PAYMENT"}
{"order_customer_id":6233,"order_id":58267,"order_status":"ON_HOLD"}
{"order_customer_id":10976,"order_id":58268,"order_status":"PENDING"}
{"order_customer_id":10153,"order_id":58269,"order_status":"PENDING"}
{"order_customer_id":12363,"order_id":58270,"order_status":"PENDING_PAYMENT"}
{"order_customer_id":7852,"order_id":58271,"order_status":"CLOSED"}
{"order_customer_id":10086,"order_id":58272,"order_status":"PENDING_PAYMENT"}
{"order_customer_id":1735,"order_id":58273,"order_status":"CANCELED"}
{"order_customer_id":4490,"order_id":58274,"order_status":"COMPLETE"}
{"order_customer_id":4953,"order_id":58275,"order_status":"COMPLETE"}
{"order_customer_id":11761,"order_id":58276,"order_status":"COMPLETE"}
{"order_customer_id":5784,"order_id":58277,"order_status":"PENDING_PAYMENT"}
{"order_customer_id":4618,"order_id":58278,"order_status":"PENDING"}
{"order_customer_id":1053,"order_id":58279,"order_status":"COMPLETE"}
{"order_customer_id":964,"order_id":58280,"order_status":"CLOSED"}
{"order_customer_id":5082,"order_id":58281,"order_status":"PROCESSING"}
{"order_customer_id":6425,"order_id":58282,"order_status":"COMPLETE"}
{"order_customer_id":10139,"order_id":58283,"order_status":"ON_HOLD"}
{"order_customer_id":9546,"order_id":58284,"order_status":"PENDING_PAYMENT"}
{"order_customer_id":6265,"order_id":58285,"order_status":"COMPLETE"}
{"order_customer_id":6232,"order_id":58286,"order_status":"CLOSED"}
{"order_customer_id":8517,"order_id":58287,"order_status":"PENDING_PAYMENT"}
{"order_customer_id":658,"order_id":58288,"order_status":"COMPLETE"}
{"order_customer_id":1886,"order_id":58289,"order_status":"PENDING_PAYMENT"}
{"order_customer_id":2936,"order_id":58290,"order_status":"PENDING_PAYMENT"}
{"order_customer_id":5551,"order_id":67488,"order_status":"CLOSED"}
{"order_customer_id":738,"order_id":67489,"order_status":"PENDING"}
{"order_customer_id":5196,"order_id":67490,"order_status":"CANCELED"}
{"order_customer_id":8715,"order_id":67491,"order_status":"PROCESSING"}
{"order_customer_id":10289,"order_id":67492,"order_status":"PROCESSING"}
{"order_customer_id":5945,"order_id":67493,"order_status":"PENDING_PAYMENT"}
{"order_customer_id":2277,"order_id":68702,"order_status":"PENDING_PAYMENT"}
