{"order_customer_id":890,"order_id":11117,"order_status":"CLOSED"}
{"order_customer_id":1559,"order_id":11118,"order_status":"PENDING_PAYMENT"}
{"order_customer_id":10353,"order_id":11119,"order_status":"SUSPECTED_FRAUD"}
{"order_customer_id":2173,"order_id":11120,"order_status":"COMPLETE"}
{"order_customer_id":9701,"order_id":11121,"order_status":"COMPLETE"}
{"order_customer_id":9236,"order_id":11122,"order_status":"PENDING_PAYMENT"}
{"order_customer_id":6101,"order_id":11123,"order_status":"PENDING_PAYMENT"}
{"order_customer_id":5838,"order_id":11124,"order_status":"PENDING_PAYMENT"}
{"order_customer_id":1662,"order_id":11125,"order_status":"COMPLETE"}
{"order_customer_id":11262,"order_id":11126,"order_status":"ON_HOLD"}
{"order_customer_id":4053,"order_id":11127,"order_status":"COMPLETE"}
{"order_customer_id":7005,"order_id":11128,"order_status":"PENDING"}
{"order_customer_id":117,"order_id":11129,"order_status":"COMPLETE"}
{"order_customer_id":1776,"order_id":11130,"order_status":"PENDING_PAYMENT"}
{"order_customer_id":3277,"order_id":11131,"order_status":"PENDING_PAYMENT"}
{"order_customer_id":8794,"order_id":11132,"order_status":"ON_HOLD"}
{"order_customer_id":215,"order_id":11133,"order_status":"PENDING_PAYMENT"}
{"order_customer_id":3928,"order_id":11134,"order_status":"PENDING_PAYMENT"}
{"order_customer_id":9371,"order_id":11135,"order_status":"CANCELED"}
{"order_customer_id":4308,"order_id":11136,"order_status":"COMPLETE"}
{"order_customer_id":6360,"order_id":11137,"order_status":"COMPLETE"}
{"order_customer_id":1544,"order_id":11138,"order_status":"PENDING_PAYMENT"}
{"order_customer_id":2972,"order_id":11139,"order_status":"PENDING_PAYMENT"}
{"order_customer_id":4486,"order_id":11140,"order_status":"SUSPECTED_FRAUD"}
{"order_customer_id":7781,"order_id":11141,"order_status":"PROCESSING"}
{"order_customer_id":2035,"order_id":11142,"order_status":"COMPLETE"}
{"order_customer_id":11667,"order_id":11143,"order_status":"ON_HOLD"}
{"order_customer_id":1972,"order_id":11144,"order_status":"COMPLETE"}
{"order_customer_id":5582,"order_id":11145,"order_status":"COMPLETE"}
{"order_customer_id":6616,"order_id":11146,"order_status":"PENDING_PAYMENT"}
{"order_customer_id":9346,"order_id":11147,"order_status":"COMPLETE"}
{"order_customer_id":8115,"order_id":11148,"order_status":"SUSPECTED_FRAUD"}
{"order_customer_id":5940,"order_id":11149,"order_status":"PENDING_PAYMENT"}
{"order_customer_id":11325,"order_id":11150,"order_status":"CLOSED"}
{"order_customer_id":4537,"order_id":11151,"order_status":"COMPLETE"}
{"order_customer_id":11597,"order_id":11152,"order_status":"ON_HOLD"}
{"order_customer_id":11432,"order_id":11153,"order_status":"CLOSED"}
{"order_customer_id":7629,"order_id":11154,"order_status":"PENDING_PAYMENT"}
{"order_customer_id":9601,"order_id":11155,"order_status":"PENDING"}
{"order_customer_id":9700,"order_id":11156,"order_status":"PENDING_PAYMENT"}
{"order_customer_id":7901,"order_id":11157,"order_status":"PENDING_PAYMENT"}
{"order_customer_id":9829,"order_id":11158,"order_status":"PROCESSING"}
{"order_customer_id":3647,"order_id":11159,"order_status":"PENDING"}
{"order_customer_id":10973,"order_id":11160,"order_status":"COMPLETE"}
{"order_customer_id":11766,"order_id":11161,"order_status":"COMPLETE"}
{"order_customer_id":8900,"order_id":11162,"order_status":"PROCESSING"}
{"order_customer_id":3347,"order_id":11163,"order_status":"PENDING"}
{"order_customer_id":11119,"order_id":11164,"order_status":"CLOSED"}
{"order_customer_id":2430,"order_id":11165,"order_status":"ON_HOLD"}
{"order_customer_id":10778,"order_id":11166,"order_status":"PENDING_PAYMENT"}
{"order_customer_id":6926,"order_id":11167,"order_status":"ON_HOLD"}
{"order_customer_id":5272,"order_id":11168,"order_status":"PROCESSING"}
{"order_customer_id":10371,"order_id":11169,"order_status":"ON_HOLD"}
{"order_customer_id":11074,"order_id":11170,"order_status":"COMPLETE"}
{"order_customer_id":1010,"order_id":11171,"order_status":"COMPLETE"}
{"order_customer_id":11686,"order_id":11172,"order_status":"PENDING_PAYMENT"}
{"order_customer_id":6883,"order_id":11173,"order_status":"COMPLETE"}
{"order_customer_id":2125,"order_id":11174,"order_status":"CLOSED"}
{"order_customer_id":2846,"order_id":11175,"order_status":"PENDING"}
{"order_customer_id":7491,"order_id":11176,"order_status":"COMPLETE"}
{"order_customer_id":7660,"order_id":11177,"order_status":"PENDING"}
{"order_customer_id":7529,"order_id":11178,"order_status":"COMPLETE"}
{"order_customer_id":12377,"order_id":11179,"order_status":"PENDING_PAYMENT"}
{"order_customer_id":5244,"order_id":11180,"order_status":"COMPLETE"}
{"order_customer_id":1094,"order_id":11181,"order_status":"COMPLETE"}
{"order_customer_id":11376,"order_id":11182,"order_status":"CLOSED"}
{"order_customer_id":11127,"order_id":11183,"order_status":"PROCESSING"}
{"order_customer_id":2683,"order_id":11184,"order_status":"SUSPECTED_FRAUD"}
{"order_customer_id":9763,"order_id":11185,"order_status":"COMPLETE"}
{"order_customer_id":5188,"order_id":11186,"order_status":"COMPLETE"}
{"order_customer_id":12150,"order_id":11187,"order_status":"PROCESSING"}
{"order_customer_id":6605,"order_id":11188,"order_status":"PENDING_PAYMENT"}
{"order_customer_id":4455,"order_id":11189,"order_status":"PENDING"}
{"order_customer_id":10315,"order_id":11190,"order_status":"PROCESSING"}
{"order_customer_id":11289,"order_id":11191,"order_status":"COMPLETE"}
{"order_customer_id":2117,"order_id":11192,"order_status":"PENDING_PAYMENT"}
{"order_customer_id":3502,"order_id":11193,"order_status":"PENDING_PAYMENT"}
{"order_customer_id":11011,"order_id":11194,"order_status":"COMPLETE"}
{"order_customer_id":6059,"order_id":11195,"order_status":"CLOSED"}
{"order_customer_id":11993,"order_id":11196,"order_status":"PENDING_PAYMENT"}
{"order_customer_id":7418,"order_id":11197,"order_status":"CLOSED"}
{"order_customer_id":1701,"order_id":11198,"order_status":"PROCESSING"}
{"order_customer_id":102,"order_id":11199,"order_status":"COMPLETE"}
{"order_customer_id":10834,"order_id":11200,"order_status":"PENDING"}
{"order_customer_id":11254,"order_id":11201,"order_status":"COMPLETE"}
{"order_customer_id":9194,"order_id":11202,"order_status":"COMPLETE"}
{"order_customer_id":11628,"order_id":11203,"order_status":"COMPLETE"}
{"order_customer_id":5004,"order_id":11204,"order_status":"COMPLETE"}
{"order_customer_id":1562,"order_id":11205,"order_status":"PROCESSING"}
{"order_customer_id":2378,"order_id":11206,"order_status":"PROCESSING"}
{"order_customer_id":9683,"order_id":11207,"order_status":"COMPLETE"}
{"order_customer_id":160,"order_id":11208,"order_status":"COMPLETE"}
{"order_customer_id":7202,"order_id":11209,"order_status":"COMPLETE"}
{"order_customer_id":3270,"order_id":11210,"order_status":"PENDING_PAYMENT"}
{"order_customer_id":7537,"order_id":11211,"order_status":"COMPLETE"}
{"order_customer_id":6664,"order_id":11212,"order_status":"COMPLETE"}
{"order_customer_id":9861,"order_id":11213,"order_status":"CLOSED"}
{"order_customer_id":8345,"order_id":11214,"order_status":"COMPLETE"}
{"order_customer_id":126,"order_id":11215,"order_status":"COMPLETE"}
{"order_customer_id":7722,"order_id":11216,"order_status":"PENDING_PAYMENT"}
{"order_customer_id":1765,"order_id":11217,"order_status":"PENDING_PAYMENT"}
{"order_customer_id":8626,"order_id":11218,"order_status":"SUSPECTED_FRAUD"}
{"order_customer_id":2674,"order_id":11219,"order_status":"CLOSED"}
{"order_customer_id":9925,"order_id":11220,"order_status":"COMPLETE"}
{"order_customer_id":10567,"order_id":11221,"order_status":"PENDING_PAYMENT"}
{"order_customer_id":2515,"order_id":11222,"order_status":"COMPLETE"}
{"order_customer_id":3184,"order_id":11223,"order_status":"PENDING_PAYMENT"}
{"order_customer_id":687,"order_id":11224,"order_status":"COMPLETE"}
{"order_customer_id":7419,"order_id":11225,"order_status":"PENDING_PAYMENT"}
{"order_customer_id":3168,"order_id":11226,"order_status":"PENDING_PAYMENT"}
{"order_customer_id":10819,"order_id":11227,"order_status":"COMPLETE"}
{"order_customer_id":10383,"order_id":11228,"order_status":"COMPLETE"}
{"order_customer_id":8723,"order_id":11229,"order_status":"PENDING"}
{"order_customer_id":3435,"order_id":11230,"order_status":"PENDING_PAYMENT"}
{"order_customer_id":9025,"order_id":11231,"order_status":"PROCESSING"}
{"order_customer_id":5628,"order_id":11232,"order_status":"PENDING_PAYMENT"}
{"order_customer_id":9930,"order_id":11233,"order_status":"CLOSED"}
{"order_customer_id":4861,"order_id":11234,"order_status":"PENDING_PAYMENT"}
{"order_customer_id":497,"order_id":11235,"order_status":"PENDING_PAYMENT"}
{"order_customer_id":1792,"order_id":11236,"order_status":"COMPLETE"}
{"order_customer_id":6529,"order_id":11237,"order_status":"CLOSED"}
{"order_customer_id":5175,"order_id":11238,"order_status":"CLOSED"}
{"order_customer_id":6212,"order_id":11239,"order_status":"COMPLETE"}
{"order_customer_id":7352,"order_id":11240,"order_status":"COMPLETE"}
{"order_customer_id":10656,"order_id":11241,"order_status":"PROCESSING"}
{"order_customer_id":5965,"order_id":11242,"order_status":"COMPLETE"}
{"order_customer_id":6300,"order_id":11243,"order_status":"PENDING_PAYMENT"}
{"order_customer_id":3551,"order_id":11244,"order_status":"CLOSED"}
{"order_customer_id":6518,"order_id":11245,"order_status":"PENDING_PAYMENT"}
{"order_customer_id":8135,"order_id":11246,"order_status":"PROCESSING"}
{"order_customer_id":7161,"order_id":11247,"order_status":"COMPLETE"}
{"order_customer_id":3197,"order_id":11248,"order_status":"PROCESSING"}
{"order_customer_id":8416,"order_id":11249,"order_status":"COMPLETE"}
{"order_customer_id":1613,"order_id":11250,"order_status":"SUSPECTED_FRAUD"}
{"order_customer_id":11466,"order_id":11251,"order_status":"COMPLETE"}
{"order_customer_id":11920,"order_id":11252,"order_status":"PENDING_PAYMENT"}
{"order_customer_id":8180,"order_id":11253,"order_status":"PENDING_PAYMENT"}
{"order_customer_id":3898,"order_id":11254,"order_status":"ON_HOLD"}
{"order_customer_id":11951,"order_id":11255,"order_status":"COMPLETE"}
{"order_customer_id":35,"order_id":11256,"order_status":"CANCELED"}
{"order_customer_id":5878,"order_id":11257,"order_status":"CLOSED"}
{"order_customer_id":7830,"order_id":11258,"order_status":"CLOSED"}
{"order_customer_id":5186,"order_id":11259,"order_status":"COMPLETE"}
{"order_customer_id":9622,"order_id":11260,"order_status":"COMPLETE"}
{"order_customer_id":3716,"order_id":11261,"order_status":"PENDING_PAYMENT"}
{"order_customer_id":7112,"order_id":11262,"order_status":"PENDING"}
{"order_customer_id":2134,"order_id":11263,"order_status":"PENDING_PAYMENT"}
{"order_customer_id":8929,"order_id":11264,"order_status":"CLOSED"}
{"order_customer_id":8836,"order_id":11265,"order_status":"COMPLETE"}
{"order_customer_id":10456,"order_id":11266,"order_status":"PENDING"}
{"order_customer_id":8371,"order_id":11267,"order_status":"COMPLETE"}
{"order_customer_id":5245,"order_id":11268,"order_status":"PENDING"}
{"order_customer_id":10965,"order_id":11269,"order_status":"PENDING_PAYMENT"}
{"order_customer_id":6315,"order_id":11270,"order_status":"PENDING_PAYMENT"}
{"order_customer_id":1537,"order_id":11271,"order_status":"COMPLETE"}
{"order_customer_id":5543,"order_id":11272,"order_status":"PENDING_PAYMENT"}
{"order_customer_id":4249,"order_id":11273,"order_status":"CLOSED"}
{"order_customer_id":6017,"order_id":11274,"order_status":"CANCELED"}
{"order_customer_id":5934,"order_id":11275,"order_status":"CLOSED"}
{"order_customer_id":11694,"order_id":11276,"order_status":"COMPLETE"}
{"order_customer_id":11458,"order_id":11277,"order_status":"COMPLETE"}
{"order_customer_id":4417,"order_id":11278,"order_status":"PENDING_PAYMENT"}
{"order_customer_id":7971,"order_id":11279,"order_status":"PENDING_PAYMENT"}
{"order_customer_id":1924,"order_id":11280,"order_status":"COMPLETE"}
{"order_customer_id":1590,"order_id":11281,"order_status":"COMPLETE"}
{"order_customer_id":8993,"order_id":11282,"order_status":"PENDING_PAYMENT"}
{"order_customer_id":3416,"order_id":11283,"order_status":"CLOSED"}
{"order_customer_id":6573,"order_id":11284,"order_status":"PROCESSING"}
{"order_customer_id":11377,"order_id":11285,"order_status":"CLOSED"}
{"order_customer_id":7867,"order_id":11286,"order_status":"CANCELED"}
{"order_customer_id":4366,"order_id":11287,"order_status":"CLOSED"}
{"order_customer_id":2703,"order_id":11288,"order_status":"COMPLETE"}
{"order_customer_id":151,"order_id":11289,"order_status":"PENDING_PAYMENT"}
{"order_customer_id":7597,"order_id":11290,"order_status":"COMPLETE"}
{"order_customer_id":4708,"order_id":11291,"order_status":"COMPLETE"}
{"order_customer_id":3627,"order_id":11292,"order_status":"COMPLETE"}
{"order_customer_id":936,"order_id":11293,"order_status":"PENDING"}
{"order_customer_id":5017,"order_id":11294,"order_status":"PROCESSING"}
{"order_customer_id":10007,"order_id":11295,"order_status":"PENDING_PAYMENT"}
{"order_customer_id":10589,"order_id":11296,"order_status":"PROCESSING"}
{"order_customer_id":1650,"order_id":11297,"order_status":"COMPLETE"}
{"order_customer_id":11898,"order_id":11298,"order_status":"COMPLETE"}
{"order_customer_id":10743,"order_id":11299,"order_status":"PENDING_PAYMENT"}
{"order_customer_id":511,"order_id":11300,"order_status":"COMPLETE"}
{"order_customer_id":6768,"order_id":11301,"order_status":"PENDING_PAYMENT"}
{"order_customer_id":3073,"order_id":11302,"order_status":"PENDING_PAYMENT"}
{"order_customer_id":1580,"order_id":11303,"order_status":"ON_HOLD"}
{"order_customer_id":6834,"order_id":11304,"order_status":"COMPLETE"}
{"order_customer_id":5158,"order_id":11305,"order_status":"PROCESSING"}
{"order_customer_id":12170,"order_id":11306,"order_status":"COMPLETE"}
{"order_customer_id":10283,"order_id":11307,"order_status":"COMPLETE"}
{"order_customer_id":12233,"order_id":11308,"order_status":"SUSPECTED_FRAUD"}
{"order_customer_id":5562,"order_id":11309,"order_status":"COMPLETE"}
{"order_customer_id":2999,"order_id":11310,"order_status":"PENDING_PAYMENT"}
{"order_customer_id":1353,"order_id":11311,"order_status":"PENDING"}
{"order_customer_id":6805,"order_id":11312,"order_status":"CANCELED"}
{"order_customer_id":10080,"order_id":11313,"order_status":"COMPLETE"}
{"order_customer_id":12329,"order_id":11314,"order_status":"PROCESSING"}
{"order_customer_id":6400,"order_id":59513,"order_status":"PENDING_PAYMENT"}
{"order_customer_id":7399,"order_id":59514,"order_status":"COMPLETE"}
{"order_customer_id":9563,"order_id":59515,"order_status":"PENDING"}
{"order_customer_id":4506,"order_id":59516,"order_status":"COMPLETE"}
{"order_customer_id":4937,"order_id":59517,"order_status":"PENDING"}
{"order_customer_id":11493,"order_id":59518,"order_status":"PENDING_PAYMENT"}
{"order_customer_id":2427,"order_id":59519,"order_status":"CLOSED"}
{"order_customer_id":9500,"order_id":59520,"order_status":"COMPLETE"}
{"order_customer_id":10514,"order_id":59521,"order_status":"COMPLETE"}
{"order_customer_id":10836,"order_id":59522,"order_status":"COMPLETE"}
{"order_customer_id":3858,"order_id":59523,"order_status":"COMPLETE"}
{"order_customer_id":6839,"order_id":59524,"order_status":"PENDING_PAYMENT"}
{"order_customer_id":2188,"order_id":59525,"order_status":"COMPLETE"}
{"order_customer_id":9989,"order_id":59526,"order_status":"CLOSED"}
{"order_customer_id":2800,"order_id":59527,"order_status":"PROCESSING"}
{"order_customer_id":7178,"order_id":59528,"order_status":"PENDING_PAYMENT"}
{"order_customer_id":11785,"order_id":59529,"order_status":"CLOSED"}
{"order_customer_id":2233,"order_id":59530,"order_status":"PENDING"}
{"order_customer_id":2630,"order_id":59531,"order_status":"PENDING"}
{"order_customer_id":1793,"order_id":59532,"order_status":"COMPLETE"}
{"order_customer_id":6059,"order_id":59533,"order_status":"ON_HOLD"}
{"order_customer_id":3016,"order_id":59534,"order_status":"PROCESSING"}
{"order_customer_id":4034,"order_id":59535,"order_status":"PENDING_PAYMENT"}
{"order_customer_id":8754,"order_id":59536,"order_status":"CLOSED"}
{"order_customer_id":2871,"order_id":59537,"order_status":"COMPLETE"}
{"order_customer_id":6199,"order_id":59538,"order_status":"COMPLETE"}
{"order_customer_id":8518,"order_id":59539,"order_status":"PROCESSING"}
{"order_customer_id":9701,"order_id":59540,"order_status":"PENDING_PAYMENT"}
{"order_customer_id":478,"order_id":59541,"order_status":"COMPLETE"}
{"order_customer_id":7024,"order_id":59542,"order_status":"PENDING"}
{"order_customer_id":10376,"order_id":59543,"order_status":"ON_HOLD"}
{"order_customer_id":3960,"order_id":59544,"order_status":"PROCESSING"}
{"order_customer_id":1783,"order_id":59545,"order_status":"COMPLETE"}
{"order_customer_id":6752,"order_id":59546,"order_status":"CANCELED"}
{"order_customer_id":3140,"order_id":59547,"order_status":"CLOSED"}
{"order_customer_id":8839,"order_id":59548,"order_status":"PENDING"}
{"order_customer_id":7698,"order_id":59549,"order_status":"CLOSED"}
{"order_customer_id":3688,"order_id":59550,"order_status":"COMPLETE"}
{"order_customer_id":139,"order_id":59551,"order_status":"PENDING_PAYMENT"}
{"order_customer_id":7084,"order_id":67670,"order_status":"PENDING"}
{"order_customer_id":8817,"order_id":68726,"order_status":"PENDING_PAYMENT"}
