{"order_customer_id":2147,"order_id":11886,"order_status":"PENDING"}
{"order_customer_id":3147,"order_id":11887,"order_status":"SUSPECTED_FRAUD"}
{"order_customer_id":12152,"order_id":11888,"order_status":"ON_HOLD"}
{"order_customer_id":3030,"order_id":11889,"order_status":"PENDING"}
{"order_customer_id":2584,"order_id":11890,"order_status":"COMPLETE"}
{"order_customer_id":1302,"order_id":11891,"order_status":"COMPLETE"}
{"order_customer_id":9647,"order_id":11892,"order_status":"PENDING"}
{"order_customer_id":3542,"order_id":11893,"order_status":"PENDING_PAYMENT"}
{"order_customer_id":11930,"order_id":11894,"order_status":"COMPLETE"}
{"order_customer_id":3980,"order_id":11895,"order_status":"COMPLETE"}
{"order_customer_id":1563,"order_id":11896,"order_status":"COMPLETE"}
{"order_customer_id":10415,"order_id":11897,"order_status":"PENDING_PAYMENT"}
{"order_customer_id":3519,"order_id":11898,"order_status":"COMPLETE"}
{"order_customer_id":1862,"order_id":11899,"order_status":"CLOSED"}
{"order_customer_id":5801,"order_id":11900,"order_status":"PENDING_PAYMENT"}
{"order_customer_id":6303,"order_id":11901,"order_status":"PENDING_PAYMENT"}
{"order_customer_id":9758,"order_id":11902,"order_status":"CANCELED"}
{"order_customer_id":7753,"order_id":11903,"order_status":"CLOSED"}
{"order_customer_id":9300,"order_id":11904,"order_status":"PENDING_PAYMENT"}
{"order_customer_id":10827,"order_id":11905,"order_status":"COMPLETE"}
{"order_customer_id":3648,"order_id":11906,"order_status":"PENDING"}
{"order_customer_id":11868,"order_id":11907,"order_status":"PENDING_PAYMENT"}
{"order_customer_id":10887,"order_id":11908,"order_status":"COMPLETE"}
{"order_customer_id":11866,"order_id":11909,"order_status":"COMPLETE"}
{"order_customer_id":4887,"order_id":11910,"order_status":"PENDING_PAYMENT"}
{"order_customer_id":949,"order_id":11911,"order_status":"PENDING"}
{"order_customer_id":10931,"order_id":11912,"order_status":"CLOSED"}
{"order_customer_id":2058,"order_id":11913,"order_status":"ON_HOLD"}
{"order_customer_id":3147,"order_id":11914,"order_status":"PENDING_PAYMENT"}
{"order_customer_id":6428,"order_id":11915,"order_status":"PROCESSING"}
{"order_customer_id":10898,"order_id":11916,"order_status":"SUSPECTED_FRAUD"}
{"order_customer_id":3364,"order_id":11917,"order_status":"CLOSED"}
{"order_customer_id":2983,"order_id":11918,"order_status":"PENDING_PAYMENT"}
{"order_customer_id":2313,"order_id":11919,"order_status":"COMPLETE"}
{"order_customer_id":6393,"order_id":11920,"order_status":"PENDING_PAYMENT"}
{"order_customer_id":847,"order_id":11921,"order_status":"PENDING_PAYMENT"}
{"order_customer_id":6015,"order_id":11922,"order_status":"PENDING"}
{"order_customer_id":12393,"order_id":11923,"order_status":"COMPLETE"}
{"order_customer_id":7375,"order_id":11924,"order_status":"PENDING"}
{"order_customer_id":2213,"order_id":11925,"order_status":"PROCESSING"}
{"order_customer_id":8997,"order_id":11926,"order_status":"COMPLETE"}
{"order_customer_id":10473,"order_id":11927,"order_status":"PENDING_PAYMENT"}
{"order_customer_id":10305,"order_id":11928,"order_status":"COMPLETE"}
{"order_customer_id":9883,"order_id":11929,"order_status":"COMPLETE"}
{"order_customer_id":12326,"order_id":11930,"order_status":"PENDING"}
{"order_customer_id":8585,"order_id":11931,"order_status":"ON_HOLD"}
{"order_customer_id":10071,"order_id":11932,"order_status":"CLOSED"}
{"order_customer_id":5899,"order_id":11933,"order_status":"COMPLETE"}
{"order_customer_id":3361,"order_id":11934,"order_status":"COMPLETE"}
{"order_customer_id":3658,"order_id":11935,"order_status":"PENDING_PAYMENT"}
{"order_customer_id":724,"order_id":11936,"order_status":"PENDING_PAYMENT"}
{"order_customer_id":1797,"order_id":11937,"order_status":"PENDING_PAYMENT"}
{"order_customer_id":5963,"order_id":11938,"order_status":"ON_HOLD"}
{"order_customer_id":6126,"order_id":11939,"order_status":"COMPLETE"}
{"order_customer_id":8707,"order_id":11940,"order_status":"PENDING_PAYMENT"}
{"order_customer_id":12399,"order_id":11941,"order_status":"PROCESSING"}
{"order_customer_id":8862,"order_id":11942,"order_status":"PENDING_PAYMENT"}
{"order_customer_id":3655,"order_id":11943,"order_status":"CANCELED"}
{"order_customer_id":1236,"order_id":11944,"order_status":"COMPLETE"}
{"order_customer_id":9074,"order_id":11945,"order_status":"COMPLETE"}
{"order_customer_id":12304,"order_id":11946,"order_status":"COMPLETE"}
{"order_customer_id":8750,"order_id":11947,"order_status":"COMPLETE"}
{"order_customer_id":8470,"order_id":11948,"order_status":"PROCESSING"}
{"order_customer_id":6813,"order_id":11949,"order_status":"PENDING"}
{"order_customer_id":9979,"order_id":11950,"order_status":"PROCESSING"}
{"order_customer_id":1505,"order_id":11951,"order_status":"PROCESSING"}
{"order_customer_id":9163,"order_id":11952,"order_status":"PROCESSING"}
{"order_customer_id":11461,"order_id":11953,"order_status":"PENDING"}
{"order_customer_id":5560,"order_id":11954,"order_status":"COMPLETE"}
{"order_customer_id":744,"order_id":11955,"order_status":"COMPLETE"}
{"order_customer_id":4244,"order_id":11956,"order_status":"PENDING_PAYMENT"}
{"order_customer_id":6514,"order_id":11957,"order_status":"COMPLETE"}
{"order_customer_id":7004,"order_id":11958,"order_status":"COMPLETE"}
{"order_customer_id":4227,"order_id":11959,"order_status":"PENDING_PAYMENT"}
{"order_customer_id":10486,"order_id":11960,"order_status":"COMPLETE"}
{"order_customer_id":10232,"order_id":11961,"order_status":"COMPLETE"}
{"order_customer_id":1011,"order_id":11962,"order_status":"SUSPECTED_FRAUD"}
{"order_customer_id":2064,"order_id":11963,"order_status":"PENDING_PAYMENT"}
{"order_customer_id":5357,"order_id":11964,"order_status":"PROCESSING"}
{"order_customer_id":643,"order_id":11965,"order_status":"PENDING"}
{"order_customer_id":5413,"order_id":11966,"order_status":"COMPLETE"}
{"order_customer_id":11924,"order_id":11967,"order_status":"PAYMENT_REVIEW"}
{"order_customer_id":2610,"order_id":11968,"order_status":"COMPLETE"}
{"order_customer_id":11481,"order_id":11969,"order_status":"COMPLETE"}
{"order_customer_id":1958,"order_id":11970,"order_status":"COMPLETE"}
{"order_customer_id":11382,"order_id":11971,"order_status":"PROCESSING"}
{"order_customer_id":1742,"order_id":11972,"order_status":"COMPLETE"}
{"order_customer_id":7319,"order_id":11973,"order_status":"COMPLETE"}
{"order_customer_id":4776,"order_id":11974,"order_status":"PENDING_PAYMENT"}
{"order_customer_id":5715,"order_id":11975,"order_status":"PROCESSING"}
{"order_customer_id":7556,"order_id":11976,"order_status":"PROCESSING"}
{"order_customer_id":3569,"order_id":11977,"order_status":"SUSPECTED_FRAUD"}
{"order_customer_id":2477,"order_id":11978,"order_status":"PROCESSING"}
{"order_customer_id":11645,"order_id":11979,"order_status":"PENDING_PAYMENT"}
{"order_customer_id":5459,"order_id":11980,"order_status":"ON_HOLD"}
{"order_customer_id":11747,"order_id":11981,"order_status":"COMPLETE"}
{"order_customer_id":673,"order_id":11982,"order_status":"COMPLETE"}
{"order_customer_id":149,"order_id":11983,"order_status":"COMPLETE"}
{"order_customer_id":6966,"order_id":11984,"order_status":"ON_HOLD"}
{"order_customer_id":12114,"order_id":11985,"order_status":"CANCELED"}
{"order_customer_id":2433,"order_id":11986,"order_status":"COMPLETE"}
{"order_customer_id":2845,"order_id":11987,"order_status":"PENDING_PAYMENT"}
{"order_customer_id":6480,"order_id":11988,"order_status":"SUSPECTED_FRAUD"}
{"order_customer_id":3160,"order_id":11989,"order_status":"PENDING_PAYMENT"}
{"order_customer_id":3031,"order_id":11990,"order_status":"PROCESSING"}
{"order_customer_id":11470,"order_id":11991,"order_status":"CLOSED"}
{"order_customer_id":9938,"order_id":11992,"order_status":"COMPLETE"}
{"order_customer_id":4976,"order_id":11993,"order_status":"PENDING"}
{"order_customer_id":6494,"order_id":11994,"order_status":"SUSPECTED_FRAUD"}
{"order_customer_id":5721,"order_id":11995,"order_status":"PENDING_PAYMENT"}
{"order_customer_id":3355,"order_id":11996,"order_status":"PENDING_PAYMENT"}
{"order_customer_id":1935,"order_id":11997,"order_status":"CLOSED"}
{"order_customer_id":10697,"order_id":11998,"order_status":"COMPLETE"}
{"order_customer_id":6135,"order_id":11999,"order_status":"PENDING_PAYMENT"}
{"order_customer_id":1152,"order_id":12000,"order_status":"COMPLETE"}
{"order_customer_id":6741,"order_id":12001,"order_status":"PENDING"}
{"order_customer_id":1647,"order_id":12002,"order_status":"PROCESSING"}
{"order_customer_id":6477,"order_id":12003,"order_status":"CLOSED"}
{"order_customer_id":1474,"order_id":12004,"order_status":"PENDING_PAYMENT"}
{"order_customer_id":8276,"order_id":12005,"order_status":"PROCESSING"}
{"order_customer_id":11299,"order_id":12006,"order_status":"COMPLETE"}
{"order_customer_id":9748,"order_id":12007,"order_status":"PENDING_PAYMENT"}
{"order_customer_id":4043,"order_id":12008,"order_status":"COMPLETE"}
{"order_customer_id":994,"order_id":12009,"order_status":"PROCESSING"}
{"order_customer_id":1877,"order_id":12010,"order_status":"COMPLETE"}
{"order_customer_id":10155,"order_id":12011,"order_status":"PENDING"}
{"order_customer_id":9264,"order_id":12012,"order_status":"COMPLETE"}
{"order_customer_id":2077,"order_id":12013,"order_status":"COMPLETE"}
{"order_customer_id":1394,"order_id":12014,"order_status":"PROCESSING"}
{"order_customer_id":9405,"order_id":12015,"order_status":"PENDING_PAYMENT"}
{"order_customer_id":5867,"order_id":12016,"order_status":"PROCESSING"}
{"order_customer_id":3068,"order_id":12017,"order_status":"COMPLETE"}
{"order_customer_id":11241,"order_id":12018,"order_status":"ON_HOLD"}
{"order_customer_id":10175,"order_id":12019,"order_status":"PENDING"}
{"order_customer_id":8632,"order_id":12020,"order_status":"CLOSED"}
{"order_customer_id":6819,"order_id":12021,"order_status":"CLOSED"}
{"order_customer_id":9822,"order_id":12022,"order_status":"PENDING"}
{"order_customer_id":6064,"order_id":12023,"order_status":"ON_HOLD"}
{"order_customer_id":2451,"order_id":12024,"order_status":"COMPLETE"}
{"order_customer_id":1833,"order_id":12025,"order_status":"ON_HOLD"}
{"order_customer_id":3492,"order_id":12026,"order_status":"PENDING_PAYMENT"}
{"order_customer_id":8364,"order_id":12027,"order_status":"COMPLETE"}
{"order_customer_id":4514,"order_id":12028,"order_status":"PENDING_PAYMENT"}
{"order_customer_id":3086,"order_id":12029,"order_status":"COMPLETE"}
{"order_customer_id":7958,"order_id":12030,"order_status":"CANCELED"}
{"order_customer_id":8791,"order_id":12031,"order_status":"PENDING_PAYMENT"}
{"order_customer_id":6249,"order_id":12032,"order_status":"CANCELED"}
{"order_customer_id":1964,"order_id":12033,"order_status":"COMPLETE"}
{"order_customer_id":2827,"order_id":12034,"order_status":"CLOSED"}
{"order_customer_id":11814,"order_id":12035,"order_status":"PROCESSING"}
{"order_customer_id":11527,"order_id":12036,"order_status":"SUSPECTED_FRAUD"}
{"order_customer_id":2286,"order_id":12037,"order_status":"PENDING_PAYMENT"}
{"order_customer_id":3802,"order_id":12038,"order_status":"COMPLETE"}
{"order_customer_id":8042,"order_id":12039,"order_status":"COMPLETE"}
{"order_customer_id":2072,"order_id":12040,"order_status":"COMPLETE"}
{"order_customer_id":7542,"order_id":12041,"order_status":"PROCESSING"}
{"order_customer_id":5475,"order_id":12042,"order_status":"PENDING_PAYMENT"}
{"order_customer_id":1762,"order_id":12043,"order_status":"COMPLETE"}
{"order_customer_id":452,"order_id":12044,"order_status":"PENDING_PAYMENT"}
{"order_customer_id":3436,"order_id":12045,"order_status":"PENDING_PAYMENT"}
{"order_customer_id":11584,"order_id":12046,"order_status":"SUSPECTED_FRAUD"}
{"order_customer_id":4338,"order_id":12047,"order_status":"PENDING_PAYMENT"}
{"order_customer_id":2181,"order_id":12048,"order_status":"ON_HOLD"}
{"order_customer_id":11605,"order_id":12049,"order_status":"COMPLETE"}
{"order_customer_id":6075,"order_id":12050,"order_status":"PENDING"}
{"order_customer_id":6078,"order_id":12051,"order_status":"COMPLETE"}
{"order_customer_id":8499,"order_id":12052,"order_status":"COMPLETE"}
{"order_customer_id":10639,"order_id":12053,"order_status":"PROCESSING"}
{"order_customer_id":5084,"order_id":12054,"order_status":"PENDING_PAYMENT"}
{"order_customer_id":11126,"order_id":12055,"order_status":"PROCESSING"}
{"order_customer_id":924,"order_id":12056,"order_status":"ON_HOLD"}
{"order_customer_id":7430,"order_id":12057,"order_status":"CANCELED"}
{"order_customer_id":11301,"order_id":12058,"order_status":"PENDING_PAYMENT"}
{"order_customer_id":2683,"order_id":12059,"order_status":"PENDING_PAYMENT"}
{"order_customer_id":10185,"order_id":12060,"order_status":"CLOSED"}
{"order_customer_id":1283,"order_id":12061,"order_status":"CANCELED"}
{"order_customer_id":7684,"order_id":12062,"order_status":"PENDING_PAYMENT"}
{"order_customer_id":9285,"order_id":12063,"order_status":"PROCESSING"}
{"order_customer_id":10294,"order_id":12064,"order_status":"PROCESSING"}
{"order_customer_id":2455,"order_id":12065,"order_status":"COMPLETE"}
{"order_customer_id":7111,"order_id":12066,"order_status":"ON_HOLD"}
{"order_customer_id":5550,"order_id":12067,"order_status":"PROCESSING"}
{"order_customer_id":6109,"order_id":12068,"order_status":"PENDING"}
{"order_customer_id":2144,"order_id":12069,"order_status":"PROCESSING"}
{"order_customer_id":8681,"order_id":12070,"order_status":"PENDING_PAYMENT"}
{"order_customer_id":11284,"order_id":12071,"order_status":"CLOSED"}
{"order_customer_id":4148,"order_id":12072,"order_status":"COMPLETE"}
{"order_customer_id":9862,"order_id":12073,"order_status":"CLOSED"}
{"order_customer_id":7315,"order_id":12074,"order_status":"COMPLETE"}
{"order_customer_id":11700,"order_id":12075,"order_status":"PROCESSING"}
{"order_customer_id":8131,"order_id":12076,"order_status":"PENDING_PAYMENT"}
{"order_customer_id":10549,"order_id":12077,"order_status":"PENDING_PAYMENT"}
{"order_customer_id":9420,"order_id":12078,"order_status":"COMPLETE"}
{"order_customer_id":5152,"order_id":12079,"order_status":"COMPLETE"}
{"order_customer_id":11651,"order_id":12080,"order_status":"CLOSED"}
{"order_customer_id":545,"order_id":12081,"order_status":"CLOSED"}
{"order_customer_id":2362,"order_id":12082,"order_status":"CLOSED"}
{"order_customer_id":11206,"order_id":12083,"order_status":"ON_HOLD"}
{"order_customer_id":1544,"order_id":12084,"order_status":"COMPLETE"}
{"order_customer_id":9912,"order_id":12085,"order_status":"COMPLETE"}
{"order_customer_id":5819,"order_id":12086,"order_status":"COMPLETE"}
{"order_customer_id":849,"order_id":12087,"order_status":"PAYMENT_REVIEW"}
{"order_customer_id":11888,"order_id":12088,"order_status":"PENDING"}
{"order_customer_id":2705,"order_id":12089,"order_status":"PROCESSING"}
{"order_customer_id":3694,"order_id":12090,"order_status":"COMPLETE"}
{"order_customer_id":4928,"order_id":12091,"order_status":"COMPLETE"}
{"order_customer_id":3764,"order_id":12092,"order_status":"CANCELED"}
{"order_customer_id":11477,"order_id":12093,"order_status":"COMPLETE"}
{"order_customer_id":7318,"order_id":12094,"order_status":"PENDING"}
{"order_customer_id":2728,"order_id":12095,"order_status":"CLOSED"}
{"order_customer_id":4414,"order_id":12096,"order_status":"PENDING_PAYMENT"}
{"order_customer_id":1162,"order_id":12097,"order_status":"PENDING_PAYMENT"}
{"order_customer_id":9763,"order_id":12098,"order_status":"COMPLETE"}
{"order_customer_id":10217,"order_id":12099,"order_status":"PENDING_PAYMENT"}
{"order_customer_id":5167,"order_id":12100,"order_status":"PAYMENT_REVIEW"}
{"order_customer_id":5826,"order_id":59630,"order_status":"CLOSED"}
{"order_customer_id":11627,"order_id":59631,"order_status":"PENDING"}
{"order_customer_id":8174,"order_id":59632,"order_status":"PENDING"}
{"order_customer_id":2472,"order_id":59633,"order_status":"COMPLETE"}
{"order_customer_id":7586,"order_id":59634,"order_status":"PENDING_PAYMENT"}
{"order_customer_id":10196,"order_id":59635,"order_status":"COMPLETE"}
{"order_customer_id":1099,"order_id":59636,"order_status":"PENDING_PAYMENT"}
{"order_customer_id":8055,"order_id":59637,"order_status":"PENDING_PAYMENT"}
{"order_customer_id":5624,"order_id":59638,"order_status":"SUSPECTED_FRAUD"}
{"order_customer_id":4631,"order_id":59639,"order_status":"PENDING_PAYMENT"}
{"order_customer_id":8665,"order_id":59640,"order_status":"PROCESSING"}
{"order_customer_id":946,"order_id":59641,"order_status":"PENDING"}
{"order_customer_id":2825,"order_id":59642,"order_status":"COMPLETE"}
{"order_customer_id":1916,"order_id":59643,"order_status":"PROCESSING"}
{"order_customer_id":1549,"order_id":59644,"order_status":"COMPLETE"}
{"order_customer_id":1665,"order_id":59645,"order_status":"PENDING_PAYMENT"}
{"order_customer_id":2183,"order_id":59646,"order_status":"COMPLETE"}
{"order_customer_id":775,"order_id":59647,"order_status":"COMPLETE"}
{"order_customer_id":8082,"order_id":59648,"order_status":"PENDING_PAYMENT"}
{"order_customer_id":9567,"order_id":59649,"order_status":"SUSPECTED_FRAUD"}
{"order_customer_id":8905,"order_id":59650,"order_status":"PENDING"}
{"order_customer_id":5991,"order_id":59651,"order_status":"PENDING_PAYMENT"}
{"order_customer_id":7877,"order_id":59652,"order_status":"ON_HOLD"}
{"order_customer_id":8910,"order_id":59653,"order_status":"CLOSED"}
{"order_customer_id":11066,"order_id":59654,"order_status":"PENDING"}
{"order_customer_id":801,"order_id":59655,"order_status":"CANCELED"}
{"order_customer_id":10829,"order_id":59656,"order_status":"SUSPECTED_FRAUD"}
{"order_customer_id":12307,"order_id":59657,"order_status":"COMPLETE"}
{"order_customer_id":2074,"order_id":59658,"order_status":"COMPLETE"}
{"order_customer_id":3780,"order_id":59659,"order_status":"COMPLETE"}
{"order_customer_id":876,"order_id":67677,"order_status":"PROCESSING"}
{"order_customer_id":5247,"order_id":67678,"order_status":"PENDING_PAYMENT"}
{"order_customer_id":4270,"order_id":67679,"order_status":"PENDING"}
{"order_customer_id":8512,"order_id":67680,"order_status":"PENDING_PAYMENT"}
