{"order_customer_id":9612,"order_id":33550,"order_status":"COMPLETE"}
{"order_customer_id":1110,"order_id":33551,"order_status":"COMPLETE"}
{"order_customer_id":9509,"order_id":33552,"order_status":"PENDING"}
{"order_customer_id":1684,"order_id":33553,"order_status":"PROCESSING"}
{"order_customer_id":3085,"order_id":33554,"order_status":"ON_HOLD"}
{"order_customer_id":4238,"order_id":33555,"order_status":"PENDING_PAYMENT"}
{"order_customer_id":10634,"order_id":33556,"order_status":"PENDING_PAYMENT"}
{"order_customer_id":3937,"order_id":33557,"order_status":"COMPLETE"}
{"order_customer_id":5511,"order_id":33558,"order_status":"PENDING_PAYMENT"}
{"order_customer_id":6566,"order_id":33559,"order_status":"PENDING"}
{"order_customer_id":11456,"order_id":33560,"order_status":"COMPLETE"}
{"order_customer_id":3331,"order_id":33561,"order_status":"PENDING"}
{"order_customer_id":1295,"order_id":33562,"order_status":"PENDING_PAYMENT"}
{"order_customer_id":9954,"order_id":33563,"order_status":"PROCESSING"}
{"order_customer_id":1298,"order_id":33564,"order_status":"PENDING_PAYMENT"}
{"order_customer_id":3026,"order_id":33565,"order_status":"COMPLETE"}
{"order_customer_id":9413,"order_id":33566,"order_status":"COMPLETE"}
{"order_customer_id":1645,"order_id":33567,"order_status":"PENDING"}
{"order_customer_id":1112,"order_id":33568,"order_status":"CLOSED"}
{"order_customer_id":3360,"order_id":33569,"order_status":"COMPLETE"}
{"order_customer_id":5033,"order_id":33570,"order_status":"PENDING_PAYMENT"}
{"order_customer_id":3712,"order_id":33571,"order_status":"PENDING_PAYMENT"}
{"order_customer_id":5900,"order_id":33572,"order_status":"PENDING_PAYMENT"}
{"order_customer_id":1899,"order_id":33573,"order_status":"PENDING_PAYMENT"}
{"order_customer_id":6550,"order_id":33574,"order_status":"CLOSED"}
{"order_customer_id":4061,"order_id":33575,"order_status":"PROCESSING"}
{"order_customer_id":11177,"order_id":33576,"order_status":"PENDING_PAYMENT"}
{"order_customer_id":8749,"order_id":33577,"order_status":"PROCESSING"}
{"order_customer_id":11312,"order_id":33578,"order_status":"COMPLETE"}
{"order_customer_id":1578,"order_id":33579,"order_status":"PENDING_PAYMENT"}
{"order_customer_id":11942,"order_id":33580,"order_status":"PENDING_PAYMENT"}
{"order_customer_id":285,"order_id":33581,"order_status":"PENDING"}
{"order_customer_id":9076,"order_id":33582,"order_status":"COMPLETE"}
{"order_customer_id":10464,"order_id":33583,"order_status":"COMPLETE"}
{"order_customer_id":5549,"order_id":33584,"order_status":"COMPLETE"}
{"order_customer_id":12242,"order_id":33585,"order_status":"COMPLETE"}
{"order_customer_id":9271,"order_id":33586,"order_status":"COMPLETE"}
{"order_customer_id":5644,"order_id":33587,"order_status":"CLOSED"}
{"order_customer_id":9245,"order_id":33588,"order_status":"CLOSED"}
{"order_customer_id":7196,"order_id":33589,"order_status":"COMPLETE"}
{"order_customer_id":11931,"order_id":33590,"order_status":"PROCESSING"}
{"order_customer_id":3594,"order_id":33591,"order_status":"ON_HOLD"}
{"order_customer_id":1930,"order_id":33592,"order_status":"PENDING"}
{"order_customer_id":9662,"order_id":33593,"order_status":"CLOSED"}
{"order_customer_id":1760,"order_id":33594,"order_status":"PROCESSING"}
{"order_customer_id":6868,"order_id":33595,"order_status":"COMPLETE"}
{"order_customer_id":1511,"order_id":33596,"order_status":"PENDING_PAYMENT"}
{"order_customer_id":1721,"order_id":33597,"order_status":"COMPLETE"}
{"order_customer_id":3929,"order_id":33598,"order_status":"CLOSED"}
{"order_customer_id":5096,"order_id":33599,"order_status":"COMPLETE"}
{"order_customer_id":10459,"order_id":33600,"order_status":"COMPLETE"}
{"order_customer_id":11576,"order_id":33601,"order_status":"COMPLETE"}
{"order_customer_id":10627,"order_id":33602,"order_status":"PAYMENT_REVIEW"}
{"order_customer_id":552,"order_id":33603,"order_status":"CANCELED"}
{"order_customer_id":10569,"order_id":33604,"order_status":"COMPLETE"}
{"order_customer_id":6356,"order_id":33605,"order_status":"PROCESSING"}
{"order_customer_id":1493,"order_id":33606,"order_status":"PENDING_PAYMENT"}
{"order_customer_id":122,"order_id":33607,"order_status":"SUSPECTED_FRAUD"}
{"order_customer_id":6145,"order_id":33608,"order_status":"COMPLETE"}
{"order_customer_id":4936,"order_id":33609,"order_status":"PENDING_PAYMENT"}
{"order_customer_id":4980,"order_id":33610,"order_status":"PENDING_PAYMENT"}
{"order_customer_id":4594,"order_id":33611,"order_status":"CLOSED"}
{"order_customer_id":2854,"order_id":33612,"order_status":"PENDING_PAYMENT"}
{"order_customer_id":9466,"order_id":33613,"order_status":"PENDING_PAYMENT"}
{"order_customer_id":2979,"order_id":33614,"order_status":"PENDING_PAYMENT"}
{"order_customer_id":8581,"order_id":33615,"order_status":"COMPLETE"}
{"order_customer_id":4194,"order_id":33616,"order_status":"PENDING_PAYMENT"}
{"order_customer_id":7878,"order_id":33617,"order_status":"PENDING_PAYMENT"}
{"order_customer_id":3563,"order_id":33618,"order_status":"ON_HOLD"}
{"order_customer_id":5001,"order_id":33619,"order_status":"SUSPECTED_FRAUD"}
{"order_customer_id":10561,"order_id":33620,"order_status":"COMPLETE"}
{"order_customer_id":4941,"order_id":33621,"order_status":"COMPLETE"}
{"order_customer_id":2016,"order_id":33622,"order_status":"ON_HOLD"}
{"order_customer_id":4529,"order_id":33623,"order_status":"COMPLETE"}
{"order_customer_id":10783,"order_id":33624,"order_status":"PENDING"}
{"order_customer_id":10135,"order_id":33625,"order_status":"CANCELED"}
{"order_customer_id":8138,"order_id":33626,"order_status":"COMPLETE"}
{"order_customer_id":11847,"order_id":33627,"order_status":"CLOSED"}
{"order_customer_id":9056,"order_id":33628,"order_status":"PENDING_PAYMENT"}
{"order_customer_id":2737,"order_id":33629,"order_status":"PENDING_PAYMENT"}
{"order_customer_id":83,"order_id":33630,"order_status":"SUSPECTED_FRAUD"}
{"order_customer_id":1204,"order_id":33631,"order_status":"COMPLETE"}
{"order_customer_id":10744,"order_id":33632,"order_status":"COMPLETE"}
{"order_customer_id":114,"order_id":33633,"order_status":"ON_HOLD"}
{"order_customer_id":2961,"order_id":33634,"order_status":"COMPLETE"}
{"order_customer_id":4423,"order_id":33635,"order_status":"COMPLETE"}
{"order_customer_id":1231,"order_id":33636,"order_status":"COMPLETE"}
{"order_customer_id":12424,"order_id":33637,"order_status":"PROCESSING"}
{"order_customer_id":214,"order_id":33638,"order_status":"COMPLETE"}
{"order_customer_id":6827,"order_id":33639,"order_status":"COMPLETE"}
{"order_customer_id":7757,"order_id":33640,"order_status":"PAYMENT_REVIEW"}
{"order_customer_id":4133,"order_id":33641,"order_status":"PROCESSING"}
{"order_customer_id":7787,"order_id":33642,"order_status":"PENDING_PAYMENT"}
{"order_customer_id":4397,"order_id":33643,"order_status":"PENDING_PAYMENT"}
{"order_customer_id":8002,"order_id":33644,"order_status":"COMPLETE"}
{"order_customer_id":9068,"order_id":33645,"order_status":"PENDING_PAYMENT"}
{"order_customer_id":6240,"order_id":33646,"order_status":"ON_HOLD"}
{"order_customer_id":5203,"order_id":33647,"order_status":"COMPLETE"}
{"order_customer_id":10687,"order_id":33648,"order_status":"PROCESSING"}
{"order_customer_id":10058,"order_id":33649,"order_status":"PENDING"}
{"order_customer_id":3717,"order_id":33650,"order_status":"ON_HOLD"}
{"order_customer_id":9187,"order_id":33651,"order_status":"PAYMENT_REVIEW"}
{"order_customer_id":4692,"order_id":33652,"order_status":"COMPLETE"}
{"order_customer_id":10577,"order_id":33653,"order_status":"PROCESSING"}
{"order_customer_id":8536,"order_id":33654,"order_status":"COMPLETE"}
{"order_customer_id":9604,"order_id":33655,"order_status":"PROCESSING"}
{"order_customer_id":5308,"order_id":33656,"order_status":"PENDING_PAYMENT"}
{"order_customer_id":11783,"order_id":33657,"order_status":"PROCESSING"}
{"order_customer_id":12053,"order_id":33658,"order_status":"PENDING_PAYMENT"}
{"order_customer_id":4969,"order_id":33659,"order_status":"CLOSED"}
{"order_customer_id":9372,"order_id":33660,"order_status":"PENDING_PAYMENT"}
{"order_customer_id":5704,"order_id":33661,"order_status":"PENDING"}
{"order_customer_id":7655,"order_id":33662,"order_status":"CLOSED"}
{"order_customer_id":8963,"order_id":33663,"order_status":"PENDING_PAYMENT"}
{"order_customer_id":7150,"order_id":33664,"order_status":"CLOSED"}
{"order_customer_id":5665,"order_id":33665,"order_status":"ON_HOLD"}
{"order_customer_id":12385,"order_id":33666,"order_status":"PENDING"}
{"order_customer_id":3113,"order_id":33667,"order_status":"COMPLETE"}
{"order_customer_id":827,"order_id":33668,"order_status":"COMPLETE"}
{"order_customer_id":1068,"order_id":33669,"order_status":"PENDING_PAYMENT"}
{"order_customer_id":10700,"order_id":33670,"order_status":"ON_HOLD"}
{"order_customer_id":8392,"order_id":33671,"order_status":"CLOSED"}
{"order_customer_id":4167,"order_id":33672,"order_status":"PENDING"}
{"order_customer_id":10890,"order_id":33673,"order_status":"CLOSED"}
{"order_customer_id":8944,"order_id":33674,"order_status":"PENDING"}
{"order_customer_id":7653,"order_id":33675,"order_status":"PENDING_PAYMENT"}
{"order_customer_id":2201,"order_id":33676,"order_status":"CLOSED"}
{"order_customer_id":6553,"order_id":33677,"order_status":"PENDING_PAYMENT"}
{"order_customer_id":1487,"order_id":33678,"order_status":"COMPLETE"}
{"order_customer_id":3363,"order_id":33679,"order_status":"PAYMENT_REVIEW"}
{"order_customer_id":12168,"order_id":33680,"order_status":"COMPLETE"}
{"order_customer_id":2642,"order_id":33681,"order_status":"COMPLETE"}
{"order_customer_id":5966,"order_id":33682,"order_status":"PROCESSING"}
{"order_customer_id":11466,"order_id":33683,"order_status":"COMPLETE"}
{"order_customer_id":8733,"order_id":33684,"order_status":"PENDING"}
{"order_customer_id":6620,"order_id":33685,"order_status":"PENDING_PAYMENT"}
{"order_customer_id":6788,"order_id":33686,"order_status":"PENDING"}
{"order_customer_id":1762,"order_id":33687,"order_status":"PENDING"}
{"order_customer_id":2678,"order_id":33688,"order_status":"CLOSED"}
{"order_customer_id":459,"order_id":33689,"order_status":"COMPLETE"}
{"order_customer_id":1148,"order_id":33690,"order_status":"ON_HOLD"}
{"order_customer_id":8689,"order_id":33691,"order_status":"PROCESSING"}
{"order_customer_id":6970,"order_id":33692,"order_status":"CLOSED"}
{"order_customer_id":11346,"order_id":33693,"order_status":"COMPLETE"}
{"order_customer_id":1903,"order_id":33694,"order_status":"COMPLETE"}
{"order_customer_id":4487,"order_id":33695,"order_status":"PENDING_PAYMENT"}
{"order_customer_id":9380,"order_id":33696,"order_status":"CANCELED"}
{"order_customer_id":12324,"order_id":33697,"order_status":"COMPLETE"}
{"order_customer_id":2249,"order_id":33698,"order_status":"PROCESSING"}
{"order_customer_id":11389,"order_id":33699,"order_status":"COMPLETE"}
{"order_customer_id":1677,"order_id":33700,"order_status":"PROCESSING"}
{"order_customer_id":11027,"order_id":33701,"order_status":"COMPLETE"}
{"order_customer_id":11978,"order_id":33702,"order_status":"PROCESSING"}
{"order_customer_id":5831,"order_id":33703,"order_status":"COMPLETE"}
{"order_customer_id":4905,"order_id":33704,"order_status":"PENDING_PAYMENT"}
{"order_customer_id":2769,"order_id":33705,"order_status":"PENDING_PAYMENT"}
{"order_customer_id":5086,"order_id":33706,"order_status":"COMPLETE"}
{"order_customer_id":6767,"order_id":33707,"order_status":"COMPLETE"}
{"order_customer_id":6711,"order_id":33708,"order_status":"PROCESSING"}
{"order_customer_id":6577,"order_id":33709,"order_status":"COMPLETE"}
{"order_customer_id":9560,"order_id":33710,"order_status":"COMPLETE"}
{"order_customer_id":1764,"order_id":33711,"order_status":"CLOSED"}
{"order_customer_id":1973,"order_id":33712,"order_status":"PENDING_PAYMENT"}
{"order_customer_id":9261,"order_id":33713,"order_status":"COMPLETE"}
{"order_customer_id":8474,"order_id":33714,"order_status":"COMPLETE"}
{"order_customer_id":7063,"order_id":33715,"order_status":"CLOSED"}
{"order_customer_id":4544,"order_id":33716,"order_status":"COMPLETE"}
{"order_customer_id":937,"order_id":33717,"order_status":"PENDING"}
{"order_customer_id":6964,"order_id":63240,"order_status":"CLOSED"}
{"order_customer_id":8812,"order_id":63241,"order_status":"PENDING_PAYMENT"}
{"order_customer_id":4139,"order_id":63242,"order_status":"PENDING"}
{"order_customer_id":1603,"order_id":63243,"order_status":"PENDING_PAYMENT"}
{"order_customer_id":8469,"order_id":63244,"order_status":"PENDING_PAYMENT"}
{"order_customer_id":2060,"order_id":63245,"order_status":"SUSPECTED_FRAUD"}
{"order_customer_id":6078,"order_id":63246,"order_status":"PENDING_PAYMENT"}
{"order_customer_id":6988,"order_id":63247,"order_status":"PENDING_PAYMENT"}
{"order_customer_id":12346,"order_id":63248,"order_status":"COMPLETE"}
{"order_customer_id":12221,"order_id":63249,"order_status":"PENDING"}
{"order_customer_id":7211,"order_id":68146,"order_status":"PENDING"}
{"order_customer_id":4251,"order_id":68147,"order_status":"ON_HOLD"}
{"order_customer_id":7082,"order_id":68148,"order_status":"COMPLETE"}
{"order_customer_id":11926,"order_id":68149,"order_status":"PENDING_PAYMENT"}
{"order_customer_id":10741,"order_id":68150,"order_status":"PROCESSING"}
{"order_customer_id":10037,"order_id":68800,"order_status":"PROCESSING"}
