{"order_customer_id":9570,"order_id":4873,"order_status":"PENDING"}
{"order_customer_id":8804,"order_id":4874,"order_status":"ON_HOLD"}
{"order_customer_id":8674,"order_id":4875,"order_status":"PENDING"}
{"order_customer_id":12226,"order_id":4876,"order_status":"ON_HOLD"}
{"order_customer_id":2230,"order_id":4877,"order_status":"COMPLETE"}
{"order_customer_id":1790,"order_id":4878,"order_status":"PROCESSING"}
{"order_customer_id":9862,"order_id":4879,"order_status":"CANCELED"}
{"order_customer_id":10993,"order_id":4880,"order_status":"COMPLETE"}
{"order_customer_id":3487,"order_id":4881,"order_status":"CLOSED"}
{"order_customer_id":8083,"order_id":4882,"order_status":"COMPLETE"}
{"order_customer_id":4916,"order_id":4883,"order_status":"COMPLETE"}
{"order_customer_id":10578,"order_id":4884,"order_status":"PENDING"}
{"order_customer_id":3468,"order_id":4885,"order_status":"PENDING_PAYMENT"}
{"order_customer_id":2872,"order_id":4886,"order_status":"ON_HOLD"}
{"order_customer_id":4991,"order_id":4887,"order_status":"COMPLETE"}
{"order_customer_id":506,"order_id":4888,"order_status":"CANCELED"}
{"order_customer_id":4391,"order_id":4889,"order_status":"PENDING_PAYMENT"}
{"order_customer_id":12057,"order_id":4890,"order_status":"PENDING_PAYMENT"}
{"order_customer_id":7813,"order_id":4891,"order_status":"COMPLETE"}
{"order_customer_id":1510,"order_id":4892,"order_status":"PENDING_PAYMENT"}
{"order_customer_id":9096,"order_id":4893,"order_status":"PENDING_PAYMENT"}
{"order_customer_id":3499,"order_id":4894,"order_status":"PENDING"}
{"order_customer_id":4239,"order_id":4895,"order_status":"PENDING_PAYMENT"}
{"order_customer_id":5032,"order_id":4896,"order_status":"PENDING_PAYMENT"}
{"order_customer_id":12272,"order_id":4897,"order_status":"COMPLETE"}
{"order_customer_id":8579,"order_id":4898,"order_status":"COMPLETE"}
{"order_customer_id":7546,"order_id":4899,"order_status":"COMPLETE"}
{"order_customer_id":1214,"order_id":4900,"order_status":"COMPLETE"}
{"order_customer_id":8954,"order_id":4901,"order_status":"COMPLETE"}
{"order_customer_id":2401,"order_id":4902,"order_status":"PENDING_PAYMENT"}
{"order_customer_id":8418,"order_id":4903,"order_status":"PROCESSING"}
{"order_customer_id":9285,"order_id":4904,"order_status":"CLOSED"}
{"order_customer_id":5236,"order_id":4905,"order_status":"PENDING_PAYMENT"}
{"order_customer_id":6563,"order_id":4906,"order_status":"PENDING_PAYMENT"}
{"order_customer_id":517,"order_id":4907,"order_status":"COMPLETE"}
{"order_customer_id":12379,"order_id":4908,"order_status":"PENDING_PAYMENT"}
{"order_customer_id":11541,"order_id":4909,"order_status":"PENDING"}
{"order_customer_id":6320,"order_id":4910,"order_status":"COMPLETE"}
{"order_customer_id":1720,"order_id":4911,"order_status":"PENDING_PAYMENT"}
{"order_customer_id":6751,"order_id":4912,"order_status":"COMPLETE"}
{"order_customer_id":4065,"order_id":4913,"order_status":"COMPLETE"}
{"order_customer_id":12047,"order_id":4914,"order_status":"COMPLETE"}
{"order_customer_id":11889,"order_id":4915,"order_status":"PENDING_PAYMENT"}
{"order_customer_id":10160,"order_id":4916,"order_status":"PENDING"}
{"order_customer_id":5292,"order_id":4917,"order_status":"COMPLETE"}
{"order_customer_id":2629,"order_id":4918,"order_status":"CLOSED"}
{"order_customer_id":647,"order_id":4919,"order_status":"PENDING"}
{"order_customer_id":8779,"order_id":4920,"order_status":"PENDING_PAYMENT"}
{"order_customer_id":5556,"order_id":4921,"order_status":"PENDING_PAYMENT"}
{"order_customer_id":5851,"order_id":4922,"order_status":"COMPLETE"}
{"order_customer_id":12039,"order_id":4923,"order_status":"PENDING_PAYMENT"}
{"order_customer_id":6716,"order_id":4924,"order_status":"COMPLETE"}
{"order_customer_id":7974,"order_id":4925,"order_status":"PENDING"}
{"order_customer_id":8498,"order_id":4926,"order_status":"PROCESSING"}
{"order_customer_id":4479,"order_id":4927,"order_status":"CLOSED"}
{"order_customer_id":9204,"order_id":4928,"order_status":"COMPLETE"}
{"order_customer_id":2232,"order_id":4929,"order_status":"COMPLETE"}
{"order_customer_id":9135,"order_id":4930,"order_status":"COMPLETE"}
{"order_customer_id":9920,"order_id":4931,"order_status":"ON_HOLD"}
{"order_customer_id":1197,"order_id":4932,"order_status":"COMPLETE"}
{"order_customer_id":3498,"order_id":4933,"order_status":"ON_HOLD"}
{"order_customer_id":7297,"order_id":4934,"order_status":"COMPLETE"}
{"order_customer_id":4431,"order_id":4935,"order_status":"PENDING_PAYMENT"}
{"order_customer_id":3429,"order_id":4936,"order_status":"PENDING"}
{"order_customer_id":11824,"order_id":4937,"order_status":"PENDING"}
{"order_customer_id":2909,"order_id":4938,"order_status":"PROCESSING"}
{"order_customer_id":4038,"order_id":4939,"order_status":"CLOSED"}
{"order_customer_id":9107,"order_id":4940,"order_status":"PROCESSING"}
{"order_customer_id":10418,"order_id":4941,"order_status":"COMPLETE"}
{"order_customer_id":180,"order_id":4942,"order_status":"CLOSED"}
{"order_customer_id":1688,"order_id":4943,"order_status":"PROCESSING"}
{"order_customer_id":11514,"order_id":4944,"order_status":"PENDING_PAYMENT"}
{"order_customer_id":7833,"order_id":4945,"order_status":"COMPLETE"}
{"order_customer_id":8628,"order_id":4946,"order_status":"COMPLETE"}
{"order_customer_id":2730,"order_id":4947,"order_status":"COMPLETE"}
{"order_customer_id":1738,"order_id":4948,"order_status":"PENDING_PAYMENT"}
{"order_customer_id":7150,"order_id":4949,"order_status":"COMPLETE"}
{"order_customer_id":12223,"order_id":4950,"order_status":"PENDING"}
{"order_customer_id":2431,"order_id":4951,"order_status":"COMPLETE"}
{"order_customer_id":7150,"order_id":4952,"order_status":"PROCESSING"}
{"order_customer_id":7791,"order_id":4953,"order_status":"ON_HOLD"}
{"order_customer_id":8885,"order_id":4954,"order_status":"PENDING"}
{"order_customer_id":7422,"order_id":4955,"order_status":"PENDING_PAYMENT"}
{"order_customer_id":1371,"order_id":4956,"order_status":"PENDING_PAYMENT"}
{"order_customer_id":5999,"order_id":4957,"order_status":"COMPLETE"}
{"order_customer_id":2953,"order_id":4958,"order_status":"CLOSED"}
{"order_customer_id":5254,"order_id":4959,"order_status":"PENDING_PAYMENT"}
{"order_customer_id":8848,"order_id":4960,"order_status":"PENDING_PAYMENT"}
{"order_customer_id":7717,"order_id":4961,"order_status":"COMPLETE"}
{"order_customer_id":2160,"order_id":4962,"order_status":"PENDING"}
{"order_customer_id":3470,"order_id":4963,"order_status":"COMPLETE"}
{"order_customer_id":5936,"order_id":4964,"order_status":"PENDING_PAYMENT"}
{"order_customer_id":6048,"order_id":4965,"order_status":"COMPLETE"}
{"order_customer_id":4888,"order_id":4966,"order_status":"ON_HOLD"}
{"order_customer_id":5861,"order_id":4967,"order_status":"PENDING_PAYMENT"}
{"order_customer_id":10438,"order_id":4968,"order_status":"PROCESSING"}
{"order_customer_id":3937,"order_id":4969,"order_status":"COMPLETE"}
{"order_customer_id":9107,"order_id":4970,"order_status":"PROCESSING"}
{"order_customer_id":2353,"order_id":4971,"order_status":"PROCESSING"}
{"order_customer_id":7962,"order_id":4972,"order_status":"PROCESSING"}
{"order_customer_id":12409,"order_id":4973,"order_status":"ON_HOLD"}
{"order_customer_id":8971,"order_id":4974,"order_status":"COMPLETE"}
{"order_customer_id":1300,"order_id":4975,"order_status":"PROCESSING"}
{"order_customer_id":11037,"order_id":4976,"order_status":"ON_HOLD"}
{"order_customer_id":3140,"order_id":4977,"order_status":"PROCESSING"}
{"order_customer_id":6742,"order_id":4978,"order_status":"COMPLETE"}
{"order_customer_id":276,"order_id":4979,"order_status":"PENDING_PAYMENT"}
{"order_customer_id":11959,"order_id":4980,"order_status":"COMPLETE"}
{"order_customer_id":2403,"order_id":4981,"order_status":"CLOSED"}
{"order_customer_id":8958,"order_id":4982,"order_status":"COMPLETE"}
{"order_customer_id":11171,"order_id":4983,"order_status":"CLOSED"}
{"order_customer_id":8554,"order_id":4984,"order_status":"COMPLETE"}
{"order_customer_id":12020,"order_id":4985,"order_status":"PENDING"}
{"order_customer_id":7700,"order_id":4986,"order_status":"CLOSED"}
{"order_customer_id":8196,"order_id":4987,"order_status":"COMPLETE"}
{"order_customer_id":9640,"order_id":4988,"order_status":"COMPLETE"}
{"order_customer_id":8772,"order_id":4989,"order_status":"PENDING"}
{"order_customer_id":8767,"order_id":4990,"order_status":"COMPLETE"}
{"order_customer_id":3211,"order_id":4991,"order_status":"PENDING_PAYMENT"}
{"order_customer_id":10318,"order_id":4992,"order_status":"CLOSED"}
{"order_customer_id":11720,"order_id":4993,"order_status":"COMPLETE"}
{"order_customer_id":725,"order_id":4994,"order_status":"PENDING_PAYMENT"}
{"order_customer_id":4567,"order_id":4995,"order_status":"ON_HOLD"}
{"order_customer_id":6934,"order_id":4996,"order_status":"PENDING_PAYMENT"}
{"order_customer_id":8141,"order_id":4997,"order_status":"ON_HOLD"}
{"order_customer_id":8335,"order_id":4998,"order_status":"SUSPECTED_FRAUD"}
{"order_customer_id":4582,"order_id":4999,"order_status":"COMPLETE"}
{"order_customer_id":9267,"order_id":5000,"order_status":"PENDING"}
{"order_customer_id":90,"order_id":5001,"order_status":"COMPLETE"}
{"order_customer_id":4389,"order_id":5002,"order_status":"PROCESSING"}
{"order_customer_id":3763,"order_id":5003,"order_status":"PENDING_PAYMENT"}
{"order_customer_id":1990,"order_id":5004,"order_status":"CLOSED"}
{"order_customer_id":2955,"order_id":5005,"order_status":"PENDING_PAYMENT"}
{"order_customer_id":2238,"order_id":5006,"order_status":"COMPLETE"}
{"order_customer_id":9731,"order_id":5007,"order_status":"COMPLETE"}
{"order_customer_id":10342,"order_id":5008,"order_status":"COMPLETE"}
{"order_customer_id":11090,"order_id":5009,"order_status":"PENDING_PAYMENT"}
{"order_customer_id":4876,"order_id":5010,"order_status":"COMPLETE"}
{"order_customer_id":4316,"order_id":5011,"order_status":"COMPLETE"}
{"order_customer_id":6437,"order_id":5012,"order_status":"PENDING"}
{"order_customer_id":837,"order_id":5013,"order_status":"CLOSED"}
{"order_customer_id":4863,"order_id":5014,"order_status":"ON_HOLD"}
{"order_customer_id":8584,"order_id":5015,"order_status":"COMPLETE"}
{"order_customer_id":2031,"order_id":5016,"order_status":"PENDING_PAYMENT"}
{"order_customer_id":11707,"order_id":5017,"order_status":"PENDING_PAYMENT"}
{"order_customer_id":6285,"order_id":5018,"order_status":"PROCESSING"}
{"order_customer_id":6405,"order_id":5019,"order_status":"PENDING_PAYMENT"}
{"order_customer_id":901,"order_id":5020,"order_status":"CLOSED"}
{"order_customer_id":3510,"order_id":5021,"order_status":"PROCESSING"}
{"order_customer_id":12050,"order_id":5022,"order_status":"PENDING"}
{"order_customer_id":2833,"order_id":5023,"order_status":"COMPLETE"}
{"order_customer_id":2943,"order_id":5024,"order_status":"COMPLETE"}
{"order_customer_id":9154,"order_id":5025,"order_status":"PENDING"}
{"order_customer_id":8932,"order_id":5026,"order_status":"PENDING"}
{"order_customer_id":6706,"order_id":5027,"order_status":"PENDING_PAYMENT"}
{"order_customer_id":5876,"order_id":5028,"order_status":"COMPLETE"}
{"order_customer_id":4508,"order_id":5029,"order_status":"COMPLETE"}
{"order_customer_id":10144,"order_id":5030,"order_status":"PENDING_PAYMENT"}
{"order_customer_id":6592,"order_id":5031,"order_status":"CLOSED"}
{"order_customer_id":11372,"order_id":5032,"order_status":"PENDING_PAYMENT"}
{"order_customer_id":6511,"order_id":5033,"order_status":"PENDING_PAYMENT"}
{"order_customer_id":4038,"order_id":5034,"order_status":"PROCESSING"}
{"order_customer_id":6570,"order_id":5035,"order_status":"PROCESSING"}
{"order_customer_id":8937,"order_id":5036,"order_status":"PAYMENT_REVIEW"}
{"order_customer_id":3163,"order_id":5037,"order_status":"PENDING_PAYMENT"}
{"order_customer_id":5179,"order_id":5038,"order_status":"CANCELED"}
{"order_customer_id":9164,"order_id":5039,"order_status":"COMPLETE"}
{"order_customer_id":1613,"order_id":5040,"order_status":"PROCESSING"}
{"order_customer_id":2793,"order_id":5041,"order_status":"PENDING"}
{"order_customer_id":2339,"order_id":5042,"order_status":"PENDING_PAYMENT"}
{"order_customer_id":8413,"order_id":5043,"order_status":"ON_HOLD"}
{"order_customer_id":9701,"order_id":5044,"order_status":"ON_HOLD"}
{"order_customer_id":11783,"order_id":5045,"order_status":"ON_HOLD"}
{"order_customer_id":6692,"order_id":5046,"order_status":"PENDING_PAYMENT"}
{"order_customer_id":6165,"order_id":5047,"order_status":"COMPLETE"}
{"order_customer_id":8156,"order_id":5048,"order_status":"CLOSED"}
{"order_customer_id":3213,"order_id":5049,"order_status":"PENDING_PAYMENT"}
{"order_customer_id":6933,"order_id":5050,"order_status":"COMPLETE"}
{"order_customer_id":8703,"order_id":5051,"order_status":"COMPLETE"}
{"order_customer_id":9327,"order_id":5052,"order_status":"COMPLETE"}
{"order_customer_id":7900,"order_id":5053,"order_status":"PENDING_PAYMENT"}
{"order_customer_id":3295,"order_id":5054,"order_status":"COMPLETE"}
{"order_customer_id":7445,"order_id":5055,"order_status":"PENDING"}
{"order_customer_id":93,"order_id":5056,"order_status":"ON_HOLD"}
{"order_customer_id":2472,"order_id":5057,"order_status":"PENDING_PAYMENT"}
{"order_customer_id":11118,"order_id":5058,"order_status":"COMPLETE"}
{"order_customer_id":7790,"order_id":5059,"order_status":"PENDING_PAYMENT"}
{"order_customer_id":7990,"order_id":5060,"order_status":"PENDING_PAYMENT"}
{"order_customer_id":90,"order_id":5061,"order_status":"COMPLETE"}
{"order_customer_id":9707,"order_id":5062,"order_status":"PENDING"}
{"order_customer_id":5474,"order_id":5063,"order_status":"PENDING_PAYMENT"}
{"order_customer_id":10046,"order_id":5064,"order_status":"PENDING_PAYMENT"}
{"order_customer_id":7070,"order_id":5065,"order_status":"PENDING"}
{"order_customer_id":7428,"order_id":5066,"order_status":"PENDING_PAYMENT"}
{"order_customer_id":10295,"order_id":5067,"order_status":"PAYMENT_REVIEW"}
{"order_customer_id":11557,"order_id":5068,"order_status":"PROCESSING"}
{"order_customer_id":746,"order_id":5069,"order_status":"ON_HOLD"}
{"order_customer_id":7234,"order_id":5070,"order_status":"CLOSED"}
{"order_customer_id":4003,"order_id":5071,"order_status":"PENDING_PAYMENT"}
{"order_customer_id":4050,"order_id":5072,"order_status":"COMPLETE"}
{"order_customer_id":7576,"order_id":5073,"order_status":"PROCESSING"}
{"order_customer_id":726,"order_id":5074,"order_status":"PENDING_PAYMENT"}
{"order_customer_id":9073,"order_id":5075,"order_status":"PENDING_PAYMENT"}
{"order_customer_id":11022,"order_id":5076,"order_status":"PENDING"}
{"order_customer_id":1524,"order_id":5077,"order_status":"PENDING_PAYMENT"}
{"order_customer_id":785,"order_id":5078,"order_status":"CLOSED"}
{"order_customer_id":3103,"order_id":5079,"order_status":"PENDING"}
{"order_customer_id":1298,"order_id":5080,"order_status":"PROCESSING"}
{"order_customer_id":1760,"order_id":5081,"order_status":"PROCESSING"}
{"order_customer_id":11380,"order_id":5082,"order_status":"PROCESSING"}
{"order_customer_id":11791,"order_id":5083,"order_status":"PROCESSING"}
{"order_customer_id":1565,"order_id":5084,"order_status":"PROCESSING"}
{"order_customer_id":8170,"order_id":5085,"order_status":"PENDING"}
{"order_customer_id":8864,"order_id":5086,"order_status":"PENDING"}
{"order_customer_id":3895,"order_id":5087,"order_status":"COMPLETE"}
{"order_customer_id":96,"order_id":5088,"order_status":"COMPLETE"}
{"order_customer_id":11624,"order_id":5089,"order_status":"PROCESSING"}
{"order_customer_id":6500,"order_id":5090,"order_status":"COMPLETE"}
{"order_customer_id":556,"order_id":5091,"order_status":"COMPLETE"}
{"order_customer_id":9175,"order_id":5092,"order_status":"CLOSED"}
{"order_customer_id":10044,"order_id":5093,"order_status":"COMPLETE"}
{"order_customer_id":11100,"order_id":5094,"order_status":"COMPLETE"}
{"order_customer_id":4530,"order_id":5095,"order_status":"PENDING_PAYMENT"}
{"order_customer_id":5242,"order_id":58530,"order_status":"PROCESSING"}
{"order_customer_id":8963,"order_id":58531,"order_status":"PENDING_PAYMENT"}
{"order_customer_id":2508,"order_id":58532,"order_status":"COMPLETE"}
{"order_customer_id":12184,"order_id":58533,"order_status":"PENDING_PAYMENT"}
{"order_customer_id":6726,"order_id":58534,"order_status":"PENDING_PAYMENT"}
{"order_customer_id":6895,"order_id":58535,"order_status":"COMPLETE"}
{"order_customer_id":1391,"order_id":58536,"order_status":"COMPLETE"}
{"order_customer_id":4000,"order_id":58537,"order_status":"PENDING_PAYMENT"}
{"order_customer_id":11053,"order_id":58538,"order_status":"PENDING_PAYMENT"}
{"order_customer_id":118,"order_id":58539,"order_status":"PENDING_PAYMENT"}
{"order_customer_id":3446,"order_id":58540,"order_status":"PROCESSING"}
{"order_customer_id":9657,"order_id":58541,"order_status":"COMPLETE"}
{"order_customer_id":9448,"order_id":58542,"order_status":"COMPLETE"}
{"order_customer_id":7186,"order_id":58543,"order_status":"CLOSED"}
{"order_customer_id":6356,"order_id":58544,"order_status":"COMPLETE"}
{"order_customer_id":4988,"order_id":58545,"order_status":"COMPLETE"}
{"order_customer_id":10624,"order_id":58546,"order_status":"PENDING_PAYMENT"}
{"order_customer_id":7036,"order_id":58547,"order_status":"PENDING_PAYMENT"}
{"order_customer_id":11865,"order_id":58548,"order_status":"CLOSED"}
{"order_customer_id":7053,"order_id":58549,"order_status":"PENDING_PAYMENT"}
{"order_customer_id":4629,"order_id":58550,"order_status":"COMPLETE"}
{"order_customer_id":7161,"order_id":58551,"order_status":"COMPLETE"}
{"order_customer_id":9528,"order_id":58552,"order_status":"COMPLETE"}
{"order_customer_id":3754,"order_id":58553,"order_status":"PENDING_PAYMENT"}
{"order_customer_id":5770,"order_id":58554,"order_status":"COMPLETE"}
{"order_customer_id":9755,"order_id":58555,"order_status":"CLOSED"}
{"order_customer_id":2204,"order_id":58556,"order_status":"COMPLETE"}
{"order_customer_id":3384,"order_id":58557,"order_status":"COMPLETE"}
{"order_customer_id":2930,"order_id":58558,"order_status":"CLOSED"}
{"order_customer_id":8968,"order_id":58559,"order_status":"PROCESSING"}
{"order_customer_id":10256,"order_id":58560,"order_status":"ON_HOLD"}
{"order_customer_id":11319,"order_id":58561,"order_status":"PENDING_PAYMENT"}
{"order_customer_id":7309,"order_id":58562,"order_status":"COMPLETE"}
{"order_customer_id":6782,"order_id":58563,"order_status":"ON_HOLD"}
{"order_customer_id":8822,"order_id":58564,"order_status":"PENDING_PAYMENT"}
{"order_customer_id":3879,"order_id":58565,"order_status":"CLOSED"}
{"order_customer_id":7599,"order_id":58566,"order_status":"PROCESSING"}
{"order_customer_id":9369,"order_id":58567,"order_status":"CLOSED"}
{"order_customer_id":10042,"order_id":58568,"order_status":"PENDING"}
{"order_customer_id":8615,"order_id":58569,"order_status":"CLOSED"}
{"order_customer_id":4059,"order_id":58570,"order_status":"COMPLETE"}
{"order_customer_id":8581,"order_id":67532,"order_status":"ON_HOLD"}
