{"order_customer_id":11750,"order_id":44853,"order_status":"COMPLETE"}
{"order_customer_id":3731,"order_id":44854,"order_status":"CLOSED"}
{"order_customer_id":2732,"order_id":44855,"order_status":"PENDING_PAYMENT"}
{"order_customer_id":5981,"order_id":44856,"order_status":"PENDING_PAYMENT"}
{"order_customer_id":11605,"order_id":44857,"order_status":"PENDING"}
{"order_customer_id":3603,"order_id":44858,"order_status":"CLOSED"}
{"order_customer_id":10137,"order_id":44859,"order_status":"PENDING"}
{"order_customer_id":6681,"order_id":44860,"order_status":"PENDING_PAYMENT"}
{"order_customer_id":9305,"order_id":44861,"order_status":"PROCESSING"}
{"order_customer_id":890,"order_id":44862,"order_status":"CLOSED"}
{"order_customer_id":10702,"order_id":44863,"order_status":"PENDING"}
{"order_customer_id":11302,"order_id":44864,"order_status":"COMPLETE"}
{"order_customer_id":10475,"order_id":44865,"order_status":"CLOSED"}
{"order_customer_id":1869,"order_id":44866,"order_status":"COMPLETE"}
{"order_customer_id":9142,"order_id":44867,"order_status":"COMPLETE"}
{"order_customer_id":11777,"order_id":44868,"order_status":"PENDING_PAYMENT"}
{"order_customer_id":11015,"order_id":44869,"order_status":"PROCESSING"}
{"order_customer_id":6036,"order_id":44870,"order_status":"PENDING"}
{"order_customer_id":3098,"order_id":44871,"order_status":"PENDING"}
{"order_customer_id":3257,"order_id":44872,"order_status":"PENDING_PAYMENT"}
{"order_customer_id":11128,"order_id":44873,"order_status":"PENDING_PAYMENT"}
{"order_customer_id":8974,"order_id":44874,"order_status":"PENDING_PAYMENT"}
{"order_customer_id":10146,"order_id":44875,"order_status":"COMPLETE"}
{"order_customer_id":5321,"order_id":44876,"order_status":"PROCESSING"}
{"order_customer_id":1376,"order_id":44877,"order_status":"COMPLETE"}
{"order_customer_id":8113,"order_id":44878,"order_status":"PROCESSING"}
{"order_customer_id":5916,"order_id":44879,"order_status":"COMPLETE"}
{"order_customer_id":6433,"order_id":44880,"order_status":"ON_HOLD"}
{"order_customer_id":5744,"order_id":44881,"order_status":"COMPLETE"}
{"order_customer_id":6453,"order_id":44882,"order_status":"COMPLETE"}
{"order_customer_id":8263,"order_id":44883,"order_status":"COMPLETE"}
{"order_customer_id":3738,"order_id":44884,"order_status":"PENDING"}
{"order_customer_id":11004,"order_id":44885,"order_status":"CLOSED"}
{"order_customer_id":1966,"order_id":44886,"order_status":"PROCESSING"}
{"order_customer_id":7630,"order_id":44887,"order_status":"COMPLETE"}
{"order_customer_id":11523,"order_id":44888,"order_status":"PENDING_PAYMENT"}
{"order_customer_id":7230,"order_id":44889,"order_status":"PENDING"}
{"order_customer_id":6358,"order_id":44890,"order_status":"PROCESSING"}
{"order_customer_id":11266,"order_id":44891,"order_status":"COMPLETE"}
{"order_customer_id":4057,"order_id":44892,"order_status":"COMPLETE"}
{"order_customer_id":10375,"order_id":44893,"order_status":"PROCESSING"}
{"order_customer_id":6342,"order_id":44894,"order_status":"COMPLETE"}
{"order_customer_id":695,"order_id":44895,"order_status":"PENDING"}
{"order_customer_id":10842,"order_id":44896,"order_status":"ON_HOLD"}
{"order_customer_id":7917,"order_id":44897,"order_status":"COMPLETE"}
{"order_customer_id":1940,"order_id":44898,"order_status":"CLOSED"}
{"order_customer_id":810,"order_id":44899,"order_status":"COMPLETE"}
{"order_customer_id":9591,"order_id":44900,"order_status":"COMPLETE"}
{"order_customer_id":6874,"order_id":44901,"order_status":"COMPLETE"}
{"order_customer_id":1274,"order_id":44902,"order_status":"PROCESSING"}
{"order_customer_id":2617,"order_id":44903,"order_status":"CANCELED"}
{"order_customer_id":6331,"order_id":44904,"order_status":"PENDING"}
{"order_customer_id":5738,"order_id":44905,"order_status":"COMPLETE"}
{"order_customer_id":10518,"order_id":44906,"order_status":"PENDING"}
{"order_customer_id":2460,"order_id":44907,"order_status":"PENDING"}
{"order_customer_id":9321,"order_id":44908,"order_status":"COMPLETE"}
{"order_customer_id":3724,"order_id":44909,"order_status":"PENDING_PAYMENT"}
{"order_customer_id":210,"order_id":44910,"order_status":"COMPLETE"}
{"order_customer_id":11048,"order_id":44911,"order_status":"PROCESSING"}
{"order_customer_id":2668,"order_id":44912,"order_status":"PENDING_PAYMENT"}
{"order_customer_id":3192,"order_id":44913,"order_status":"PENDING_PAYMENT"}
{"order_customer_id":6900,"order_id":44914,"order_status":"COMPLETE"}
{"order_customer_id":9733,"order_id":44915,"order_status":"PENDING"}
{"order_customer_id":10006,"order_id":44916,"order_status":"COMPLETE"}
{"order_customer_id":11071,"order_id":44917,"order_status":"PROCESSING"}
{"order_customer_id":1607,"order_id":44918,"order_status":"PROCESSING"}
{"order_customer_id":518,"order_id":44919,"order_status":"ON_HOLD"}
{"order_customer_id":10956,"order_id":44920,"order_status":"PENDING_PAYMENT"}
{"order_customer_id":2789,"order_id":44921,"order_status":"PENDING"}
{"order_customer_id":7674,"order_id":44922,"order_status":"COMPLETE"}
{"order_customer_id":9542,"order_id":44923,"order_status":"COMPLETE"}
{"order_customer_id":7861,"order_id":44924,"order_status":"COMPLETE"}
{"order_customer_id":3024,"order_id":44925,"order_status":"CLOSED"}
{"order_customer_id":6343,"order_id":44926,"order_status":"PROCESSING"}
{"order_customer_id":544,"order_id":44927,"order_status":"PROCESSING"}
{"order_customer_id":2422,"order_id":44928,"order_status":"COMPLETE"}
{"order_customer_id":866,"order_id":44929,"order_status":"COMPLETE"}
{"order_customer_id":3170,"order_id":44930,"order_status":"PENDING_PAYMENT"}
{"order_customer_id":10285,"order_id":44931,"order_status":"PROCESSING"}
{"order_customer_id":5485,"order_id":44932,"order_status":"COMPLETE"}
{"order_customer_id":11637,"order_id":44933,"order_status":"COMPLETE"}
{"order_customer_id":5113,"order_id":44934,"order_status":"ON_HOLD"}
{"order_customer_id":8359,"order_id":44935,"order_status":"PROCESSING"}
{"order_customer_id":8519,"order_id":44936,"order_status":"ON_HOLD"}
{"order_customer_id":11887,"order_id":44937,"order_status":"COMPLETE"}
{"order_customer_id":7764,"order_id":44938,"order_status":"PROCESSING"}
{"order_customer_id":6640,"order_id":44939,"order_status":"PENDING_PAYMENT"}
{"order_customer_id":5427,"order_id":44940,"order_status":"COMPLETE"}
{"order_customer_id":8154,"order_id":44941,"order_status":"PROCESSING"}
{"order_customer_id":3434,"order_id":44942,"order_status":"PENDING"}
{"order_customer_id":5749,"order_id":44943,"order_status":"COMPLETE"}
{"order_customer_id":12070,"order_id":44944,"order_status":"SUSPECTED_FRAUD"}
{"order_customer_id":2910,"order_id":44945,"order_status":"PENDING_PAYMENT"}
{"order_customer_id":5769,"order_id":44946,"order_status":"CLOSED"}
{"order_customer_id":3103,"order_id":44947,"order_status":"ON_HOLD"}
{"order_customer_id":10874,"order_id":44948,"order_status":"PENDING_PAYMENT"}
{"order_customer_id":6405,"order_id":44949,"order_status":"CLOSED"}
{"order_customer_id":5153,"order_id":44950,"order_status":"CANCELED"}
{"order_customer_id":6587,"order_id":44951,"order_status":"COMPLETE"}
{"order_customer_id":4624,"order_id":44952,"order_status":"PROCESSING"}
{"order_customer_id":2418,"order_id":44953,"order_status":"CLOSED"}
{"order_customer_id":6101,"order_id":44954,"order_status":"CANCELED"}
{"order_customer_id":7809,"order_id":44955,"order_status":"PENDING_PAYMENT"}
{"order_customer_id":7575,"order_id":44956,"order_status":"PROCESSING"}
{"order_customer_id":10362,"order_id":44957,"order_status":"ON_HOLD"}
{"order_customer_id":6025,"order_id":44958,"order_status":"ON_HOLD"}
{"order_customer_id":2350,"order_id":44959,"order_status":"PROCESSING"}
{"order_customer_id":11793,"order_id":44960,"order_status":"ON_HOLD"}
{"order_customer_id":10641,"order_id":44961,"order_status":"PROCESSING"}
{"order_customer_id":1290,"order_id":44962,"order_status":"CLOSED"}
{"order_customer_id":8678,"order_id":44963,"order_status":"CLOSED"}
{"order_customer_id":10802,"order_id":44964,"order_status":"ON_HOLD"}
{"order_customer_id":2210,"order_id":44965,"order_status":"PROCESSING"}
{"order_customer_id":59,"order_id":44966,"order_status":"PENDING"}
{"order_customer_id":4304,"order_id":44967,"order_status":"ON_HOLD"}
{"order_customer_id":7723,"order_id":44968,"order_status":"PENDING_PAYMENT"}
{"order_customer_id":11903,"order_id":44969,"order_status":"PROCESSING"}
{"order_customer_id":1427,"order_id":44970,"order_status":"PROCESSING"}
{"order_customer_id":8613,"order_id":44971,"order_status":"CANCELED"}
{"order_customer_id":1944,"order_id":44972,"order_status":"PENDING_PAYMENT"}
{"order_customer_id":10269,"order_id":44973,"order_status":"PENDING_PAYMENT"}
{"order_customer_id":8760,"order_id":44974,"order_status":"PENDING_PAYMENT"}
{"order_customer_id":4222,"order_id":44975,"order_status":"COMPLETE"}
{"order_customer_id":12396,"order_id":44976,"order_status":"COMPLETE"}
{"order_customer_id":4049,"order_id":44977,"order_status":"PENDING_PAYMENT"}
{"order_customer_id":3996,"order_id":44978,"order_status":"PENDING_PAYMENT"}
{"order_customer_id":12413,"order_id":44979,"order_status":"ON_HOLD"}
{"order_customer_id":7649,"order_id":44980,"order_status":"CLOSED"}
{"order_customer_id":2091,"order_id":44981,"order_status":"ON_HOLD"}
{"order_customer_id":5419,"order_id":44982,"order_status":"PENDING_PAYMENT"}
{"order_customer_id":6271,"order_id":44983,"order_status":"COMPLETE"}
{"order_customer_id":454,"order_id":44984,"order_status":"COMPLETE"}
{"order_customer_id":1264,"order_id":44985,"order_status":"COMPLETE"}
{"order_customer_id":6909,"order_id":44986,"order_status":"COMPLETE"}
{"order_customer_id":11770,"order_id":44987,"order_status":"COMPLETE"}
{"order_customer_id":11469,"order_id":44988,"order_status":"COMPLETE"}
{"order_customer_id":9125,"order_id":44989,"order_status":"COMPLETE"}
{"order_customer_id":1341,"order_id":44990,"order_status":"COMPLETE"}
{"order_customer_id":10639,"order_id":44991,"order_status":"PENDING_PAYMENT"}
{"order_customer_id":2430,"order_id":44992,"order_status":"PENDING_PAYMENT"}
{"order_customer_id":12400,"order_id":44993,"order_status":"PROCESSING"}
{"order_customer_id":5392,"order_id":44994,"order_status":"PROCESSING"}
{"order_customer_id":12419,"order_id":44995,"order_status":"CLOSED"}
{"order_customer_id":3710,"order_id":44996,"order_status":"COMPLETE"}
{"order_customer_id":7087,"order_id":44997,"order_status":"CLOSED"}
{"order_customer_id":10250,"order_id":44998,"order_status":"CANCELED"}
{"order_customer_id":1101,"order_id":44999,"order_status":"COMPLETE"}
{"order_customer_id":259,"order_id":45000,"order_status":"PROCESSING"}
{"order_customer_id":1106,"order_id":45001,"order_status":"COMPLETE"}
{"order_customer_id":6446,"order_id":45002,"order_status":"COMPLETE"}
{"order_customer_id":5957,"order_id":45003,"order_status":"COMPLETE"}
{"order_customer_id":4497,"order_id":45004,"order_status":"ON_HOLD"}
{"order_customer_id":10951,"order_id":45005,"order_status":"COMPLETE"}
{"order_customer_id":2941,"order_id":45006,"order_status":"CLOSED"}
{"order_customer_id":5748,"order_id":45007,"order_status":"COMPLETE"}
{"order_customer_id":4175,"order_id":45008,"order_status":"COMPLETE"}
{"order_customer_id":8398,"order_id":45009,"order_status":"COMPLETE"}
{"order_customer_id":5998,"order_id":45010,"order_status":"PENDING_PAYMENT"}
{"order_customer_id":5232,"order_id":45011,"order_status":"PENDING"}
{"order_customer_id":5102,"order_id":45012,"order_status":"COMPLETE"}
{"order_customer_id":11142,"order_id":45013,"order_status":"COMPLETE"}
{"order_customer_id":10702,"order_id":45014,"order_status":"COMPLETE"}
{"order_customer_id":213,"order_id":45015,"order_status":"COMPLETE"}
{"order_customer_id":6339,"order_id":45016,"order_status":"CLOSED"}
{"order_customer_id":7421,"order_id":45017,"order_status":"CLOSED"}
{"order_customer_id":5493,"order_id":45018,"order_status":"SUSPECTED_FRAUD"}
{"order_customer_id":4511,"order_id":45019,"order_status":"COMPLETE"}
{"order_customer_id":1344,"order_id":45020,"order_status":"COMPLETE"}
{"order_customer_id":7006,"order_id":45021,"order_status":"CLOSED"}
{"order_customer_id":11735,"order_id":45022,"order_status":"CLOSED"}
{"order_customer_id":8810,"order_id":45023,"order_status":"PENDING"}
{"order_customer_id":9369,"order_id":45024,"order_status":"PENDING_PAYMENT"}
{"order_customer_id":2691,"order_id":45025,"order_status":"PENDING_PAYMENT"}
{"order_customer_id":868,"order_id":45026,"order_status":"ON_HOLD"}
{"order_customer_id":8534,"order_id":45027,"order_status":"COMPLETE"}
{"order_customer_id":10471,"order_id":45028,"order_status":"COMPLETE"}
{"order_customer_id":9740,"order_id":45029,"order_status":"COMPLETE"}
{"order_customer_id":12411,"order_id":45030,"order_status":"ON_HOLD"}
{"order_customer_id":4181,"order_id":45031,"order_status":"PROCESSING"}
{"order_customer_id":667,"order_id":45032,"order_status":"COMPLETE"}
{"order_customer_id":1460,"order_id":45033,"order_status":"CLOSED"}
{"order_customer_id":8651,"order_id":45034,"order_status":"SUSPECTED_FRAUD"}
{"order_customer_id":4958,"order_id":45035,"order_status":"COMPLETE"}
{"order_customer_id":10126,"order_id":45036,"order_status":"PROCESSING"}
{"order_customer_id":4917,"order_id":45037,"order_status":"CLOSED"}
{"order_customer_id":11264,"order_id":45038,"order_status":"COMPLETE"}
{"order_customer_id":6455,"order_id":45039,"order_status":"PENDING"}
{"order_customer_id":4846,"order_id":45040,"order_status":"PENDING"}
{"order_customer_id":10558,"order_id":45041,"order_status":"SUSPECTED_FRAUD"}
{"order_customer_id":1762,"order_id":45042,"order_status":"COMPLETE"}
{"order_customer_id":3089,"order_id":45043,"order_status":"COMPLETE"}
{"order_customer_id":11922,"order_id":45044,"order_status":"CANCELED"}
{"order_customer_id":8905,"order_id":45045,"order_status":"COMPLETE"}
{"order_customer_id":11631,"order_id":45046,"order_status":"PENDING_PAYMENT"}
{"order_customer_id":2797,"order_id":45047,"order_status":"PENDING_PAYMENT"}
{"order_customer_id":3541,"order_id":45048,"order_status":"COMPLETE"}
{"order_customer_id":3228,"order_id":45049,"order_status":"CLOSED"}
{"order_customer_id":9316,"order_id":45050,"order_status":"COMPLETE"}
{"order_customer_id":8524,"order_id":45051,"order_status":"ON_HOLD"}
{"order_customer_id":8366,"order_id":45052,"order_status":"COMPLETE"}
{"order_customer_id":6637,"order_id":45053,"order_status":"ON_HOLD"}
{"order_customer_id":1818,"order_id":45054,"order_status":"PROCESSING"}
{"order_customer_id":9608,"order_id":45055,"order_status":"CANCELED"}
{"order_customer_id":8035,"order_id":45056,"order_status":"PENDING"}
{"order_customer_id":8981,"order_id":45057,"order_status":"COMPLETE"}
{"order_customer_id":2033,"order_id":45058,"order_status":"CLOSED"}
{"order_customer_id":9112,"order_id":45059,"order_status":"PENDING"}
{"order_customer_id":8516,"order_id":45060,"order_status":"CLOSED"}
{"order_customer_id":3242,"order_id":45061,"order_status":"PENDING_PAYMENT"}
{"order_customer_id":4598,"order_id":45062,"order_status":"PAYMENT_REVIEW"}
{"order_customer_id":11487,"order_id":45063,"order_status":"COMPLETE"}
{"order_customer_id":1054,"order_id":45064,"order_status":"COMPLETE"}
{"order_customer_id":5828,"order_id":45065,"order_status":"COMPLETE"}
{"order_customer_id":8309,"order_id":45066,"order_status":"COMPLETE"}
{"order_customer_id":10514,"order_id":45067,"order_status":"PENDING_PAYMENT"}
{"order_customer_id":10623,"order_id":65055,"order_status":"COMPLETE"}
{"order_customer_id":8487,"order_id":65056,"order_status":"COMPLETE"}
{"order_customer_id":3797,"order_id":65057,"order_status":"PROCESSING"}
{"order_customer_id":8658,"order_id":65058,"order_status":"ON_HOLD"}
{"order_customer_id":8321,"order_id":65059,"order_status":"PENDING_PAYMENT"}
{"order_customer_id":10628,"order_id":65060,"order_status":"COMPLETE"}
{"order_customer_id":1807,"order_id":65061,"order_status":"COMPLETE"}
{"order_customer_id":11681,"order_id":65062,"order_status":"COMPLETE"}
{"order_customer_id":11343,"order_id":65063,"order_status":"COMPLETE"}
{"order_customer_id":9216,"order_id":65064,"order_status":"PENDING_PAYMENT"}
{"order_customer_id":2270,"order_id":65065,"order_status":"COMPLETE"}
{"order_customer_id":9297,"order_id":65066,"order_status":"SUSPECTED_FRAUD"}
{"order_customer_id":637,"order_id":65067,"order_status":"CLOSED"}
{"order_customer_id":4014,"order_id":65068,"order_status":"PENDING"}
{"order_customer_id":7177,"order_id":65069,"order_status":"COMPLETE"}
{"order_customer_id":9670,"order_id":65070,"order_status":"PENDING_PAYMENT"}
{"order_customer_id":10517,"order_id":65071,"order_status":"PENDING"}
{"order_customer_id":5236,"order_id":65072,"order_status":"PROCESSING"}
{"order_customer_id":3422,"order_id":65073,"order_status":"COMPLETE"}
{"order_customer_id":2982,"order_id":65074,"order_status":"COMPLETE"}
{"order_customer_id":1522,"order_id":65075,"order_status":"PENDING_PAYMENT"}
{"order_customer_id":7976,"order_id":65076,"order_status":"COMPLETE"}
{"order_customer_id":5433,"order_id":68401,"order_status":"PROCESSING"}
