{"order_customer_id":7972,"order_id":20673,"order_status":"COMPLETE"}
{"order_customer_id":6201,"order_id":20674,"order_status":"COMPLETE"}
{"order_customer_id":11420,"order_id":20675,"order_status":"PENDING_PAYMENT"}
{"order_customer_id":569,"order_id":20676,"order_status":"PROCESSING"}
{"order_customer_id":6285,"order_id":20677,"order_status":"PROCESSING"}
{"order_customer_id":4768,"order_id":20678,"order_status":"ON_HOLD"}
{"order_customer_id":1379,"order_id":20679,"order_status":"COMPLETE"}
{"order_customer_id":10920,"order_id":20680,"order_status":"PROCESSING"}
{"order_customer_id":4512,"order_id":20681,"order_status":"CLOSED"}
{"order_customer_id":3723,"order_id":20682,"order_status":"ON_HOLD"}
{"order_customer_id":7969,"order_id":20683,"order_status":"PENDING_PAYMENT"}
{"order_customer_id":8988,"order_id":20684,"order_status":"PENDING_PAYMENT"}
{"order_customer_id":4135,"order_id":20685,"order_status":"PENDING"}
{"order_customer_id":7935,"order_id":20686,"order_status":"PENDING"}
{"order_customer_id":4842,"order_id":20687,"order_status":"PENDING"}
{"order_customer_id":4278,"order_id":20688,"order_status":"COMPLETE"}
{"order_customer_id":4200,"order_id":20689,"order_status":"COMPLETE"}
{"order_customer_id":9132,"order_id":20690,"order_status":"COMPLETE"}
{"order_customer_id":8898,"order_id":20691,"order_status":"PENDING"}
{"order_customer_id":7061,"order_id":20692,"order_status":"PENDING_PAYMENT"}
{"order_customer_id":11158,"order_id":20693,"order_status":"PENDING_PAYMENT"}
{"order_customer_id":8365,"order_id":20694,"order_status":"COMPLETE"}
{"order_customer_id":1928,"order_id":20695,"order_status":"COMPLETE"}
{"order_customer_id":664,"order_id":20696,"order_status":"PENDING_PAYMENT"}
{"order_customer_id":5250,"order_id":20697,"order_status":"COMPLETE"}
{"order_customer_id":8836,"order_id":20698,"order_status":"COMPLETE"}
{"order_customer_id":6739,"order_id":20699,"order_status":"PROCESSING"}
{"order_customer_id":5867,"order_id":20700,"order_status":"PENDING_PAYMENT"}
{"order_customer_id":6561,"order_id":20701,"order_status":"CLOSED"}
{"order_customer_id":9926,"order_id":20702,"order_status":"PROCESSING"}
{"order_customer_id":6765,"order_id":20703,"order_status":"PROCESSING"}
{"order_customer_id":1480,"order_id":20704,"order_status":"COMPLETE"}
{"order_customer_id":7499,"order_id":20705,"order_status":"COMPLETE"}
{"order_customer_id":8817,"order_id":20706,"order_status":"COMPLETE"}
{"order_customer_id":6263,"order_id":20707,"order_status":"PENDING"}
{"order_customer_id":11390,"order_id":20708,"order_status":"COMPLETE"}
{"order_customer_id":1852,"order_id":20709,"order_status":"COMPLETE"}
{"order_customer_id":4314,"order_id":20710,"order_status":"PENDING"}
{"order_customer_id":255,"order_id":20711,"order_status":"CLOSED"}
{"order_customer_id":5140,"order_id":20712,"order_status":"PENDING_PAYMENT"}
{"order_customer_id":7331,"order_id":20713,"order_status":"PENDING_PAYMENT"}
{"order_customer_id":6004,"order_id":20714,"order_status":"PENDING_PAYMENT"}
{"order_customer_id":10378,"order_id":20715,"order_status":"PROCESSING"}
{"order_customer_id":4977,"order_id":20716,"order_status":"PENDING_PAYMENT"}
{"order_customer_id":12354,"order_id":20717,"order_status":"PENDING_PAYMENT"}
{"order_customer_id":9263,"order_id":20718,"order_status":"PENDING"}
{"order_customer_id":10509,"order_id":20719,"order_status":"PROCESSING"}
{"order_customer_id":1922,"order_id":20720,"order_status":"PENDING"}
{"order_customer_id":1390,"order_id":20721,"order_status":"CLOSED"}
{"order_customer_id":5379,"order_id":20722,"order_status":"COMPLETE"}
{"order_customer_id":3186,"order_id":20723,"order_status":"COMPLETE"}
{"order_customer_id":6788,"order_id":20724,"order_status":"COMPLETE"}
{"order_customer_id":6535,"order_id":20725,"order_status":"COMPLETE"}
{"order_customer_id":3220,"order_id":20726,"order_status":"PENDING"}
{"order_customer_id":11148,"order_id":20727,"order_status":"PENDING"}
{"order_customer_id":2354,"order_id":20728,"order_status":"ON_HOLD"}
{"order_customer_id":8084,"order_id":20729,"order_status":"COMPLETE"}
{"order_customer_id":8460,"order_id":20730,"order_status":"CLOSED"}
{"order_customer_id":8624,"order_id":20731,"order_status":"COMPLETE"}
{"order_customer_id":9562,"order_id":20732,"order_status":"COMPLETE"}
{"order_customer_id":10741,"order_id":20733,"order_status":"PENDING"}
{"order_customer_id":6086,"order_id":20734,"order_status":"PENDING"}
{"order_customer_id":9819,"order_id":20735,"order_status":"CLOSED"}
{"order_customer_id":1260,"order_id":20736,"order_status":"PROCESSING"}
{"order_customer_id":681,"order_id":20737,"order_status":"PROCESSING"}
{"order_customer_id":5722,"order_id":20738,"order_status":"COMPLETE"}
{"order_customer_id":10772,"order_id":20739,"order_status":"CLOSED"}
{"order_customer_id":682,"order_id":20740,"order_status":"PENDING"}
{"order_customer_id":4522,"order_id":20741,"order_status":"COMPLETE"}
{"order_customer_id":6486,"order_id":20742,"order_status":"CLOSED"}
{"order_customer_id":8605,"order_id":20743,"order_status":"PENDING"}
{"order_customer_id":10795,"order_id":20744,"order_status":"CLOSED"}
{"order_customer_id":10373,"order_id":20745,"order_status":"PENDING_PAYMENT"}
{"order_customer_id":6893,"order_id":20746,"order_status":"COMPLETE"}
{"order_customer_id":2423,"order_id":20747,"order_status":"PENDING_PAYMENT"}
{"order_customer_id":9790,"order_id":20748,"order_status":"PROCESSING"}
{"order_customer_id":9837,"order_id":20749,"order_status":"PENDING_PAYMENT"}
{"order_customer_id":280,"order_id":20750,"order_status":"COMPLETE"}
{"order_customer_id":2076,"order_id":20751,"order_status":"CLOSED"}
{"order_customer_id":6786,"order_id":20752,"order_status":"CLOSED"}
{"order_customer_id":5831,"order_id":20753,"order_status":"SUSPECTED_FRAUD"}
{"order_customer_id":3550,"order_id":20754,"order_status":"COMPLETE"}
{"order_customer_id":640,"order_id":20755,"order_status":"PENDING"}
{"order_customer_id":4444,"order_id":20756,"order_status":"COMPLETE"}
{"order_customer_id":10620,"order_id":20757,"order_status":"COMPLETE"}
{"order_customer_id":1028,"order_id":20758,"order_status":"PROCESSING"}
{"order_customer_id":5659,"order_id":20759,"order_status":"COMPLETE"}
{"order_customer_id":5584,"order_id":20760,"order_status":"PROCESSING"}
{"order_customer_id":345,"order_id":20761,"order_status":"CLOSED"}
{"order_customer_id":10157,"order_id":20762,"order_status":"PENDING_PAYMENT"}
{"order_customer_id":1814,"order_id":20763,"order_status":"COMPLETE"}
{"order_customer_id":4931,"order_id":20764,"order_status":"COMPLETE"}
{"order_customer_id":8268,"order_id":20765,"order_status":"CLOSED"}
{"order_customer_id":4028,"order_id":20766,"order_status":"COMPLETE"}
{"order_customer_id":5730,"order_id":20767,"order_status":"COMPLETE"}
{"order_customer_id":277,"order_id":20768,"order_status":"CLOSED"}
{"order_customer_id":5803,"order_id":20769,"order_status":"PROCESSING"}
{"order_customer_id":2547,"order_id":20770,"order_status":"CANCELED"}
{"order_customer_id":7111,"order_id":20771,"order_status":"PENDING"}
{"order_customer_id":11263,"order_id":20772,"order_status":"COMPLETE"}
{"order_customer_id":4464,"order_id":20773,"order_status":"PROCESSING"}
{"order_customer_id":2395,"order_id":20774,"order_status":"SUSPECTED_FRAUD"}
{"order_customer_id":11129,"order_id":20775,"order_status":"PROCESSING"}
{"order_customer_id":10935,"order_id":20776,"order_status":"COMPLETE"}
{"order_customer_id":8450,"order_id":20777,"order_status":"PROCESSING"}
{"order_customer_id":11209,"order_id":20778,"order_status":"PROCESSING"}
{"order_customer_id":4054,"order_id":20779,"order_status":"COMPLETE"}
{"order_customer_id":9759,"order_id":20780,"order_status":"COMPLETE"}
{"order_customer_id":10213,"order_id":20781,"order_status":"PROCESSING"}
{"order_customer_id":9996,"order_id":20782,"order_status":"ON_HOLD"}
{"order_customer_id":6104,"order_id":20783,"order_status":"PENDING_PAYMENT"}
{"order_customer_id":7821,"order_id":20784,"order_status":"PENDING_PAYMENT"}
{"order_customer_id":10341,"order_id":20785,"order_status":"PENDING_PAYMENT"}
{"order_customer_id":1013,"order_id":20786,"order_status":"COMPLETE"}
{"order_customer_id":10008,"order_id":20787,"order_status":"COMPLETE"}
{"order_customer_id":8333,"order_id":20788,"order_status":"COMPLETE"}
{"order_customer_id":7345,"order_id":20789,"order_status":"ON_HOLD"}
{"order_customer_id":2267,"order_id":20790,"order_status":"COMPLETE"}
{"order_customer_id":5513,"order_id":20791,"order_status":"COMPLETE"}
{"order_customer_id":5988,"order_id":20792,"order_status":"PENDING_PAYMENT"}
{"order_customer_id":9028,"order_id":20793,"order_status":"COMPLETE"}
{"order_customer_id":10647,"order_id":20794,"order_status":"COMPLETE"}
{"order_customer_id":6289,"order_id":20795,"order_status":"PENDING"}
{"order_customer_id":11205,"order_id":20796,"order_status":"COMPLETE"}
{"order_customer_id":11665,"order_id":20797,"order_status":"PENDING_PAYMENT"}
{"order_customer_id":1370,"order_id":20798,"order_status":"PENDING"}
{"order_customer_id":10442,"order_id":20799,"order_status":"COMPLETE"}
{"order_customer_id":8930,"order_id":20800,"order_status":"ON_HOLD"}
{"order_customer_id":536,"order_id":20801,"order_status":"PROCESSING"}
{"order_customer_id":7333,"order_id":20802,"order_status":"CLOSED"}
{"order_customer_id":1861,"order_id":20803,"order_status":"CLOSED"}
{"order_customer_id":7144,"order_id":20804,"order_status":"PENDING_PAYMENT"}
{"order_customer_id":8954,"order_id":20805,"order_status":"PROCESSING"}
{"order_customer_id":10778,"order_id":20806,"order_status":"PENDING"}
{"order_customer_id":2994,"order_id":20807,"order_status":"COMPLETE"}
{"order_customer_id":11707,"order_id":20808,"order_status":"COMPLETE"}
{"order_customer_id":4982,"order_id":20809,"order_status":"CANCELED"}
{"order_customer_id":482,"order_id":20810,"order_status":"CANCELED"}
{"order_customer_id":2861,"order_id":20811,"order_status":"PENDING"}
{"order_customer_id":8396,"order_id":20812,"order_status":"PENDING_PAYMENT"}
{"order_customer_id":8568,"order_id":20813,"order_status":"PENDING_PAYMENT"}
{"order_customer_id":436,"order_id":20814,"order_status":"PENDING"}
{"order_customer_id":10224,"order_id":20815,"order_status":"CLOSED"}
{"order_customer_id":1014,"order_id":20816,"order_status":"PROCESSING"}
{"order_customer_id":12209,"order_id":20817,"order_status":"PENDING"}
{"order_customer_id":9631,"order_id":20818,"order_status":"ON_HOLD"}
{"order_customer_id":6776,"order_id":20819,"order_status":"COMPLETE"}
{"order_customer_id":8704,"order_id":20820,"order_status":"PENDING_PAYMENT"}
{"order_customer_id":10432,"order_id":20821,"order_status":"PENDING"}
{"order_customer_id":1774,"order_id":20822,"order_status":"PENDING_PAYMENT"}
{"order_customer_id":1575,"order_id":20823,"order_status":"ON_HOLD"}
{"order_customer_id":10004,"order_id":20824,"order_status":"COMPLETE"}
{"order_customer_id":1393,"order_id":20825,"order_status":"COMPLETE"}
{"order_customer_id":6631,"order_id":20826,"order_status":"COMPLETE"}
{"order_customer_id":8715,"order_id":20827,"order_status":"COMPLETE"}
{"order_customer_id":3833,"order_id":20828,"order_status":"PROCESSING"}
{"order_customer_id":11489,"order_id":20829,"order_status":"COMPLETE"}
{"order_customer_id":7086,"order_id":20830,"order_status":"COMPLETE"}
{"order_customer_id":6330,"order_id":20831,"order_status":"COMPLETE"}
{"order_customer_id":4929,"order_id":20832,"order_status":"CLOSED"}
{"order_customer_id":1577,"order_id":20833,"order_status":"COMPLETE"}
{"order_customer_id":6171,"order_id":20834,"order_status":"PENDING"}
{"order_customer_id":5329,"order_id":20835,"order_status":"COMPLETE"}
{"order_customer_id":3175,"order_id":20836,"order_status":"PENDING_PAYMENT"}
{"order_customer_id":1124,"order_id":20837,"order_status":"COMPLETE"}
{"order_customer_id":4750,"order_id":20838,"order_status":"PENDING"}
{"order_customer_id":5147,"order_id":20839,"order_status":"COMPLETE"}
{"order_customer_id":8397,"order_id":20840,"order_status":"COMPLETE"}
{"order_customer_id":3856,"order_id":20841,"order_status":"COMPLETE"}
{"order_customer_id":3464,"order_id":20842,"order_status":"PENDING_PAYMENT"}
{"order_customer_id":9032,"order_id":20843,"order_status":"COMPLETE"}
{"order_customer_id":8665,"order_id":20844,"order_status":"COMPLETE"}
{"order_customer_id":5921,"order_id":20845,"order_status":"COMPLETE"}
{"order_customer_id":811,"order_id":20846,"order_status":"PENDING_PAYMENT"}
{"order_customer_id":7489,"order_id":20847,"order_status":"COMPLETE"}
{"order_customer_id":3164,"order_id":20848,"order_status":"COMPLETE"}
{"order_customer_id":1987,"order_id":20849,"order_status":"PENDING"}
{"order_customer_id":1021,"order_id":20850,"order_status":"COMPLETE"}
{"order_customer_id":12380,"order_id":20851,"order_status":"CLOSED"}
{"order_customer_id":1371,"order_id":20852,"order_status":"PENDING"}
{"order_customer_id":5519,"order_id":20853,"order_status":"ON_HOLD"}
{"order_customer_id":1192,"order_id":20854,"order_status":"CANCELED"}
{"order_customer_id":6586,"order_id":20855,"order_status":"PENDING_PAYMENT"}
{"order_customer_id":1754,"order_id":20856,"order_status":"COMPLETE"}
{"order_customer_id":5453,"order_id":20857,"order_status":"COMPLETE"}
{"order_customer_id":5490,"order_id":20858,"order_status":"COMPLETE"}
{"order_customer_id":1460,"order_id":20859,"order_status":"PENDING_PAYMENT"}
{"order_customer_id":2913,"order_id":20860,"order_status":"CANCELED"}
{"order_customer_id":5170,"order_id":20861,"order_status":"COMPLETE"}
{"order_customer_id":3959,"order_id":20862,"order_status":"PENDING_PAYMENT"}
{"order_customer_id":635,"order_id":20863,"order_status":"COMPLETE"}
{"order_customer_id":122,"order_id":20864,"order_status":"PENDING_PAYMENT"}
{"order_customer_id":4146,"order_id":20865,"order_status":"PENDING"}
{"order_customer_id":6953,"order_id":20866,"order_status":"COMPLETE"}
{"order_customer_id":10013,"order_id":20867,"order_status":"COMPLETE"}
{"order_customer_id":5378,"order_id":20868,"order_status":"PENDING_PAYMENT"}
{"order_customer_id":5968,"order_id":20869,"order_status":"PROCESSING"}
{"order_customer_id":7057,"order_id":20870,"order_status":"PENDING_PAYMENT"}
{"order_customer_id":10956,"order_id":20871,"order_status":"PENDING_PAYMENT"}
{"order_customer_id":8084,"order_id":20872,"order_status":"PENDING"}
{"order_customer_id":5331,"order_id":20873,"order_status":"COMPLETE"}
{"order_customer_id":1162,"order_id":20874,"order_status":"COMPLETE"}
{"order_customer_id":4016,"order_id":20875,"order_status":"PROCESSING"}
{"order_customer_id":4792,"order_id":20876,"order_status":"ON_HOLD"}
{"order_customer_id":3461,"order_id":20877,"order_status":"PENDING_PAYMENT"}
{"order_customer_id":7969,"order_id":20878,"order_status":"COMPLETE"}
{"order_customer_id":9213,"order_id":20879,"order_status":"COMPLETE"}
{"order_customer_id":3590,"order_id":20880,"order_status":"PROCESSING"}
{"order_customer_id":7561,"order_id":20881,"order_status":"PROCESSING"}
{"order_customer_id":11501,"order_id":20882,"order_status":"COMPLETE"}
{"order_customer_id":5087,"order_id":20883,"order_status":"COMPLETE"}
{"order_customer_id":4812,"order_id":20884,"order_status":"COMPLETE"}
{"order_customer_id":8194,"order_id":20885,"order_status":"CLOSED"}
{"order_customer_id":3074,"order_id":20886,"order_status":"ON_HOLD"}
{"order_customer_id":1558,"order_id":20887,"order_status":"PENDING_PAYMENT"}
{"order_customer_id":6302,"order_id":20888,"order_status":"SUSPECTED_FRAUD"}
{"order_customer_id":5098,"order_id":20889,"order_status":"PENDING"}
{"order_customer_id":7026,"order_id":20890,"order_status":"COMPLETE"}
{"order_customer_id":11119,"order_id":20891,"order_status":"SUSPECTED_FRAUD"}
{"order_customer_id":2568,"order_id":20892,"order_status":"CLOSED"}
{"order_customer_id":9817,"order_id":20893,"order_status":"PENDING_PAYMENT"}
{"order_customer_id":528,"order_id":20894,"order_status":"CLOSED"}
{"order_customer_id":11313,"order_id":20895,"order_status":"COMPLETE"}
{"order_customer_id":8140,"order_id":20896,"order_status":"COMPLETE"}
{"order_customer_id":9291,"order_id":20897,"order_status":"COMPLETE"}
{"order_customer_id":2076,"order_id":20898,"order_status":"COMPLETE"}
{"order_customer_id":2202,"order_id":20899,"order_status":"PENDING_PAYMENT"}
{"order_customer_id":5715,"order_id":20900,"order_status":"PENDING"}
{"order_customer_id":9610,"order_id":20901,"order_status":"COMPLETE"}
{"order_customer_id":6015,"order_id":20902,"order_status":"SUSPECTED_FRAUD"}
{"order_customer_id":11512,"order_id":20903,"order_status":"CLOSED"}
{"order_customer_id":3739,"order_id":20904,"order_status":"CLOSED"}
{"order_customer_id":6622,"order_id":20905,"order_status":"ON_HOLD"}
{"order_customer_id":814,"order_id":20906,"order_status":"PENDING"}
{"order_customer_id":5911,"order_id":20907,"order_status":"CLOSED"}
{"order_customer_id":10657,"order_id":20908,"order_status":"SUSPECTED_FRAUD"}
{"order_customer_id":624,"order_id":20909,"order_status":"COMPLETE"}
{"order_customer_id":9572,"order_id":20910,"order_status":"COMPLETE"}
{"order_customer_id":12301,"order_id":20911,"order_status":"PENDING_PAYMENT"}
{"order_customer_id":1444,"order_id":20912,"order_status":"COMPLETE"}
{"order_customer_id":11298,"order_id":20913,"order_status":"COMPLETE"}
{"order_customer_id":4650,"order_id":20914,"order_status":"PENDING_PAYMENT"}
{"order_customer_id":10115,"order_id":20915,"order_status":"PENDING"}
{"order_customer_id":8501,"order_id":61080,"order_status":"CLOSED"}
{"order_customer_id":10565,"order_id":61081,"order_status":"PENDING_PAYMENT"}
{"order_customer_id":9609,"order_id":61082,"order_status":"COMPLETE"}
{"order_customer_id":7296,"order_id":61083,"order_status":"COMPLETE"}
{"order_customer_id":2491,"order_id":61084,"order_status":"COMPLETE"}
{"order_customer_id":5315,"order_id":61085,"order_status":"PROCESSING"}
{"order_customer_id":7733,"order_id":61086,"order_status":"PENDING"}
{"order_customer_id":5624,"order_id":61087,"order_status":"PROCESSING"}
{"order_customer_id":6484,"order_id":61088,"order_status":"COMPLETE"}
{"order_customer_id":6687,"order_id":61089,"order_status":"PENDING_PAYMENT"}
{"order_customer_id":2,"order_id":67863,"order_status":"COMPLETE"}
{"order_customer_id":3603,"order_id":68760,"order_status":"COMPLETE"}
