{"order_customer_id":3458,"order_id":55470,"order_status":"PROCESSING"}
{"order_customer_id":8784,"order_id":55471,"order_status":"COMPLETE"}
{"order_customer_id":2659,"order_id":55472,"order_status":"PENDING_PAYMENT"}
{"order_customer_id":234,"order_id":55473,"order_status":"PENDING_PAYMENT"}
{"order_customer_id":2470,"order_id":55474,"order_status":"PENDING"}
{"order_customer_id":9879,"order_id":55475,"order_status":"PAYMENT_REVIEW"}
{"order_customer_id":467,"order_id":55476,"order_status":"COMPLETE"}
{"order_customer_id":437,"order_id":55477,"order_status":"CLOSED"}
{"order_customer_id":5148,"order_id":55478,"order_status":"PENDING_PAYMENT"}
{"order_customer_id":9443,"order_id":55479,"order_status":"PROCESSING"}
{"order_customer_id":5482,"order_id":55480,"order_status":"COMPLETE"}
{"order_customer_id":11755,"order_id":55481,"order_status":"PROCESSING"}
{"order_customer_id":6688,"order_id":55482,"order_status":"COMPLETE"}
{"order_customer_id":6011,"order_id":55483,"order_status":"PENDING_PAYMENT"}
{"order_customer_id":2990,"order_id":55484,"order_status":"PENDING_PAYMENT"}
{"order_customer_id":12256,"order_id":55485,"order_status":"CLOSED"}
{"order_customer_id":9528,"order_id":55486,"order_status":"PENDING_PAYMENT"}
{"order_customer_id":5370,"order_id":55487,"order_status":"PENDING"}
{"order_customer_id":6987,"order_id":55488,"order_status":"PENDING"}
{"order_customer_id":5381,"order_id":55489,"order_status":"PROCESSING"}
{"order_customer_id":6572,"order_id":55490,"order_status":"PROCESSING"}
{"order_customer_id":3628,"order_id":55491,"order_status":"CLOSED"}
{"order_customer_id":5581,"order_id":55492,"order_status":"SUSPECTED_FRAUD"}
{"order_customer_id":229,"order_id":55493,"order_status":"CLOSED"}
{"order_customer_id":11723,"order_id":55494,"order_status":"COMPLETE"}
{"order_customer_id":8784,"order_id":55495,"order_status":"CLOSED"}
{"order_customer_id":2809,"order_id":55496,"order_status":"COMPLETE"}
{"order_customer_id":3152,"order_id":55497,"order_status":"PROCESSING"}
{"order_customer_id":4553,"order_id":55498,"order_status":"PENDING_PAYMENT"}
{"order_customer_id":12035,"order_id":55499,"order_status":"PENDING"}
{"order_customer_id":7568,"order_id":55500,"order_status":"PENDING"}
{"order_customer_id":77,"order_id":55501,"order_status":"PROCESSING"}
{"order_customer_id":10295,"order_id":55502,"order_status":"CLOSED"}
{"order_customer_id":8158,"order_id":55503,"order_status":"PENDING_PAYMENT"}
{"order_customer_id":1556,"order_id":55504,"order_status":"COMPLETE"}
{"order_customer_id":8271,"order_id":55505,"order_status":"CANCELED"}
{"order_customer_id":7108,"order_id":55506,"order_status":"CLOSED"}
{"order_customer_id":11403,"order_id":55507,"order_status":"COMPLETE"}
{"order_customer_id":691,"order_id":55508,"order_status":"PROCESSING"}
{"order_customer_id":11871,"order_id":55509,"order_status":"COMPLETE"}
{"order_customer_id":9736,"order_id":55510,"order_status":"PENDING"}
{"order_customer_id":4232,"order_id":55511,"order_status":"PENDING_PAYMENT"}
{"order_customer_id":4770,"order_id":55512,"order_status":"COMPLETE"}
{"order_customer_id":334,"order_id":55513,"order_status":"COMPLETE"}
{"order_customer_id":3620,"order_id":55514,"order_status":"ON_HOLD"}
{"order_customer_id":2146,"order_id":55515,"order_status":"COMPLETE"}
{"order_customer_id":4050,"order_id":55516,"order_status":"COMPLETE"}
{"order_customer_id":5647,"order_id":55517,"order_status":"PROCESSING"}
{"order_customer_id":6634,"order_id":55518,"order_status":"PROCESSING"}
{"order_customer_id":12004,"order_id":55519,"order_status":"CANCELED"}
{"order_customer_id":8299,"order_id":55520,"order_status":"COMPLETE"}
{"order_customer_id":765,"order_id":55521,"order_status":"PENDING"}
{"order_customer_id":5975,"order_id":55522,"order_status":"ON_HOLD"}
{"order_customer_id":405,"order_id":55523,"order_status":"PROCESSING"}
{"order_customer_id":5454,"order_id":55524,"order_status":"CLOSED"}
{"order_customer_id":2812,"order_id":55525,"order_status":"PROCESSING"}
{"order_customer_id":2112,"order_id":55526,"order_status":"CLOSED"}
{"order_customer_id":8049,"order_id":55527,"order_status":"COMPLETE"}
{"order_customer_id":2395,"order_id":55528,"order_status":"PENDING_PAYMENT"}
{"order_customer_id":11032,"order_id":55529,"order_status":"COMPLETE"}
{"order_customer_id":3203,"order_id":55530,"order_status":"PENDING_PAYMENT"}
{"order_customer_id":12225,"order_id":55531,"order_status":"ON_HOLD"}
{"order_customer_id":6086,"order_id":55532,"order_status":"COMPLETE"}
{"order_customer_id":528,"order_id":55533,"order_status":"PENDING_PAYMENT"}
{"order_customer_id":1631,"order_id":55534,"order_status":"SUSPECTED_FRAUD"}
{"order_customer_id":10317,"order_id":55535,"order_status":"PENDING_PAYMENT"}
{"order_customer_id":772,"order_id":55536,"order_status":"CANCELED"}
{"order_customer_id":1513,"order_id":55537,"order_status":"PENDING_PAYMENT"}
{"order_customer_id":3304,"order_id":55538,"order_status":"CLOSED"}
{"order_customer_id":383,"order_id":55539,"order_status":"COMPLETE"}
{"order_customer_id":5457,"order_id":55540,"order_status":"COMPLETE"}
{"order_customer_id":3792,"order_id":55541,"order_status":"ON_HOLD"}
{"order_customer_id":7056,"order_id":55542,"order_status":"COMPLETE"}
{"order_customer_id":11162,"order_id":55543,"order_status":"SUSPECTED_FRAUD"}
{"order_customer_id":7216,"order_id":55544,"order_status":"PROCESSING"}
{"order_customer_id":1597,"order_id":55545,"order_status":"COMPLETE"}
{"order_customer_id":1630,"order_id":55546,"order_status":"PENDING"}
{"order_customer_id":11572,"order_id":55547,"order_status":"COMPLETE"}
{"order_customer_id":7837,"order_id":55548,"order_status":"PENDING"}
{"order_customer_id":10803,"order_id":55549,"order_status":"PROCESSING"}
{"order_customer_id":3330,"order_id":55550,"order_status":"PENDING"}
{"order_customer_id":2793,"order_id":55551,"order_status":"PENDING_PAYMENT"}
{"order_customer_id":7961,"order_id":55552,"order_status":"PROCESSING"}
{"order_customer_id":4326,"order_id":55553,"order_status":"PROCESSING"}
{"order_customer_id":8761,"order_id":55554,"order_status":"PENDING"}
{"order_customer_id":10607,"order_id":55555,"order_status":"PROCESSING"}
{"order_customer_id":7445,"order_id":55556,"order_status":"PENDING_PAYMENT"}
{"order_customer_id":843,"order_id":55557,"order_status":"PROCESSING"}
{"order_customer_id":1257,"order_id":55558,"order_status":"PENDING"}
{"order_customer_id":7199,"order_id":55559,"order_status":"PAYMENT_REVIEW"}
{"order_customer_id":6593,"order_id":55560,"order_status":"ON_HOLD"}
{"order_customer_id":8506,"order_id":55561,"order_status":"PENDING_PAYMENT"}
{"order_customer_id":2164,"order_id":55562,"order_status":"COMPLETE"}
{"order_customer_id":8648,"order_id":55563,"order_status":"PROCESSING"}
{"order_customer_id":6333,"order_id":55564,"order_status":"COMPLETE"}
{"order_customer_id":3868,"order_id":55565,"order_status":"COMPLETE"}
{"order_customer_id":8372,"order_id":55566,"order_status":"PROCESSING"}
{"order_customer_id":846,"order_id":55567,"order_status":"PAYMENT_REVIEW"}
{"order_customer_id":7776,"order_id":55568,"order_status":"ON_HOLD"}
{"order_customer_id":12268,"order_id":55569,"order_status":"COMPLETE"}
{"order_customer_id":1150,"order_id":55570,"order_status":"PENDING"}
{"order_customer_id":4743,"order_id":55571,"order_status":"COMPLETE"}
{"order_customer_id":9928,"order_id":55572,"order_status":"ON_HOLD"}
{"order_customer_id":12412,"order_id":55573,"order_status":"PENDING_PAYMENT"}
{"order_customer_id":2656,"order_id":55574,"order_status":"PENDING_PAYMENT"}
{"order_customer_id":8333,"order_id":55575,"order_status":"COMPLETE"}
{"order_customer_id":10015,"order_id":55576,"order_status":"COMPLETE"}
{"order_customer_id":3452,"order_id":55577,"order_status":"PENDING_PAYMENT"}
{"order_customer_id":5521,"order_id":55578,"order_status":"COMPLETE"}
{"order_customer_id":11385,"order_id":55579,"order_status":"PENDING_PAYMENT"}
{"order_customer_id":476,"order_id":55580,"order_status":"PENDING_PAYMENT"}
{"order_customer_id":11423,"order_id":55581,"order_status":"CLOSED"}
{"order_customer_id":11306,"order_id":55582,"order_status":"COMPLETE"}
{"order_customer_id":4195,"order_id":55583,"order_status":"PENDING"}
{"order_customer_id":1920,"order_id":55584,"order_status":"PENDING_PAYMENT"}
{"order_customer_id":11575,"order_id":55585,"order_status":"PROCESSING"}
{"order_customer_id":5795,"order_id":55586,"order_status":"CLOSED"}
{"order_customer_id":2829,"order_id":55587,"order_status":"COMPLETE"}
{"order_customer_id":1057,"order_id":55588,"order_status":"CLOSED"}
{"order_customer_id":1070,"order_id":55589,"order_status":"PENDING_PAYMENT"}
{"order_customer_id":5316,"order_id":55590,"order_status":"CLOSED"}
{"order_customer_id":5015,"order_id":67023,"order_status":"COMPLETE"}
{"order_customer_id":9666,"order_id":67024,"order_status":"CLOSED"}
{"order_customer_id":7177,"order_id":67025,"order_status":"PENDING"}
{"order_customer_id":11498,"order_id":67026,"order_status":"PENDING_PAYMENT"}
{"order_customer_id":1871,"order_id":67027,"order_status":"COMPLETE"}
{"order_customer_id":11229,"order_id":67028,"order_status":"COMPLETE"}
{"order_customer_id":4707,"order_id":67029,"order_status":"CLOSED"}
{"order_customer_id":902,"order_id":67030,"order_status":"CLOSED"}
{"order_customer_id":2636,"order_id":67031,"order_status":"PENDING"}
{"order_customer_id":12205,"order_id":67032,"order_status":"PROCESSING"}
{"order_customer_id":4731,"order_id":67033,"order_status":"PROCESSING"}
{"order_customer_id":1158,"order_id":67034,"order_status":"COMPLETE"}
{"order_customer_id":3147,"order_id":67035,"order_status":"PROCESSING"}
{"order_customer_id":2900,"order_id":67036,"order_status":"CLOSED"}
{"order_customer_id":8701,"order_id":67037,"order_status":"COMPLETE"}
{"order_customer_id":12302,"order_id":67038,"order_status":"COMPLETE"}
{"order_customer_id":3263,"order_id":68653,"order_status":"PENDING"}
