{"order_customer_id":6241,"order_id":46300,"order_status":"CLOSED"}
{"order_customer_id":99,"order_id":46301,"order_status":"PENDING"}
{"order_customer_id":1555,"order_id":46302,"order_status":"COMPLETE"}
{"order_customer_id":11141,"order_id":46303,"order_status":"PENDING_PAYMENT"}
{"order_customer_id":12107,"order_id":46304,"order_status":"PENDING_PAYMENT"}
{"order_customer_id":3964,"order_id":46305,"order_status":"COMPLETE"}
{"order_customer_id":11011,"order_id":46306,"order_status":"PROCESSING"}
{"order_customer_id":4098,"order_id":46307,"order_status":"PROCESSING"}
{"order_customer_id":3372,"order_id":46308,"order_status":"COMPLETE"}
{"order_customer_id":8054,"order_id":46309,"order_status":"COMPLETE"}
{"order_customer_id":11454,"order_id":46310,"order_status":"PROCESSING"}
{"order_customer_id":970,"order_id":46311,"order_status":"PENDING_PAYMENT"}
{"order_customer_id":4143,"order_id":46312,"order_status":"PROCESSING"}
{"order_customer_id":198,"order_id":46313,"order_status":"PENDING_PAYMENT"}
{"order_customer_id":3249,"order_id":46314,"order_status":"COMPLETE"}
{"order_customer_id":9552,"order_id":46315,"order_status":"PROCESSING"}
{"order_customer_id":11248,"order_id":46316,"order_status":"PENDING_PAYMENT"}
{"order_customer_id":5606,"order_id":46317,"order_status":"PROCESSING"}
{"order_customer_id":2759,"order_id":46318,"order_status":"PENDING"}
{"order_customer_id":5092,"order_id":46319,"order_status":"PENDING"}
{"order_customer_id":6638,"order_id":46320,"order_status":"PROCESSING"}
{"order_customer_id":199,"order_id":46321,"order_status":"COMPLETE"}
{"order_customer_id":8786,"order_id":46322,"order_status":"PENDING"}
{"order_customer_id":5915,"order_id":46323,"order_status":"COMPLETE"}
{"order_customer_id":10424,"order_id":46324,"order_status":"ON_HOLD"}
{"order_customer_id":10494,"order_id":46325,"order_status":"PENDING_PAYMENT"}
{"order_customer_id":922,"order_id":46326,"order_status":"ON_HOLD"}
{"order_customer_id":11116,"order_id":46327,"order_status":"COMPLETE"}
{"order_customer_id":1744,"order_id":46328,"order_status":"PROCESSING"}
{"order_customer_id":7365,"order_id":46329,"order_status":"COMPLETE"}
{"order_customer_id":10284,"order_id":46330,"order_status":"PROCESSING"}
{"order_customer_id":11026,"order_id":46331,"order_status":"PENDING_PAYMENT"}
{"order_customer_id":10348,"order_id":46332,"order_status":"PENDING_PAYMENT"}
{"order_customer_id":2482,"order_id":46333,"order_status":"COMPLETE"}
{"order_customer_id":1002,"order_id":46334,"order_status":"PAYMENT_REVIEW"}
{"order_customer_id":9969,"order_id":46335,"order_status":"PENDING_PAYMENT"}
{"order_customer_id":1797,"order_id":46336,"order_status":"PENDING_PAYMENT"}
{"order_customer_id":81,"order_id":46337,"order_status":"COMPLETE"}
{"order_customer_id":4060,"order_id":46338,"order_status":"COMPLETE"}
{"order_customer_id":2052,"order_id":46339,"order_status":"COMPLETE"}
{"order_customer_id":11761,"order_id":46340,"order_status":"COMPLETE"}
{"order_customer_id":5717,"order_id":46341,"order_status":"PROCESSING"}
{"order_customer_id":3862,"order_id":46342,"order_status":"PROCESSING"}
{"order_customer_id":4884,"order_id":46343,"order_status":"CLOSED"}
{"order_customer_id":6226,"order_id":46344,"order_status":"PROCESSING"}
{"order_customer_id":12139,"order_id":46345,"order_status":"COMPLETE"}
{"order_customer_id":9707,"order_id":46346,"order_status":"COMPLETE"}
{"order_customer_id":1137,"order_id":46347,"order_status":"COMPLETE"}
{"order_customer_id":3438,"order_id":46348,"order_status":"ON_HOLD"}
{"order_customer_id":12427,"order_id":46349,"order_status":"PENDING_PAYMENT"}
{"order_customer_id":9840,"order_id":46350,"order_status":"CLOSED"}
{"order_customer_id":3314,"order_id":46351,"order_status":"CLOSED"}
{"order_customer_id":4845,"order_id":46352,"order_status":"PROCESSING"}
{"order_customer_id":8542,"order_id":46353,"order_status":"PROCESSING"}
{"order_customer_id":5191,"order_id":46354,"order_status":"PENDING_PAYMENT"}
{"order_customer_id":981,"order_id":46355,"order_status":"PROCESSING"}
{"order_customer_id":1258,"order_id":46356,"order_status":"COMPLETE"}
{"order_customer_id":1322,"order_id":46357,"order_status":"PENDING"}
{"order_customer_id":2997,"order_id":46358,"order_status":"COMPLETE"}
{"order_customer_id":2591,"order_id":46359,"order_status":"CANCELED"}
{"order_customer_id":5533,"order_id":46360,"order_status":"PENDING_PAYMENT"}
{"order_customer_id":5364,"order_id":46361,"order_status":"COMPLETE"}
{"order_customer_id":7417,"order_id":46362,"order_status":"COMPLETE"}
{"order_customer_id":6434,"order_id":46363,"order_status":"COMPLETE"}
{"order_customer_id":679,"order_id":46364,"order_status":"COMPLETE"}
{"order_customer_id":4885,"order_id":46365,"order_status":"PENDING"}
{"order_customer_id":4254,"order_id":46366,"order_status":"PENDING_PAYMENT"}
{"order_customer_id":9036,"order_id":46367,"order_status":"PENDING_PAYMENT"}
{"order_customer_id":10453,"order_id":46368,"order_status":"COMPLETE"}
{"order_customer_id":9198,"order_id":46369,"order_status":"COMPLETE"}
{"order_customer_id":691,"order_id":46370,"order_status":"COMPLETE"}
{"order_customer_id":1484,"order_id":46371,"order_status":"ON_HOLD"}
{"order_customer_id":1946,"order_id":46372,"order_status":"PENDING_PAYMENT"}
{"order_customer_id":7051,"order_id":46373,"order_status":"PENDING"}
{"order_customer_id":548,"order_id":65288,"order_status":"PENDING_PAYMENT"}
{"order_customer_id":12289,"order_id":65289,"order_status":"PENDING"}
{"order_customer_id":5415,"order_id":65290,"order_status":"PROCESSING"}
{"order_customer_id":5875,"order_id":65291,"order_status":"COMPLETE"}
{"order_customer_id":12046,"order_id":65292,"order_status":"COMPLETE"}
{"order_customer_id":2254,"order_id":65293,"order_status":"COMPLETE"}
{"order_customer_id":2948,"order_id":65294,"order_status":"PENDING_PAYMENT"}
{"order_customer_id":6615,"order_id":65295,"order_status":"ON_HOLD"}
{"order_customer_id":10795,"order_id":65296,"order_status":"PENDING_PAYMENT"}
{"order_customer_id":5708,"order_id":65297,"order_status":"CLOSED"}
{"order_customer_id":584,"order_id":65298,"order_status":"ON_HOLD"}
{"order_customer_id":9246,"order_id":65299,"order_status":"COMPLETE"}
{"order_customer_id":3259,"order_id":65300,"order_status":"CLOSED"}
{"order_customer_id":4128,"order_id":65301,"order_status":"COMPLETE"}
{"order_customer_id":11098,"order_id":65302,"order_status":"PROCESSING"}
{"order_customer_id":9206,"order_id":65303,"order_status":"PENDING"}
{"order_customer_id":3786,"order_id":65304,"order_status":"COMPLETE"}
{"order_customer_id":2495,"order_id":65305,"order_status":"ON_HOLD"}
{"order_customer_id":2891,"order_id":65306,"order_status":"PENDING_PAYMENT"}
{"order_customer_id":5568,"order_id":65307,"order_status":"PROCESSING"}
{"order_customer_id":6650,"order_id":65308,"order_status":"COMPLETE"}
{"order_customer_id":6449,"order_id":65309,"order_status":"COMPLETE"}
{"order_customer_id":12052,"order_id":65310,"order_status":"COMPLETE"}
{"order_customer_id":3471,"order_id":68428,"order_status":"PROCESSING"}
{"order_customer_id":371,"order_id":68838,"order_status":"PENDING"}
