{"order_customer_id":10861,"order_id":12639,"order_status":"CLOSED"}
{"order_customer_id":5904,"order_id":12640,"order_status":"PENDING_PAYMENT"}
{"order_customer_id":10844,"order_id":12641,"order_status":"PROCESSING"}
{"order_customer_id":12112,"order_id":12642,"order_status":"COMPLETE"}
{"order_customer_id":6225,"order_id":12643,"order_status":"PENDING"}
{"order_customer_id":7242,"order_id":12644,"order_status":"PENDING"}
{"order_customer_id":3703,"order_id":12645,"order_status":"COMPLETE"}
{"order_customer_id":3917,"order_id":12646,"order_status":"COMPLETE"}
{"order_customer_id":9650,"order_id":12647,"order_status":"SUSPECTED_FRAUD"}
{"order_customer_id":11098,"order_id":12648,"order_status":"PENDING"}
{"order_customer_id":2789,"order_id":12649,"order_status":"PENDING_PAYMENT"}
{"order_customer_id":4566,"order_id":12650,"order_status":"CLOSED"}
{"order_customer_id":960,"order_id":12651,"order_status":"COMPLETE"}
{"order_customer_id":8251,"order_id":12652,"order_status":"PENDING_PAYMENT"}
{"order_customer_id":5836,"order_id":12653,"order_status":"PENDING"}
{"order_customer_id":499,"order_id":12654,"order_status":"CLOSED"}
{"order_customer_id":2644,"order_id":12655,"order_status":"COMPLETE"}
{"order_customer_id":933,"order_id":12656,"order_status":"PENDING"}
{"order_customer_id":1835,"order_id":12657,"order_status":"PROCESSING"}
{"order_customer_id":1868,"order_id":12658,"order_status":"COMPLETE"}
{"order_customer_id":118,"order_id":12659,"order_status":"PROCESSING"}
{"order_customer_id":11615,"order_id":12660,"order_status":"PENDING_PAYMENT"}
{"order_customer_id":9670,"order_id":12661,"order_status":"PENDING"}
{"order_customer_id":6465,"order_id":12662,"order_status":"PENDING"}
{"order_customer_id":11233,"order_id":12663,"order_status":"PENDING"}
{"order_customer_id":4417,"order_id":12664,"order_status":"PENDING_PAYMENT"}
{"order_customer_id":6924,"order_id":12665,"order_status":"CLOSED"}
{"order_customer_id":1904,"order_id":12666,"order_status":"CLOSED"}
{"order_customer_id":5339,"order_id":12667,"order_status":"CLOSED"}
{"order_customer_id":6443,"order_id":12668,"order_status":"ON_HOLD"}
{"order_customer_id":3096,"order_id":12669,"order_status":"COMPLETE"}
{"order_customer_id":646,"order_id":12670,"order_status":"PENDING"}
{"order_customer_id":606,"order_id":12671,"order_status":"PENDING"}
{"order_customer_id":7132,"order_id":12672,"order_status":"COMPLETE"}
{"order_customer_id":3223,"order_id":12673,"order_status":"PROCESSING"}
{"order_customer_id":11603,"order_id":12674,"order_status":"ON_HOLD"}
{"order_customer_id":10830,"order_id":12675,"order_status":"CLOSED"}
{"order_customer_id":11646,"order_id":12676,"order_status":"PROCESSING"}
{"order_customer_id":10572,"order_id":12677,"order_status":"PENDING_PAYMENT"}
{"order_customer_id":3274,"order_id":12678,"order_status":"PENDING_PAYMENT"}
{"order_customer_id":12267,"order_id":12679,"order_status":"COMPLETE"}
{"order_customer_id":11463,"order_id":12680,"order_status":"PENDING_PAYMENT"}
{"order_customer_id":5398,"order_id":12681,"order_status":"PENDING_PAYMENT"}
{"order_customer_id":11114,"order_id":12682,"order_status":"COMPLETE"}
{"order_customer_id":12344,"order_id":12683,"order_status":"COMPLETE"}
{"order_customer_id":7826,"order_id":12684,"order_status":"PROCESSING"}
{"order_customer_id":2044,"order_id":12685,"order_status":"COMPLETE"}
{"order_customer_id":8070,"order_id":12686,"order_status":"COMPLETE"}
{"order_customer_id":9069,"order_id":12687,"order_status":"COMPLETE"}
{"order_customer_id":11233,"order_id":12688,"order_status":"COMPLETE"}
{"order_customer_id":6212,"order_id":12689,"order_status":"PENDING"}
{"order_customer_id":6715,"order_id":12690,"order_status":"CLOSED"}
{"order_customer_id":266,"order_id":12691,"order_status":"CLOSED"}
{"order_customer_id":787,"order_id":12692,"order_status":"CLOSED"}
{"order_customer_id":11301,"order_id":12693,"order_status":"PROCESSING"}
{"order_customer_id":12315,"order_id":12694,"order_status":"COMPLETE"}
{"order_customer_id":4206,"order_id":12695,"order_status":"COMPLETE"}
{"order_customer_id":5610,"order_id":12696,"order_status":"COMPLETE"}
{"order_customer_id":8591,"order_id":12697,"order_status":"COMPLETE"}
{"order_customer_id":3940,"order_id":12698,"order_status":"COMPLETE"}
{"order_customer_id":11741,"order_id":12699,"order_status":"PENDING_PAYMENT"}
{"order_customer_id":4552,"order_id":12700,"order_status":"PENDING_PAYMENT"}
{"order_customer_id":8930,"order_id":12701,"order_status":"COMPLETE"}
{"order_customer_id":3680,"order_id":12702,"order_status":"CLOSED"}
{"order_customer_id":1102,"order_id":12703,"order_status":"PROCESSING"}
{"order_customer_id":4454,"order_id":12704,"order_status":"PENDING"}
{"order_customer_id":3568,"order_id":12705,"order_status":"ON_HOLD"}
{"order_customer_id":7834,"order_id":12706,"order_status":"COMPLETE"}
{"order_customer_id":4791,"order_id":12707,"order_status":"PENDING_PAYMENT"}
{"order_customer_id":5760,"order_id":12708,"order_status":"CLOSED"}
{"order_customer_id":10480,"order_id":12709,"order_status":"PENDING_PAYMENT"}
{"order_customer_id":4597,"order_id":12710,"order_status":"PENDING_PAYMENT"}
{"order_customer_id":7925,"order_id":12711,"order_status":"CLOSED"}
{"order_customer_id":10244,"order_id":12712,"order_status":"PENDING_PAYMENT"}
{"order_customer_id":11427,"order_id":12713,"order_status":"PROCESSING"}
{"order_customer_id":2204,"order_id":12714,"order_status":"CLOSED"}
{"order_customer_id":8701,"order_id":12715,"order_status":"PENDING"}
{"order_customer_id":12089,"order_id":12716,"order_status":"COMPLETE"}
{"order_customer_id":5673,"order_id":12717,"order_status":"COMPLETE"}
{"order_customer_id":3496,"order_id":12718,"order_status":"COMPLETE"}
{"order_customer_id":8465,"order_id":12719,"order_status":"COMPLETE"}
{"order_customer_id":4853,"order_id":12720,"order_status":"PENDING"}
{"order_customer_id":10552,"order_id":12721,"order_status":"PROCESSING"}
{"order_customer_id":9411,"order_id":12722,"order_status":"PROCESSING"}
{"order_customer_id":1053,"order_id":12723,"order_status":"PENDING_PAYMENT"}
{"order_customer_id":1888,"order_id":12724,"order_status":"COMPLETE"}
{"order_customer_id":2767,"order_id":12725,"order_status":"COMPLETE"}
{"order_customer_id":10957,"order_id":12726,"order_status":"PENDING"}
{"order_customer_id":3722,"order_id":12727,"order_status":"PENDING"}
{"order_customer_id":5926,"order_id":12728,"order_status":"ON_HOLD"}
{"order_customer_id":4441,"order_id":12729,"order_status":"COMPLETE"}
{"order_customer_id":11388,"order_id":12730,"order_status":"COMPLETE"}
{"order_customer_id":8944,"order_id":12731,"order_status":"CLOSED"}
{"order_customer_id":6169,"order_id":12732,"order_status":"CLOSED"}
{"order_customer_id":3500,"order_id":12733,"order_status":"COMPLETE"}
{"order_customer_id":6719,"order_id":12734,"order_status":"COMPLETE"}
{"order_customer_id":10459,"order_id":12735,"order_status":"COMPLETE"}
{"order_customer_id":3808,"order_id":12736,"order_status":"COMPLETE"}
{"order_customer_id":4270,"order_id":12737,"order_status":"PENDING_PAYMENT"}
{"order_customer_id":9555,"order_id":12738,"order_status":"PENDING"}
{"order_customer_id":9369,"order_id":12739,"order_status":"PENDING_PAYMENT"}
{"order_customer_id":8618,"order_id":12740,"order_status":"COMPLETE"}
{"order_customer_id":4482,"order_id":12741,"order_status":"PROCESSING"}
{"order_customer_id":1966,"order_id":12742,"order_status":"CLOSED"}
{"order_customer_id":3462,"order_id":12743,"order_status":"COMPLETE"}
{"order_customer_id":1451,"order_id":12744,"order_status":"COMPLETE"}
{"order_customer_id":3470,"order_id":12745,"order_status":"ON_HOLD"}
{"order_customer_id":7276,"order_id":12746,"order_status":"PENDING_PAYMENT"}
{"order_customer_id":4109,"order_id":12747,"order_status":"COMPLETE"}
{"order_customer_id":3530,"order_id":12748,"order_status":"COMPLETE"}
{"order_customer_id":5969,"order_id":12749,"order_status":"PENDING_PAYMENT"}
{"order_customer_id":9186,"order_id":12750,"order_status":"COMPLETE"}
{"order_customer_id":1662,"order_id":12751,"order_status":"COMPLETE"}
{"order_customer_id":5154,"order_id":12752,"order_status":"ON_HOLD"}
{"order_customer_id":3640,"order_id":12753,"order_status":"PAYMENT_REVIEW"}
{"order_customer_id":9002,"order_id":12754,"order_status":"PENDING"}
{"order_customer_id":11956,"order_id":12755,"order_status":"CLOSED"}
{"order_customer_id":2505,"order_id":12756,"order_status":"PENDING_PAYMENT"}
{"order_customer_id":9483,"order_id":12757,"order_status":"PENDING_PAYMENT"}
{"order_customer_id":4020,"order_id":12758,"order_status":"CLOSED"}
{"order_customer_id":7076,"order_id":12759,"order_status":"PROCESSING"}
{"order_customer_id":4713,"order_id":12760,"order_status":"PROCESSING"}
{"order_customer_id":11971,"order_id":12761,"order_status":"COMPLETE"}
{"order_customer_id":3921,"order_id":12762,"order_status":"COMPLETE"}
{"order_customer_id":5582,"order_id":12763,"order_status":"PENDING"}
{"order_customer_id":5716,"order_id":12764,"order_status":"COMPLETE"}
{"order_customer_id":12357,"order_id":12765,"order_status":"PENDING_PAYMENT"}
{"order_customer_id":2291,"order_id":12766,"order_status":"COMPLETE"}
{"order_customer_id":3523,"order_id":12767,"order_status":"CLOSED"}
{"order_customer_id":4781,"order_id":12768,"order_status":"CLOSED"}
{"order_customer_id":7251,"order_id":12769,"order_status":"PENDING"}
{"order_customer_id":10064,"order_id":12770,"order_status":"COMPLETE"}
{"order_customer_id":7226,"order_id":12771,"order_status":"PENDING"}
{"order_customer_id":165,"order_id":12772,"order_status":"ON_HOLD"}
{"order_customer_id":3740,"order_id":12773,"order_status":"PENDING_PAYMENT"}
{"order_customer_id":7759,"order_id":12774,"order_status":"ON_HOLD"}
{"order_customer_id":8453,"order_id":12775,"order_status":"CLOSED"}
{"order_customer_id":12035,"order_id":12776,"order_status":"ON_HOLD"}
{"order_customer_id":11952,"order_id":12777,"order_status":"PROCESSING"}
{"order_customer_id":9091,"order_id":12778,"order_status":"PENDING_PAYMENT"}
{"order_customer_id":5822,"order_id":12779,"order_status":"COMPLETE"}
{"order_customer_id":8430,"order_id":12780,"order_status":"PENDING_PAYMENT"}
{"order_customer_id":2866,"order_id":12781,"order_status":"CLOSED"}
{"order_customer_id":3227,"order_id":12782,"order_status":"PENDING_PAYMENT"}
{"order_customer_id":3212,"order_id":12783,"order_status":"PENDING_PAYMENT"}
{"order_customer_id":6591,"order_id":12784,"order_status":"COMPLETE"}
{"order_customer_id":12358,"order_id":12785,"order_status":"COMPLETE"}
{"order_customer_id":8897,"order_id":12786,"order_status":"PENDING_PAYMENT"}
{"order_customer_id":2794,"order_id":12787,"order_status":"PENDING_PAYMENT"}
{"order_customer_id":9391,"order_id":12788,"order_status":"PENDING_PAYMENT"}
{"order_customer_id":1111,"order_id":12789,"order_status":"PENDING_PAYMENT"}
{"order_customer_id":2926,"order_id":12790,"order_status":"PENDING"}
{"order_customer_id":7887,"order_id":12791,"order_status":"ON_HOLD"}
{"order_customer_id":443,"order_id":12792,"order_status":"COMPLETE"}
{"order_customer_id":1296,"order_id":12793,"order_status":"ON_HOLD"}
{"order_customer_id":12107,"order_id":12794,"order_status":"SUSPECTED_FRAUD"}
{"order_customer_id":4753,"order_id":12795,"order_status":"CLOSED"}
{"order_customer_id":7690,"order_id":12796,"order_status":"SUSPECTED_FRAUD"}
{"order_customer_id":7632,"order_id":12797,"order_status":"CLOSED"}
{"order_customer_id":1748,"order_id":12798,"order_status":"PENDING_PAYMENT"}
{"order_customer_id":10960,"order_id":12799,"order_status":"CLOSED"}
{"order_customer_id":10547,"order_id":12800,"order_status":"CLOSED"}
{"order_customer_id":682,"order_id":12801,"order_status":"COMPLETE"}
{"order_customer_id":8409,"order_id":12802,"order_status":"COMPLETE"}
{"order_customer_id":7037,"order_id":12803,"order_status":"PROCESSING"}
{"order_customer_id":4078,"order_id":12804,"order_status":"COMPLETE"}
{"order_customer_id":403,"order_id":12805,"order_status":"PROCESSING"}
{"order_customer_id":3670,"order_id":12806,"order_status":"COMPLETE"}
{"order_customer_id":8820,"order_id":12807,"order_status":"PENDING_PAYMENT"}
{"order_customer_id":11430,"order_id":12808,"order_status":"PENDING_PAYMENT"}
{"order_customer_id":2333,"order_id":12809,"order_status":"PENDING_PAYMENT"}
{"order_customer_id":9289,"order_id":12810,"order_status":"COMPLETE"}
{"order_customer_id":6858,"order_id":12811,"order_status":"PENDING_PAYMENT"}
{"order_customer_id":5865,"order_id":12812,"order_status":"PENDING_PAYMENT"}
{"order_customer_id":9899,"order_id":12813,"order_status":"COMPLETE"}
{"order_customer_id":2180,"order_id":12814,"order_status":"COMPLETE"}
{"order_customer_id":4059,"order_id":12815,"order_status":"COMPLETE"}
{"order_customer_id":3150,"order_id":12816,"order_status":"COMPLETE"}
{"order_customer_id":2819,"order_id":12817,"order_status":"COMPLETE"}
{"order_customer_id":2935,"order_id":12818,"order_status":"ON_HOLD"}
{"order_customer_id":558,"order_id":12819,"order_status":"COMPLETE"}
{"order_customer_id":2045,"order_id":12820,"order_status":"COMPLETE"}
{"order_customer_id":9352,"order_id":12821,"order_status":"PENDING"}
{"order_customer_id":10837,"order_id":12822,"order_status":"PENDING_PAYMENT"}
{"order_customer_id":10211,"order_id":12823,"order_status":"COMPLETE"}
{"order_customer_id":7369,"order_id":12824,"order_status":"CLOSED"}
{"order_customer_id":9255,"order_id":12825,"order_status":"COMPLETE"}
{"order_customer_id":10288,"order_id":12826,"order_status":"PENDING"}
{"order_customer_id":5302,"order_id":59733,"order_status":"COMPLETE"}
{"order_customer_id":1951,"order_id":59734,"order_status":"COMPLETE"}
{"order_customer_id":6768,"order_id":59735,"order_status":"COMPLETE"}
{"order_customer_id":10481,"order_id":59736,"order_status":"COMPLETE"}
{"order_customer_id":12156,"order_id":59737,"order_status":"PENDING_PAYMENT"}
{"order_customer_id":11714,"order_id":59738,"order_status":"CANCELED"}
{"order_customer_id":6421,"order_id":59739,"order_status":"COMPLETE"}
{"order_customer_id":2149,"order_id":59740,"order_status":"PENDING"}
{"order_customer_id":1980,"order_id":59741,"order_status":"SUSPECTED_FRAUD"}
{"order_customer_id":3997,"order_id":59742,"order_status":"PROCESSING"}
{"order_customer_id":9694,"order_id":59743,"order_status":"PENDING_PAYMENT"}
{"order_customer_id":11424,"order_id":59744,"order_status":"COMPLETE"}
{"order_customer_id":1514,"order_id":59745,"order_status":"PROCESSING"}
{"order_customer_id":932,"order_id":59746,"order_status":"COMPLETE"}
{"order_customer_id":5714,"order_id":59747,"order_status":"PENDING_PAYMENT"}
{"order_customer_id":7180,"order_id":59748,"order_status":"CLOSED"}
{"order_customer_id":9951,"order_id":59749,"order_status":"COMPLETE"}
{"order_customer_id":10744,"order_id":59750,"order_status":"COMPLETE"}
{"order_customer_id":11206,"order_id":59751,"order_status":"PENDING_PAYMENT"}
{"order_customer_id":1193,"order_id":59752,"order_status":"ON_HOLD"}
{"order_customer_id":3840,"order_id":59753,"order_status":"CLOSED"}
{"order_customer_id":8456,"order_id":59754,"order_status":"PROCESSING"}
{"order_customer_id":4299,"order_id":59755,"order_status":"CLOSED"}
{"order_customer_id":4300,"order_id":59756,"order_status":"PROCESSING"}
{"order_customer_id":11878,"order_id":59757,"order_status":"COMPLETE"}
{"order_customer_id":9200,"order_id":59758,"order_status":"PROCESSING"}
{"order_customer_id":5312,"order_id":59759,"order_status":"COMPLETE"}
{"order_customer_id":2306,"order_id":59760,"order_status":"COMPLETE"}
{"order_customer_id":11921,"order_id":59761,"order_status":"PENDING_PAYMENT"}
{"order_customer_id":1174,"order_id":59762,"order_status":"PROCESSING"}
{"order_customer_id":3091,"order_id":67700,"order_status":"COMPLETE"}
{"order_customer_id":11555,"order_id":67701,"order_status":"COMPLETE"}
{"order_customer_id":3568,"order_id":68730,"order_status":"PENDING_PAYMENT"}
