{"order_customer_id":9062,"order_id":51414,"order_status":"COMPLETE"}
{"order_customer_id":2021,"order_id":51415,"order_status":"PENDING"}
{"order_customer_id":5624,"order_id":51416,"order_status":"SUSPECTED_FRAUD"}
{"order_customer_id":638,"order_id":51417,"order_status":"PROCESSING"}
{"order_customer_id":12419,"order_id":51418,"order_status":"PENDING"}
{"order_customer_id":6744,"order_id":51419,"order_status":"PENDING"}
{"order_customer_id":1167,"order_id":51420,"order_status":"PENDING_PAYMENT"}
{"order_customer_id":4324,"order_id":51421,"order_status":"PENDING"}
{"order_customer_id":11274,"order_id":51422,"order_status":"COMPLETE"}
{"order_customer_id":5667,"order_id":51423,"order_status":"CLOSED"}
{"order_customer_id":2166,"order_id":51424,"order_status":"ON_HOLD"}
{"order_customer_id":10386,"order_id":51425,"order_status":"COMPLETE"}
{"order_customer_id":1804,"order_id":51426,"order_status":"PENDING"}
{"order_customer_id":5397,"order_id":51427,"order_status":"ON_HOLD"}
{"order_customer_id":2508,"order_id":51428,"order_status":"PENDING_PAYMENT"}
{"order_customer_id":11122,"order_id":51429,"order_status":"PENDING_PAYMENT"}
{"order_customer_id":1282,"order_id":51430,"order_status":"CLOSED"}
{"order_customer_id":2768,"order_id":51431,"order_status":"PENDING_PAYMENT"}
{"order_customer_id":7758,"order_id":51432,"order_status":"COMPLETE"}
{"order_customer_id":11836,"order_id":51433,"order_status":"CLOSED"}
{"order_customer_id":7297,"order_id":51434,"order_status":"PENDING_PAYMENT"}
{"order_customer_id":9698,"order_id":51435,"order_status":"PENDING_PAYMENT"}
{"order_customer_id":10746,"order_id":51436,"order_status":"PENDING_PAYMENT"}
{"order_customer_id":2724,"order_id":51437,"order_status":"PROCESSING"}
{"order_customer_id":4421,"order_id":51438,"order_status":"PENDING_PAYMENT"}
{"order_customer_id":11619,"order_id":51439,"order_status":"COMPLETE"}
{"order_customer_id":9860,"order_id":51440,"order_status":"PROCESSING"}
{"order_customer_id":4438,"order_id":51441,"order_status":"CLOSED"}
{"order_customer_id":10199,"order_id":51442,"order_status":"CLOSED"}
{"order_customer_id":9823,"order_id":51443,"order_status":"PENDING"}
{"order_customer_id":7936,"order_id":51444,"order_status":"COMPLETE"}
{"order_customer_id":9886,"order_id":51445,"order_status":"COMPLETE"}
{"order_customer_id":3166,"order_id":51446,"order_status":"COMPLETE"}
{"order_customer_id":603,"order_id":51447,"order_status":"CLOSED"}
{"order_customer_id":8841,"order_id":51448,"order_status":"PENDING_PAYMENT"}
{"order_customer_id":4458,"order_id":51449,"order_status":"PENDING_PAYMENT"}
{"order_customer_id":7733,"order_id":51450,"order_status":"PENDING_PAYMENT"}
{"order_customer_id":9982,"order_id":51451,"order_status":"COMPLETE"}
{"order_customer_id":6495,"order_id":51452,"order_status":"PENDING_PAYMENT"}
{"order_customer_id":10111,"order_id":51453,"order_status":"PENDING_PAYMENT"}
{"order_customer_id":1659,"order_id":51454,"order_status":"PENDING_PAYMENT"}
{"order_customer_id":3179,"order_id":51455,"order_status":"CLOSED"}
{"order_customer_id":5402,"order_id":51456,"order_status":"PENDING_PAYMENT"}
{"order_customer_id":12120,"order_id":51457,"order_status":"PROCESSING"}
{"order_customer_id":6872,"order_id":51458,"order_status":"PENDING_PAYMENT"}
{"order_customer_id":9843,"order_id":51459,"order_status":"PENDING_PAYMENT"}
{"order_customer_id":2013,"order_id":51460,"order_status":"COMPLETE"}
{"order_customer_id":7379,"order_id":51461,"order_status":"PENDING_PAYMENT"}
{"order_customer_id":1020,"order_id":51462,"order_status":"PENDING"}
{"order_customer_id":1225,"order_id":51463,"order_status":"COMPLETE"}
{"order_customer_id":6213,"order_id":51464,"order_status":"PROCESSING"}
{"order_customer_id":1661,"order_id":51465,"order_status":"PENDING_PAYMENT"}
{"order_customer_id":11913,"order_id":51466,"order_status":"PENDING"}
{"order_customer_id":2617,"order_id":51467,"order_status":"PENDING"}
{"order_customer_id":9241,"order_id":51468,"order_status":"PENDING_PAYMENT"}
{"order_customer_id":10249,"order_id":51469,"order_status":"PENDING_PAYMENT"}
{"order_customer_id":9175,"order_id":51470,"order_status":"COMPLETE"}
{"order_customer_id":11024,"order_id":51471,"order_status":"COMPLETE"}
{"order_customer_id":3055,"order_id":51472,"order_status":"CLOSED"}
{"order_customer_id":10799,"order_id":51473,"order_status":"PENDING_PAYMENT"}
{"order_customer_id":7012,"order_id":51474,"order_status":"COMPLETE"}
{"order_customer_id":6350,"order_id":51475,"order_status":"COMPLETE"}
{"order_customer_id":9355,"order_id":51476,"order_status":"PENDING"}
{"order_customer_id":9531,"order_id":51477,"order_status":"COMPLETE"}
{"order_customer_id":8404,"order_id":51478,"order_status":"PROCESSING"}
{"order_customer_id":3531,"order_id":51479,"order_status":"PENDING_PAYMENT"}
{"order_customer_id":9491,"order_id":51480,"order_status":"ON_HOLD"}
{"order_customer_id":11031,"order_id":51481,"order_status":"COMPLETE"}
{"order_customer_id":4534,"order_id":51482,"order_status":"PENDING"}
{"order_customer_id":7741,"order_id":51483,"order_status":"PENDING_PAYMENT"}
{"order_customer_id":6489,"order_id":51484,"order_status":"CLOSED"}
{"order_customer_id":6954,"order_id":51485,"order_status":"PENDING_PAYMENT"}
{"order_customer_id":4996,"order_id":51486,"order_status":"COMPLETE"}
{"order_customer_id":5234,"order_id":51487,"order_status":"PENDING_PAYMENT"}
{"order_customer_id":7962,"order_id":51488,"order_status":"COMPLETE"}
{"order_customer_id":2560,"order_id":51489,"order_status":"PROCESSING"}
{"order_customer_id":11783,"order_id":51490,"order_status":"CLOSED"}
{"order_customer_id":5046,"order_id":51491,"order_status":"PROCESSING"}
{"order_customer_id":11655,"order_id":51492,"order_status":"CANCELED"}
{"order_customer_id":11718,"order_id":51493,"order_status":"PENDING_PAYMENT"}
{"order_customer_id":7461,"order_id":51494,"order_status":"COMPLETE"}
{"order_customer_id":3841,"order_id":51495,"order_status":"COMPLETE"}
{"order_customer_id":438,"order_id":51496,"order_status":"PROCESSING"}
{"order_customer_id":3047,"order_id":51497,"order_status":"PENDING"}
{"order_customer_id":9609,"order_id":51498,"order_status":"COMPLETE"}
{"order_customer_id":2930,"order_id":51499,"order_status":"PENDING_PAYMENT"}
{"order_customer_id":8754,"order_id":51500,"order_status":"PROCESSING"}
{"order_customer_id":12200,"order_id":51501,"order_status":"COMPLETE"}
{"order_customer_id":5367,"order_id":51502,"order_status":"CLOSED"}
{"order_customer_id":10703,"order_id":51503,"order_status":"COMPLETE"}
{"order_customer_id":2384,"order_id":51504,"order_status":"COMPLETE"}
{"order_customer_id":552,"order_id":51505,"order_status":"PENDING_PAYMENT"}
{"order_customer_id":8043,"order_id":51506,"order_status":"COMPLETE"}
{"order_customer_id":4309,"order_id":51507,"order_status":"COMPLETE"}
{"order_customer_id":2974,"order_id":51508,"order_status":"CLOSED"}
{"order_customer_id":9228,"order_id":51509,"order_status":"PENDING_PAYMENT"}
{"order_customer_id":7781,"order_id":51510,"order_status":"COMPLETE"}
{"order_customer_id":767,"order_id":51511,"order_status":"PENDING_PAYMENT"}
{"order_customer_id":10109,"order_id":51512,"order_status":"COMPLETE"}
{"order_customer_id":5371,"order_id":51513,"order_status":"COMPLETE"}
{"order_customer_id":11545,"order_id":51514,"order_status":"PENDING_PAYMENT"}
{"order_customer_id":7879,"order_id":51515,"order_status":"PENDING_PAYMENT"}
{"order_customer_id":3720,"order_id":51516,"order_status":"CLOSED"}
{"order_customer_id":9030,"order_id":51517,"order_status":"SUSPECTED_FRAUD"}
{"order_customer_id":7335,"order_id":51518,"order_status":"CANCELED"}
{"order_customer_id":819,"order_id":51519,"order_status":"COMPLETE"}
{"order_customer_id":4226,"order_id":51520,"order_status":"SUSPECTED_FRAUD"}
{"order_customer_id":9130,"order_id":51521,"order_status":"COMPLETE"}
{"order_customer_id":9959,"order_id":51522,"order_status":"PENDING_PAYMENT"}
{"order_customer_id":2112,"order_id":51523,"order_status":"CLOSED"}
{"order_customer_id":2410,"order_id":51524,"order_status":"COMPLETE"}
{"order_customer_id":1301,"order_id":51525,"order_status":"PROCESSING"}
{"order_customer_id":6561,"order_id":51526,"order_status":"PROCESSING"}
{"order_customer_id":11087,"order_id":51527,"order_status":"PENDING_PAYMENT"}
{"order_customer_id":11648,"order_id":51528,"order_status":"COMPLETE"}
{"order_customer_id":12362,"order_id":51529,"order_status":"COMPLETE"}
{"order_customer_id":323,"order_id":51530,"order_status":"COMPLETE"}
{"order_customer_id":12026,"order_id":51531,"order_status":"COMPLETE"}
{"order_customer_id":83,"order_id":51532,"order_status":"PENDING_PAYMENT"}
{"order_customer_id":1940,"order_id":51533,"order_status":"PENDING_PAYMENT"}
{"order_customer_id":9595,"order_id":51534,"order_status":"PENDING"}
{"order_customer_id":3457,"order_id":51535,"order_status":"PROCESSING"}
{"order_customer_id":6084,"order_id":51536,"order_status":"COMPLETE"}
{"order_customer_id":2563,"order_id":51537,"order_status":"PENDING_PAYMENT"}
{"order_customer_id":1255,"order_id":51538,"order_status":"COMPLETE"}
{"order_customer_id":548,"order_id":51539,"order_status":"PROCESSING"}
{"order_customer_id":7190,"order_id":51540,"order_status":"PENDING"}
{"order_customer_id":7850,"order_id":51541,"order_status":"CLOSED"}
{"order_customer_id":161,"order_id":51542,"order_status":"PENDING_PAYMENT"}
{"order_customer_id":10864,"order_id":51543,"order_status":"PENDING_PAYMENT"}
{"order_customer_id":9914,"order_id":51544,"order_status":"PENDING_PAYMENT"}
{"order_customer_id":7340,"order_id":51545,"order_status":"COMPLETE"}
{"order_customer_id":679,"order_id":51546,"order_status":"COMPLETE"}
{"order_customer_id":10785,"order_id":51547,"order_status":"CLOSED"}
{"order_customer_id":3957,"order_id":51548,"order_status":"COMPLETE"}
{"order_customer_id":9071,"order_id":51549,"order_status":"PENDING_PAYMENT"}
{"order_customer_id":1428,"order_id":51550,"order_status":"PENDING"}
{"order_customer_id":4052,"order_id":51551,"order_status":"PENDING_PAYMENT"}
{"order_customer_id":590,"order_id":51552,"order_status":"PROCESSING"}
{"order_customer_id":7765,"order_id":51553,"order_status":"COMPLETE"}
{"order_customer_id":6000,"order_id":51554,"order_status":"PROCESSING"}
{"order_customer_id":5173,"order_id":51555,"order_status":"COMPLETE"}
{"order_customer_id":9313,"order_id":51556,"order_status":"COMPLETE"}
{"order_customer_id":3938,"order_id":51557,"order_status":"PROCESSING"}
{"order_customer_id":6573,"order_id":51558,"order_status":"PENDING"}
{"order_customer_id":5811,"order_id":51559,"order_status":"PROCESSING"}
{"order_customer_id":832,"order_id":51560,"order_status":"CLOSED"}
{"order_customer_id":10586,"order_id":51561,"order_status":"PENDING"}
{"order_customer_id":1729,"order_id":51562,"order_status":"COMPLETE"}
{"order_customer_id":7701,"order_id":51563,"order_status":"CLOSED"}
{"order_customer_id":3868,"order_id":51564,"order_status":"CLOSED"}
{"order_customer_id":5040,"order_id":51565,"order_status":"CLOSED"}
{"order_customer_id":215,"order_id":51566,"order_status":"PENDING_PAYMENT"}
{"order_customer_id":10876,"order_id":51567,"order_status":"COMPLETE"}
{"order_customer_id":3105,"order_id":51568,"order_status":"COMPLETE"}
{"order_customer_id":957,"order_id":51569,"order_status":"COMPLETE"}
{"order_customer_id":9621,"order_id":51570,"order_status":"CLOSED"}
{"order_customer_id":736,"order_id":51571,"order_status":"ON_HOLD"}
{"order_customer_id":1445,"order_id":51572,"order_status":"PROCESSING"}
{"order_customer_id":3206,"order_id":51573,"order_status":"ON_HOLD"}
{"order_customer_id":7532,"order_id":51574,"order_status":"PENDING"}
{"order_customer_id":9393,"order_id":51575,"order_status":"CLOSED"}
{"order_customer_id":9500,"order_id":51576,"order_status":"ON_HOLD"}
{"order_customer_id":2622,"order_id":51577,"order_status":"PROCESSING"}
{"order_customer_id":6466,"order_id":51578,"order_status":"CLOSED"}
{"order_customer_id":2173,"order_id":51579,"order_status":"ON_HOLD"}
{"order_customer_id":1350,"order_id":51580,"order_status":"COMPLETE"}
{"order_customer_id":11484,"order_id":51581,"order_status":"COMPLETE"}
{"order_customer_id":8602,"order_id":51582,"order_status":"PENDING_PAYMENT"}
{"order_customer_id":5318,"order_id":51583,"order_status":"COMPLETE"}
{"order_customer_id":8073,"order_id":51584,"order_status":"CLOSED"}
{"order_customer_id":3319,"order_id":51585,"order_status":"COMPLETE"}
{"order_customer_id":5785,"order_id":51586,"order_status":"COMPLETE"}
{"order_customer_id":2860,"order_id":51587,"order_status":"COMPLETE"}
{"order_customer_id":8188,"order_id":51588,"order_status":"PENDING_PAYMENT"}
{"order_customer_id":4623,"order_id":51589,"order_status":"COMPLETE"}
{"order_customer_id":4534,"order_id":51590,"order_status":"PENDING"}
{"order_customer_id":8652,"order_id":51591,"order_status":"PROCESSING"}
{"order_customer_id":9995,"order_id":51592,"order_status":"COMPLETE"}
{"order_customer_id":6231,"order_id":51593,"order_status":"PENDING"}
{"order_customer_id":1225,"order_id":51594,"order_status":"CLOSED"}
{"order_customer_id":9786,"order_id":51595,"order_status":"PENDING_PAYMENT"}
{"order_customer_id":9789,"order_id":51596,"order_status":"PROCESSING"}
{"order_customer_id":12074,"order_id":51597,"order_status":"PENDING_PAYMENT"}
{"order_customer_id":4215,"order_id":51598,"order_status":"COMPLETE"}
{"order_customer_id":5443,"order_id":51599,"order_status":"PENDING"}
{"order_customer_id":6493,"order_id":51600,"order_status":"PENDING"}
{"order_customer_id":10046,"order_id":51601,"order_status":"PENDING_PAYMENT"}
{"order_customer_id":10472,"order_id":51602,"order_status":"COMPLETE"}
{"order_customer_id":10624,"order_id":51603,"order_status":"PENDING"}
{"order_customer_id":1696,"order_id":51604,"order_status":"COMPLETE"}
{"order_customer_id":4529,"order_id":51605,"order_status":"PENDING"}
{"order_customer_id":4802,"order_id":51606,"order_status":"COMPLETE"}
{"order_customer_id":5867,"order_id":51607,"order_status":"PENDING"}
{"order_customer_id":7798,"order_id":51608,"order_status":"ON_HOLD"}
{"order_customer_id":2272,"order_id":51609,"order_status":"SUSPECTED_FRAUD"}
{"order_customer_id":10118,"order_id":51610,"order_status":"PENDING_PAYMENT"}
{"order_customer_id":5633,"order_id":51611,"order_status":"PENDING"}
{"order_customer_id":2519,"order_id":51612,"order_status":"COMPLETE"}
{"order_customer_id":4387,"order_id":51613,"order_status":"COMPLETE"}
{"order_customer_id":2706,"order_id":51614,"order_status":"COMPLETE"}
{"order_customer_id":6288,"order_id":51615,"order_status":"PROCESSING"}
{"order_customer_id":7677,"order_id":51616,"order_status":"COMPLETE"}
{"order_customer_id":2989,"order_id":51617,"order_status":"COMPLETE"}
{"order_customer_id":7999,"order_id":51618,"order_status":"CLOSED"}
{"order_customer_id":4070,"order_id":51619,"order_status":"PROCESSING"}
{"order_customer_id":2146,"order_id":51620,"order_status":"CLOSED"}
{"order_customer_id":5032,"order_id":51621,"order_status":"ON_HOLD"}
{"order_customer_id":232,"order_id":51622,"order_status":"COMPLETE"}
{"order_customer_id":12344,"order_id":51623,"order_status":"PENDING_PAYMENT"}
{"order_customer_id":1932,"order_id":51624,"order_status":"CLOSED"}
{"order_customer_id":3155,"order_id":51625,"order_status":"COMPLETE"}
{"order_customer_id":3315,"order_id":51626,"order_status":"PENDING_PAYMENT"}
{"order_customer_id":6683,"order_id":51627,"order_status":"PROCESSING"}
{"order_customer_id":2560,"order_id":51628,"order_status":"PENDING_PAYMENT"}
{"order_customer_id":1436,"order_id":51629,"order_status":"SUSPECTED_FRAUD"}
{"order_customer_id":223,"order_id":51630,"order_status":"COMPLETE"}
{"order_customer_id":2950,"order_id":51631,"order_status":"PENDING_PAYMENT"}
{"order_customer_id":63,"order_id":66258,"order_status":"COMPLETE"}
{"order_customer_id":7575,"order_id":66259,"order_status":"COMPLETE"}
{"order_customer_id":5059,"order_id":66260,"order_status":"COMPLETE"}
{"order_customer_id":6604,"order_id":66261,"order_status":"PAYMENT_REVIEW"}
{"order_customer_id":4642,"order_id":66262,"order_status":"COMPLETE"}
{"order_customer_id":6661,"order_id":66263,"order_status":"PAYMENT_REVIEW"}
{"order_customer_id":10467,"order_id":66264,"order_status":"COMPLETE"}
{"order_customer_id":7300,"order_id":66265,"order_status":"SUSPECTED_FRAUD"}
{"order_customer_id":6721,"order_id":66266,"order_status":"CANCELED"}
{"order_customer_id":9160,"order_id":66267,"order_status":"PROCESSING"}
{"order_customer_id":12377,"order_id":66268,"order_status":"SUSPECTED_FRAUD"}
{"order_customer_id":4902,"order_id":66269,"order_status":"CLOSED"}
{"order_customer_id":8394,"order_id":66270,"order_status":"CANCELED"}
{"order_customer_id":6893,"order_id":66271,"order_status":"CANCELED"}
{"order_customer_id":12255,"order_id":66272,"order_status":"PENDING_PAYMENT"}
{"order_customer_id":6654,"order_id":66273,"order_status":"PENDING_PAYMENT"}
{"order_customer_id":2774,"order_id":66274,"order_status":"CLOSED"}
{"order_customer_id":9029,"order_id":66275,"order_status":"PENDING_PAYMENT"}
{"order_customer_id":7273,"order_id":66276,"order_status":"PENDING"}
{"order_customer_id":10329,"order_id":66277,"order_status":"CLOSED"}
{"order_customer_id":7966,"order_id":66278,"order_status":"PENDING_PAYMENT"}
{"order_customer_id":4019,"order_id":66279,"order_status":"COMPLETE"}
{"order_customer_id":7187,"order_id":66280,"order_status":"CLOSED"}
{"order_customer_id":8848,"order_id":66281,"order_status":"PENDING_PAYMENT"}
{"order_customer_id":276,"order_id":66282,"order_status":"COMPLETE"}
{"order_customer_id":7215,"order_id":66283,"order_status":"PENDING_PAYMENT"}
{"order_customer_id":5521,"order_id":66284,"order_status":"PENDING"}
{"order_customer_id":6802,"order_id":66285,"order_status":"PROCESSING"}
{"order_customer_id":8060,"order_id":66286,"order_status":"COMPLETE"}
{"order_customer_id":10530,"order_id":66287,"order_status":"COMPLETE"}
{"order_customer_id":3904,"order_id":66288,"order_status":"PENDING_PAYMENT"}
{"order_customer_id":10603,"order_id":66289,"order_status":"COMPLETE"}
{"order_customer_id":3542,"order_id":66290,"order_status":"PROCESSING"}
{"order_customer_id":7166,"order_id":66291,"order_status":"PROCESSING"}
{"order_customer_id":11149,"order_id":66292,"order_status":"PENDING"}
{"order_customer_id":11807,"order_id":66293,"order_status":"COMPLETE"}
{"order_customer_id":11785,"order_id":68550,"order_status":"PENDING_PAYMENT"}
{"order_customer_id":3727,"order_id":68551,"order_status":"PENDING"}
{"order_customer_id":1763,"order_id":68552,"order_status":"COMPLETE"}
{"order_customer_id":10037,"order_id":68553,"order_status":"PENDING_PAYMENT"}
{"order_customer_id":1894,"order_id":68554,"order_status":"PROCESSING"}
{"order_customer_id":3031,"order_id":68861,"order_status":"PENDING_PAYMENT"}
