{"order_customer_id":8052,"order_id":25637,"order_status":"COMPLETE"}
{"order_customer_id":6669,"order_id":25638,"order_status":"PROCESSING"}
{"order_customer_id":9886,"order_id":25639,"order_status":"SUSPECTED_FRAUD"}
{"order_customer_id":10736,"order_id":25640,"order_status":"PROCESSING"}
{"order_customer_id":4901,"order_id":25641,"order_status":"COMPLETE"}
{"order_customer_id":5840,"order_id":25642,"order_status":"ON_HOLD"}
{"order_customer_id":10295,"order_id":25643,"order_status":"CANCELED"}
{"order_customer_id":9639,"order_id":25644,"order_status":"PENDING_PAYMENT"}
{"order_customer_id":79,"order_id":25645,"order_status":"PENDING_PAYMENT"}
{"order_customer_id":8400,"order_id":25646,"order_status":"PENDING_PAYMENT"}
{"order_customer_id":10378,"order_id":25647,"order_status":"CLOSED"}
{"order_customer_id":3498,"order_id":25648,"order_status":"PENDING_PAYMENT"}
{"order_customer_id":11017,"order_id":25649,"order_status":"PROCESSING"}
{"order_customer_id":10712,"order_id":25650,"order_status":"CLOSED"}
{"order_customer_id":7426,"order_id":25651,"order_status":"PENDING_PAYMENT"}
{"order_customer_id":1434,"order_id":25652,"order_status":"SUSPECTED_FRAUD"}
{"order_customer_id":11212,"order_id":25653,"order_status":"COMPLETE"}
{"order_customer_id":2384,"order_id":25654,"order_status":"PROCESSING"}
{"order_customer_id":10688,"order_id":25655,"order_status":"SUSPECTED_FRAUD"}
{"order_customer_id":1013,"order_id":25656,"order_status":"PENDING_PAYMENT"}
{"order_customer_id":7528,"order_id":25657,"order_status":"COMPLETE"}
{"order_customer_id":1013,"order_id":25658,"order_status":"PROCESSING"}
{"order_customer_id":8697,"order_id":25659,"order_status":"PROCESSING"}
{"order_customer_id":5200,"order_id":25660,"order_status":"PENDING_PAYMENT"}
{"order_customer_id":7852,"order_id":25661,"order_status":"COMPLETE"}
{"order_customer_id":8268,"order_id":25662,"order_status":"PROCESSING"}
{"order_customer_id":8079,"order_id":25663,"order_status":"COMPLETE"}
{"order_customer_id":7110,"order_id":25664,"order_status":"CLOSED"}
{"order_customer_id":11650,"order_id":25665,"order_status":"PENDING_PAYMENT"}
{"order_customer_id":750,"order_id":25666,"order_status":"ON_HOLD"}
{"order_customer_id":4838,"order_id":25667,"order_status":"ON_HOLD"}
{"order_customer_id":6877,"order_id":25668,"order_status":"CANCELED"}
{"order_customer_id":5281,"order_id":25669,"order_status":"PENDING_PAYMENT"}
{"order_customer_id":10306,"order_id":25670,"order_status":"PROCESSING"}
{"order_customer_id":683,"order_id":25671,"order_status":"COMPLETE"}
{"order_customer_id":11789,"order_id":25672,"order_status":"COMPLETE"}
{"order_customer_id":4665,"order_id":25673,"order_status":"COMPLETE"}
{"order_customer_id":4338,"order_id":25674,"order_status":"COMPLETE"}
{"order_customer_id":8717,"order_id":25675,"order_status":"COMPLETE"}
{"order_customer_id":4297,"order_id":25676,"order_status":"COMPLETE"}
{"order_customer_id":2110,"order_id":25677,"order_status":"CLOSED"}
{"order_customer_id":8954,"order_id":25678,"order_status":"PENDING_PAYMENT"}
{"order_customer_id":4867,"order_id":25679,"order_status":"COMPLETE"}
{"order_customer_id":11094,"order_id":25680,"order_status":"PENDING_PAYMENT"}
{"order_customer_id":10136,"order_id":25681,"order_status":"PENDING_PAYMENT"}
{"order_customer_id":7381,"order_id":25682,"order_status":"COMPLETE"}
{"order_customer_id":9010,"order_id":25683,"order_status":"SUSPECTED_FRAUD"}
{"order_customer_id":119,"order_id":25684,"order_status":"CLOSED"}
{"order_customer_id":6244,"order_id":25685,"order_status":"COMPLETE"}
{"order_customer_id":6858,"order_id":25686,"order_status":"PENDING_PAYMENT"}
{"order_customer_id":11675,"order_id":25687,"order_status":"CANCELED"}
{"order_customer_id":5920,"order_id":25688,"order_status":"CANCELED"}
{"order_customer_id":426,"order_id":25689,"order_status":"COMPLETE"}
{"order_customer_id":12412,"order_id":25690,"order_status":"PENDING"}
{"order_customer_id":1785,"order_id":25691,"order_status":"COMPLETE"}
{"order_customer_id":11993,"order_id":25692,"order_status":"PROCESSING"}
{"order_customer_id":9477,"order_id":25693,"order_status":"PROCESSING"}
{"order_customer_id":10352,"order_id":25694,"order_status":"PROCESSING"}
{"order_customer_id":6022,"order_id":25695,"order_status":"ON_HOLD"}
{"order_customer_id":4025,"order_id":25696,"order_status":"COMPLETE"}
{"order_customer_id":5424,"order_id":25697,"order_status":"PENDING_PAYMENT"}
{"order_customer_id":3286,"order_id":25698,"order_status":"CANCELED"}
{"order_customer_id":7682,"order_id":25699,"order_status":"COMPLETE"}
{"order_customer_id":10879,"order_id":25700,"order_status":"ON_HOLD"}
{"order_customer_id":10388,"order_id":25701,"order_status":"COMPLETE"}
{"order_customer_id":9791,"order_id":25702,"order_status":"PENDING_PAYMENT"}
{"order_customer_id":2397,"order_id":25703,"order_status":"COMPLETE"}
{"order_customer_id":1539,"order_id":25704,"order_status":"PENDING_PAYMENT"}
{"order_customer_id":5382,"order_id":25705,"order_status":"SUSPECTED_FRAUD"}
{"order_customer_id":8853,"order_id":25706,"order_status":"PROCESSING"}
{"order_customer_id":1782,"order_id":25707,"order_status":"COMPLETE"}
{"order_customer_id":4437,"order_id":25708,"order_status":"PENDING_PAYMENT"}
{"order_customer_id":4039,"order_id":25709,"order_status":"COMPLETE"}
{"order_customer_id":1849,"order_id":25710,"order_status":"COMPLETE"}
{"order_customer_id":8634,"order_id":25711,"order_status":"COMPLETE"}
{"order_customer_id":2444,"order_id":25712,"order_status":"COMPLETE"}
{"order_customer_id":8279,"order_id":25713,"order_status":"COMPLETE"}
{"order_customer_id":498,"order_id":25714,"order_status":"COMPLETE"}
{"order_customer_id":11542,"order_id":25715,"order_status":"ON_HOLD"}
{"order_customer_id":6456,"order_id":25716,"order_status":"COMPLETE"}
{"order_customer_id":3799,"order_id":25717,"order_status":"CLOSED"}
{"order_customer_id":3931,"order_id":25718,"order_status":"CANCELED"}
{"order_customer_id":2738,"order_id":25719,"order_status":"PROCESSING"}
{"order_customer_id":10979,"order_id":25720,"order_status":"PROCESSING"}
{"order_customer_id":6992,"order_id":25721,"order_status":"PENDING"}
{"order_customer_id":67,"order_id":25722,"order_status":"PENDING_PAYMENT"}
{"order_customer_id":2663,"order_id":25723,"order_status":"CANCELED"}
{"order_customer_id":7866,"order_id":25724,"order_status":"PENDING_PAYMENT"}
{"order_customer_id":12129,"order_id":25725,"order_status":"SUSPECTED_FRAUD"}
{"order_customer_id":5334,"order_id":25726,"order_status":"COMPLETE"}
{"order_customer_id":211,"order_id":25727,"order_status":"COMPLETE"}
{"order_customer_id":5803,"order_id":25728,"order_status":"COMPLETE"}
{"order_customer_id":866,"order_id":25729,"order_status":"CLOSED"}
{"order_customer_id":3631,"order_id":25730,"order_status":"PENDING"}
{"order_customer_id":12046,"order_id":25731,"order_status":"COMPLETE"}
{"order_customer_id":10961,"order_id":25732,"order_status":"ON_HOLD"}
{"order_customer_id":8209,"order_id":25733,"order_status":"PENDING_PAYMENT"}
{"order_customer_id":1770,"order_id":25734,"order_status":"COMPLETE"}
{"order_customer_id":1285,"order_id":25735,"order_status":"PENDING_PAYMENT"}
{"order_customer_id":9937,"order_id":25736,"order_status":"PROCESSING"}
{"order_customer_id":2237,"order_id":25737,"order_status":"CLOSED"}
{"order_customer_id":5816,"order_id":25738,"order_status":"PENDING_PAYMENT"}
{"order_customer_id":5678,"order_id":25739,"order_status":"COMPLETE"}
{"order_customer_id":8141,"order_id":25740,"order_status":"ON_HOLD"}
{"order_customer_id":3727,"order_id":25741,"order_status":"PENDING_PAYMENT"}
{"order_customer_id":4912,"order_id":25742,"order_status":"PENDING_PAYMENT"}
{"order_customer_id":750,"order_id":25743,"order_status":"PENDING_PAYMENT"}
{"order_customer_id":4264,"order_id":25744,"order_status":"PENDING_PAYMENT"}
{"order_customer_id":9834,"order_id":25745,"order_status":"SUSPECTED_FRAUD"}
{"order_customer_id":1430,"order_id":25746,"order_status":"CLOSED"}
{"order_customer_id":2289,"order_id":25747,"order_status":"PENDING"}
{"order_customer_id":2461,"order_id":25748,"order_status":"CLOSED"}
{"order_customer_id":11146,"order_id":25749,"order_status":"CANCELED"}
{"order_customer_id":724,"order_id":25750,"order_status":"PENDING_PAYMENT"}
{"order_customer_id":3057,"order_id":25751,"order_status":"CANCELED"}
{"order_customer_id":8377,"order_id":25752,"order_status":"PENDING"}
{"order_customer_id":3318,"order_id":25753,"order_status":"PROCESSING"}
{"order_customer_id":4088,"order_id":25754,"order_status":"PENDING_PAYMENT"}
{"order_customer_id":6993,"order_id":25755,"order_status":"PENDING_PAYMENT"}
{"order_customer_id":2008,"order_id":25756,"order_status":"PENDING"}
{"order_customer_id":8039,"order_id":25757,"order_status":"PENDING_PAYMENT"}
{"order_customer_id":906,"order_id":25758,"order_status":"CLOSED"}
{"order_customer_id":9196,"order_id":25759,"order_status":"PENDING"}
{"order_customer_id":1080,"order_id":25760,"order_status":"PROCESSING"}
{"order_customer_id":11391,"order_id":25761,"order_status":"PENDING_PAYMENT"}
{"order_customer_id":6178,"order_id":25762,"order_status":"CANCELED"}
{"order_customer_id":6220,"order_id":25763,"order_status":"CLOSED"}
{"order_customer_id":10263,"order_id":25764,"order_status":"CLOSED"}
{"order_customer_id":3893,"order_id":25765,"order_status":"CLOSED"}
{"order_customer_id":2659,"order_id":25766,"order_status":"PENDING_PAYMENT"}
{"order_customer_id":926,"order_id":25767,"order_status":"PENDING_PAYMENT"}
{"order_customer_id":4041,"order_id":25768,"order_status":"CLOSED"}
{"order_customer_id":3614,"order_id":25769,"order_status":"PENDING_PAYMENT"}
{"order_customer_id":4434,"order_id":25770,"order_status":"PENDING_PAYMENT"}
{"order_customer_id":1161,"order_id":25771,"order_status":"CLOSED"}
{"order_customer_id":10579,"order_id":25772,"order_status":"COMPLETE"}
{"order_customer_id":7237,"order_id":25773,"order_status":"COMPLETE"}
{"order_customer_id":5606,"order_id":25774,"order_status":"COMPLETE"}
{"order_customer_id":7104,"order_id":25775,"order_status":"COMPLETE"}
{"order_customer_id":11252,"order_id":25776,"order_status":"PENDING_PAYMENT"}
{"order_customer_id":11984,"order_id":25777,"order_status":"COMPLETE"}
{"order_customer_id":4645,"order_id":25778,"order_status":"PENDING_PAYMENT"}
{"order_customer_id":11529,"order_id":25779,"order_status":"PENDING_PAYMENT"}
{"order_customer_id":11862,"order_id":25780,"order_status":"ON_HOLD"}
{"order_customer_id":11623,"order_id":25781,"order_status":"PENDING_PAYMENT"}
{"order_customer_id":4159,"order_id":25782,"order_status":"COMPLETE"}
{"order_customer_id":12051,"order_id":25783,"order_status":"COMPLETE"}
{"order_customer_id":10165,"order_id":25784,"order_status":"COMPLETE"}
{"order_customer_id":11438,"order_id":25785,"order_status":"COMPLETE"}
{"order_customer_id":11274,"order_id":25786,"order_status":"COMPLETE"}
{"order_customer_id":2528,"order_id":25787,"order_status":"ON_HOLD"}
{"order_customer_id":1560,"order_id":25788,"order_status":"COMPLETE"}
{"order_customer_id":12172,"order_id":25789,"order_status":"PENDING_PAYMENT"}
{"order_customer_id":10807,"order_id":25790,"order_status":"COMPLETE"}
{"order_customer_id":9271,"order_id":25791,"order_status":"PENDING_PAYMENT"}
{"order_customer_id":850,"order_id":25792,"order_status":"PENDING_PAYMENT"}
{"order_customer_id":10036,"order_id":25793,"order_status":"COMPLETE"}
{"order_customer_id":3104,"order_id":25794,"order_status":"COMPLETE"}
{"order_customer_id":8275,"order_id":25795,"order_status":"COMPLETE"}
{"order_customer_id":11122,"order_id":25796,"order_status":"COMPLETE"}
{"order_customer_id":10236,"order_id":25797,"order_status":"PENDING"}
{"order_customer_id":9619,"order_id":25798,"order_status":"COMPLETE"}
{"order_customer_id":744,"order_id":25799,"order_status":"COMPLETE"}
{"order_customer_id":6838,"order_id":25800,"order_status":"PENDING_PAYMENT"}
{"order_customer_id":87,"order_id":25801,"order_status":"COMPLETE"}
{"order_customer_id":21,"order_id":25802,"order_status":"PENDING_PAYMENT"}
{"order_customer_id":5173,"order_id":25803,"order_status":"COMPLETE"}
{"order_customer_id":9453,"order_id":25804,"order_status":"COMPLETE"}
{"order_customer_id":11311,"order_id":25805,"order_status":"PROCESSING"}
{"order_customer_id":7519,"order_id":25806,"order_status":"COMPLETE"}
{"order_customer_id":8890,"order_id":25807,"order_status":"PENDING_PAYMENT"}
{"order_customer_id":3491,"order_id":25808,"order_status":"ON_HOLD"}
{"order_customer_id":5508,"order_id":25809,"order_status":"PENDING_PAYMENT"}
{"order_customer_id":1281,"order_id":25810,"order_status":"COMPLETE"}
{"order_customer_id":421,"order_id":25811,"order_status":"COMPLETE"}
{"order_customer_id":7167,"order_id":25812,"order_status":"COMPLETE"}
{"order_customer_id":9378,"order_id":25813,"order_status":"PENDING_PAYMENT"}
{"order_customer_id":10534,"order_id":25814,"order_status":"CANCELED"}
{"order_customer_id":2211,"order_id":25815,"order_status":"ON_HOLD"}
{"order_customer_id":7465,"order_id":25816,"order_status":"PENDING_PAYMENT"}
{"order_customer_id":365,"order_id":25817,"order_status":"PENDING"}
{"order_customer_id":5191,"order_id":25818,"order_status":"COMPLETE"}
{"order_customer_id":5044,"order_id":25819,"order_status":"COMPLETE"}
{"order_customer_id":9405,"order_id":25820,"order_status":"SUSPECTED_FRAUD"}
{"order_customer_id":4196,"order_id":25821,"order_status":"CLOSED"}
{"order_customer_id":7407,"order_id":25822,"order_status":"PENDING_PAYMENT"}
{"order_customer_id":10366,"order_id":25823,"order_status":"COMPLETE"}
{"order_customer_id":7959,"order_id":25824,"order_status":"PENDING_PAYMENT"}
{"order_customer_id":2136,"order_id":25825,"order_status":"CLOSED"}
{"order_customer_id":7964,"order_id":25826,"order_status":"PROCESSING"}
{"order_customer_id":6658,"order_id":25827,"order_status":"PENDING_PAYMENT"}
{"order_customer_id":1107,"order_id":25828,"order_status":"PENDING_PAYMENT"}
{"order_customer_id":633,"order_id":25829,"order_status":"PENDING_PAYMENT"}
{"order_customer_id":12382,"order_id":25830,"order_status":"COMPLETE"}
{"order_customer_id":2475,"order_id":25831,"order_status":"PENDING"}
{"order_customer_id":1649,"order_id":25832,"order_status":"PAYMENT_REVIEW"}
{"order_customer_id":12364,"order_id":25833,"order_status":"PROCESSING"}
{"order_customer_id":6726,"order_id":25834,"order_status":"CLOSED"}
{"order_customer_id":175,"order_id":25835,"order_status":"PENDING"}
{"order_customer_id":1714,"order_id":25836,"order_status":"PENDING_PAYMENT"}
{"order_customer_id":9200,"order_id":25837,"order_status":"CLOSED"}
{"order_customer_id":3705,"order_id":25838,"order_status":"ON_HOLD"}
{"order_customer_id":2326,"order_id":25839,"order_status":"COMPLETE"}
{"order_customer_id":8027,"order_id":25840,"order_status":"PENDING_PAYMENT"}
{"order_customer_id":4848,"order_id":25841,"order_status":"PENDING_PAYMENT"}
{"order_customer_id":350,"order_id":25842,"order_status":"PENDING"}
{"order_customer_id":42,"order_id":25843,"order_status":"PENDING_PAYMENT"}
{"order_customer_id":2483,"order_id":25844,"order_status":"PENDING_PAYMENT"}
{"order_customer_id":4315,"order_id":25845,"order_status":"PENDING"}
{"order_customer_id":7021,"order_id":25846,"order_status":"CANCELED"}
{"order_customer_id":6180,"order_id":25847,"order_status":"PROCESSING"}
{"order_customer_id":4259,"order_id":25848,"order_status":"ON_HOLD"}
{"order_customer_id":10526,"order_id":25849,"order_status":"COMPLETE"}
{"order_customer_id":1838,"order_id":25850,"order_status":"COMPLETE"}
{"order_customer_id":4833,"order_id":25851,"order_status":"COMPLETE"}
{"order_customer_id":6740,"order_id":25852,"order_status":"PENDING_PAYMENT"}
{"order_customer_id":4609,"order_id":25853,"order_status":"PROCESSING"}
{"order_customer_id":11064,"order_id":25854,"order_status":"COMPLETE"}
{"order_customer_id":285,"order_id":25855,"order_status":"PENDING_PAYMENT"}
{"order_customer_id":315,"order_id":25856,"order_status":"PENDING_PAYMENT"}
{"order_customer_id":5138,"order_id":25857,"order_status":"PENDING"}
{"order_customer_id":10175,"order_id":25858,"order_status":"CLOSED"}
{"order_customer_id":4932,"order_id":25859,"order_status":"PENDING_PAYMENT"}
{"order_customer_id":10765,"order_id":25860,"order_status":"PENDING_PAYMENT"}
{"order_customer_id":12422,"order_id":25861,"order_status":"ON_HOLD"}
{"order_customer_id":3085,"order_id":25862,"order_status":"PENDING_PAYMENT"}
{"order_customer_id":11519,"order_id":25863,"order_status":"CLOSED"}
{"order_customer_id":317,"order_id":25864,"order_status":"PENDING_PAYMENT"}
{"order_customer_id":4159,"order_id":25865,"order_status":"PENDING_PAYMENT"}
{"order_customer_id":4886,"order_id":25866,"order_status":"COMPLETE"}
{"order_customer_id":8815,"order_id":25867,"order_status":"PENDING_PAYMENT"}
{"order_customer_id":10591,"order_id":25868,"order_status":"PENDING_PAYMENT"}
{"order_customer_id":5867,"order_id":25869,"order_status":"CLOSED"}
{"order_customer_id":5144,"order_id":25870,"order_status":"PENDING"}
{"order_customer_id":5711,"order_id":25871,"order_status":"PENDING_PAYMENT"}
{"order_customer_id":12160,"order_id":25872,"order_status":"COMPLETE"}
{"order_customer_id":3659,"order_id":25873,"order_status":"PENDING_PAYMENT"}
{"order_customer_id":11565,"order_id":25874,"order_status":"PENDING_PAYMENT"}
{"order_customer_id":7391,"order_id":25875,"order_status":"PENDING"}
{"order_customer_id":5704,"order_id":61873,"order_status":"COMPLETE"}
{"order_customer_id":3167,"order_id":61874,"order_status":"COMPLETE"}
{"order_customer_id":4904,"order_id":61875,"order_status":"PENDING"}
{"order_customer_id":8371,"order_id":61876,"order_status":"CLOSED"}
{"order_customer_id":3708,"order_id":61877,"order_status":"PENDING_PAYMENT"}
{"order_customer_id":6954,"order_id":61878,"order_status":"PENDING_PAYMENT"}
{"order_customer_id":3735,"order_id":61879,"order_status":"COMPLETE"}
{"order_customer_id":3194,"order_id":61880,"order_status":"CLOSED"}
{"order_customer_id":3169,"order_id":61881,"order_status":"PROCESSING"}
{"order_customer_id":2787,"order_id":61882,"order_status":"COMPLETE"}
{"order_customer_id":4823,"order_id":61883,"order_status":"ON_HOLD"}
{"order_customer_id":7098,"order_id":61884,"order_status":"PROCESSING"}
{"order_customer_id":3637,"order_id":61885,"order_status":"COMPLETE"}
{"order_customer_id":94,"order_id":61886,"order_status":"COMPLETE"}
{"order_customer_id":9974,"order_id":61887,"order_status":"CLOSED"}
{"order_customer_id":5687,"order_id":61888,"order_status":"PENDING"}
{"order_customer_id":6956,"order_id":61889,"order_status":"CLOSED"}
{"order_customer_id":145,"order_id":61890,"order_status":"CLOSED"}
{"order_customer_id":12085,"order_id":61891,"order_status":"PENDING_PAYMENT"}
{"order_customer_id":7029,"order_id":61892,"order_status":"CLOSED"}
{"order_customer_id":7863,"order_id":61893,"order_status":"COMPLETE"}
{"order_customer_id":3323,"order_id":61894,"order_status":"PROCESSING"}
{"order_customer_id":6862,"order_id":61895,"order_status":"PENDING_PAYMENT"}
{"order_customer_id":10062,"order_id":61896,"order_status":"PENDING"}
{"order_customer_id":400,"order_id":61897,"order_status":"COMPLETE"}
{"order_customer_id":10182,"order_id":67970,"order_status":"PENDING_PAYMENT"}
{"order_customer_id":5579,"order_id":67971,"order_status":"COMPLETE"}
