{"order_customer_id":12431,"order_id":27585,"order_status":"PROCESSING"}
{"order_customer_id":2683,"order_id":27586,"order_status":"PENDING"}
{"order_customer_id":6367,"order_id":27587,"order_status":"CLOSED"}
{"order_customer_id":6444,"order_id":27588,"order_status":"CLOSED"}
{"order_customer_id":9957,"order_id":27589,"order_status":"CLOSED"}
{"order_customer_id":10156,"order_id":27590,"order_status":"SUSPECTED_FRAUD"}
{"order_customer_id":1417,"order_id":27591,"order_status":"PENDING_PAYMENT"}
{"order_customer_id":9508,"order_id":27592,"order_status":"PENDING_PAYMENT"}
{"order_customer_id":7981,"order_id":27593,"order_status":"COMPLETE"}
{"order_customer_id":10864,"order_id":27594,"order_status":"CLOSED"}
{"order_customer_id":5056,"order_id":27595,"order_status":"PENDING"}
{"order_customer_id":10153,"order_id":27596,"order_status":"PENDING"}
{"order_customer_id":11942,"order_id":27597,"order_status":"SUSPECTED_FRAUD"}
{"order_customer_id":2268,"order_id":27598,"order_status":"PENDING_PAYMENT"}
{"order_customer_id":5555,"order_id":27599,"order_status":"COMPLETE"}
{"order_customer_id":1183,"order_id":27600,"order_status":"COMPLETE"}
{"order_customer_id":5441,"order_id":27601,"order_status":"PENDING"}
{"order_customer_id":3206,"order_id":27602,"order_status":"PENDING"}
{"order_customer_id":2811,"order_id":27603,"order_status":"PENDING_PAYMENT"}
{"order_customer_id":2788,"order_id":27604,"order_status":"PENDING"}
{"order_customer_id":9824,"order_id":27605,"order_status":"COMPLETE"}
{"order_customer_id":3163,"order_id":27606,"order_status":"PROCESSING"}
{"order_customer_id":5759,"order_id":27607,"order_status":"COMPLETE"}
{"order_customer_id":4478,"order_id":27608,"order_status":"PROCESSING"}
{"order_customer_id":8845,"order_id":27609,"order_status":"CLOSED"}
{"order_customer_id":8758,"order_id":27610,"order_status":"ON_HOLD"}
{"order_customer_id":2687,"order_id":27611,"order_status":"PENDING"}
{"order_customer_id":1380,"order_id":27612,"order_status":"PENDING"}
{"order_customer_id":1778,"order_id":27613,"order_status":"PENDING_PAYMENT"}
{"order_customer_id":10511,"order_id":27614,"order_status":"CLOSED"}
{"order_customer_id":8571,"order_id":27615,"order_status":"COMPLETE"}
{"order_customer_id":6331,"order_id":27616,"order_status":"COMPLETE"}
{"order_customer_id":626,"order_id":27617,"order_status":"CLOSED"}
{"order_customer_id":6968,"order_id":27618,"order_status":"SUSPECTED_FRAUD"}
{"order_customer_id":10977,"order_id":27619,"order_status":"COMPLETE"}
{"order_customer_id":11241,"order_id":27620,"order_status":"COMPLETE"}
{"order_customer_id":3373,"order_id":27621,"order_status":"PAYMENT_REVIEW"}
{"order_customer_id":9634,"order_id":27622,"order_status":"PENDING_PAYMENT"}
{"order_customer_id":4344,"order_id":27623,"order_status":"COMPLETE"}
{"order_customer_id":9911,"order_id":27624,"order_status":"PROCESSING"}
{"order_customer_id":3912,"order_id":27625,"order_status":"PENDING_PAYMENT"}
{"order_customer_id":200,"order_id":27626,"order_status":"ON_HOLD"}
{"order_customer_id":5851,"order_id":27627,"order_status":"PROCESSING"}
{"order_customer_id":3710,"order_id":27628,"order_status":"COMPLETE"}
{"order_customer_id":4068,"order_id":27629,"order_status":"PENDING"}
{"order_customer_id":3585,"order_id":27630,"order_status":"PENDING_PAYMENT"}
{"order_customer_id":6383,"order_id":27631,"order_status":"PROCESSING"}
{"order_customer_id":3375,"order_id":27632,"order_status":"COMPLETE"}
{"order_customer_id":5475,"order_id":27633,"order_status":"COMPLETE"}
{"order_customer_id":4519,"order_id":27634,"order_status":"CLOSED"}
{"order_customer_id":2206,"order_id":27635,"order_status":"PROCESSING"}
{"order_customer_id":674,"order_id":27636,"order_status":"PROCESSING"}
{"order_customer_id":225,"order_id":27637,"order_status":"COMPLETE"}
{"order_customer_id":2643,"order_id":27638,"order_status":"CLOSED"}
{"order_customer_id":534,"order_id":27639,"order_status":"CLOSED"}
{"order_customer_id":1345,"order_id":27640,"order_status":"ON_HOLD"}
{"order_customer_id":1499,"order_id":27641,"order_status":"CANCELED"}
{"order_customer_id":2103,"order_id":27642,"order_status":"PENDING_PAYMENT"}
{"order_customer_id":11851,"order_id":27643,"order_status":"COMPLETE"}
{"order_customer_id":9338,"order_id":27644,"order_status":"COMPLETE"}
{"order_customer_id":12030,"order_id":27645,"order_status":"PENDING_PAYMENT"}
{"order_customer_id":3951,"order_id":27646,"order_status":"PROCESSING"}
{"order_customer_id":1067,"order_id":27647,"order_status":"PROCESSING"}
{"order_customer_id":6347,"order_id":27648,"order_status":"CLOSED"}
{"order_customer_id":11350,"order_id":27649,"order_status":"PENDING"}
{"order_customer_id":6829,"order_id":27650,"order_status":"PAYMENT_REVIEW"}
{"order_customer_id":398,"order_id":27651,"order_status":"SUSPECTED_FRAUD"}
{"order_customer_id":51,"order_id":27652,"order_status":"COMPLETE"}
{"order_customer_id":4867,"order_id":27653,"order_status":"SUSPECTED_FRAUD"}
{"order_customer_id":11678,"order_id":27654,"order_status":"PENDING"}
{"order_customer_id":9939,"order_id":27655,"order_status":"PENDING_PAYMENT"}
{"order_customer_id":2563,"order_id":27656,"order_status":"CLOSED"}
{"order_customer_id":5048,"order_id":27657,"order_status":"PENDING"}
{"order_customer_id":5828,"order_id":27658,"order_status":"ON_HOLD"}
{"order_customer_id":11319,"order_id":27659,"order_status":"PENDING"}
{"order_customer_id":11877,"order_id":27660,"order_status":"PENDING_PAYMENT"}
{"order_customer_id":8265,"order_id":27661,"order_status":"PENDING_PAYMENT"}
{"order_customer_id":3097,"order_id":27662,"order_status":"CLOSED"}
{"order_customer_id":2752,"order_id":27663,"order_status":"COMPLETE"}
{"order_customer_id":12239,"order_id":27664,"order_status":"PENDING"}
{"order_customer_id":7953,"order_id":27665,"order_status":"CLOSED"}
{"order_customer_id":6256,"order_id":27666,"order_status":"PENDING"}
{"order_customer_id":5962,"order_id":27667,"order_status":"COMPLETE"}
{"order_customer_id":54,"order_id":27668,"order_status":"PROCESSING"}
{"order_customer_id":900,"order_id":27669,"order_status":"CLOSED"}
{"order_customer_id":10525,"order_id":27670,"order_status":"PENDING_PAYMENT"}
{"order_customer_id":9748,"order_id":27671,"order_status":"COMPLETE"}
{"order_customer_id":3776,"order_id":27672,"order_status":"SUSPECTED_FRAUD"}
{"order_customer_id":5738,"order_id":27673,"order_status":"PENDING_PAYMENT"}
{"order_customer_id":11694,"order_id":27674,"order_status":"PENDING_PAYMENT"}
{"order_customer_id":7193,"order_id":27675,"order_status":"PENDING_PAYMENT"}
{"order_customer_id":8896,"order_id":27676,"order_status":"COMPLETE"}
{"order_customer_id":8182,"order_id":27677,"order_status":"CANCELED"}
{"order_customer_id":9360,"order_id":27678,"order_status":"COMPLETE"}
{"order_customer_id":3482,"order_id":27679,"order_status":"PROCESSING"}
{"order_customer_id":452,"order_id":27680,"order_status":"PROCESSING"}
{"order_customer_id":2754,"order_id":27681,"order_status":"PROCESSING"}
{"order_customer_id":3858,"order_id":27682,"order_status":"PROCESSING"}
{"order_customer_id":862,"order_id":27683,"order_status":"COMPLETE"}
{"order_customer_id":12198,"order_id":27684,"order_status":"COMPLETE"}
{"order_customer_id":12165,"order_id":27685,"order_status":"ON_HOLD"}
{"order_customer_id":3839,"order_id":27686,"order_status":"SUSPECTED_FRAUD"}
{"order_customer_id":10632,"order_id":27687,"order_status":"PROCESSING"}
{"order_customer_id":12107,"order_id":27688,"order_status":"COMPLETE"}
{"order_customer_id":7757,"order_id":27689,"order_status":"PROCESSING"}
{"order_customer_id":10075,"order_id":27690,"order_status":"COMPLETE"}
{"order_customer_id":6599,"order_id":27691,"order_status":"PENDING_PAYMENT"}
{"order_customer_id":174,"order_id":27692,"order_status":"COMPLETE"}
{"order_customer_id":7329,"order_id":27693,"order_status":"PENDING_PAYMENT"}
{"order_customer_id":4347,"order_id":27694,"order_status":"COMPLETE"}
{"order_customer_id":4044,"order_id":27695,"order_status":"CLOSED"}
{"order_customer_id":4947,"order_id":27696,"order_status":"COMPLETE"}
{"order_customer_id":109,"order_id":27697,"order_status":"COMPLETE"}
{"order_customer_id":2243,"order_id":27698,"order_status":"PENDING"}
{"order_customer_id":9756,"order_id":27699,"order_status":"PENDING_PAYMENT"}
{"order_customer_id":6800,"order_id":27700,"order_status":"CLOSED"}
{"order_customer_id":4835,"order_id":27701,"order_status":"PROCESSING"}
{"order_customer_id":13,"order_id":27702,"order_status":"PROCESSING"}
{"order_customer_id":11003,"order_id":27703,"order_status":"PENDING_PAYMENT"}
{"order_customer_id":12168,"order_id":27704,"order_status":"PROCESSING"}
{"order_customer_id":7395,"order_id":27705,"order_status":"PROCESSING"}
{"order_customer_id":1385,"order_id":27706,"order_status":"CANCELED"}
{"order_customer_id":3949,"order_id":27707,"order_status":"PENDING"}
{"order_customer_id":1296,"order_id":27708,"order_status":"PENDING_PAYMENT"}
{"order_customer_id":274,"order_id":27709,"order_status":"PENDING"}
{"order_customer_id":3870,"order_id":27710,"order_status":"COMPLETE"}
{"order_customer_id":11953,"order_id":27711,"order_status":"SUSPECTED_FRAUD"}
{"order_customer_id":2162,"order_id":27712,"order_status":"PENDING_PAYMENT"}
{"order_customer_id":5213,"order_id":27713,"order_status":"COMPLETE"}
{"order_customer_id":1580,"order_id":27714,"order_status":"COMPLETE"}
{"order_customer_id":7024,"order_id":27715,"order_status":"COMPLETE"}
{"order_customer_id":9195,"order_id":27716,"order_status":"COMPLETE"}
{"order_customer_id":6138,"order_id":27717,"order_status":"SUSPECTED_FRAUD"}
{"order_customer_id":3365,"order_id":27718,"order_status":"COMPLETE"}
{"order_customer_id":2322,"order_id":27719,"order_status":"PENDING_PAYMENT"}
{"order_customer_id":6735,"order_id":27720,"order_status":"PENDING"}
{"order_customer_id":12309,"order_id":27721,"order_status":"PENDING"}
{"order_customer_id":640,"order_id":27722,"order_status":"CLOSED"}
{"order_customer_id":12414,"order_id":27723,"order_status":"CLOSED"}
{"order_customer_id":8541,"order_id":27724,"order_status":"PROCESSING"}
{"order_customer_id":10122,"order_id":27725,"order_status":"PROCESSING"}
{"order_customer_id":5088,"order_id":27726,"order_status":"SUSPECTED_FRAUD"}
{"order_customer_id":6490,"order_id":27727,"order_status":"ON_HOLD"}
{"order_customer_id":11806,"order_id":27728,"order_status":"COMPLETE"}
{"order_customer_id":6721,"order_id":27729,"order_status":"COMPLETE"}
{"order_customer_id":7498,"order_id":27730,"order_status":"COMPLETE"}
{"order_customer_id":2361,"order_id":27731,"order_status":"COMPLETE"}
{"order_customer_id":10316,"order_id":27732,"order_status":"COMPLETE"}
{"order_customer_id":10766,"order_id":27733,"order_status":"PENDING_PAYMENT"}
{"order_customer_id":5914,"order_id":27734,"order_status":"PENDING_PAYMENT"}
{"order_customer_id":5011,"order_id":27735,"order_status":"PENDING_PAYMENT"}
{"order_customer_id":1324,"order_id":27736,"order_status":"PENDING"}
{"order_customer_id":8517,"order_id":27737,"order_status":"PENDING_PAYMENT"}
{"order_customer_id":4667,"order_id":27738,"order_status":"CLOSED"}
{"order_customer_id":2605,"order_id":27739,"order_status":"COMPLETE"}
{"order_customer_id":18,"order_id":27740,"order_status":"COMPLETE"}
{"order_customer_id":6659,"order_id":27741,"order_status":"PROCESSING"}
{"order_customer_id":9495,"order_id":27742,"order_status":"CANCELED"}
{"order_customer_id":2534,"order_id":27743,"order_status":"PENDING"}
{"order_customer_id":10034,"order_id":27744,"order_status":"COMPLETE"}
{"order_customer_id":4612,"order_id":27745,"order_status":"PENDING_PAYMENT"}
{"order_customer_id":3875,"order_id":27746,"order_status":"ON_HOLD"}
{"order_customer_id":11224,"order_id":27747,"order_status":"PENDING_PAYMENT"}
{"order_customer_id":4497,"order_id":27748,"order_status":"ON_HOLD"}
{"order_customer_id":4560,"order_id":27749,"order_status":"PROCESSING"}
{"order_customer_id":4350,"order_id":27750,"order_status":"PROCESSING"}
{"order_customer_id":2414,"order_id":27751,"order_status":"COMPLETE"}
{"order_customer_id":2271,"order_id":27752,"order_status":"PENDING_PAYMENT"}
{"order_customer_id":11670,"order_id":27753,"order_status":"COMPLETE"}
{"order_customer_id":9464,"order_id":27754,"order_status":"COMPLETE"}
{"order_customer_id":6029,"order_id":27755,"order_status":"ON_HOLD"}
{"order_customer_id":4170,"order_id":27756,"order_status":"CLOSED"}
{"order_customer_id":11999,"order_id":27757,"order_status":"CLOSED"}
{"order_customer_id":8525,"order_id":27758,"order_status":"SUSPECTED_FRAUD"}
{"order_customer_id":10851,"order_id":27759,"order_status":"PENDING"}
{"order_customer_id":2462,"order_id":27760,"order_status":"PROCESSING"}
{"order_customer_id":4681,"order_id":27761,"order_status":"PENDING"}
{"order_customer_id":7944,"order_id":27762,"order_status":"CANCELED"}
{"order_customer_id":8764,"order_id":62210,"order_status":"PROCESSING"}
{"order_customer_id":10009,"order_id":62211,"order_status":"CLOSED"}
{"order_customer_id":3496,"order_id":62212,"order_status":"COMPLETE"}
{"order_customer_id":2748,"order_id":62213,"order_status":"SUSPECTED_FRAUD"}
{"order_customer_id":4124,"order_id":62214,"order_status":"PROCESSING"}
{"order_customer_id":12020,"order_id":62215,"order_status":"PENDING_PAYMENT"}
{"order_customer_id":11320,"order_id":62216,"order_status":"PROCESSING"}
{"order_customer_id":603,"order_id":62217,"order_status":"PENDING_PAYMENT"}
{"order_customer_id":11603,"order_id":62218,"order_status":"PENDING_PAYMENT"}
{"order_customer_id":5073,"order_id":62219,"order_status":"COMPLETE"}
{"order_customer_id":12411,"order_id":62220,"order_status":"CLOSED"}
{"order_customer_id":7163,"order_id":62221,"order_status":"PENDING_PAYMENT"}
{"order_customer_id":9011,"order_id":62222,"order_status":"PENDING_PAYMENT"}
{"order_customer_id":2872,"order_id":62223,"order_status":"COMPLETE"}
{"order_customer_id":10901,"order_id":62224,"order_status":"ON_HOLD"}
{"order_customer_id":2309,"order_id":62225,"order_status":"PENDING_PAYMENT"}
{"order_customer_id":10042,"order_id":62226,"order_status":"PROCESSING"}
{"order_customer_id":10747,"order_id":62227,"order_status":"CLOSED"}
{"order_customer_id":6862,"order_id":62228,"order_status":"PENDING_PAYMENT"}
{"order_customer_id":9617,"order_id":62229,"order_status":"ON_HOLD"}
{"order_customer_id":7030,"order_id":62230,"order_status":"PENDING_PAYMENT"}
{"order_customer_id":2256,"order_id":62231,"order_status":"CLOSED"}
{"order_customer_id":640,"order_id":62232,"order_status":"COMPLETE"}
{"order_customer_id":3868,"order_id":62233,"order_status":"CLOSED"}
{"order_customer_id":7974,"order_id":62234,"order_status":"COMPLETE"}
{"order_customer_id":10893,"order_id":62235,"order_status":"COMPLETE"}
{"order_customer_id":10926,"order_id":62236,"order_status":"PENDING"}
{"order_customer_id":6758,"order_id":62237,"order_status":"COMPLETE"}
{"order_customer_id":8433,"order_id":62238,"order_status":"PENDING_PAYMENT"}
{"order_customer_id":4747,"order_id":62239,"order_status":"ON_HOLD"}
{"order_customer_id":11000,"order_id":62240,"order_status":"SUSPECTED_FRAUD"}
{"order_customer_id":2225,"order_id":68005,"order_status":"PENDING"}
{"order_customer_id":6842,"order_id":68006,"order_status":"PENDING_PAYMENT"}
{"order_customer_id":9220,"order_id":68007,"order_status":"COMPLETE"}
{"order_customer_id":3977,"order_id":68008,"order_status":"PROCESSING"}
{"order_customer_id":12053,"order_id":68009,"order_status":"COMPLETE"}
{"order_customer_id":9462,"order_id":68783,"order_status":"PROCESSING"}
