{"order_customer_id":9163,"order_id":41991,"order_status":"COMPLETE"}
{"order_customer_id":4660,"order_id":41992,"order_status":"COMPLETE"}
{"order_customer_id":403,"order_id":41993,"order_status":"COMPLETE"}
{"order_customer_id":2712,"order_id":41994,"order_status":"PENDING"}
{"order_customer_id":8649,"order_id":41995,"order_status":"PENDING_PAYMENT"}
{"order_customer_id":10759,"order_id":41996,"order_status":"PROCESSING"}
{"order_customer_id":2203,"order_id":41997,"order_status":"COMPLETE"}
{"order_customer_id":5741,"order_id":41998,"order_status":"PENDING_PAYMENT"}
{"order_customer_id":8540,"order_id":41999,"order_status":"COMPLETE"}
{"order_customer_id":3850,"order_id":42000,"order_status":"COMPLETE"}
{"order_customer_id":2330,"order_id":42001,"order_status":"SUSPECTED_FRAUD"}
{"order_customer_id":3775,"order_id":42002,"order_status":"PENDING"}
{"order_customer_id":7234,"order_id":42003,"order_status":"PENDING_PAYMENT"}
{"order_customer_id":2373,"order_id":42004,"order_status":"ON_HOLD"}
{"order_customer_id":8666,"order_id":42005,"order_status":"COMPLETE"}
{"order_customer_id":6145,"order_id":42006,"order_status":"CLOSED"}
{"order_customer_id":3291,"order_id":42007,"order_status":"PENDING_PAYMENT"}
{"order_customer_id":3082,"order_id":42008,"order_status":"COMPLETE"}
{"order_customer_id":2282,"order_id":42009,"order_status":"PROCESSING"}
{"order_customer_id":8053,"order_id":42010,"order_status":"PROCESSING"}
{"order_customer_id":1042,"order_id":42011,"order_status":"PENDING_PAYMENT"}
{"order_customer_id":6969,"order_id":42012,"order_status":"CLOSED"}
{"order_customer_id":5982,"order_id":42013,"order_status":"PROCESSING"}
{"order_customer_id":3547,"order_id":42014,"order_status":"COMPLETE"}
{"order_customer_id":12406,"order_id":42015,"order_status":"PENDING_PAYMENT"}
{"order_customer_id":2895,"order_id":42016,"order_status":"PENDING_PAYMENT"}
{"order_customer_id":1272,"order_id":42017,"order_status":"PENDING"}
{"order_customer_id":6002,"order_id":42018,"order_status":"CANCELED"}
{"order_customer_id":10954,"order_id":42019,"order_status":"CLOSED"}
{"order_customer_id":10426,"order_id":42020,"order_status":"ON_HOLD"}
{"order_customer_id":11330,"order_id":42021,"order_status":"COMPLETE"}
{"order_customer_id":12217,"order_id":42022,"order_status":"COMPLETE"}
{"order_customer_id":8519,"order_id":42023,"order_status":"PENDING"}
{"order_customer_id":211,"order_id":42024,"order_status":"CLOSED"}
{"order_customer_id":5091,"order_id":42025,"order_status":"COMPLETE"}
{"order_customer_id":1383,"order_id":42026,"order_status":"PROCESSING"}
{"order_customer_id":722,"order_id":42027,"order_status":"PROCESSING"}
{"order_customer_id":12133,"order_id":42028,"order_status":"PENDING"}
{"order_customer_id":8306,"order_id":42029,"order_status":"CLOSED"}
{"order_customer_id":610,"order_id":42030,"order_status":"PENDING"}
{"order_customer_id":7387,"order_id":42031,"order_status":"PENDING_PAYMENT"}
{"order_customer_id":8606,"order_id":42032,"order_status":"PROCESSING"}
{"order_customer_id":8683,"order_id":42033,"order_status":"COMPLETE"}
{"order_customer_id":6928,"order_id":42034,"order_status":"COMPLETE"}
{"order_customer_id":7665,"order_id":42035,"order_status":"COMPLETE"}
{"order_customer_id":736,"order_id":42036,"order_status":"ON_HOLD"}
{"order_customer_id":8555,"order_id":42037,"order_status":"CLOSED"}
{"order_customer_id":439,"order_id":42038,"order_status":"PENDING_PAYMENT"}
{"order_customer_id":3763,"order_id":42039,"order_status":"COMPLETE"}
{"order_customer_id":12354,"order_id":42040,"order_status":"PENDING_PAYMENT"}
{"order_customer_id":1589,"order_id":42041,"order_status":"COMPLETE"}
{"order_customer_id":3417,"order_id":42042,"order_status":"PENDING_PAYMENT"}
{"order_customer_id":8287,"order_id":42043,"order_status":"COMPLETE"}
{"order_customer_id":12039,"order_id":42044,"order_status":"PENDING"}
{"order_customer_id":5201,"order_id":42045,"order_status":"COMPLETE"}
{"order_customer_id":4400,"order_id":42046,"order_status":"COMPLETE"}
{"order_customer_id":7638,"order_id":42047,"order_status":"COMPLETE"}
{"order_customer_id":11041,"order_id":42048,"order_status":"CLOSED"}
{"order_customer_id":4948,"order_id":42049,"order_status":"PENDING"}
{"order_customer_id":3587,"order_id":42050,"order_status":"PENDING"}
{"order_customer_id":5590,"order_id":42051,"order_status":"CLOSED"}
{"order_customer_id":563,"order_id":42052,"order_status":"PENDING_PAYMENT"}
{"order_customer_id":2684,"order_id":42053,"order_status":"PENDING_PAYMENT"}
{"order_customer_id":10375,"order_id":42054,"order_status":"COMPLETE"}
{"order_customer_id":8322,"order_id":42055,"order_status":"PENDING_PAYMENT"}
{"order_customer_id":4254,"order_id":42056,"order_status":"PENDING_PAYMENT"}
{"order_customer_id":1576,"order_id":42057,"order_status":"PENDING_PAYMENT"}
{"order_customer_id":7980,"order_id":42058,"order_status":"CLOSED"}
{"order_customer_id":4186,"order_id":42059,"order_status":"CLOSED"}
{"order_customer_id":6470,"order_id":42060,"order_status":"COMPLETE"}
{"order_customer_id":9494,"order_id":42061,"order_status":"PENDING"}
{"order_customer_id":2457,"order_id":42062,"order_status":"CLOSED"}
{"order_customer_id":11782,"order_id":42063,"order_status":"CLOSED"}
{"order_customer_id":9539,"order_id":42064,"order_status":"SUSPECTED_FRAUD"}
{"order_customer_id":10395,"order_id":42065,"order_status":"PENDING_PAYMENT"}
{"order_customer_id":6844,"order_id":42066,"order_status":"COMPLETE"}
{"order_customer_id":7562,"order_id":42067,"order_status":"PENDING_PAYMENT"}
{"order_customer_id":6533,"order_id":42068,"order_status":"COMPLETE"}
{"order_customer_id":10344,"order_id":42069,"order_status":"PENDING_PAYMENT"}
{"order_customer_id":10088,"order_id":42070,"order_status":"CLOSED"}
{"order_customer_id":349,"order_id":42071,"order_status":"PROCESSING"}
{"order_customer_id":8470,"order_id":42072,"order_status":"PENDING"}
{"order_customer_id":2296,"order_id":42073,"order_status":"PENDING_PAYMENT"}
{"order_customer_id":9492,"order_id":42074,"order_status":"CANCELED"}
{"order_customer_id":2706,"order_id":42075,"order_status":"PENDING_PAYMENT"}
{"order_customer_id":1858,"order_id":42076,"order_status":"COMPLETE"}
{"order_customer_id":11581,"order_id":42077,"order_status":"COMPLETE"}
{"order_customer_id":5890,"order_id":42078,"order_status":"PENDING_PAYMENT"}
{"order_customer_id":2069,"order_id":42079,"order_status":"PENDING_PAYMENT"}
{"order_customer_id":1265,"order_id":42080,"order_status":"COMPLETE"}
{"order_customer_id":275,"order_id":42081,"order_status":"PENDING_PAYMENT"}
{"order_customer_id":1889,"order_id":42082,"order_status":"ON_HOLD"}
{"order_customer_id":8030,"order_id":42083,"order_status":"COMPLETE"}
{"order_customer_id":4851,"order_id":42084,"order_status":"CLOSED"}
{"order_customer_id":3940,"order_id":42085,"order_status":"CANCELED"}
{"order_customer_id":7865,"order_id":42086,"order_status":"CLOSED"}
{"order_customer_id":3659,"order_id":42087,"order_status":"COMPLETE"}
{"order_customer_id":9754,"order_id":42088,"order_status":"PENDING"}
{"order_customer_id":6787,"order_id":42089,"order_status":"PENDING"}
{"order_customer_id":5903,"order_id":42090,"order_status":"PENDING_PAYMENT"}
{"order_customer_id":2460,"order_id":42091,"order_status":"PROCESSING"}
{"order_customer_id":7786,"order_id":42092,"order_status":"PENDING"}
{"order_customer_id":1661,"order_id":42093,"order_status":"COMPLETE"}
{"order_customer_id":10111,"order_id":42094,"order_status":"CLOSED"}
{"order_customer_id":1570,"order_id":42095,"order_status":"PENDING"}
{"order_customer_id":11953,"order_id":42096,"order_status":"COMPLETE"}
{"order_customer_id":2641,"order_id":42097,"order_status":"PENDING_PAYMENT"}
{"order_customer_id":5446,"order_id":42098,"order_status":"PENDING_PAYMENT"}
{"order_customer_id":4248,"order_id":42099,"order_status":"PROCESSING"}
{"order_customer_id":8543,"order_id":42100,"order_status":"PENDING_PAYMENT"}
{"order_customer_id":4533,"order_id":42101,"order_status":"PENDING"}
{"order_customer_id":10806,"order_id":42102,"order_status":"ON_HOLD"}
{"order_customer_id":5739,"order_id":42103,"order_status":"COMPLETE"}
{"order_customer_id":5062,"order_id":42104,"order_status":"PENDING_PAYMENT"}
{"order_customer_id":2041,"order_id":42105,"order_status":"COMPLETE"}
{"order_customer_id":11307,"order_id":42106,"order_status":"COMPLETE"}
{"order_customer_id":8530,"order_id":42107,"order_status":"PROCESSING"}
{"order_customer_id":4421,"order_id":42108,"order_status":"COMPLETE"}
{"order_customer_id":5989,"order_id":42109,"order_status":"COMPLETE"}
{"order_customer_id":4383,"order_id":42110,"order_status":"PENDING_PAYMENT"}
{"order_customer_id":5574,"order_id":42111,"order_status":"PENDING_PAYMENT"}
{"order_customer_id":2630,"order_id":42112,"order_status":"COMPLETE"}
{"order_customer_id":11666,"order_id":42113,"order_status":"COMPLETE"}
{"order_customer_id":5157,"order_id":42114,"order_status":"COMPLETE"}
{"order_customer_id":10725,"order_id":42115,"order_status":"CANCELED"}
{"order_customer_id":7786,"order_id":42116,"order_status":"CLOSED"}
{"order_customer_id":1811,"order_id":42117,"order_status":"COMPLETE"}
{"order_customer_id":2105,"order_id":42118,"order_status":"COMPLETE"}
{"order_customer_id":3506,"order_id":42119,"order_status":"PENDING_PAYMENT"}
{"order_customer_id":10988,"order_id":42120,"order_status":"PENDING"}
{"order_customer_id":6521,"order_id":42121,"order_status":"CLOSED"}
{"order_customer_id":9273,"order_id":42122,"order_status":"COMPLETE"}
{"order_customer_id":9248,"order_id":42123,"order_status":"PENDING_PAYMENT"}
{"order_customer_id":7209,"order_id":42124,"order_status":"COMPLETE"}
{"order_customer_id":607,"order_id":42125,"order_status":"CLOSED"}
{"order_customer_id":7273,"order_id":42126,"order_status":"CLOSED"}
{"order_customer_id":6110,"order_id":42127,"order_status":"PENDING_PAYMENT"}
{"order_customer_id":12128,"order_id":42128,"order_status":"COMPLETE"}
{"order_customer_id":1997,"order_id":42129,"order_status":"COMPLETE"}
{"order_customer_id":11632,"order_id":42130,"order_status":"COMPLETE"}
{"order_customer_id":8787,"order_id":42131,"order_status":"PENDING"}
{"order_customer_id":3234,"order_id":42132,"order_status":"CLOSED"}
{"order_customer_id":3772,"order_id":42133,"order_status":"COMPLETE"}
{"order_customer_id":3984,"order_id":42134,"order_status":"COMPLETE"}
{"order_customer_id":2573,"order_id":42135,"order_status":"COMPLETE"}
{"order_customer_id":1099,"order_id":42136,"order_status":"CLOSED"}
{"order_customer_id":3003,"order_id":42137,"order_status":"COMPLETE"}
{"order_customer_id":11818,"order_id":42138,"order_status":"CLOSED"}
{"order_customer_id":5587,"order_id":42139,"order_status":"COMPLETE"}
{"order_customer_id":10957,"order_id":42140,"order_status":"PROCESSING"}
{"order_customer_id":12153,"order_id":42141,"order_status":"PENDING_PAYMENT"}
{"order_customer_id":5591,"order_id":42142,"order_status":"PROCESSING"}
{"order_customer_id":4879,"order_id":42143,"order_status":"COMPLETE"}
{"order_customer_id":6206,"order_id":42144,"order_status":"COMPLETE"}
{"order_customer_id":4309,"order_id":42145,"order_status":"PENDING_PAYMENT"}
{"order_customer_id":1618,"order_id":42146,"order_status":"COMPLETE"}
{"order_customer_id":918,"order_id":42147,"order_status":"CANCELED"}
{"order_customer_id":6806,"order_id":42148,"order_status":"PENDING_PAYMENT"}
{"order_customer_id":1103,"order_id":42149,"order_status":"COMPLETE"}
{"order_customer_id":9691,"order_id":42150,"order_status":"COMPLETE"}
{"order_customer_id":1813,"order_id":42151,"order_status":"PROCESSING"}
{"order_customer_id":10884,"order_id":42152,"order_status":"PROCESSING"}
{"order_customer_id":4696,"order_id":42153,"order_status":"PENDING_PAYMENT"}
{"order_customer_id":11977,"order_id":42154,"order_status":"PROCESSING"}
{"order_customer_id":241,"order_id":42155,"order_status":"PENDING_PAYMENT"}
{"order_customer_id":11817,"order_id":42156,"order_status":"PENDING_PAYMENT"}
{"order_customer_id":7608,"order_id":42157,"order_status":"PENDING"}
{"order_customer_id":123,"order_id":42158,"order_status":"ON_HOLD"}
{"order_customer_id":11428,"order_id":42159,"order_status":"CLOSED"}
{"order_customer_id":8841,"order_id":42160,"order_status":"COMPLETE"}
{"order_customer_id":4067,"order_id":42161,"order_status":"PENDING_PAYMENT"}
{"order_customer_id":2451,"order_id":42162,"order_status":"ON_HOLD"}
{"order_customer_id":5666,"order_id":42163,"order_status":"SUSPECTED_FRAUD"}
{"order_customer_id":9772,"order_id":42164,"order_status":"ON_HOLD"}
{"order_customer_id":5777,"order_id":42165,"order_status":"ON_HOLD"}
{"order_customer_id":207,"order_id":42166,"order_status":"COMPLETE"}
{"order_customer_id":240,"order_id":42167,"order_status":"CLOSED"}
{"order_customer_id":10084,"order_id":42168,"order_status":"PROCESSING"}
{"order_customer_id":6398,"order_id":42169,"order_status":"COMPLETE"}
{"order_customer_id":12191,"order_id":42170,"order_status":"PROCESSING"}
{"order_customer_id":1891,"order_id":42171,"order_status":"PENDING"}
{"order_customer_id":1305,"order_id":42172,"order_status":"PENDING_PAYMENT"}
{"order_customer_id":6473,"order_id":42173,"order_status":"ON_HOLD"}
{"order_customer_id":2838,"order_id":42174,"order_status":"PENDING_PAYMENT"}
{"order_customer_id":12407,"order_id":42175,"order_status":"COMPLETE"}
{"order_customer_id":9168,"order_id":42176,"order_status":"PROCESSING"}
{"order_customer_id":6006,"order_id":42177,"order_status":"CANCELED"}
{"order_customer_id":12302,"order_id":42178,"order_status":"COMPLETE"}
{"order_customer_id":2527,"order_id":42179,"order_status":"COMPLETE"}
{"order_customer_id":5858,"order_id":42180,"order_status":"COMPLETE"}
{"order_customer_id":5301,"order_id":42181,"order_status":"PENDING_PAYMENT"}
{"order_customer_id":7165,"order_id":42182,"order_status":"ON_HOLD"}
{"order_customer_id":774,"order_id":42183,"order_status":"ON_HOLD"}
{"order_customer_id":11334,"order_id":42184,"order_status":"PENDING_PAYMENT"}
{"order_customer_id":4894,"order_id":42185,"order_status":"COMPLETE"}
{"order_customer_id":2429,"order_id":42186,"order_status":"COMPLETE"}
{"order_customer_id":6933,"order_id":42187,"order_status":"COMPLETE"}
{"order_customer_id":2430,"order_id":42188,"order_status":"CLOSED"}
{"order_customer_id":6435,"order_id":42189,"order_status":"COMPLETE"}
{"order_customer_id":10927,"order_id":42190,"order_status":"COMPLETE"}
{"order_customer_id":3021,"order_id":42191,"order_status":"CLOSED"}
{"order_customer_id":3402,"order_id":42192,"order_status":"PROCESSING"}
{"order_customer_id":8587,"order_id":42193,"order_status":"PROCESSING"}
{"order_customer_id":11071,"order_id":42194,"order_status":"PROCESSING"}
{"order_customer_id":1364,"order_id":42195,"order_status":"ON_HOLD"}
{"order_customer_id":7041,"order_id":42196,"order_status":"COMPLETE"}
{"order_customer_id":8674,"order_id":42197,"order_status":"COMPLETE"}
{"order_customer_id":2111,"order_id":42198,"order_status":"PENDING_PAYMENT"}
{"order_customer_id":4229,"order_id":42199,"order_status":"ON_HOLD"}
{"order_customer_id":11619,"order_id":42200,"order_status":"PENDING_PAYMENT"}
{"order_customer_id":8102,"order_id":42201,"order_status":"COMPLETE"}
{"order_customer_id":10082,"order_id":42202,"order_status":"COMPLETE"}
{"order_customer_id":9916,"order_id":42203,"order_status":"COMPLETE"}
{"order_customer_id":2805,"order_id":42204,"order_status":"PENDING"}
{"order_customer_id":530,"order_id":42205,"order_status":"PENDING_PAYMENT"}
{"order_customer_id":10185,"order_id":42206,"order_status":"COMPLETE"}
{"order_customer_id":4405,"order_id":42207,"order_status":"PENDING_PAYMENT"}
{"order_customer_id":12151,"order_id":42208,"order_status":"SUSPECTED_FRAUD"}
{"order_customer_id":12262,"order_id":42209,"order_status":"SUSPECTED_FRAUD"}
{"order_customer_id":7405,"order_id":64528,"order_status":"COMPLETE"}
{"order_customer_id":376,"order_id":64529,"order_status":"PROCESSING"}
{"order_customer_id":9128,"order_id":64530,"order_status":"PENDING"}
{"order_customer_id":3364,"order_id":64531,"order_status":"COMPLETE"}
{"order_customer_id":11659,"order_id":64532,"order_status":"PENDING_PAYMENT"}
{"order_customer_id":2716,"order_id":64533,"order_status":"COMPLETE"}
{"order_customer_id":3994,"order_id":64534,"order_status":"PENDING_PAYMENT"}
{"order_customer_id":2501,"order_id":64535,"order_status":"PENDING"}
{"order_customer_id":9086,"order_id":64536,"order_status":"PENDING"}
{"order_customer_id":12167,"order_id":64537,"order_status":"COMPLETE"}
{"order_customer_id":1291,"order_id":64538,"order_status":"PROCESSING"}
{"order_customer_id":5896,"order_id":64539,"order_status":"PROCESSING"}
{"order_customer_id":6495,"order_id":64540,"order_status":"COMPLETE"}
{"order_customer_id":544,"order_id":64541,"order_status":"PENDING_PAYMENT"}
{"order_customer_id":4826,"order_id":64542,"order_status":"PROCESSING"}
{"order_customer_id":5026,"order_id":64543,"order_status":"CLOSED"}
{"order_customer_id":2591,"order_id":64544,"order_status":"COMPLETE"}
{"order_customer_id":7712,"order_id":64545,"order_status":"PENDING_PAYMENT"}
{"order_customer_id":11469,"order_id":64546,"order_status":"COMPLETE"}
{"order_customer_id":1132,"order_id":64547,"order_status":"COMPLETE"}
{"order_customer_id":4012,"order_id":64548,"order_status":"SUSPECTED_FRAUD"}
{"order_customer_id":373,"order_id":64549,"order_status":"PENDING"}
{"order_customer_id":1538,"order_id":64550,"order_status":"PENDING"}
{"order_customer_id":2089,"order_id":64551,"order_status":"COMPLETE"}
{"order_customer_id":155,"order_id":64552,"order_status":"ON_HOLD"}
{"order_customer_id":6782,"order_id":64553,"order_status":"ON_HOLD"}
{"order_customer_id":701,"order_id":64554,"order_status":"PENDING_PAYMENT"}
{"order_customer_id":8963,"order_id":64555,"order_status":"SUSPECTED_FRAUD"}
{"order_customer_id":10438,"order_id":64556,"order_status":"CLOSED"}
{"order_customer_id":8349,"order_id":64557,"order_status":"CLOSED"}
{"order_customer_id":8227,"order_id":68332,"order_status":"PENDING_PAYMENT"}
{"order_customer_id":3499,"order_id":68333,"order_status":"COMPLETE"}
{"order_customer_id":10201,"order_id":68825,"order_status":"PENDING_PAYMENT"}
