{"order_customer_id":7012,"order_id":12185,"order_status":"ON_HOLD"}
{"order_customer_id":1286,"order_id":12186,"order_status":"PENDING_PAYMENT"}
{"order_customer_id":9694,"order_id":12187,"order_status":"PENDING"}
{"order_customer_id":10514,"order_id":12188,"order_status":"CLOSED"}
{"order_customer_id":4760,"order_id":12189,"order_status":"COMPLETE"}
{"order_customer_id":12118,"order_id":12190,"order_status":"COMPLETE"}
{"order_customer_id":241,"order_id":12191,"order_status":"ON_HOLD"}
{"order_customer_id":7406,"order_id":12192,"order_status":"COMPLETE"}
{"order_customer_id":4222,"order_id":12193,"order_status":"PENDING_PAYMENT"}
{"order_customer_id":12279,"order_id":12194,"order_status":"PENDING_PAYMENT"}
{"order_customer_id":4843,"order_id":12195,"order_status":"PENDING_PAYMENT"}
{"order_customer_id":3793,"order_id":12196,"order_status":"COMPLETE"}
{"order_customer_id":5681,"order_id":12197,"order_status":"CLOSED"}
{"order_customer_id":12328,"order_id":12198,"order_status":"COMPLETE"}
{"order_customer_id":2433,"order_id":12199,"order_status":"CLOSED"}
{"order_customer_id":517,"order_id":12200,"order_status":"COMPLETE"}
{"order_customer_id":4597,"order_id":12201,"order_status":"CLOSED"}
{"order_customer_id":8495,"order_id":12202,"order_status":"COMPLETE"}
{"order_customer_id":3739,"order_id":12203,"order_status":"CLOSED"}
{"order_customer_id":1670,"order_id":12204,"order_status":"PENDING_PAYMENT"}
{"order_customer_id":7950,"order_id":12205,"order_status":"CLOSED"}
{"order_customer_id":1606,"order_id":12206,"order_status":"PENDING"}
{"order_customer_id":4600,"order_id":12207,"order_status":"PROCESSING"}
{"order_customer_id":6030,"order_id":12208,"order_status":"PENDING_PAYMENT"}
{"order_customer_id":4068,"order_id":12209,"order_status":"PENDING_PAYMENT"}
{"order_customer_id":11809,"order_id":12210,"order_status":"PROCESSING"}
{"order_customer_id":12126,"order_id":12211,"order_status":"PENDING"}
{"order_customer_id":7116,"order_id":12212,"order_status":"PROCESSING"}
{"order_customer_id":9953,"order_id":12213,"order_status":"PROCESSING"}
{"order_customer_id":10789,"order_id":12214,"order_status":"PROCESSING"}
{"order_customer_id":3936,"order_id":12215,"order_status":"CLOSED"}
{"order_customer_id":11246,"order_id":12216,"order_status":"ON_HOLD"}
{"order_customer_id":3048,"order_id":12217,"order_status":"PROCESSING"}
{"order_customer_id":9818,"order_id":12218,"order_status":"PENDING_PAYMENT"}
{"order_customer_id":12108,"order_id":12219,"order_status":"CLOSED"}
{"order_customer_id":1496,"order_id":12220,"order_status":"PENDING_PAYMENT"}
{"order_customer_id":12276,"order_id":12221,"order_status":"COMPLETE"}
{"order_customer_id":11811,"order_id":12222,"order_status":"PROCESSING"}
{"order_customer_id":8104,"order_id":12223,"order_status":"PROCESSING"}
{"order_customer_id":7357,"order_id":12224,"order_status":"COMPLETE"}
{"order_customer_id":553,"order_id":12225,"order_status":"COMPLETE"}
{"order_customer_id":3897,"order_id":12226,"order_status":"PROCESSING"}
{"order_customer_id":607,"order_id":12227,"order_status":"CLOSED"}
{"order_customer_id":6830,"order_id":12228,"order_status":"PENDING_PAYMENT"}
{"order_customer_id":4669,"order_id":12229,"order_status":"PROCESSING"}
{"order_customer_id":4838,"order_id":12230,"order_status":"PENDING_PAYMENT"}
{"order_customer_id":4936,"order_id":12231,"order_status":"CANCELED"}
{"order_customer_id":9726,"order_id":12232,"order_status":"PROCESSING"}
{"order_customer_id":3753,"order_id":12233,"order_status":"PENDING_PAYMENT"}
{"order_customer_id":2525,"order_id":12234,"order_status":"COMPLETE"}
{"order_customer_id":3046,"order_id":12235,"order_status":"COMPLETE"}
{"order_customer_id":9538,"order_id":12236,"order_status":"COMPLETE"}
{"order_customer_id":8292,"order_id":12237,"order_status":"COMPLETE"}
{"order_customer_id":11254,"order_id":12238,"order_status":"COMPLETE"}
{"order_customer_id":2557,"order_id":12239,"order_status":"COMPLETE"}
{"order_customer_id":10810,"order_id":12240,"order_status":"COMPLETE"}
{"order_customer_id":1273,"order_id":12241,"order_status":"PENDING"}
{"order_customer_id":5440,"order_id":12242,"order_status":"COMPLETE"}
{"order_customer_id":5926,"order_id":12243,"order_status":"PAYMENT_REVIEW"}
{"order_customer_id":3820,"order_id":12244,"order_status":"PENDING_PAYMENT"}
{"order_customer_id":9073,"order_id":12245,"order_status":"PENDING"}
{"order_customer_id":9208,"order_id":12246,"order_status":"PENDING_PAYMENT"}
{"order_customer_id":2264,"order_id":12247,"order_status":"SUSPECTED_FRAUD"}
{"order_customer_id":12407,"order_id":12248,"order_status":"COMPLETE"}
{"order_customer_id":3428,"order_id":12249,"order_status":"COMPLETE"}
{"order_customer_id":647,"order_id":12250,"order_status":"PENDING_PAYMENT"}
{"order_customer_id":5006,"order_id":12251,"order_status":"CLOSED"}
{"order_customer_id":6221,"order_id":12252,"order_status":"PROCESSING"}
{"order_customer_id":6523,"order_id":12253,"order_status":"PENDING_PAYMENT"}
{"order_customer_id":3097,"order_id":12254,"order_status":"PROCESSING"}
{"order_customer_id":5815,"order_id":12255,"order_status":"COMPLETE"}
{"order_customer_id":1654,"order_id":12256,"order_status":"PROCESSING"}
{"order_customer_id":7595,"order_id":12257,"order_status":"PENDING_PAYMENT"}
{"order_customer_id":11464,"order_id":12258,"order_status":"PROCESSING"}
{"order_customer_id":10081,"order_id":12259,"order_status":"COMPLETE"}
{"order_customer_id":11689,"order_id":12260,"order_status":"PROCESSING"}
{"order_customer_id":814,"order_id":12261,"order_status":"PENDING"}
{"order_customer_id":8264,"order_id":12262,"order_status":"PENDING_PAYMENT"}
{"order_customer_id":9203,"order_id":12263,"order_status":"PROCESSING"}
{"order_customer_id":4943,"order_id":12264,"order_status":"ON_HOLD"}
{"order_customer_id":1223,"order_id":12265,"order_status":"PENDING"}
{"order_customer_id":616,"order_id":12266,"order_status":"PROCESSING"}
{"order_customer_id":2217,"order_id":12267,"order_status":"ON_HOLD"}
{"order_customer_id":5973,"order_id":12268,"order_status":"COMPLETE"}
{"order_customer_id":6812,"order_id":12269,"order_status":"PENDING"}
{"order_customer_id":7933,"order_id":12270,"order_status":"CLOSED"}
{"order_customer_id":1896,"order_id":12271,"order_status":"COMPLETE"}
{"order_customer_id":1591,"order_id":12272,"order_status":"CLOSED"}
{"order_customer_id":4699,"order_id":12273,"order_status":"COMPLETE"}
{"order_customer_id":4163,"order_id":12274,"order_status":"COMPLETE"}
{"order_customer_id":5649,"order_id":12275,"order_status":"COMPLETE"}
{"order_customer_id":6247,"order_id":12276,"order_status":"ON_HOLD"}
{"order_customer_id":1567,"order_id":12277,"order_status":"PENDING_PAYMENT"}
{"order_customer_id":10793,"order_id":12278,"order_status":"PROCESSING"}
{"order_customer_id":4278,"order_id":12279,"order_status":"PENDING_PAYMENT"}
{"order_customer_id":11962,"order_id":12280,"order_status":"COMPLETE"}
{"order_customer_id":8514,"order_id":12281,"order_status":"COMPLETE"}
{"order_customer_id":3229,"order_id":12282,"order_status":"COMPLETE"}
{"order_customer_id":11582,"order_id":12283,"order_status":"PROCESSING"}
{"order_customer_id":11442,"order_id":12284,"order_status":"PENDING"}
{"order_customer_id":10473,"order_id":12285,"order_status":"COMPLETE"}
{"order_customer_id":1505,"order_id":12286,"order_status":"PROCESSING"}
{"order_customer_id":2627,"order_id":12287,"order_status":"PENDING_PAYMENT"}
{"order_customer_id":8250,"order_id":12288,"order_status":"PENDING_PAYMENT"}
{"order_customer_id":10289,"order_id":12289,"order_status":"COMPLETE"}
{"order_customer_id":8693,"order_id":12290,"order_status":"PROCESSING"}
{"order_customer_id":7052,"order_id":12291,"order_status":"COMPLETE"}
{"order_customer_id":4095,"order_id":12292,"order_status":"COMPLETE"}
{"order_customer_id":3063,"order_id":12293,"order_status":"PENDING"}
{"order_customer_id":2864,"order_id":12294,"order_status":"COMPLETE"}
{"order_customer_id":7799,"order_id":12295,"order_status":"COMPLETE"}
{"order_customer_id":12178,"order_id":12296,"order_status":"PENDING"}
{"order_customer_id":7807,"order_id":12297,"order_status":"PENDING"}
{"order_customer_id":5620,"order_id":12298,"order_status":"COMPLETE"}
{"order_customer_id":4304,"order_id":12299,"order_status":"CLOSED"}
{"order_customer_id":127,"order_id":12300,"order_status":"PENDING_PAYMENT"}
{"order_customer_id":10761,"order_id":12301,"order_status":"COMPLETE"}
{"order_customer_id":2365,"order_id":12302,"order_status":"PROCESSING"}
{"order_customer_id":11087,"order_id":12303,"order_status":"PENDING"}
{"order_customer_id":2448,"order_id":12304,"order_status":"PENDING_PAYMENT"}
{"order_customer_id":281,"order_id":12305,"order_status":"ON_HOLD"}
{"order_customer_id":9950,"order_id":12306,"order_status":"COMPLETE"}
{"order_customer_id":10564,"order_id":12307,"order_status":"CLOSED"}
{"order_customer_id":4918,"order_id":12308,"order_status":"CANCELED"}
{"order_customer_id":2946,"order_id":12309,"order_status":"ON_HOLD"}
{"order_customer_id":4230,"order_id":12310,"order_status":"SUSPECTED_FRAUD"}
{"order_customer_id":11698,"order_id":12311,"order_status":"PENDING"}
{"order_customer_id":5540,"order_id":12312,"order_status":"PENDING_PAYMENT"}
{"order_customer_id":2395,"order_id":12313,"order_status":"COMPLETE"}
{"order_customer_id":3313,"order_id":12314,"order_status":"COMPLETE"}
{"order_customer_id":7662,"order_id":12315,"order_status":"PENDING_PAYMENT"}
{"order_customer_id":1672,"order_id":12316,"order_status":"CLOSED"}
{"order_customer_id":7780,"order_id":12317,"order_status":"PENDING_PAYMENT"}
{"order_customer_id":9130,"order_id":12318,"order_status":"CLOSED"}
{"order_customer_id":6992,"order_id":12319,"order_status":"PENDING"}
{"order_customer_id":11388,"order_id":12320,"order_status":"COMPLETE"}
{"order_customer_id":6732,"order_id":12321,"order_status":"COMPLETE"}
{"order_customer_id":2150,"order_id":12322,"order_status":"COMPLETE"}
{"order_customer_id":4151,"order_id":12323,"order_status":"COMPLETE"}
{"order_customer_id":1013,"order_id":12324,"order_status":"COMPLETE"}
{"order_customer_id":5245,"order_id":12325,"order_status":"PROCESSING"}
{"order_customer_id":9137,"order_id":12326,"order_status":"PENDING_PAYMENT"}
{"order_customer_id":192,"order_id":12327,"order_status":"PENDING_PAYMENT"}
{"order_customer_id":5537,"order_id":12328,"order_status":"COMPLETE"}
{"order_customer_id":8192,"order_id":12329,"order_status":"PROCESSING"}
{"order_customer_id":7794,"order_id":12330,"order_status":"CANCELED"}
{"order_customer_id":5604,"order_id":12331,"order_status":"CLOSED"}
{"order_customer_id":12389,"order_id":12332,"order_status":"COMPLETE"}
{"order_customer_id":6199,"order_id":12333,"order_status":"COMPLETE"}
{"order_customer_id":12034,"order_id":12334,"order_status":"COMPLETE"}
{"order_customer_id":4253,"order_id":12335,"order_status":"PROCESSING"}
{"order_customer_id":1170,"order_id":12336,"order_status":"CLOSED"}
{"order_customer_id":10260,"order_id":12337,"order_status":"PENDING"}
{"order_customer_id":7603,"order_id":12338,"order_status":"COMPLETE"}
{"order_customer_id":7735,"order_id":12339,"order_status":"COMPLETE"}
{"order_customer_id":6542,"order_id":12340,"order_status":"CLOSED"}
{"order_customer_id":8155,"order_id":12341,"order_status":"CLOSED"}
{"order_customer_id":2299,"order_id":12342,"order_status":"CANCELED"}
{"order_customer_id":3920,"order_id":12343,"order_status":"COMPLETE"}
{"order_customer_id":6516,"order_id":12344,"order_status":"PENDING"}
{"order_customer_id":3067,"order_id":12345,"order_status":"CLOSED"}
{"order_customer_id":5163,"order_id":12346,"order_status":"PENDING_PAYMENT"}
{"order_customer_id":3596,"order_id":12347,"order_status":"CLOSED"}
{"order_customer_id":4113,"order_id":12348,"order_status":"COMPLETE"}
{"order_customer_id":9754,"order_id":12349,"order_status":"CLOSED"}
{"order_customer_id":4768,"order_id":12350,"order_status":"COMPLETE"}
{"order_customer_id":2970,"order_id":12351,"order_status":"COMPLETE"}
{"order_customer_id":6449,"order_id":12352,"order_status":"COMPLETE"}
{"order_customer_id":3464,"order_id":12353,"order_status":"COMPLETE"}
{"order_customer_id":2379,"order_id":12354,"order_status":"PENDING_PAYMENT"}
{"order_customer_id":5525,"order_id":12355,"order_status":"PENDING_PAYMENT"}
{"order_customer_id":4991,"order_id":12356,"order_status":"PENDING"}
{"order_customer_id":6730,"order_id":12357,"order_status":"PENDING"}
{"order_customer_id":5943,"order_id":12358,"order_status":"CLOSED"}
{"order_customer_id":9473,"order_id":12359,"order_status":"PROCESSING"}
{"order_customer_id":9335,"order_id":12360,"order_status":"PENDING_PAYMENT"}
{"order_customer_id":11749,"order_id":12361,"order_status":"COMPLETE"}
{"order_customer_id":7335,"order_id":12362,"order_status":"PENDING_PAYMENT"}
{"order_customer_id":8520,"order_id":12363,"order_status":"PROCESSING"}
{"order_customer_id":4309,"order_id":12364,"order_status":"ON_HOLD"}
{"order_customer_id":7823,"order_id":12365,"order_status":"COMPLETE"}
{"order_customer_id":3502,"order_id":12366,"order_status":"COMPLETE"}
{"order_customer_id":4989,"order_id":12367,"order_status":"COMPLETE"}
{"order_customer_id":5897,"order_id":12368,"order_status":"CLOSED"}
{"order_customer_id":6069,"order_id":12369,"order_status":"PENDING"}
{"order_customer_id":210,"order_id":12370,"order_status":"PENDING"}
{"order_customer_id":2270,"order_id":12371,"order_status":"COMPLETE"}
{"order_customer_id":6665,"order_id":12372,"order_status":"SUSPECTED_FRAUD"}
{"order_customer_id":11936,"order_id":12373,"order_status":"PENDING"}
{"order_customer_id":6828,"order_id":12374,"order_status":"PENDING_PAYMENT"}
{"order_customer_id":7549,"order_id":12375,"order_status":"COMPLETE"}
{"order_customer_id":10454,"order_id":12376,"order_status":"ON_HOLD"}
{"order_customer_id":5469,"order_id":12377,"order_status":"PENDING_PAYMENT"}
{"order_customer_id":1928,"order_id":12378,"order_status":"PENDING_PAYMENT"}
{"order_customer_id":4367,"order_id":12379,"order_status":"COMPLETE"}
{"order_customer_id":6247,"order_id":12380,"order_status":"CLOSED"}
{"order_customer_id":173,"order_id":12381,"order_status":"COMPLETE"}
{"order_customer_id":6791,"order_id":12382,"order_status":"PENDING_PAYMENT"}
{"order_customer_id":9541,"order_id":12383,"order_status":"CLOSED"}
{"order_customer_id":9583,"order_id":12384,"order_status":"PROCESSING"}
{"order_customer_id":1862,"order_id":12385,"order_status":"CLOSED"}
{"order_customer_id":7305,"order_id":12386,"order_status":"CLOSED"}
{"order_customer_id":1770,"order_id":12387,"order_status":"PENDING_PAYMENT"}
{"order_customer_id":4338,"order_id":12388,"order_status":"COMPLETE"}
{"order_customer_id":7404,"order_id":12389,"order_status":"PENDING"}
{"order_customer_id":6977,"order_id":12390,"order_status":"PENDING_PAYMENT"}
{"order_customer_id":1282,"order_id":12391,"order_status":"PENDING_PAYMENT"}
{"order_customer_id":4475,"order_id":12392,"order_status":"CLOSED"}
{"order_customer_id":10659,"order_id":12393,"order_status":"PENDING"}
{"order_customer_id":1458,"order_id":12394,"order_status":"PENDING_PAYMENT"}
{"order_customer_id":8969,"order_id":12395,"order_status":"PENDING_PAYMENT"}
{"order_customer_id":10467,"order_id":12396,"order_status":"PROCESSING"}
{"order_customer_id":11105,"order_id":12397,"order_status":"PENDING"}
{"order_customer_id":7854,"order_id":12398,"order_status":"PENDING"}
{"order_customer_id":2814,"order_id":12399,"order_status":"PENDING_PAYMENT"}
{"order_customer_id":498,"order_id":12400,"order_status":"PENDING_PAYMENT"}
{"order_customer_id":11453,"order_id":12401,"order_status":"PROCESSING"}
{"order_customer_id":2643,"order_id":12402,"order_status":"ON_HOLD"}
{"order_customer_id":7375,"order_id":12403,"order_status":"COMPLETE"}
{"order_customer_id":12427,"order_id":12404,"order_status":"PROCESSING"}
{"order_customer_id":3581,"order_id":12405,"order_status":"PENDING_PAYMENT"}
{"order_customer_id":848,"order_id":12406,"order_status":"COMPLETE"}
{"order_customer_id":2121,"order_id":12407,"order_status":"PROCESSING"}
{"order_customer_id":5744,"order_id":12408,"order_status":"PENDING_PAYMENT"}
{"order_customer_id":4776,"order_id":12409,"order_status":"COMPLETE"}
{"order_customer_id":4818,"order_id":12410,"order_status":"PENDING_PAYMENT"}
{"order_customer_id":2953,"order_id":12411,"order_status":"PENDING_PAYMENT"}
{"order_customer_id":1588,"order_id":12412,"order_status":"PENDING_PAYMENT"}
{"order_customer_id":52,"order_id":12413,"order_status":"PENDING_PAYMENT"}
{"order_customer_id":5658,"order_id":12414,"order_status":"PENDING_PAYMENT"}
{"order_customer_id":6320,"order_id":12415,"order_status":"COMPLETE"}
{"order_customer_id":11393,"order_id":12416,"order_status":"COMPLETE"}
{"order_customer_id":840,"order_id":12417,"order_status":"PROCESSING"}
{"order_customer_id":2528,"order_id":59674,"order_status":"PENDING_PAYMENT"}
{"order_customer_id":11501,"order_id":59675,"order_status":"COMPLETE"}
{"order_customer_id":5390,"order_id":59676,"order_status":"PROCESSING"}
{"order_customer_id":5577,"order_id":59677,"order_status":"SUSPECTED_FRAUD"}
{"order_customer_id":6257,"order_id":59678,"order_status":"PENDING_PAYMENT"}
{"order_customer_id":3994,"order_id":59679,"order_status":"PENDING_PAYMENT"}
{"order_customer_id":2466,"order_id":59680,"order_status":"COMPLETE"}
{"order_customer_id":10215,"order_id":59681,"order_status":"PENDING_PAYMENT"}
{"order_customer_id":8734,"order_id":59682,"order_status":"PENDING_PAYMENT"}
{"order_customer_id":7366,"order_id":59683,"order_status":"CANCELED"}
{"order_customer_id":8332,"order_id":59684,"order_status":"PENDING_PAYMENT"}
{"order_customer_id":202,"order_id":59685,"order_status":"COMPLETE"}
{"order_customer_id":7298,"order_id":59686,"order_status":"PROCESSING"}
{"order_customer_id":4479,"order_id":67683,"order_status":"PENDING_PAYMENT"}
{"order_customer_id":9862,"order_id":67684,"order_status":"COMPLETE"}
{"order_customer_id":5019,"order_id":67685,"order_status":"COMPLETE"}
{"order_customer_id":8718,"order_id":67686,"order_status":"PENDING_PAYMENT"}
{"order_customer_id":8804,"order_id":67687,"order_status":"SUSPECTED_FRAUD"}
{"order_customer_id":4774,"order_id":67688,"order_status":"PENDING_PAYMENT"}
