{"order_customer_id":4305,"order_id":24801,"order_status":"PENDING"}
{"order_customer_id":8921,"order_id":24802,"order_status":"PENDING"}
{"order_customer_id":9080,"order_id":24803,"order_status":"CLOSED"}
{"order_customer_id":125,"order_id":24804,"order_status":"PENDING_PAYMENT"}
{"order_customer_id":6097,"order_id":24805,"order_status":"ON_HOLD"}
{"order_customer_id":2264,"order_id":24806,"order_status":"PENDING_PAYMENT"}
{"order_customer_id":3436,"order_id":24807,"order_status":"PENDING"}
{"order_customer_id":731,"order_id":24808,"order_status":"CLOSED"}
{"order_customer_id":9223,"order_id":24809,"order_status":"COMPLETE"}
{"order_customer_id":11739,"order_id":24810,"order_status":"PROCESSING"}
{"order_customer_id":12207,"order_id":24811,"order_status":"PENDING_PAYMENT"}
{"order_customer_id":11518,"order_id":24812,"order_status":"PENDING_PAYMENT"}
{"order_customer_id":12227,"order_id":24813,"order_status":"COMPLETE"}
{"order_customer_id":8487,"order_id":24814,"order_status":"PENDING_PAYMENT"}
{"order_customer_id":1553,"order_id":24815,"order_status":"CLOSED"}
{"order_customer_id":5879,"order_id":24816,"order_status":"CLOSED"}
{"order_customer_id":7740,"order_id":24817,"order_status":"ON_HOLD"}
{"order_customer_id":7847,"order_id":24818,"order_status":"PENDING"}
{"order_customer_id":969,"order_id":24819,"order_status":"PROCESSING"}
{"order_customer_id":4862,"order_id":24820,"order_status":"PROCESSING"}
{"order_customer_id":569,"order_id":24821,"order_status":"PROCESSING"}
{"order_customer_id":11962,"order_id":24822,"order_status":"PENDING"}
{"order_customer_id":9880,"order_id":24823,"order_status":"PENDING_PAYMENT"}
{"order_customer_id":12065,"order_id":24824,"order_status":"PENDING"}
{"order_customer_id":3714,"order_id":24825,"order_status":"CLOSED"}
{"order_customer_id":6469,"order_id":24826,"order_status":"PROCESSING"}
{"order_customer_id":1715,"order_id":24827,"order_status":"PENDING_PAYMENT"}
{"order_customer_id":4181,"order_id":24828,"order_status":"COMPLETE"}
{"order_customer_id":1305,"order_id":24829,"order_status":"COMPLETE"}
{"order_customer_id":6584,"order_id":24830,"order_status":"PROCESSING"}
{"order_customer_id":2970,"order_id":24831,"order_status":"PROCESSING"}
{"order_customer_id":2881,"order_id":24832,"order_status":"COMPLETE"}
{"order_customer_id":6950,"order_id":24833,"order_status":"ON_HOLD"}
{"order_customer_id":8293,"order_id":24834,"order_status":"COMPLETE"}
{"order_customer_id":11958,"order_id":24835,"order_status":"PENDING_PAYMENT"}
{"order_customer_id":942,"order_id":24836,"order_status":"PROCESSING"}
{"order_customer_id":8084,"order_id":24837,"order_status":"PENDING_PAYMENT"}
{"order_customer_id":8038,"order_id":24838,"order_status":"COMPLETE"}
{"order_customer_id":10323,"order_id":24839,"order_status":"PROCESSING"}
{"order_customer_id":2464,"order_id":24840,"order_status":"PROCESSING"}
{"order_customer_id":3692,"order_id":24841,"order_status":"COMPLETE"}
{"order_customer_id":4742,"order_id":24842,"order_status":"SUSPECTED_FRAUD"}
{"order_customer_id":8295,"order_id":24843,"order_status":"PENDING"}
{"order_customer_id":8819,"order_id":24844,"order_status":"PENDING_PAYMENT"}
{"order_customer_id":8971,"order_id":24845,"order_status":"COMPLETE"}
{"order_customer_id":92,"order_id":24846,"order_status":"CANCELED"}
{"order_customer_id":2925,"order_id":24847,"order_status":"PENDING_PAYMENT"}
{"order_customer_id":3198,"order_id":24848,"order_status":"COMPLETE"}
{"order_customer_id":4263,"order_id":24849,"order_status":"PENDING"}
{"order_customer_id":6194,"order_id":24850,"order_status":"COMPLETE"}
{"order_customer_id":668,"order_id":24851,"order_status":"COMPLETE"}
{"order_customer_id":8563,"order_id":24852,"order_status":"COMPLETE"}
{"order_customer_id":4029,"order_id":24853,"order_status":"PENDING"}
{"order_customer_id":964,"order_id":24854,"order_status":"PROCESSING"}
{"order_customer_id":2832,"order_id":24855,"order_status":"PENDING_PAYMENT"}
{"order_customer_id":1200,"order_id":24856,"order_status":"PENDING_PAYMENT"}
{"order_customer_id":12068,"order_id":24857,"order_status":"PENDING_PAYMENT"}
{"order_customer_id":6269,"order_id":24858,"order_status":"PENDING"}
{"order_customer_id":1532,"order_id":24859,"order_status":"PENDING_PAYMENT"}
{"order_customer_id":6542,"order_id":24860,"order_status":"PENDING_PAYMENT"}
{"order_customer_id":2564,"order_id":24861,"order_status":"PENDING_PAYMENT"}
{"order_customer_id":11167,"order_id":24862,"order_status":"COMPLETE"}
{"order_customer_id":11161,"order_id":24863,"order_status":"PENDING"}
{"order_customer_id":7721,"order_id":24864,"order_status":"CLOSED"}
{"order_customer_id":10838,"order_id":24865,"order_status":"ON_HOLD"}
{"order_customer_id":377,"order_id":24866,"order_status":"PENDING_PAYMENT"}
{"order_customer_id":1551,"order_id":24867,"order_status":"PENDING_PAYMENT"}
{"order_customer_id":1711,"order_id":24868,"order_status":"CANCELED"}
{"order_customer_id":11588,"order_id":24869,"order_status":"PENDING_PAYMENT"}
{"order_customer_id":12218,"order_id":24870,"order_status":"PENDING"}
{"order_customer_id":11005,"order_id":24871,"order_status":"PENDING_PAYMENT"}
{"order_customer_id":5355,"order_id":24872,"order_status":"COMPLETE"}
{"order_customer_id":1346,"order_id":24873,"order_status":"CLOSED"}
{"order_customer_id":11376,"order_id":24874,"order_status":"PENDING_PAYMENT"}
{"order_customer_id":8914,"order_id":24875,"order_status":"ON_HOLD"}
{"order_customer_id":8586,"order_id":24876,"order_status":"PROCESSING"}
{"order_customer_id":11396,"order_id":24877,"order_status":"COMPLETE"}
{"order_customer_id":8681,"order_id":24878,"order_status":"PROCESSING"}
{"order_customer_id":1519,"order_id":24879,"order_status":"ON_HOLD"}
{"order_customer_id":11983,"order_id":24880,"order_status":"SUSPECTED_FRAUD"}
{"order_customer_id":10731,"order_id":24881,"order_status":"PENDING_PAYMENT"}
{"order_customer_id":12165,"order_id":24882,"order_status":"COMPLETE"}
{"order_customer_id":10202,"order_id":24883,"order_status":"CANCELED"}
{"order_customer_id":7996,"order_id":24884,"order_status":"PENDING_PAYMENT"}
{"order_customer_id":11728,"order_id":24885,"order_status":"PROCESSING"}
{"order_customer_id":8171,"order_id":24886,"order_status":"COMPLETE"}
{"order_customer_id":952,"order_id":24887,"order_status":"PENDING"}
{"order_customer_id":669,"order_id":24888,"order_status":"COMPLETE"}
{"order_customer_id":3456,"order_id":24889,"order_status":"CLOSED"}
{"order_customer_id":7879,"order_id":24890,"order_status":"CLOSED"}
{"order_customer_id":7855,"order_id":24891,"order_status":"PENDING"}
{"order_customer_id":4936,"order_id":24892,"order_status":"COMPLETE"}
{"order_customer_id":3784,"order_id":24893,"order_status":"PENDING"}
{"order_customer_id":5786,"order_id":24894,"order_status":"PENDING_PAYMENT"}
{"order_customer_id":1821,"order_id":24895,"order_status":"PENDING"}
{"order_customer_id":3896,"order_id":24896,"order_status":"PENDING_PAYMENT"}
{"order_customer_id":5637,"order_id":24897,"order_status":"CLOSED"}
{"order_customer_id":9931,"order_id":24898,"order_status":"COMPLETE"}
{"order_customer_id":10555,"order_id":24899,"order_status":"PENDING_PAYMENT"}
{"order_customer_id":915,"order_id":24900,"order_status":"COMPLETE"}
{"order_customer_id":5095,"order_id":24901,"order_status":"COMPLETE"}
{"order_customer_id":3162,"order_id":24902,"order_status":"COMPLETE"}
{"order_customer_id":7571,"order_id":24903,"order_status":"PENDING_PAYMENT"}
{"order_customer_id":3694,"order_id":24904,"order_status":"CLOSED"}
{"order_customer_id":3412,"order_id":24905,"order_status":"PROCESSING"}
{"order_customer_id":9800,"order_id":24906,"order_status":"PENDING_PAYMENT"}
{"order_customer_id":6992,"order_id":24907,"order_status":"COMPLETE"}
{"order_customer_id":5490,"order_id":24908,"order_status":"PENDING_PAYMENT"}
{"order_customer_id":9476,"order_id":24909,"order_status":"COMPLETE"}
{"order_customer_id":7708,"order_id":24910,"order_status":"CLOSED"}
{"order_customer_id":5458,"order_id":24911,"order_status":"ON_HOLD"}
{"order_customer_id":7620,"order_id":24912,"order_status":"COMPLETE"}
{"order_customer_id":10899,"order_id":24913,"order_status":"PENDING"}
{"order_customer_id":11751,"order_id":24914,"order_status":"PROCESSING"}
{"order_customer_id":5934,"order_id":24915,"order_status":"PROCESSING"}
{"order_customer_id":6695,"order_id":24916,"order_status":"PROCESSING"}
{"order_customer_id":4595,"order_id":24917,"order_status":"PENDING"}
{"order_customer_id":9459,"order_id":24918,"order_status":"COMPLETE"}
{"order_customer_id":4717,"order_id":24919,"order_status":"PENDING_PAYMENT"}
{"order_customer_id":4416,"order_id":24920,"order_status":"PROCESSING"}
{"order_customer_id":6674,"order_id":24921,"order_status":"PENDING_PAYMENT"}
{"order_customer_id":3817,"order_id":24922,"order_status":"CLOSED"}
{"order_customer_id":7763,"order_id":24923,"order_status":"PAYMENT_REVIEW"}
{"order_customer_id":9299,"order_id":24924,"order_status":"PENDING_PAYMENT"}
{"order_customer_id":5298,"order_id":24925,"order_status":"PENDING_PAYMENT"}
{"order_customer_id":5846,"order_id":24926,"order_status":"ON_HOLD"}
{"order_customer_id":5415,"order_id":24927,"order_status":"COMPLETE"}
{"order_customer_id":7974,"order_id":24928,"order_status":"PENDING_PAYMENT"}
{"order_customer_id":9592,"order_id":24929,"order_status":"COMPLETE"}
{"order_customer_id":3148,"order_id":24930,"order_status":"COMPLETE"}
{"order_customer_id":5641,"order_id":24931,"order_status":"COMPLETE"}
{"order_customer_id":6488,"order_id":24932,"order_status":"PENDING_PAYMENT"}
{"order_customer_id":11828,"order_id":24933,"order_status":"CLOSED"}
{"order_customer_id":1684,"order_id":24934,"order_status":"COMPLETE"}
{"order_customer_id":9928,"order_id":24935,"order_status":"COMPLETE"}
{"order_customer_id":5340,"order_id":24936,"order_status":"CLOSED"}
{"order_customer_id":3898,"order_id":24937,"order_status":"PENDING_PAYMENT"}
{"order_customer_id":11081,"order_id":24938,"order_status":"PROCESSING"}
{"order_customer_id":9459,"order_id":24939,"order_status":"COMPLETE"}
{"order_customer_id":12212,"order_id":24940,"order_status":"COMPLETE"}
{"order_customer_id":1149,"order_id":24941,"order_status":"PENDING_PAYMENT"}
{"order_customer_id":10418,"order_id":24942,"order_status":"CANCELED"}
{"order_customer_id":10288,"order_id":24943,"order_status":"COMPLETE"}
{"order_customer_id":5790,"order_id":24944,"order_status":"ON_HOLD"}
{"order_customer_id":3844,"order_id":24945,"order_status":"SUSPECTED_FRAUD"}
{"order_customer_id":3404,"order_id":24946,"order_status":"PENDING"}
{"order_customer_id":11476,"order_id":24947,"order_status":"CLOSED"}
{"order_customer_id":50,"order_id":24948,"order_status":"PROCESSING"}
{"order_customer_id":123,"order_id":24949,"order_status":"PENDING_PAYMENT"}
{"order_customer_id":9697,"order_id":24950,"order_status":"CLOSED"}
{"order_customer_id":6530,"order_id":24951,"order_status":"COMPLETE"}
{"order_customer_id":12192,"order_id":24952,"order_status":"PENDING"}
{"order_customer_id":5033,"order_id":24953,"order_status":"COMPLETE"}
{"order_customer_id":4437,"order_id":24954,"order_status":"PROCESSING"}
{"order_customer_id":1512,"order_id":24955,"order_status":"PENDING_PAYMENT"}
{"order_customer_id":2071,"order_id":24956,"order_status":"CLOSED"}
{"order_customer_id":6005,"order_id":24957,"order_status":"PAYMENT_REVIEW"}
{"order_customer_id":5876,"order_id":24958,"order_status":"CLOSED"}
{"order_customer_id":1236,"order_id":24959,"order_status":"COMPLETE"}
{"order_customer_id":3173,"order_id":24960,"order_status":"PENDING_PAYMENT"}
{"order_customer_id":10808,"order_id":24961,"order_status":"COMPLETE"}
{"order_customer_id":5211,"order_id":24962,"order_status":"COMPLETE"}
{"order_customer_id":5951,"order_id":24963,"order_status":"COMPLETE"}
{"order_customer_id":6744,"order_id":24964,"order_status":"PROCESSING"}
{"order_customer_id":6542,"order_id":24965,"order_status":"COMPLETE"}
{"order_customer_id":10291,"order_id":24966,"order_status":"COMPLETE"}
{"order_customer_id":9356,"order_id":24967,"order_status":"COMPLETE"}
{"order_customer_id":2926,"order_id":24968,"order_status":"COMPLETE"}
{"order_customer_id":10666,"order_id":24969,"order_status":"PENDING_PAYMENT"}
{"order_customer_id":4064,"order_id":24970,"order_status":"PENDING"}
{"order_customer_id":10032,"order_id":24971,"order_status":"PROCESSING"}
{"order_customer_id":206,"order_id":24972,"order_status":"PROCESSING"}
{"order_customer_id":6948,"order_id":24973,"order_status":"PROCESSING"}
{"order_customer_id":8275,"order_id":24974,"order_status":"ON_HOLD"}
{"order_customer_id":2229,"order_id":24975,"order_status":"PENDING"}
{"order_customer_id":4624,"order_id":24976,"order_status":"COMPLETE"}
{"order_customer_id":1607,"order_id":24977,"order_status":"COMPLETE"}
{"order_customer_id":7885,"order_id":24978,"order_status":"PENDING_PAYMENT"}
{"order_customer_id":3285,"order_id":24979,"order_status":"SUSPECTED_FRAUD"}
{"order_customer_id":8316,"order_id":24980,"order_status":"COMPLETE"}
{"order_customer_id":5581,"order_id":24981,"order_status":"SUSPECTED_FRAUD"}
{"order_customer_id":1920,"order_id":24982,"order_status":"PENDING_PAYMENT"}
{"order_customer_id":1128,"order_id":24983,"order_status":"COMPLETE"}
{"order_customer_id":970,"order_id":24984,"order_status":"COMPLETE"}
{"order_customer_id":6857,"order_id":24985,"order_status":"PENDING_PAYMENT"}
{"order_customer_id":4194,"order_id":24986,"order_status":"COMPLETE"}
{"order_customer_id":2261,"order_id":24987,"order_status":"PENDING_PAYMENT"}
{"order_customer_id":10344,"order_id":24988,"order_status":"PENDING"}
{"order_customer_id":7121,"order_id":24989,"order_status":"PENDING_PAYMENT"}
{"order_customer_id":7416,"order_id":24990,"order_status":"COMPLETE"}
{"order_customer_id":1765,"order_id":24991,"order_status":"CLOSED"}
{"order_customer_id":1169,"order_id":24992,"order_status":"COMPLETE"}
{"order_customer_id":9686,"order_id":24993,"order_status":"PENDING_PAYMENT"}
{"order_customer_id":10161,"order_id":24994,"order_status":"CLOSED"}
{"order_customer_id":6191,"order_id":24995,"order_status":"PENDING_PAYMENT"}
{"order_customer_id":10965,"order_id":24996,"order_status":"PENDING"}
{"order_customer_id":3993,"order_id":24997,"order_status":"COMPLETE"}
{"order_customer_id":10798,"order_id":24998,"order_status":"PENDING_PAYMENT"}
{"order_customer_id":11583,"order_id":24999,"order_status":"PENDING_PAYMENT"}
{"order_customer_id":2860,"order_id":25000,"order_status":"COMPLETE"}
{"order_customer_id":5112,"order_id":25001,"order_status":"PENDING"}
{"order_customer_id":8911,"order_id":25002,"order_status":"COMPLETE"}
{"order_customer_id":6045,"order_id":25003,"order_status":"PENDING"}
{"order_customer_id":5043,"order_id":25004,"order_status":"COMPLETE"}
{"order_customer_id":7594,"order_id":25005,"order_status":"COMPLETE"}
{"order_customer_id":4425,"order_id":25006,"order_status":"SUSPECTED_FRAUD"}
{"order_customer_id":5603,"order_id":25007,"order_status":"CLOSED"}
{"order_customer_id":10672,"order_id":25008,"order_status":"COMPLETE"}
{"order_customer_id":11983,"order_id":25009,"order_status":"PENDING_PAYMENT"}
{"order_customer_id":1745,"order_id":25010,"order_status":"PROCESSING"}
{"order_customer_id":3253,"order_id":25011,"order_status":"ON_HOLD"}
{"order_customer_id":7705,"order_id":25012,"order_status":"COMPLETE"}
{"order_customer_id":9398,"order_id":25013,"order_status":"SUSPECTED_FRAUD"}
{"order_customer_id":369,"order_id":25014,"order_status":"COMPLETE"}
{"order_customer_id":4344,"order_id":25015,"order_status":"COMPLETE"}
{"order_customer_id":3352,"order_id":25016,"order_status":"PROCESSING"}
{"order_customer_id":8715,"order_id":25017,"order_status":"CLOSED"}
{"order_customer_id":4207,"order_id":25018,"order_status":"PENDING_PAYMENT"}
{"order_customer_id":4045,"order_id":25019,"order_status":"CLOSED"}
{"order_customer_id":8764,"order_id":25020,"order_status":"PENDING"}
{"order_customer_id":9405,"order_id":25021,"order_status":"PENDING_PAYMENT"}
{"order_customer_id":10450,"order_id":25022,"order_status":"PENDING_PAYMENT"}
{"order_customer_id":987,"order_id":25023,"order_status":"CLOSED"}
{"order_customer_id":2936,"order_id":25024,"order_status":"PENDING_PAYMENT"}
{"order_customer_id":7564,"order_id":25025,"order_status":"CANCELED"}
{"order_customer_id":4518,"order_id":25026,"order_status":"ON_HOLD"}
{"order_customer_id":6819,"order_id":25027,"order_status":"ON_HOLD"}
{"order_customer_id":10364,"order_id":25028,"order_status":"PENDING_PAYMENT"}
{"order_customer_id":9233,"order_id":25029,"order_status":"PENDING"}
{"order_customer_id":3676,"order_id":25030,"order_status":"COMPLETE"}
{"order_customer_id":4937,"order_id":25031,"order_status":"COMPLETE"}
{"order_customer_id":7354,"order_id":25032,"order_status":"COMPLETE"}
{"order_customer_id":7466,"order_id":25033,"order_status":"PROCESSING"}
{"order_customer_id":6306,"order_id":25034,"order_status":"PENDING_PAYMENT"}
{"order_customer_id":7279,"order_id":25035,"order_status":"CANCELED"}
{"order_customer_id":11807,"order_id":25036,"order_status":"PENDING_PAYMENT"}
{"order_customer_id":5355,"order_id":25037,"order_status":"COMPLETE"}
{"order_customer_id":10525,"order_id":25038,"order_status":"COMPLETE"}
{"order_customer_id":3771,"order_id":25039,"order_status":"CLOSED"}
{"order_customer_id":9380,"order_id":25040,"order_status":"PENDING"}
{"order_customer_id":8476,"order_id":25041,"order_status":"CANCELED"}
{"order_customer_id":10291,"order_id":25042,"order_status":"PENDING_PAYMENT"}
{"order_customer_id":2571,"order_id":25043,"order_status":"COMPLETE"}
{"order_customer_id":63,"order_id":61772,"order_status":"CLOSED"}
{"order_customer_id":12215,"order_id":61773,"order_status":"COMPLETE"}
{"order_customer_id":1804,"order_id":61774,"order_status":"CLOSED"}
{"order_customer_id":6684,"order_id":61775,"order_status":"CANCELED"}
{"order_customer_id":6683,"order_id":61776,"order_status":"COMPLETE"}
{"order_customer_id":12434,"order_id":61777,"order_status":"COMPLETE"}
{"order_customer_id":4704,"order_id":61778,"order_status":"COMPLETE"}
{"order_customer_id":9189,"order_id":61779,"order_status":"PENDING"}
{"order_customer_id":4114,"order_id":61780,"order_status":"ON_HOLD"}
{"order_customer_id":11957,"order_id":61781,"order_status":"PENDING_PAYMENT"}
{"order_customer_id":6411,"order_id":61782,"order_status":"PENDING"}
{"order_customer_id":2220,"order_id":61783,"order_status":"COMPLETE"}
{"order_customer_id":11183,"order_id":61784,"order_status":"COMPLETE"}
{"order_customer_id":3424,"order_id":61785,"order_status":"CANCELED"}
{"order_customer_id":5745,"order_id":61786,"order_status":"COMPLETE"}
{"order_customer_id":1619,"order_id":61787,"order_status":"PENDING_PAYMENT"}
{"order_customer_id":10182,"order_id":61788,"order_status":"PAYMENT_REVIEW"}
{"order_customer_id":3323,"order_id":61789,"order_status":"PAYMENT_REVIEW"}
{"order_customer_id":10464,"order_id":61790,"order_status":"ON_HOLD"}
{"order_customer_id":11297,"order_id":61791,"order_status":"PENDING_PAYMENT"}
{"order_customer_id":3501,"order_id":61792,"order_status":"PENDING_PAYMENT"}
{"order_customer_id":7830,"order_id":61793,"order_status":"PENDING"}
{"order_customer_id":10125,"order_id":61794,"order_status":"PROCESSING"}
{"order_customer_id":7910,"order_id":61795,"order_status":"COMPLETE"}
{"order_customer_id":4297,"order_id":61796,"order_status":"COMPLETE"}
{"order_customer_id":3489,"order_id":61797,"order_status":"COMPLETE"}
{"order_customer_id":8678,"order_id":61798,"order_status":"COMPLETE"}
{"order_customer_id":9056,"order_id":61799,"order_status":"COMPLETE"}
{"order_customer_id":5615,"order_id":61800,"order_status":"COMPLETE"}
{"order_customer_id":8308,"order_id":61801,"order_status":"COMPLETE"}
{"order_customer_id":11348,"order_id":61802,"order_status":"COMPLETE"}
{"order_customer_id":11158,"order_id":61803,"order_status":"SUSPECTED_FRAUD"}
{"order_customer_id":4451,"order_id":61804,"order_status":"COMPLETE"}
{"order_customer_id":3268,"order_id":61805,"order_status":"CLOSED"}
{"order_customer_id":1131,"order_id":61806,"order_status":"PAYMENT_REVIEW"}
{"order_customer_id":11515,"order_id":61807,"order_status":"PENDING"}
{"order_customer_id":2071,"order_id":67948,"order_status":"CLOSED"}
{"order_customer_id":11569,"order_id":67949,"order_status":"ON_HOLD"}
{"order_customer_id":11048,"order_id":67950,"order_status":"PENDING_PAYMENT"}
{"order_customer_id":5030,"order_id":67951,"order_status":"PENDING_PAYMENT"}
{"order_customer_id":1421,"order_id":67952,"order_status":"COMPLETE"}
{"order_customer_id":11090,"order_id":67953,"order_status":"PROCESSING"}
{"order_customer_id":4077,"order_id":68775,"order_status":"PROCESSING"}
