{"order_customer_id":12295,"order_id":55739,"order_status":"PENDING"}
{"order_customer_id":12173,"order_id":55740,"order_status":"PENDING_PAYMENT"}
{"order_customer_id":9145,"order_id":55741,"order_status":"CLOSED"}
{"order_customer_id":6136,"order_id":55742,"order_status":"COMPLETE"}
{"order_customer_id":4755,"order_id":55743,"order_status":"PROCESSING"}
{"order_customer_id":6393,"order_id":55744,"order_status":"PENDING"}
{"order_customer_id":8160,"order_id":55745,"order_status":"PROCESSING"}
{"order_customer_id":3022,"order_id":55746,"order_status":"CLOSED"}
{"order_customer_id":9517,"order_id":55747,"order_status":"COMPLETE"}
{"order_customer_id":10491,"order_id":55748,"order_status":"PROCESSING"}
{"order_customer_id":4932,"order_id":55749,"order_status":"COMPLETE"}
{"order_customer_id":5285,"order_id":55750,"order_status":"COMPLETE"}
{"order_customer_id":11678,"order_id":55751,"order_status":"PENDING_PAYMENT"}
{"order_customer_id":2074,"order_id":55752,"order_status":"CANCELED"}
{"order_customer_id":2623,"order_id":55753,"order_status":"CLOSED"}
{"order_customer_id":4647,"order_id":55754,"order_status":"PENDING_PAYMENT"}
{"order_customer_id":4096,"order_id":55755,"order_status":"PROCESSING"}
{"order_customer_id":4481,"order_id":55756,"order_status":"PENDING_PAYMENT"}
{"order_customer_id":9212,"order_id":55757,"order_status":"CLOSED"}
{"order_customer_id":8734,"order_id":55758,"order_status":"COMPLETE"}
{"order_customer_id":11705,"order_id":55759,"order_status":"PENDING"}
{"order_customer_id":4750,"order_id":55760,"order_status":"PENDING_PAYMENT"}
{"order_customer_id":9713,"order_id":55761,"order_status":"PROCESSING"}
{"order_customer_id":3214,"order_id":55762,"order_status":"PENDING"}
{"order_customer_id":1675,"order_id":55763,"order_status":"COMPLETE"}
{"order_customer_id":11310,"order_id":55764,"order_status":"PENDING"}
{"order_customer_id":1957,"order_id":55765,"order_status":"PENDING_PAYMENT"}
{"order_customer_id":7594,"order_id":55766,"order_status":"PENDING"}
{"order_customer_id":10235,"order_id":55767,"order_status":"COMPLETE"}
{"order_customer_id":8290,"order_id":55768,"order_status":"COMPLETE"}
{"order_customer_id":11956,"order_id":55769,"order_status":"PENDING_PAYMENT"}
{"order_customer_id":10944,"order_id":55770,"order_status":"COMPLETE"}
{"order_customer_id":5576,"order_id":55771,"order_status":"PENDING"}
{"order_customer_id":7571,"order_id":55772,"order_status":"PROCESSING"}
{"order_customer_id":6053,"order_id":55773,"order_status":"PROCESSING"}
{"order_customer_id":3212,"order_id":55774,"order_status":"COMPLETE"}
{"order_customer_id":4076,"order_id":55775,"order_status":"PENDING_PAYMENT"}
{"order_customer_id":9659,"order_id":55776,"order_status":"CLOSED"}
{"order_customer_id":5806,"order_id":55777,"order_status":"PROCESSING"}
{"order_customer_id":574,"order_id":55778,"order_status":"PENDING_PAYMENT"}
{"order_customer_id":3234,"order_id":55779,"order_status":"COMPLETE"}
{"order_customer_id":12321,"order_id":55780,"order_status":"PENDING_PAYMENT"}
{"order_customer_id":11161,"order_id":55781,"order_status":"COMPLETE"}
{"order_customer_id":3979,"order_id":55782,"order_status":"PROCESSING"}
{"order_customer_id":11218,"order_id":55783,"order_status":"COMPLETE"}
{"order_customer_id":864,"order_id":55784,"order_status":"PAYMENT_REVIEW"}
{"order_customer_id":2541,"order_id":55785,"order_status":"COMPLETE"}
{"order_customer_id":5672,"order_id":55786,"order_status":"PROCESSING"}
{"order_customer_id":10829,"order_id":55787,"order_status":"PENDING"}
{"order_customer_id":5145,"order_id":55788,"order_status":"SUSPECTED_FRAUD"}
{"order_customer_id":5134,"order_id":55789,"order_status":"PENDING_PAYMENT"}
{"order_customer_id":3955,"order_id":55790,"order_status":"PENDING_PAYMENT"}
{"order_customer_id":2824,"order_id":55791,"order_status":"COMPLETE"}
{"order_customer_id":1107,"order_id":55792,"order_status":"PENDING_PAYMENT"}
{"order_customer_id":9778,"order_id":55793,"order_status":"PENDING_PAYMENT"}
{"order_customer_id":2392,"order_id":55794,"order_status":"PENDING"}
{"order_customer_id":3099,"order_id":55795,"order_status":"COMPLETE"}
{"order_customer_id":2177,"order_id":55796,"order_status":"PENDING"}
{"order_customer_id":2181,"order_id":55797,"order_status":"PENDING_PAYMENT"}
{"order_customer_id":3851,"order_id":55798,"order_status":"COMPLETE"}
{"order_customer_id":11229,"order_id":55799,"order_status":"PENDING"}
{"order_customer_id":10021,"order_id":55800,"order_status":"PROCESSING"}
{"order_customer_id":2893,"order_id":55801,"order_status":"PENDING"}
{"order_customer_id":450,"order_id":55802,"order_status":"COMPLETE"}
{"order_customer_id":3927,"order_id":55803,"order_status":"COMPLETE"}
{"order_customer_id":3317,"order_id":55804,"order_status":"COMPLETE"}
{"order_customer_id":2889,"order_id":55805,"order_status":"COMPLETE"}
{"order_customer_id":3412,"order_id":55806,"order_status":"PROCESSING"}
{"order_customer_id":9288,"order_id":55807,"order_status":"COMPLETE"}
{"order_customer_id":2477,"order_id":55808,"order_status":"PENDING"}
{"order_customer_id":7944,"order_id":55809,"order_status":"COMPLETE"}
{"order_customer_id":2613,"order_id":55810,"order_status":"SUSPECTED_FRAUD"}
{"order_customer_id":8413,"order_id":55811,"order_status":"PROCESSING"}
{"order_customer_id":321,"order_id":55812,"order_status":"CLOSED"}
{"order_customer_id":11082,"order_id":55813,"order_status":"COMPLETE"}
{"order_customer_id":7990,"order_id":55814,"order_status":"PROCESSING"}
{"order_customer_id":7434,"order_id":55815,"order_status":"CLOSED"}
{"order_customer_id":434,"order_id":55816,"order_status":"PROCESSING"}
{"order_customer_id":4166,"order_id":55817,"order_status":"PENDING"}
{"order_customer_id":7025,"order_id":55818,"order_status":"PROCESSING"}
{"order_customer_id":62,"order_id":55819,"order_status":"PROCESSING"}
{"order_customer_id":11852,"order_id":55820,"order_status":"CLOSED"}
{"order_customer_id":5152,"order_id":55821,"order_status":"PROCESSING"}
{"order_customer_id":12169,"order_id":55822,"order_status":"COMPLETE"}
{"order_customer_id":1750,"order_id":55823,"order_status":"COMPLETE"}
{"order_customer_id":6780,"order_id":55824,"order_status":"COMPLETE"}
{"order_customer_id":5720,"order_id":55825,"order_status":"PENDING"}
{"order_customer_id":12111,"order_id":55826,"order_status":"CLOSED"}
{"order_customer_id":3486,"order_id":55827,"order_status":"COMPLETE"}
{"order_customer_id":10631,"order_id":55828,"order_status":"PENDING_PAYMENT"}
{"order_customer_id":6428,"order_id":55829,"order_status":"PENDING"}
{"order_customer_id":5787,"order_id":55830,"order_status":"COMPLETE"}
{"order_customer_id":7632,"order_id":55831,"order_status":"PENDING_PAYMENT"}
{"order_customer_id":2649,"order_id":55832,"order_status":"PENDING"}
{"order_customer_id":6049,"order_id":55833,"order_status":"COMPLETE"}
{"order_customer_id":849,"order_id":55834,"order_status":"COMPLETE"}
{"order_customer_id":8676,"order_id":55835,"order_status":"ON_HOLD"}
{"order_customer_id":3462,"order_id":55836,"order_status":"COMPLETE"}
{"order_customer_id":8749,"order_id":55837,"order_status":"PROCESSING"}
{"order_customer_id":9222,"order_id":55838,"order_status":"COMPLETE"}
{"order_customer_id":3417,"order_id":55839,"order_status":"PENDING"}
{"order_customer_id":12177,"order_id":55840,"order_status":"CLOSED"}
{"order_customer_id":3812,"order_id":55841,"order_status":"CLOSED"}
{"order_customer_id":6387,"order_id":55842,"order_status":"PENDING_PAYMENT"}
{"order_customer_id":10750,"order_id":55843,"order_status":"COMPLETE"}
{"order_customer_id":4658,"order_id":55844,"order_status":"PENDING"}
{"order_customer_id":2675,"order_id":55845,"order_status":"ON_HOLD"}
{"order_customer_id":3119,"order_id":55846,"order_status":"PAYMENT_REVIEW"}
{"order_customer_id":517,"order_id":55847,"order_status":"PROCESSING"}
{"order_customer_id":6816,"order_id":55848,"order_status":"COMPLETE"}
{"order_customer_id":5084,"order_id":55849,"order_status":"PENDING_PAYMENT"}
{"order_customer_id":7345,"order_id":55850,"order_status":"PROCESSING"}
{"order_customer_id":4588,"order_id":55851,"order_status":"PROCESSING"}
{"order_customer_id":9589,"order_id":55852,"order_status":"PROCESSING"}
{"order_customer_id":4633,"order_id":55853,"order_status":"COMPLETE"}
{"order_customer_id":2581,"order_id":55854,"order_status":"CLOSED"}
{"order_customer_id":4060,"order_id":55855,"order_status":"PENDING_PAYMENT"}
{"order_customer_id":11410,"order_id":55856,"order_status":"PENDING"}
{"order_customer_id":7595,"order_id":55857,"order_status":"ON_HOLD"}
{"order_customer_id":7047,"order_id":55858,"order_status":"PENDING_PAYMENT"}
{"order_customer_id":11004,"order_id":55859,"order_status":"COMPLETE"}
{"order_customer_id":11964,"order_id":55860,"order_status":"PROCESSING"}
{"order_customer_id":2708,"order_id":55861,"order_status":"PROCESSING"}
{"order_customer_id":4345,"order_id":55862,"order_status":"PENDING_PAYMENT"}
{"order_customer_id":5400,"order_id":55863,"order_status":"PENDING_PAYMENT"}
{"order_customer_id":4147,"order_id":55864,"order_status":"PROCESSING"}
{"order_customer_id":10752,"order_id":55865,"order_status":"PROCESSING"}
{"order_customer_id":10255,"order_id":55866,"order_status":"CLOSED"}
{"order_customer_id":3520,"order_id":55867,"order_status":"PENDING_PAYMENT"}
{"order_customer_id":1747,"order_id":55868,"order_status":"PENDING_PAYMENT"}
{"order_customer_id":1710,"order_id":55869,"order_status":"PENDING_PAYMENT"}
{"order_customer_id":971,"order_id":55870,"order_status":"PROCESSING"}
{"order_customer_id":10357,"order_id":55871,"order_status":"PENDING"}
{"order_customer_id":6180,"order_id":55872,"order_status":"COMPLETE"}
{"order_customer_id":6396,"order_id":55873,"order_status":"PROCESSING"}
{"order_customer_id":10552,"order_id":55874,"order_status":"PENDING"}
{"order_customer_id":6853,"order_id":55875,"order_status":"CLOSED"}
{"order_customer_id":5421,"order_id":55876,"order_status":"PROCESSING"}
{"order_customer_id":7352,"order_id":55877,"order_status":"ON_HOLD"}
{"order_customer_id":8964,"order_id":55878,"order_status":"CLOSED"}
{"order_customer_id":11541,"order_id":55879,"order_status":"SUSPECTED_FRAUD"}
{"order_customer_id":11331,"order_id":55880,"order_status":"COMPLETE"}
{"order_customer_id":6212,"order_id":55881,"order_status":"COMPLETE"}
{"order_customer_id":5264,"order_id":55882,"order_status":"COMPLETE"}
{"order_customer_id":130,"order_id":55883,"order_status":"COMPLETE"}
{"order_customer_id":5559,"order_id":55884,"order_status":"ON_HOLD"}
{"order_customer_id":6836,"order_id":55885,"order_status":"PENDING"}
{"order_customer_id":7082,"order_id":55886,"order_status":"COMPLETE"}
{"order_customer_id":6709,"order_id":55887,"order_status":"PENDING_PAYMENT"}
{"order_customer_id":680,"order_id":55888,"order_status":"PENDING_PAYMENT"}
{"order_customer_id":10403,"order_id":55889,"order_status":"CLOSED"}
{"order_customer_id":2697,"order_id":55890,"order_status":"PROCESSING"}
{"order_customer_id":5030,"order_id":55891,"order_status":"CLOSED"}
{"order_customer_id":1468,"order_id":55892,"order_status":"PENDING"}
{"order_customer_id":250,"order_id":55893,"order_status":"PROCESSING"}
{"order_customer_id":9692,"order_id":55894,"order_status":"COMPLETE"}
{"order_customer_id":9480,"order_id":55895,"order_status":"CANCELED"}
{"order_customer_id":1375,"order_id":55896,"order_status":"COMPLETE"}
{"order_customer_id":291,"order_id":55897,"order_status":"CLOSED"}
{"order_customer_id":4846,"order_id":55898,"order_status":"COMPLETE"}
{"order_customer_id":2502,"order_id":55899,"order_status":"PROCESSING"}
{"order_customer_id":12265,"order_id":55900,"order_status":"PENDING"}
{"order_customer_id":9520,"order_id":55901,"order_status":"CLOSED"}
{"order_customer_id":11788,"order_id":55902,"order_status":"PENDING_PAYMENT"}
{"order_customer_id":5294,"order_id":55903,"order_status":"CANCELED"}
{"order_customer_id":2078,"order_id":55904,"order_status":"COMPLETE"}
{"order_customer_id":7771,"order_id":55905,"order_status":"PENDING_PAYMENT"}
{"order_customer_id":633,"order_id":55906,"order_status":"PENDING_PAYMENT"}
{"order_customer_id":10211,"order_id":55907,"order_status":"COMPLETE"}
{"order_customer_id":4047,"order_id":55908,"order_status":"COMPLETE"}
{"order_customer_id":6337,"order_id":55909,"order_status":"PENDING_PAYMENT"}
{"order_customer_id":805,"order_id":55910,"order_status":"SUSPECTED_FRAUD"}
{"order_customer_id":4031,"order_id":55911,"order_status":"PROCESSING"}
{"order_customer_id":7985,"order_id":55912,"order_status":"CLOSED"}
{"order_customer_id":5239,"order_id":55913,"order_status":"COMPLETE"}
{"order_customer_id":10681,"order_id":55914,"order_status":"PENDING_PAYMENT"}
{"order_customer_id":9824,"order_id":55915,"order_status":"SUSPECTED_FRAUD"}
{"order_customer_id":4491,"order_id":67056,"order_status":"COMPLETE"}
{"order_customer_id":3120,"order_id":67057,"order_status":"PROCESSING"}
{"order_customer_id":9143,"order_id":67058,"order_status":"PROCESSING"}
{"order_customer_id":7934,"order_id":67059,"order_status":"PROCESSING"}
{"order_customer_id":7978,"order_id":67060,"order_status":"PENDING_PAYMENT"}
{"order_customer_id":7605,"order_id":67061,"order_status":"PENDING"}
{"order_customer_id":5829,"order_id":67062,"order_status":"PENDING_PAYMENT"}
{"order_customer_id":6401,"order_id":67063,"order_status":"ON_HOLD"}
{"order_customer_id":6003,"order_id":67064,"order_status":"ON_HOLD"}
{"order_customer_id":1073,"order_id":67065,"order_status":"COMPLETE"}
{"order_customer_id":7231,"order_id":67066,"order_status":"PROCESSING"}
{"order_customer_id":10879,"order_id":67067,"order_status":"ON_HOLD"}
{"order_customer_id":260,"order_id":67068,"order_status":"COMPLETE"}
{"order_customer_id":8051,"order_id":67069,"order_status":"PENDING"}
{"order_customer_id":3495,"order_id":67070,"order_status":"PENDING"}
{"order_customer_id":1140,"order_id":67071,"order_status":"PROCESSING"}
{"order_customer_id":5030,"order_id":67072,"order_status":"COMPLETE"}
{"order_customer_id":7543,"order_id":67073,"order_status":"COMPLETE"}
{"order_customer_id":477,"order_id":67074,"order_status":"PENDING_PAYMENT"}
{"order_customer_id":1290,"order_id":67075,"order_status":"ON_HOLD"}
{"order_customer_id":11080,"order_id":67076,"order_status":"PENDING_PAYMENT"}
{"order_customer_id":2691,"order_id":67077,"order_status":"COMPLETE"}
{"order_customer_id":2246,"order_id":67078,"order_status":"COMPLETE"}
{"order_customer_id":5584,"order_id":67079,"order_status":"PENDING"}
{"order_customer_id":2992,"order_id":67080,"order_status":"PROCESSING"}
{"order_customer_id":4113,"order_id":67081,"order_status":"PENDING_PAYMENT"}
{"order_customer_id":12117,"order_id":67082,"order_status":"PENDING_PAYMENT"}
{"order_customer_id":3023,"order_id":67083,"order_status":"PENDING"}
{"order_customer_id":2630,"order_id":67084,"order_status":"COMPLETE"}
{"order_customer_id":7394,"order_id":67085,"order_status":"COMPLETE"}
{"order_customer_id":4202,"order_id":67086,"order_status":"SUSPECTED_FRAUD"}
{"order_customer_id":4752,"order_id":67087,"order_status":"PENDING"}
{"order_customer_id":3185,"order_id":67088,"order_status":"COMPLETE"}
{"order_customer_id":9798,"order_id":67089,"order_status":"COMPLETE"}
{"order_customer_id":10728,"order_id":67090,"order_status":"PENDING_PAYMENT"}
{"order_customer_id":7104,"order_id":67091,"order_status":"PENDING_PAYMENT"}
{"order_customer_id":10758,"order_id":67092,"order_status":"ON_HOLD"}
{"order_customer_id":7368,"order_id":67093,"order_status":"COMPLETE"}
{"order_customer_id":10973,"order_id":67094,"order_status":"PENDING"}
{"order_customer_id":12039,"order_id":67095,"order_status":"PENDING"}
{"order_customer_id":84,"order_id":68655,"order_status":"PENDING_PAYMENT"}
{"order_customer_id":12154,"order_id":68656,"order_status":"PENDING_PAYMENT"}
{"order_customer_id":9211,"order_id":68657,"order_status":"CLOSED"}
{"order_customer_id":1117,"order_id":68880,"order_status":"COMPLETE"}
