{"order_customer_id":971,"order_id":49875,"order_status":"COMPLETE"}
{"order_customer_id":4128,"order_id":49876,"order_status":"COMPLETE"}
{"order_customer_id":249,"order_id":49877,"order_status":"PENDING_PAYMENT"}
{"order_customer_id":1564,"order_id":49878,"order_status":"PENDING"}
{"order_customer_id":8579,"order_id":49879,"order_status":"COMPLETE"}
{"order_customer_id":1689,"order_id":49880,"order_status":"COMPLETE"}
{"order_customer_id":7787,"order_id":49881,"order_status":"CLOSED"}
{"order_customer_id":9121,"order_id":49882,"order_status":"CLOSED"}
{"order_customer_id":8319,"order_id":49883,"order_status":"COMPLETE"}
{"order_customer_id":12042,"order_id":49884,"order_status":"PENDING_PAYMENT"}
{"order_customer_id":12075,"order_id":49885,"order_status":"PROCESSING"}
{"order_customer_id":5015,"order_id":49886,"order_status":"PENDING_PAYMENT"}
{"order_customer_id":521,"order_id":49887,"order_status":"PENDING_PAYMENT"}
{"order_customer_id":6897,"order_id":49888,"order_status":"COMPLETE"}
{"order_customer_id":6500,"order_id":49889,"order_status":"COMPLETE"}
{"order_customer_id":9615,"order_id":49890,"order_status":"COMPLETE"}
{"order_customer_id":11329,"order_id":49891,"order_status":"COMPLETE"}
{"order_customer_id":11108,"order_id":49892,"order_status":"PENDING"}
{"order_customer_id":6964,"order_id":49893,"order_status":"COMPLETE"}
{"order_customer_id":2288,"order_id":49894,"order_status":"CLOSED"}
{"order_customer_id":4679,"order_id":49895,"order_status":"COMPLETE"}
{"order_customer_id":6633,"order_id":49896,"order_status":"PENDING"}
{"order_customer_id":12336,"order_id":49897,"order_status":"PENDING"}
{"order_customer_id":10145,"order_id":49898,"order_status":"PENDING_PAYMENT"}
{"order_customer_id":8208,"order_id":49899,"order_status":"PENDING_PAYMENT"}
{"order_customer_id":3109,"order_id":49900,"order_status":"COMPLETE"}
{"order_customer_id":11003,"order_id":49901,"order_status":"PENDING"}
{"order_customer_id":96,"order_id":49902,"order_status":"COMPLETE"}
{"order_customer_id":6670,"order_id":49903,"order_status":"COMPLETE"}
{"order_customer_id":2785,"order_id":49904,"order_status":"CLOSED"}
{"order_customer_id":3565,"order_id":49905,"order_status":"PENDING_PAYMENT"}
{"order_customer_id":10665,"order_id":49906,"order_status":"PROCESSING"}
{"order_customer_id":10584,"order_id":49907,"order_status":"COMPLETE"}
{"order_customer_id":1457,"order_id":49908,"order_status":"CLOSED"}
{"order_customer_id":2227,"order_id":49909,"order_status":"COMPLETE"}
{"order_customer_id":7504,"order_id":49910,"order_status":"ON_HOLD"}
{"order_customer_id":2855,"order_id":49911,"order_status":"PENDING_PAYMENT"}
{"order_customer_id":7646,"order_id":49912,"order_status":"COMPLETE"}
{"order_customer_id":8831,"order_id":49913,"order_status":"PENDING"}
{"order_customer_id":12251,"order_id":49914,"order_status":"COMPLETE"}
{"order_customer_id":1256,"order_id":49915,"order_status":"SUSPECTED_FRAUD"}
{"order_customer_id":10671,"order_id":49916,"order_status":"COMPLETE"}
{"order_customer_id":3176,"order_id":49917,"order_status":"COMPLETE"}
{"order_customer_id":8001,"order_id":49918,"order_status":"SUSPECTED_FRAUD"}
{"order_customer_id":218,"order_id":49919,"order_status":"PENDING"}
{"order_customer_id":7221,"order_id":49920,"order_status":"PROCESSING"}
{"order_customer_id":4388,"order_id":49921,"order_status":"PENDING"}
{"order_customer_id":4508,"order_id":49922,"order_status":"COMPLETE"}
{"order_customer_id":3130,"order_id":49923,"order_status":"COMPLETE"}
{"order_customer_id":1503,"order_id":49924,"order_status":"COMPLETE"}
{"order_customer_id":7245,"order_id":49925,"order_status":"PROCESSING"}
{"order_customer_id":4549,"order_id":49926,"order_status":"COMPLETE"}
{"order_customer_id":7641,"order_id":49927,"order_status":"PENDING_PAYMENT"}
{"order_customer_id":5916,"order_id":49928,"order_status":"PENDING"}
{"order_customer_id":11836,"order_id":49929,"order_status":"ON_HOLD"}
{"order_customer_id":5747,"order_id":49930,"order_status":"PENDING_PAYMENT"}
{"order_customer_id":11509,"order_id":49931,"order_status":"COMPLETE"}
{"order_customer_id":9556,"order_id":49932,"order_status":"PENDING"}
{"order_customer_id":6604,"order_id":49933,"order_status":"PENDING_PAYMENT"}
{"order_customer_id":7230,"order_id":49934,"order_status":"PENDING_PAYMENT"}
{"order_customer_id":6346,"order_id":49935,"order_status":"PENDING_PAYMENT"}
{"order_customer_id":5767,"order_id":49936,"order_status":"COMPLETE"}
{"order_customer_id":9552,"order_id":49937,"order_status":"COMPLETE"}
{"order_customer_id":12271,"order_id":49938,"order_status":"PROCESSING"}
{"order_customer_id":8490,"order_id":49939,"order_status":"COMPLETE"}
{"order_customer_id":11836,"order_id":49940,"order_status":"PENDING_PAYMENT"}
{"order_customer_id":1295,"order_id":49941,"order_status":"PENDING_PAYMENT"}
{"order_customer_id":3554,"order_id":49942,"order_status":"PROCESSING"}
{"order_customer_id":1590,"order_id":49943,"order_status":"COMPLETE"}
{"order_customer_id":1511,"order_id":49944,"order_status":"COMPLETE"}
{"order_customer_id":10639,"order_id":49945,"order_status":"PENDING_PAYMENT"}
{"order_customer_id":7814,"order_id":49946,"order_status":"COMPLETE"}
{"order_customer_id":1369,"order_id":49947,"order_status":"PENDING_PAYMENT"}
{"order_customer_id":3690,"order_id":49948,"order_status":"PENDING_PAYMENT"}
{"order_customer_id":8946,"order_id":49949,"order_status":"PROCESSING"}
{"order_customer_id":6228,"order_id":49950,"order_status":"COMPLETE"}
{"order_customer_id":3661,"order_id":49951,"order_status":"CLOSED"}
{"order_customer_id":10077,"order_id":49952,"order_status":"COMPLETE"}
{"order_customer_id":3435,"order_id":49953,"order_status":"COMPLETE"}
{"order_customer_id":1051,"order_id":49954,"order_status":"COMPLETE"}
{"order_customer_id":8836,"order_id":49955,"order_status":"PENDING_PAYMENT"}
{"order_customer_id":9773,"order_id":49956,"order_status":"PENDING_PAYMENT"}
{"order_customer_id":10177,"order_id":49957,"order_status":"COMPLETE"}
{"order_customer_id":5160,"order_id":49958,"order_status":"PROCESSING"}
{"order_customer_id":6941,"order_id":49959,"order_status":"PROCESSING"}
{"order_customer_id":12264,"order_id":49960,"order_status":"COMPLETE"}
{"order_customer_id":1270,"order_id":49961,"order_status":"PROCESSING"}
{"order_customer_id":647,"order_id":49962,"order_status":"PENDING"}
{"order_customer_id":9096,"order_id":49963,"order_status":"SUSPECTED_FRAUD"}
{"order_customer_id":6158,"order_id":49964,"order_status":"PROCESSING"}
{"order_customer_id":11472,"order_id":49965,"order_status":"COMPLETE"}
{"order_customer_id":2646,"order_id":49966,"order_status":"PENDING_PAYMENT"}
{"order_customer_id":4405,"order_id":49967,"order_status":"PENDING_PAYMENT"}
{"order_customer_id":9522,"order_id":49968,"order_status":"CANCELED"}
{"order_customer_id":10176,"order_id":49969,"order_status":"ON_HOLD"}
{"order_customer_id":4613,"order_id":49970,"order_status":"COMPLETE"}
{"order_customer_id":7989,"order_id":49971,"order_status":"PROCESSING"}
{"order_customer_id":1654,"order_id":49972,"order_status":"PROCESSING"}
{"order_customer_id":517,"order_id":49973,"order_status":"COMPLETE"}
{"order_customer_id":12169,"order_id":49974,"order_status":"PROCESSING"}
{"order_customer_id":8701,"order_id":49975,"order_status":"CLOSED"}
{"order_customer_id":5873,"order_id":49976,"order_status":"COMPLETE"}
{"order_customer_id":2713,"order_id":49977,"order_status":"PENDING_PAYMENT"}
{"order_customer_id":7508,"order_id":49978,"order_status":"CLOSED"}
{"order_customer_id":1890,"order_id":49979,"order_status":"PROCESSING"}
{"order_customer_id":3214,"order_id":49980,"order_status":"PENDING_PAYMENT"}
{"order_customer_id":2906,"order_id":49981,"order_status":"PROCESSING"}
{"order_customer_id":2252,"order_id":49982,"order_status":"PENDING_PAYMENT"}
{"order_customer_id":11417,"order_id":49983,"order_status":"PROCESSING"}
{"order_customer_id":3664,"order_id":49984,"order_status":"CANCELED"}
{"order_customer_id":7206,"order_id":49985,"order_status":"COMPLETE"}
{"order_customer_id":4722,"order_id":49986,"order_status":"PENDING_PAYMENT"}
{"order_customer_id":9139,"order_id":49987,"order_status":"PENDING_PAYMENT"}
{"order_customer_id":6727,"order_id":49988,"order_status":"ON_HOLD"}
{"order_customer_id":3946,"order_id":49989,"order_status":"COMPLETE"}
{"order_customer_id":2998,"order_id":49990,"order_status":"CANCELED"}
{"order_customer_id":3385,"order_id":49991,"order_status":"PENDING"}
{"order_customer_id":6460,"order_id":49992,"order_status":"COMPLETE"}
{"order_customer_id":5611,"order_id":49993,"order_status":"COMPLETE"}
{"order_customer_id":3466,"order_id":49994,"order_status":"PENDING_PAYMENT"}
{"order_customer_id":9312,"order_id":49995,"order_status":"PENDING"}
{"order_customer_id":1559,"order_id":49996,"order_status":"PENDING_PAYMENT"}
{"order_customer_id":5764,"order_id":49997,"order_status":"PENDING"}
{"order_customer_id":11045,"order_id":49998,"order_status":"COMPLETE"}
{"order_customer_id":7061,"order_id":49999,"order_status":"COMPLETE"}
{"order_customer_id":6827,"order_id":50000,"order_status":"PENDING_PAYMENT"}
{"order_customer_id":10731,"order_id":50001,"order_status":"PENDING_PAYMENT"}
{"order_customer_id":8037,"order_id":50002,"order_status":"CANCELED"}
{"order_customer_id":9410,"order_id":50003,"order_status":"PENDING"}
{"order_customer_id":7897,"order_id":50004,"order_status":"COMPLETE"}
{"order_customer_id":9216,"order_id":50005,"order_status":"PENDING_PAYMENT"}
{"order_customer_id":11020,"order_id":50006,"order_status":"COMPLETE"}
{"order_customer_id":1573,"order_id":50007,"order_status":"PENDING"}
{"order_customer_id":6296,"order_id":50008,"order_status":"COMPLETE"}
{"order_customer_id":5082,"order_id":50009,"order_status":"PROCESSING"}
{"order_customer_id":5061,"order_id":50010,"order_status":"COMPLETE"}
{"order_customer_id":9819,"order_id":50011,"order_status":"PENDING_PAYMENT"}
{"order_customer_id":10696,"order_id":50012,"order_status":"PENDING"}
{"order_customer_id":10275,"order_id":50013,"order_status":"PROCESSING"}
{"order_customer_id":8218,"order_id":50014,"order_status":"PROCESSING"}
{"order_customer_id":1578,"order_id":50015,"order_status":"COMPLETE"}
{"order_customer_id":2368,"order_id":50016,"order_status":"PENDING_PAYMENT"}
{"order_customer_id":2469,"order_id":50017,"order_status":"COMPLETE"}
{"order_customer_id":8954,"order_id":50018,"order_status":"PENDING"}
{"order_customer_id":7942,"order_id":50019,"order_status":"PENDING_PAYMENT"}
{"order_customer_id":6587,"order_id":50020,"order_status":"ON_HOLD"}
{"order_customer_id":303,"order_id":50021,"order_status":"PENDING_PAYMENT"}
{"order_customer_id":11413,"order_id":50022,"order_status":"PROCESSING"}
{"order_customer_id":11947,"order_id":50023,"order_status":"COMPLETE"}
{"order_customer_id":3344,"order_id":50024,"order_status":"COMPLETE"}
{"order_customer_id":4918,"order_id":50025,"order_status":"PROCESSING"}
{"order_customer_id":5976,"order_id":50026,"order_status":"CANCELED"}
{"order_customer_id":611,"order_id":50027,"order_status":"COMPLETE"}
{"order_customer_id":12139,"order_id":50028,"order_status":"CLOSED"}
{"order_customer_id":12215,"order_id":50029,"order_status":"PENDING_PAYMENT"}
{"order_customer_id":11106,"order_id":50030,"order_status":"COMPLETE"}
{"order_customer_id":10987,"order_id":50031,"order_status":"PROCESSING"}
{"order_customer_id":4446,"order_id":50032,"order_status":"PROCESSING"}
{"order_customer_id":6872,"order_id":50033,"order_status":"COMPLETE"}
{"order_customer_id":2091,"order_id":50034,"order_status":"PENDING_PAYMENT"}
{"order_customer_id":10664,"order_id":50035,"order_status":"COMPLETE"}
{"order_customer_id":11696,"order_id":50036,"order_status":"CLOSED"}
{"order_customer_id":6060,"order_id":50037,"order_status":"SUSPECTED_FRAUD"}
{"order_customer_id":1951,"order_id":50038,"order_status":"PENDING_PAYMENT"}
{"order_customer_id":1972,"order_id":50039,"order_status":"PENDING_PAYMENT"}
{"order_customer_id":8177,"order_id":50040,"order_status":"COMPLETE"}
{"order_customer_id":2516,"order_id":50041,"order_status":"COMPLETE"}
{"order_customer_id":898,"order_id":50042,"order_status":"COMPLETE"}
{"order_customer_id":10434,"order_id":50043,"order_status":"CLOSED"}
{"order_customer_id":5232,"order_id":50044,"order_status":"CANCELED"}
{"order_customer_id":4830,"order_id":50045,"order_status":"CLOSED"}
{"order_customer_id":3647,"order_id":50046,"order_status":"COMPLETE"}
{"order_customer_id":7574,"order_id":50047,"order_status":"CLOSED"}
{"order_customer_id":2988,"order_id":50048,"order_status":"SUSPECTED_FRAUD"}
{"order_customer_id":9094,"order_id":50049,"order_status":"PROCESSING"}
{"order_customer_id":928,"order_id":50050,"order_status":"COMPLETE"}
{"order_customer_id":7387,"order_id":50051,"order_status":"PENDING_PAYMENT"}
{"order_customer_id":8952,"order_id":50052,"order_status":"PENDING_PAYMENT"}
{"order_customer_id":8754,"order_id":50053,"order_status":"PENDING"}
{"order_customer_id":1362,"order_id":50054,"order_status":"PENDING_PAYMENT"}
{"order_customer_id":10101,"order_id":50055,"order_status":"ON_HOLD"}
{"order_customer_id":3350,"order_id":50056,"order_status":"COMPLETE"}
{"order_customer_id":11309,"order_id":50057,"order_status":"PENDING_PAYMENT"}
{"order_customer_id":6688,"order_id":50058,"order_status":"PENDING_PAYMENT"}
{"order_customer_id":2874,"order_id":65899,"order_status":"COMPLETE"}
{"order_customer_id":9541,"order_id":65900,"order_status":"CANCELED"}
{"order_customer_id":12255,"order_id":65901,"order_status":"PENDING"}
{"order_customer_id":12297,"order_id":65902,"order_status":"CLOSED"}
{"order_customer_id":4576,"order_id":65903,"order_status":"COMPLETE"}
{"order_customer_id":10019,"order_id":65904,"order_status":"PENDING_PAYMENT"}
{"order_customer_id":4484,"order_id":65905,"order_status":"COMPLETE"}
{"order_customer_id":7065,"order_id":65906,"order_status":"PENDING_PAYMENT"}
{"order_customer_id":10180,"order_id":65907,"order_status":"PROCESSING"}
{"order_customer_id":9753,"order_id":65908,"order_status":"ON_HOLD"}
{"order_customer_id":4022,"order_id":65909,"order_status":"COMPLETE"}
{"order_customer_id":7277,"order_id":65910,"order_status":"COMPLETE"}
{"order_customer_id":1864,"order_id":65911,"order_status":"COMPLETE"}
{"order_customer_id":4260,"order_id":65912,"order_status":"CLOSED"}
{"order_customer_id":11771,"order_id":65913,"order_status":"COMPLETE"}
{"order_customer_id":9425,"order_id":65914,"order_status":"COMPLETE"}
{"order_customer_id":834,"order_id":65915,"order_status":"PROCESSING"}
{"order_customer_id":10597,"order_id":65916,"order_status":"COMPLETE"}
{"order_customer_id":5606,"order_id":65917,"order_status":"ON_HOLD"}
{"order_customer_id":3388,"order_id":65918,"order_status":"PROCESSING"}
{"order_customer_id":5115,"order_id":65919,"order_status":"PENDING_PAYMENT"}
{"order_customer_id":5497,"order_id":65920,"order_status":"PROCESSING"}
{"order_customer_id":10229,"order_id":65921,"order_status":"PENDING_PAYMENT"}
{"order_customer_id":12151,"order_id":65922,"order_status":"PENDING_PAYMENT"}
{"order_customer_id":6484,"order_id":65923,"order_status":"COMPLETE"}
{"order_customer_id":3800,"order_id":65924,"order_status":"PENDING_PAYMENT"}
{"order_customer_id":5037,"order_id":65925,"order_status":"COMPLETE"}
{"order_customer_id":8624,"order_id":65926,"order_status":"PENDING"}
{"order_customer_id":7620,"order_id":65927,"order_status":"COMPLETE"}
{"order_customer_id":7662,"order_id":65928,"order_status":"PENDING_PAYMENT"}
{"order_customer_id":5797,"order_id":65929,"order_status":"PAYMENT_REVIEW"}
{"order_customer_id":4432,"order_id":65930,"order_status":"COMPLETE"}
{"order_customer_id":2896,"order_id":65931,"order_status":"PENDING_PAYMENT"}
{"order_customer_id":1878,"order_id":65932,"order_status":"PROCESSING"}
{"order_customer_id":9128,"order_id":65933,"order_status":"PENDING_PAYMENT"}
{"order_customer_id":1782,"order_id":65934,"order_status":"PENDING_PAYMENT"}
{"order_customer_id":1864,"order_id":65935,"order_status":"ON_HOLD"}
{"order_customer_id":4737,"order_id":65936,"order_status":"ON_HOLD"}
{"order_customer_id":3900,"order_id":65937,"order_status":"COMPLETE"}
{"order_customer_id":3283,"order_id":65938,"order_status":"PENDING_PAYMENT"}
{"order_customer_id":477,"order_id":65939,"order_status":"COMPLETE"}
{"order_customer_id":6186,"order_id":65940,"order_status":"PROCESSING"}
{"order_customer_id":2105,"order_id":68515,"order_status":"PROCESSING"}
{"order_customer_id":403,"order_id":68855,"order_status":"PENDING_PAYMENT"}
