{"order_customer_id":11069,"order_id":14447,"order_status":"COMPLETE"}
{"order_customer_id":3574,"order_id":14448,"order_status":"SUSPECTED_FRAUD"}
{"order_customer_id":2779,"order_id":14449,"order_status":"COMPLETE"}
{"order_customer_id":7093,"order_id":14450,"order_status":"PENDING_PAYMENT"}
{"order_customer_id":10322,"order_id":14451,"order_status":"PENDING_PAYMENT"}
{"order_customer_id":5719,"order_id":14452,"order_status":"COMPLETE"}
{"order_customer_id":2742,"order_id":14453,"order_status":"CLOSED"}
{"order_customer_id":1577,"order_id":14454,"order_status":"PENDING_PAYMENT"}
{"order_customer_id":6162,"order_id":14455,"order_status":"PENDING"}
{"order_customer_id":11475,"order_id":14456,"order_status":"PENDING_PAYMENT"}
{"order_customer_id":7998,"order_id":14457,"order_status":"ON_HOLD"}
{"order_customer_id":8994,"order_id":14458,"order_status":"PROCESSING"}
{"order_customer_id":11889,"order_id":14459,"order_status":"PENDING_PAYMENT"}
{"order_customer_id":1578,"order_id":14460,"order_status":"COMPLETE"}
{"order_customer_id":4724,"order_id":14461,"order_status":"CLOSED"}
{"order_customer_id":2603,"order_id":14462,"order_status":"COMPLETE"}
{"order_customer_id":5253,"order_id":14463,"order_status":"PAYMENT_REVIEW"}
{"order_customer_id":5013,"order_id":14464,"order_status":"PENDING_PAYMENT"}
{"order_customer_id":5931,"order_id":14465,"order_status":"PENDING"}
{"order_customer_id":1308,"order_id":14466,"order_status":"PENDING_PAYMENT"}
{"order_customer_id":9883,"order_id":14467,"order_status":"PROCESSING"}
{"order_customer_id":1042,"order_id":14468,"order_status":"CLOSED"}
{"order_customer_id":8684,"order_id":14469,"order_status":"COMPLETE"}
{"order_customer_id":5786,"order_id":14470,"order_status":"PENDING"}
{"order_customer_id":116,"order_id":14471,"order_status":"PROCESSING"}
{"order_customer_id":8507,"order_id":14472,"order_status":"PENDING"}
{"order_customer_id":5187,"order_id":14473,"order_status":"PENDING_PAYMENT"}
{"order_customer_id":11686,"order_id":14474,"order_status":"PROCESSING"}
{"order_customer_id":12307,"order_id":14475,"order_status":"ON_HOLD"}
{"order_customer_id":5253,"order_id":14476,"order_status":"PROCESSING"}
{"order_customer_id":10825,"order_id":14477,"order_status":"PENDING_PAYMENT"}
{"order_customer_id":1495,"order_id":14478,"order_status":"CLOSED"}
{"order_customer_id":1790,"order_id":14479,"order_status":"PENDING_PAYMENT"}
{"order_customer_id":10798,"order_id":14480,"order_status":"PENDING_PAYMENT"}
{"order_customer_id":12121,"order_id":14481,"order_status":"PENDING"}
{"order_customer_id":9459,"order_id":14482,"order_status":"PROCESSING"}
{"order_customer_id":9872,"order_id":14483,"order_status":"PENDING_PAYMENT"}
{"order_customer_id":8700,"order_id":14484,"order_status":"PENDING_PAYMENT"}
{"order_customer_id":1095,"order_id":14485,"order_status":"PENDING_PAYMENT"}
{"order_customer_id":2121,"order_id":14486,"order_status":"COMPLETE"}
{"order_customer_id":6738,"order_id":14487,"order_status":"PAYMENT_REVIEW"}
{"order_customer_id":9018,"order_id":14488,"order_status":"COMPLETE"}
{"order_customer_id":3775,"order_id":14489,"order_status":"CLOSED"}
{"order_customer_id":11851,"order_id":14490,"order_status":"SUSPECTED_FRAUD"}
{"order_customer_id":6866,"order_id":14491,"order_status":"PENDING"}
{"order_customer_id":5275,"order_id":14492,"order_status":"COMPLETE"}
{"order_customer_id":12122,"order_id":14493,"order_status":"ON_HOLD"}
{"order_customer_id":11053,"order_id":14494,"order_status":"COMPLETE"}
{"order_customer_id":3323,"order_id":14495,"order_status":"COMPLETE"}
{"order_customer_id":10292,"order_id":14496,"order_status":"CANCELED"}
{"order_customer_id":6794,"order_id":14497,"order_status":"PROCESSING"}
{"order_customer_id":1158,"order_id":14498,"order_status":"CLOSED"}
{"order_customer_id":5406,"order_id":14499,"order_status":"CANCELED"}
{"order_customer_id":12142,"order_id":14500,"order_status":"CLOSED"}
{"order_customer_id":9175,"order_id":14501,"order_status":"CLOSED"}
{"order_customer_id":1251,"order_id":14502,"order_status":"COMPLETE"}
{"order_customer_id":2594,"order_id":14503,"order_status":"COMPLETE"}
{"order_customer_id":6178,"order_id":14504,"order_status":"PENDING_PAYMENT"}
{"order_customer_id":5491,"order_id":14505,"order_status":"ON_HOLD"}
{"order_customer_id":4732,"order_id":14506,"order_status":"COMPLETE"}
{"order_customer_id":340,"order_id":14507,"order_status":"COMPLETE"}
{"order_customer_id":4209,"order_id":14508,"order_status":"CANCELED"}
{"order_customer_id":5874,"order_id":14509,"order_status":"CANCELED"}
{"order_customer_id":4375,"order_id":14510,"order_status":"PENDING_PAYMENT"}
{"order_customer_id":7228,"order_id":14511,"order_status":"PENDING"}
{"order_customer_id":4730,"order_id":14512,"order_status":"CANCELED"}
{"order_customer_id":3072,"order_id":14513,"order_status":"PENDING_PAYMENT"}
{"order_customer_id":12085,"order_id":14514,"order_status":"PENDING_PAYMENT"}
{"order_customer_id":8770,"order_id":14515,"order_status":"COMPLETE"}
{"order_customer_id":8577,"order_id":14516,"order_status":"ON_HOLD"}
{"order_customer_id":9619,"order_id":14517,"order_status":"PENDING_PAYMENT"}
{"order_customer_id":12350,"order_id":14518,"order_status":"PENDING"}
{"order_customer_id":2251,"order_id":14519,"order_status":"CLOSED"}
{"order_customer_id":10667,"order_id":14520,"order_status":"COMPLETE"}
{"order_customer_id":9727,"order_id":14521,"order_status":"PROCESSING"}
{"order_customer_id":8508,"order_id":14522,"order_status":"PROCESSING"}
{"order_customer_id":6831,"order_id":14523,"order_status":"CLOSED"}
{"order_customer_id":2125,"order_id":14524,"order_status":"COMPLETE"}
{"order_customer_id":2788,"order_id":14525,"order_status":"COMPLETE"}
{"order_customer_id":3926,"order_id":14526,"order_status":"COMPLETE"}
{"order_customer_id":5291,"order_id":14527,"order_status":"PENDING_PAYMENT"}
{"order_customer_id":7413,"order_id":14528,"order_status":"PROCESSING"}
{"order_customer_id":1472,"order_id":14529,"order_status":"COMPLETE"}
{"order_customer_id":4668,"order_id":14530,"order_status":"COMPLETE"}
{"order_customer_id":11793,"order_id":14531,"order_status":"PENDING_PAYMENT"}
{"order_customer_id":10072,"order_id":14532,"order_status":"COMPLETE"}
{"order_customer_id":2200,"order_id":14533,"order_status":"CANCELED"}
{"order_customer_id":10761,"order_id":14534,"order_status":"PROCESSING"}
{"order_customer_id":3420,"order_id":14535,"order_status":"ON_HOLD"}
{"order_customer_id":6647,"order_id":14536,"order_status":"COMPLETE"}
{"order_customer_id":6457,"order_id":14537,"order_status":"CLOSED"}
{"order_customer_id":8314,"order_id":14538,"order_status":"COMPLETE"}
{"order_customer_id":242,"order_id":14539,"order_status":"COMPLETE"}
{"order_customer_id":12069,"order_id":14540,"order_status":"PROCESSING"}
{"order_customer_id":12193,"order_id":14541,"order_status":"COMPLETE"}
{"order_customer_id":570,"order_id":14542,"order_status":"COMPLETE"}
{"order_customer_id":5851,"order_id":14543,"order_status":"PENDING_PAYMENT"}
{"order_customer_id":4727,"order_id":14544,"order_status":"COMPLETE"}
{"order_customer_id":7778,"order_id":14545,"order_status":"CLOSED"}
{"order_customer_id":11338,"order_id":14546,"order_status":"COMPLETE"}
{"order_customer_id":8314,"order_id":14547,"order_status":"COMPLETE"}
{"order_customer_id":2813,"order_id":14548,"order_status":"PROCESSING"}
{"order_customer_id":1792,"order_id":14549,"order_status":"PENDING_PAYMENT"}
{"order_customer_id":5689,"order_id":14550,"order_status":"SUSPECTED_FRAUD"}
{"order_customer_id":2028,"order_id":14551,"order_status":"COMPLETE"}
{"order_customer_id":4487,"order_id":14552,"order_status":"PENDING_PAYMENT"}
{"order_customer_id":7132,"order_id":14553,"order_status":"PENDING_PAYMENT"}
{"order_customer_id":172,"order_id":14554,"order_status":"CANCELED"}
{"order_customer_id":3231,"order_id":60092,"order_status":"CANCELED"}
{"order_customer_id":12315,"order_id":60093,"order_status":"PENDING_PAYMENT"}
{"order_customer_id":6900,"order_id":60094,"order_status":"PROCESSING"}
{"order_customer_id":7983,"order_id":60095,"order_status":"PENDING"}
{"order_customer_id":10241,"order_id":60096,"order_status":"COMPLETE"}
{"order_customer_id":2549,"order_id":60097,"order_status":"PROCESSING"}
{"order_customer_id":9642,"order_id":60098,"order_status":"COMPLETE"}
{"order_customer_id":3864,"order_id":60099,"order_status":"COMPLETE"}
{"order_customer_id":2627,"order_id":60100,"order_status":"COMPLETE"}
{"order_customer_id":602,"order_id":60101,"order_status":"COMPLETE"}
{"order_customer_id":577,"order_id":60102,"order_status":"COMPLETE"}
{"order_customer_id":2268,"order_id":60103,"order_status":"CLOSED"}
{"order_customer_id":12400,"order_id":60104,"order_status":"CLOSED"}
{"order_customer_id":111,"order_id":60105,"order_status":"COMPLETE"}
{"order_customer_id":9833,"order_id":60106,"order_status":"PENDING"}
{"order_customer_id":2007,"order_id":60107,"order_status":"COMPLETE"}
{"order_customer_id":4904,"order_id":60108,"order_status":"CLOSED"}
{"order_customer_id":7601,"order_id":60109,"order_status":"PENDING_PAYMENT"}
{"order_customer_id":3974,"order_id":60110,"order_status":"PENDING_PAYMENT"}
{"order_customer_id":11284,"order_id":60111,"order_status":"COMPLETE"}
{"order_customer_id":9785,"order_id":60112,"order_status":"PENDING_PAYMENT"}
{"order_customer_id":11393,"order_id":67737,"order_status":"PENDING_PAYMENT"}
{"order_customer_id":1817,"order_id":67738,"order_status":"COMPLETE"}
