{"order_customer_id":2528,"order_id":7040,"order_status":"COMPLETE"}
{"order_customer_id":3905,"order_id":7041,"order_status":"CLOSED"}
{"order_customer_id":6623,"order_id":7042,"order_status":"PENDING_PAYMENT"}
{"order_customer_id":10251,"order_id":7043,"order_status":"COMPLETE"}
{"order_customer_id":9775,"order_id":7044,"order_status":"PROCESSING"}
{"order_customer_id":3636,"order_id":7045,"order_status":"COMPLETE"}
{"order_customer_id":7074,"order_id":7046,"order_status":"PENDING"}
{"order_customer_id":7417,"order_id":7047,"order_status":"PENDING"}
{"order_customer_id":10409,"order_id":7048,"order_status":"SUSPECTED_FRAUD"}
{"order_customer_id":294,"order_id":7049,"order_status":"CLOSED"}
{"order_customer_id":23,"order_id":7050,"order_status":"CLOSED"}
{"order_customer_id":240,"order_id":7051,"order_status":"PROCESSING"}
{"order_customer_id":8008,"order_id":7052,"order_status":"COMPLETE"}
{"order_customer_id":10424,"order_id":7053,"order_status":"CANCELED"}
{"order_customer_id":6789,"order_id":7054,"order_status":"PENDING_PAYMENT"}
{"order_customer_id":8811,"order_id":7055,"order_status":"COMPLETE"}
{"order_customer_id":6018,"order_id":7056,"order_status":"CLOSED"}
{"order_customer_id":635,"order_id":7057,"order_status":"PENDING"}
{"order_customer_id":4627,"order_id":7058,"order_status":"COMPLETE"}
{"order_customer_id":3477,"order_id":7059,"order_status":"PENDING"}
{"order_customer_id":8866,"order_id":7060,"order_status":"PENDING"}
{"order_customer_id":5214,"order_id":7061,"order_status":"COMPLETE"}
{"order_customer_id":8068,"order_id":7062,"order_status":"PENDING_PAYMENT"}
{"order_customer_id":10344,"order_id":7063,"order_status":"CLOSED"}
{"order_customer_id":328,"order_id":7064,"order_status":"PENDING_PAYMENT"}
{"order_customer_id":5905,"order_id":7065,"order_status":"PENDING"}
{"order_customer_id":5050,"order_id":7066,"order_status":"ON_HOLD"}
{"order_customer_id":2961,"order_id":7067,"order_status":"CANCELED"}
{"order_customer_id":6870,"order_id":7068,"order_status":"PENDING_PAYMENT"}
{"order_customer_id":885,"order_id":7069,"order_status":"PENDING_PAYMENT"}
{"order_customer_id":1606,"order_id":7070,"order_status":"PROCESSING"}
{"order_customer_id":9134,"order_id":7071,"order_status":"PENDING_PAYMENT"}
{"order_customer_id":244,"order_id":7072,"order_status":"COMPLETE"}
{"order_customer_id":2610,"order_id":7073,"order_status":"PENDING"}
{"order_customer_id":10703,"order_id":7074,"order_status":"PENDING"}
{"order_customer_id":8104,"order_id":7075,"order_status":"PENDING"}
{"order_customer_id":11729,"order_id":7076,"order_status":"COMPLETE"}
{"order_customer_id":7326,"order_id":7077,"order_status":"CLOSED"}
{"order_customer_id":8971,"order_id":7078,"order_status":"COMPLETE"}
{"order_customer_id":10126,"order_id":7079,"order_status":"PENDING_PAYMENT"}
{"order_customer_id":10401,"order_id":7080,"order_status":"PENDING_PAYMENT"}
{"order_customer_id":7823,"order_id":7081,"order_status":"CANCELED"}
{"order_customer_id":5632,"order_id":7082,"order_status":"COMPLETE"}
{"order_customer_id":4661,"order_id":7083,"order_status":"COMPLETE"}
{"order_customer_id":8519,"order_id":7084,"order_status":"PROCESSING"}
{"order_customer_id":3839,"order_id":7085,"order_status":"COMPLETE"}
{"order_customer_id":1228,"order_id":7086,"order_status":"PENDING_PAYMENT"}
{"order_customer_id":6048,"order_id":7087,"order_status":"CLOSED"}
{"order_customer_id":6156,"order_id":7088,"order_status":"ON_HOLD"}
{"order_customer_id":10309,"order_id":7089,"order_status":"PENDING_PAYMENT"}
{"order_customer_id":5125,"order_id":7090,"order_status":"COMPLETE"}
{"order_customer_id":1940,"order_id":7091,"order_status":"PENDING"}
{"order_customer_id":8861,"order_id":7092,"order_status":"PENDING_PAYMENT"}
{"order_customer_id":6161,"order_id":7093,"order_status":"CANCELED"}
{"order_customer_id":4067,"order_id":7094,"order_status":"COMPLETE"}
{"order_customer_id":1746,"order_id":7095,"order_status":"PROCESSING"}
{"order_customer_id":7967,"order_id":7096,"order_status":"PENDING"}
{"order_customer_id":6837,"order_id":7097,"order_status":"COMPLETE"}
{"order_customer_id":11757,"order_id":7098,"order_status":"COMPLETE"}
{"order_customer_id":3252,"order_id":7099,"order_status":"COMPLETE"}
{"order_customer_id":2217,"order_id":7100,"order_status":"CANCELED"}
{"order_customer_id":3216,"order_id":7101,"order_status":"ON_HOLD"}
{"order_customer_id":1400,"order_id":7102,"order_status":"PENDING"}
{"order_customer_id":12078,"order_id":7103,"order_status":"PENDING_PAYMENT"}
{"order_customer_id":10597,"order_id":7104,"order_status":"PENDING_PAYMENT"}
{"order_customer_id":6097,"order_id":7105,"order_status":"SUSPECTED_FRAUD"}
{"order_customer_id":2002,"order_id":7106,"order_status":"PENDING_PAYMENT"}
{"order_customer_id":3543,"order_id":7107,"order_status":"COMPLETE"}
{"order_customer_id":10128,"order_id":7108,"order_status":"PENDING_PAYMENT"}
{"order_customer_id":9119,"order_id":7109,"order_status":"CLOSED"}
{"order_customer_id":2617,"order_id":7110,"order_status":"PENDING_PAYMENT"}
{"order_customer_id":724,"order_id":7111,"order_status":"PENDING_PAYMENT"}
{"order_customer_id":1667,"order_id":7112,"order_status":"PROCESSING"}
{"order_customer_id":1635,"order_id":7113,"order_status":"COMPLETE"}
{"order_customer_id":5770,"order_id":7114,"order_status":"COMPLETE"}
{"order_customer_id":2484,"order_id":7115,"order_status":"COMPLETE"}
{"order_customer_id":11168,"order_id":7116,"order_status":"PENDING"}
{"order_customer_id":7925,"order_id":7117,"order_status":"COMPLETE"}
{"order_customer_id":11889,"order_id":7118,"order_status":"COMPLETE"}
{"order_customer_id":420,"order_id":7119,"order_status":"PROCESSING"}
{"order_customer_id":9114,"order_id":7120,"order_status":"PENDING_PAYMENT"}
{"order_customer_id":1620,"order_id":7121,"order_status":"PROCESSING"}
{"order_customer_id":5279,"order_id":7122,"order_status":"PENDING"}
{"order_customer_id":6019,"order_id":7123,"order_status":"PENDING_PAYMENT"}
{"order_customer_id":10206,"order_id":7124,"order_status":"ON_HOLD"}
{"order_customer_id":12097,"order_id":7125,"order_status":"COMPLETE"}
{"order_customer_id":9838,"order_id":7126,"order_status":"PENDING_PAYMENT"}
{"order_customer_id":7830,"order_id":7127,"order_status":"PENDING"}
{"order_customer_id":308,"order_id":7128,"order_status":"COMPLETE"}
{"order_customer_id":1405,"order_id":7129,"order_status":"COMPLETE"}
{"order_customer_id":9726,"order_id":7130,"order_status":"PAYMENT_REVIEW"}
{"order_customer_id":8227,"order_id":7131,"order_status":"PENDING"}
{"order_customer_id":150,"order_id":7132,"order_status":"COMPLETE"}
{"order_customer_id":551,"order_id":7133,"order_status":"ON_HOLD"}
{"order_customer_id":8346,"order_id":7134,"order_status":"COMPLETE"}
{"order_customer_id":12107,"order_id":7135,"order_status":"COMPLETE"}
{"order_customer_id":127,"order_id":7136,"order_status":"PAYMENT_REVIEW"}
{"order_customer_id":740,"order_id":7137,"order_status":"COMPLETE"}
{"order_customer_id":4847,"order_id":7138,"order_status":"COMPLETE"}
{"order_customer_id":9523,"order_id":7139,"order_status":"ON_HOLD"}
{"order_customer_id":5836,"order_id":7140,"order_status":"PROCESSING"}
{"order_customer_id":9419,"order_id":7141,"order_status":"CANCELED"}
{"order_customer_id":4623,"order_id":7142,"order_status":"PROCESSING"}
{"order_customer_id":3127,"order_id":7143,"order_status":"PENDING_PAYMENT"}
{"order_customer_id":10817,"order_id":7144,"order_status":"PENDING"}
{"order_customer_id":1101,"order_id":7145,"order_status":"COMPLETE"}
{"order_customer_id":8278,"order_id":7146,"order_status":"PENDING_PAYMENT"}
{"order_customer_id":9600,"order_id":7147,"order_status":"PENDING"}
{"order_customer_id":7978,"order_id":7148,"order_status":"COMPLETE"}
{"order_customer_id":6812,"order_id":7149,"order_status":"PENDING_PAYMENT"}
{"order_customer_id":11452,"order_id":7150,"order_status":"PENDING_PAYMENT"}
{"order_customer_id":254,"order_id":7151,"order_status":"COMPLETE"}
{"order_customer_id":8580,"order_id":7152,"order_status":"CLOSED"}
{"order_customer_id":565,"order_id":7153,"order_status":"COMPLETE"}
{"order_customer_id":5546,"order_id":7154,"order_status":"PENDING_PAYMENT"}
{"order_customer_id":3193,"order_id":7155,"order_status":"COMPLETE"}
{"order_customer_id":6010,"order_id":7156,"order_status":"PROCESSING"}
{"order_customer_id":11596,"order_id":7157,"order_status":"PENDING_PAYMENT"}
{"order_customer_id":6071,"order_id":7158,"order_status":"SUSPECTED_FRAUD"}
{"order_customer_id":10750,"order_id":7159,"order_status":"CLOSED"}
{"order_customer_id":8892,"order_id":7160,"order_status":"CLOSED"}
{"order_customer_id":2717,"order_id":7161,"order_status":"CLOSED"}
{"order_customer_id":9601,"order_id":7162,"order_status":"ON_HOLD"}
{"order_customer_id":6510,"order_id":7163,"order_status":"COMPLETE"}
{"order_customer_id":156,"order_id":7164,"order_status":"COMPLETE"}
{"order_customer_id":10311,"order_id":7165,"order_status":"COMPLETE"}
{"order_customer_id":4152,"order_id":7166,"order_status":"PENDING_PAYMENT"}
{"order_customer_id":11948,"order_id":7167,"order_status":"PROCESSING"}
{"order_customer_id":6691,"order_id":7168,"order_status":"CLOSED"}
{"order_customer_id":2945,"order_id":7169,"order_status":"PROCESSING"}
{"order_customer_id":9329,"order_id":7170,"order_status":"COMPLETE"}
{"order_customer_id":2440,"order_id":7171,"order_status":"PENDING_PAYMENT"}
{"order_customer_id":7367,"order_id":7172,"order_status":"ON_HOLD"}
{"order_customer_id":4050,"order_id":7173,"order_status":"PENDING_PAYMENT"}
{"order_customer_id":8169,"order_id":7174,"order_status":"PENDING_PAYMENT"}
{"order_customer_id":6058,"order_id":7175,"order_status":"PROCESSING"}
{"order_customer_id":9891,"order_id":7176,"order_status":"ON_HOLD"}
{"order_customer_id":4255,"order_id":7177,"order_status":"COMPLETE"}
{"order_customer_id":1901,"order_id":7178,"order_status":"COMPLETE"}
{"order_customer_id":7915,"order_id":7179,"order_status":"SUSPECTED_FRAUD"}
{"order_customer_id":1467,"order_id":7180,"order_status":"PENDING_PAYMENT"}
{"order_customer_id":6692,"order_id":7181,"order_status":"PENDING_PAYMENT"}
{"order_customer_id":5324,"order_id":7182,"order_status":"COMPLETE"}
{"order_customer_id":12265,"order_id":7183,"order_status":"ON_HOLD"}
{"order_customer_id":11386,"order_id":7184,"order_status":"PENDING"}
{"order_customer_id":2653,"order_id":7185,"order_status":"PENDING_PAYMENT"}
{"order_customer_id":5039,"order_id":7186,"order_status":"COMPLETE"}
{"order_customer_id":11070,"order_id":7187,"order_status":"CANCELED"}
{"order_customer_id":9743,"order_id":7188,"order_status":"COMPLETE"}
{"order_customer_id":6420,"order_id":7189,"order_status":"COMPLETE"}
{"order_customer_id":6278,"order_id":7190,"order_status":"COMPLETE"}
{"order_customer_id":11536,"order_id":7191,"order_status":"ON_HOLD"}
{"order_customer_id":10766,"order_id":7192,"order_status":"PENDING_PAYMENT"}
{"order_customer_id":10677,"order_id":7193,"order_status":"PENDING_PAYMENT"}
{"order_customer_id":7509,"order_id":7194,"order_status":"PENDING_PAYMENT"}
{"order_customer_id":3955,"order_id":7195,"order_status":"PENDING_PAYMENT"}
{"order_customer_id":9168,"order_id":7196,"order_status":"CLOSED"}
{"order_customer_id":11408,"order_id":7197,"order_status":"COMPLETE"}
{"order_customer_id":2267,"order_id":7198,"order_status":"COMPLETE"}
{"order_customer_id":12118,"order_id":7199,"order_status":"CLOSED"}
{"order_customer_id":1483,"order_id":7200,"order_status":"ON_HOLD"}
{"order_customer_id":2673,"order_id":7201,"order_status":"PROCESSING"}
{"order_customer_id":4297,"order_id":7202,"order_status":"PENDING"}
{"order_customer_id":8557,"order_id":7203,"order_status":"CLOSED"}
{"order_customer_id":3259,"order_id":7204,"order_status":"COMPLETE"}
{"order_customer_id":7777,"order_id":7205,"order_status":"COMPLETE"}
{"order_customer_id":1501,"order_id":7206,"order_status":"COMPLETE"}
{"order_customer_id":9940,"order_id":7207,"order_status":"PENDING_PAYMENT"}
{"order_customer_id":9463,"order_id":7208,"order_status":"COMPLETE"}
{"order_customer_id":1598,"order_id":7209,"order_status":"COMPLETE"}
{"order_customer_id":11180,"order_id":7210,"order_status":"COMPLETE"}
{"order_customer_id":6457,"order_id":7211,"order_status":"COMPLETE"}
{"order_customer_id":4450,"order_id":7212,"order_status":"COMPLETE"}
{"order_customer_id":12207,"order_id":7213,"order_status":"CLOSED"}
{"order_customer_id":870,"order_id":7214,"order_status":"PENDING_PAYMENT"}
{"order_customer_id":2882,"order_id":7215,"order_status":"COMPLETE"}
{"order_customer_id":9962,"order_id":7216,"order_status":"PENDING"}
{"order_customer_id":10683,"order_id":7217,"order_status":"COMPLETE"}
{"order_customer_id":5380,"order_id":7218,"order_status":"PENDING"}
{"order_customer_id":2250,"order_id":7219,"order_status":"CLOSED"}
{"order_customer_id":6535,"order_id":7220,"order_status":"COMPLETE"}
{"order_customer_id":11083,"order_id":7221,"order_status":"COMPLETE"}
{"order_customer_id":1469,"order_id":58906,"order_status":"COMPLETE"}
{"order_customer_id":8017,"order_id":58907,"order_status":"SUSPECTED_FRAUD"}
{"order_customer_id":11163,"order_id":58908,"order_status":"PENDING_PAYMENT"}
{"order_customer_id":1062,"order_id":58909,"order_status":"COMPLETE"}
{"order_customer_id":10322,"order_id":58910,"order_status":"PENDING"}
{"order_customer_id":2110,"order_id":58911,"order_status":"SUSPECTED_FRAUD"}
{"order_customer_id":6219,"order_id":58912,"order_status":"SUSPECTED_FRAUD"}
{"order_customer_id":2103,"order_id":58913,"order_status":"PENDING_PAYMENT"}
{"order_customer_id":8666,"order_id":58914,"order_status":"ON_HOLD"}
{"order_customer_id":11424,"order_id":58915,"order_status":"COMPLETE"}
{"order_customer_id":3113,"order_id":58916,"order_status":"PENDING"}
{"order_customer_id":12433,"order_id":58917,"order_status":"PAYMENT_REVIEW"}
{"order_customer_id":1176,"order_id":58918,"order_status":"PENDING_PAYMENT"}
{"order_customer_id":12,"order_id":58919,"order_status":"ON_HOLD"}
{"order_customer_id":7725,"order_id":58920,"order_status":"PENDING_PAYMENT"}
{"order_customer_id":11375,"order_id":58921,"order_status":"PENDING"}
{"order_customer_id":10210,"order_id":58922,"order_status":"PENDING"}
{"order_customer_id":554,"order_id":58923,"order_status":"COMPLETE"}
{"order_customer_id":686,"order_id":58924,"order_status":"COMPLETE"}
{"order_customer_id":5903,"order_id":58925,"order_status":"PROCESSING"}
{"order_customer_id":6357,"order_id":58926,"order_status":"PENDING_PAYMENT"}
{"order_customer_id":12411,"order_id":58927,"order_status":"PROCESSING"}
{"order_customer_id":627,"order_id":58928,"order_status":"PENDING_PAYMENT"}
{"order_customer_id":5552,"order_id":58929,"order_status":"CLOSED"}
{"order_customer_id":11249,"order_id":58930,"order_status":"COMPLETE"}
{"order_customer_id":4948,"order_id":58931,"order_status":"CLOSED"}
{"order_customer_id":1654,"order_id":58932,"order_status":"SUSPECTED_FRAUD"}
{"order_customer_id":6836,"order_id":67585,"order_status":"CLOSED"}
{"order_customer_id":294,"order_id":67586,"order_status":"COMPLETE"}
{"order_customer_id":3458,"order_id":67587,"order_status":"ON_HOLD"}
{"order_customer_id":8116,"order_id":67588,"order_status":"ON_HOLD"}
{"order_customer_id":8041,"order_id":67589,"order_status":"CLOSED"}
{"order_customer_id":2802,"order_id":67590,"order_status":"COMPLETE"}
