{"order_customer_id":274,"order_id":35863,"order_status":"PAYMENT_REVIEW"}
{"order_customer_id":941,"order_id":35864,"order_status":"PROCESSING"}
{"order_customer_id":9529,"order_id":35865,"order_status":"PENDING"}
{"order_customer_id":5265,"order_id":35866,"order_status":"PENDING_PAYMENT"}
{"order_customer_id":8755,"order_id":35867,"order_status":"PENDING_PAYMENT"}
{"order_customer_id":10648,"order_id":35868,"order_status":"PENDING"}
{"order_customer_id":7301,"order_id":35869,"order_status":"CLOSED"}
{"order_customer_id":5564,"order_id":35870,"order_status":"COMPLETE"}
{"order_customer_id":4295,"order_id":35871,"order_status":"PROCESSING"}
{"order_customer_id":3488,"order_id":35872,"order_status":"COMPLETE"}
{"order_customer_id":6988,"order_id":35873,"order_status":"COMPLETE"}
{"order_customer_id":5332,"order_id":35874,"order_status":"PENDING_PAYMENT"}
{"order_customer_id":8038,"order_id":35875,"order_status":"PENDING"}
{"order_customer_id":9206,"order_id":35876,"order_status":"ON_HOLD"}
{"order_customer_id":1197,"order_id":35877,"order_status":"PENDING_PAYMENT"}
{"order_customer_id":3329,"order_id":35878,"order_status":"SUSPECTED_FRAUD"}
{"order_customer_id":7233,"order_id":35879,"order_status":"PENDING_PAYMENT"}
{"order_customer_id":3523,"order_id":35880,"order_status":"PENDING_PAYMENT"}
{"order_customer_id":8078,"order_id":35881,"order_status":"PENDING_PAYMENT"}
{"order_customer_id":10806,"order_id":35882,"order_status":"COMPLETE"}
{"order_customer_id":5725,"order_id":35883,"order_status":"PENDING_PAYMENT"}
{"order_customer_id":342,"order_id":35884,"order_status":"PENDING"}
{"order_customer_id":572,"order_id":35885,"order_status":"PENDING_PAYMENT"}
{"order_customer_id":9246,"order_id":35886,"order_status":"COMPLETE"}
{"order_customer_id":5129,"order_id":35887,"order_status":"CLOSED"}
{"order_customer_id":5592,"order_id":35888,"order_status":"PENDING"}
{"order_customer_id":9883,"order_id":35889,"order_status":"PENDING_PAYMENT"}
{"order_customer_id":1274,"order_id":35890,"order_status":"CLOSED"}
{"order_customer_id":11689,"order_id":35891,"order_status":"COMPLETE"}
{"order_customer_id":9658,"order_id":35892,"order_status":"PROCESSING"}
{"order_customer_id":2175,"order_id":35893,"order_status":"PENDING_PAYMENT"}
{"order_customer_id":7380,"order_id":35894,"order_status":"PENDING_PAYMENT"}
{"order_customer_id":3365,"order_id":35895,"order_status":"PENDING"}
{"order_customer_id":8724,"order_id":35896,"order_status":"CANCELED"}
{"order_customer_id":1801,"order_id":35897,"order_status":"PENDING_PAYMENT"}
{"order_customer_id":10679,"order_id":35898,"order_status":"CANCELED"}
{"order_customer_id":11159,"order_id":35899,"order_status":"COMPLETE"}
{"order_customer_id":10167,"order_id":35900,"order_status":"ON_HOLD"}
{"order_customer_id":1008,"order_id":35901,"order_status":"PROCESSING"}
{"order_customer_id":9642,"order_id":35902,"order_status":"PENDING"}
{"order_customer_id":1402,"order_id":35903,"order_status":"PAYMENT_REVIEW"}
{"order_customer_id":11490,"order_id":35904,"order_status":"PROCESSING"}
{"order_customer_id":7687,"order_id":35905,"order_status":"COMPLETE"}
{"order_customer_id":4286,"order_id":35906,"order_status":"COMPLETE"}
{"order_customer_id":2509,"order_id":35907,"order_status":"PENDING_PAYMENT"}
{"order_customer_id":3434,"order_id":35908,"order_status":"PENDING_PAYMENT"}
{"order_customer_id":437,"order_id":35909,"order_status":"CLOSED"}
{"order_customer_id":7267,"order_id":35910,"order_status":"COMPLETE"}
{"order_customer_id":4105,"order_id":35911,"order_status":"PROCESSING"}
{"order_customer_id":8224,"order_id":35912,"order_status":"PENDING"}
{"order_customer_id":950,"order_id":35913,"order_status":"PROCESSING"}
{"order_customer_id":2598,"order_id":35914,"order_status":"PENDING"}
{"order_customer_id":5594,"order_id":35915,"order_status":"COMPLETE"}
{"order_customer_id":6075,"order_id":35916,"order_status":"COMPLETE"}
{"order_customer_id":2350,"order_id":35917,"order_status":"PENDING"}
{"order_customer_id":9138,"order_id":35918,"order_status":"PENDING_PAYMENT"}
{"order_customer_id":8038,"order_id":35919,"order_status":"PENDING"}
{"order_customer_id":5640,"order_id":35920,"order_status":"ON_HOLD"}
{"order_customer_id":4002,"order_id":35921,"order_status":"CLOSED"}
{"order_customer_id":5414,"order_id":35922,"order_status":"COMPLETE"}
{"order_customer_id":9246,"order_id":35923,"order_status":"ON_HOLD"}
{"order_customer_id":11524,"order_id":35924,"order_status":"COMPLETE"}
{"order_customer_id":11318,"order_id":35925,"order_status":"COMPLETE"}
{"order_customer_id":10685,"order_id":35926,"order_status":"PROCESSING"}
{"order_customer_id":5684,"order_id":35927,"order_status":"COMPLETE"}
{"order_customer_id":4353,"order_id":35928,"order_status":"COMPLETE"}
{"order_customer_id":1118,"order_id":35929,"order_status":"PENDING"}
{"order_customer_id":12330,"order_id":35930,"order_status":"PROCESSING"}
{"order_customer_id":11133,"order_id":35931,"order_status":"PENDING"}
{"order_customer_id":9670,"order_id":35932,"order_status":"COMPLETE"}
{"order_customer_id":135,"order_id":35933,"order_status":"PENDING_PAYMENT"}
{"order_customer_id":8132,"order_id":35934,"order_status":"CLOSED"}
{"order_customer_id":3132,"order_id":35935,"order_status":"CLOSED"}
{"order_customer_id":6859,"order_id":35936,"order_status":"PENDING"}
{"order_customer_id":2839,"order_id":35937,"order_status":"PENDING"}
{"order_customer_id":2124,"order_id":35938,"order_status":"PROCESSING"}
{"order_customer_id":11647,"order_id":35939,"order_status":"PROCESSING"}
{"order_customer_id":6561,"order_id":35940,"order_status":"COMPLETE"}
{"order_customer_id":5233,"order_id":35941,"order_status":"COMPLETE"}
{"order_customer_id":58,"order_id":35942,"order_status":"PENDING_PAYMENT"}
{"order_customer_id":2210,"order_id":35943,"order_status":"COMPLETE"}
{"order_customer_id":8790,"order_id":35944,"order_status":"PENDING_PAYMENT"}
{"order_customer_id":3794,"order_id":35945,"order_status":"PENDING_PAYMENT"}
{"order_customer_id":1050,"order_id":35946,"order_status":"PENDING"}
{"order_customer_id":4217,"order_id":35947,"order_status":"ON_HOLD"}
{"order_customer_id":9208,"order_id":35948,"order_status":"PROCESSING"}
{"order_customer_id":7502,"order_id":35949,"order_status":"COMPLETE"}
{"order_customer_id":5015,"order_id":35950,"order_status":"COMPLETE"}
{"order_customer_id":8651,"order_id":35951,"order_status":"PENDING"}
{"order_customer_id":3983,"order_id":35952,"order_status":"CLOSED"}
{"order_customer_id":3691,"order_id":35953,"order_status":"PENDING_PAYMENT"}
{"order_customer_id":6692,"order_id":35954,"order_status":"COMPLETE"}
{"order_customer_id":2629,"order_id":35955,"order_status":"PENDING_PAYMENT"}
{"order_customer_id":4719,"order_id":35956,"order_status":"PENDING_PAYMENT"}
{"order_customer_id":11928,"order_id":35957,"order_status":"COMPLETE"}
{"order_customer_id":10470,"order_id":35958,"order_status":"PENDING_PAYMENT"}
{"order_customer_id":11654,"order_id":35959,"order_status":"PENDING"}
{"order_customer_id":1211,"order_id":35960,"order_status":"PENDING"}
{"order_customer_id":832,"order_id":35961,"order_status":"PENDING"}
{"order_customer_id":1247,"order_id":35962,"order_status":"COMPLETE"}
{"order_customer_id":1547,"order_id":35963,"order_status":"COMPLETE"}
{"order_customer_id":11253,"order_id":35964,"order_status":"COMPLETE"}
{"order_customer_id":1752,"order_id":35965,"order_status":"PENDING_PAYMENT"}
{"order_customer_id":1374,"order_id":35966,"order_status":"PENDING_PAYMENT"}
{"order_customer_id":6993,"order_id":35967,"order_status":"ON_HOLD"}
{"order_customer_id":7331,"order_id":35968,"order_status":"COMPLETE"}
{"order_customer_id":1493,"order_id":35969,"order_status":"COMPLETE"}
{"order_customer_id":7889,"order_id":35970,"order_status":"PENDING"}
{"order_customer_id":3486,"order_id":35971,"order_status":"COMPLETE"}
{"order_customer_id":4364,"order_id":35972,"order_status":"COMPLETE"}
{"order_customer_id":6585,"order_id":35973,"order_status":"ON_HOLD"}
{"order_customer_id":3013,"order_id":35974,"order_status":"COMPLETE"}
{"order_customer_id":4200,"order_id":35975,"order_status":"PENDING_PAYMENT"}
{"order_customer_id":3330,"order_id":35976,"order_status":"PROCESSING"}
{"order_customer_id":1280,"order_id":35977,"order_status":"COMPLETE"}
{"order_customer_id":8055,"order_id":35978,"order_status":"PROCESSING"}
{"order_customer_id":3139,"order_id":35979,"order_status":"PENDING_PAYMENT"}
{"order_customer_id":5009,"order_id":35980,"order_status":"PENDING"}
{"order_customer_id":6280,"order_id":35981,"order_status":"CANCELED"}
{"order_customer_id":8814,"order_id":35982,"order_status":"PENDING_PAYMENT"}
{"order_customer_id":9059,"order_id":35983,"order_status":"COMPLETE"}
{"order_customer_id":3679,"order_id":35984,"order_status":"PENDING"}
{"order_customer_id":10885,"order_id":35985,"order_status":"PENDING_PAYMENT"}
{"order_customer_id":11527,"order_id":35986,"order_status":"COMPLETE"}
{"order_customer_id":11143,"order_id":35987,"order_status":"PENDING_PAYMENT"}
{"order_customer_id":5790,"order_id":35988,"order_status":"PENDING"}
{"order_customer_id":3139,"order_id":35989,"order_status":"COMPLETE"}
{"order_customer_id":10245,"order_id":35990,"order_status":"COMPLETE"}
{"order_customer_id":9978,"order_id":35991,"order_status":"PROCESSING"}
{"order_customer_id":9584,"order_id":35992,"order_status":"COMPLETE"}
{"order_customer_id":8701,"order_id":35993,"order_status":"COMPLETE"}
{"order_customer_id":610,"order_id":35994,"order_status":"COMPLETE"}
{"order_customer_id":544,"order_id":35995,"order_status":"COMPLETE"}
{"order_customer_id":8678,"order_id":35996,"order_status":"PROCESSING"}
{"order_customer_id":12238,"order_id":35997,"order_status":"PROCESSING"}
{"order_customer_id":12181,"order_id":35998,"order_status":"PROCESSING"}
{"order_customer_id":12280,"order_id":35999,"order_status":"CANCELED"}
{"order_customer_id":3812,"order_id":36000,"order_status":"PROCESSING"}
{"order_customer_id":2840,"order_id":36001,"order_status":"COMPLETE"}
{"order_customer_id":768,"order_id":36002,"order_status":"COMPLETE"}
{"order_customer_id":7766,"order_id":36003,"order_status":"COMPLETE"}
{"order_customer_id":8621,"order_id":36004,"order_status":"PENDING_PAYMENT"}
{"order_customer_id":4810,"order_id":36005,"order_status":"PROCESSING"}
{"order_customer_id":6381,"order_id":36006,"order_status":"PROCESSING"}
{"order_customer_id":10869,"order_id":36007,"order_status":"PENDING_PAYMENT"}
{"order_customer_id":9326,"order_id":36008,"order_status":"COMPLETE"}
{"order_customer_id":4050,"order_id":36009,"order_status":"PENDING_PAYMENT"}
{"order_customer_id":4669,"order_id":36010,"order_status":"PENDING_PAYMENT"}
{"order_customer_id":9286,"order_id":36011,"order_status":"PENDING_PAYMENT"}
{"order_customer_id":1454,"order_id":36012,"order_status":"CLOSED"}
{"order_customer_id":266,"order_id":36013,"order_status":"SUSPECTED_FRAUD"}
{"order_customer_id":85,"order_id":36014,"order_status":"SUSPECTED_FRAUD"}
{"order_customer_id":8479,"order_id":36015,"order_status":"CLOSED"}
{"order_customer_id":1536,"order_id":36016,"order_status":"PENDING"}
{"order_customer_id":8586,"order_id":36017,"order_status":"PENDING_PAYMENT"}
{"order_customer_id":7986,"order_id":36018,"order_status":"CLOSED"}
{"order_customer_id":11399,"order_id":36019,"order_status":"COMPLETE"}
{"order_customer_id":585,"order_id":36020,"order_status":"COMPLETE"}
{"order_customer_id":6772,"order_id":36021,"order_status":"PROCESSING"}
{"order_customer_id":2094,"order_id":36022,"order_status":"COMPLETE"}
{"order_customer_id":7110,"order_id":36023,"order_status":"SUSPECTED_FRAUD"}
{"order_customer_id":5812,"order_id":36024,"order_status":"PENDING_PAYMENT"}
{"order_customer_id":6602,"order_id":36025,"order_status":"COMPLETE"}
{"order_customer_id":10613,"order_id":36026,"order_status":"PENDING_PAYMENT"}
{"order_customer_id":10487,"order_id":36027,"order_status":"PROCESSING"}
{"order_customer_id":6303,"order_id":36028,"order_status":"CANCELED"}
{"order_customer_id":1882,"order_id":36029,"order_status":"COMPLETE"}
{"order_customer_id":8518,"order_id":36030,"order_status":"PENDING"}
{"order_customer_id":4702,"order_id":36031,"order_status":"COMPLETE"}
{"order_customer_id":1764,"order_id":36032,"order_status":"COMPLETE"}
{"order_customer_id":8730,"order_id":36033,"order_status":"PENDING_PAYMENT"}
{"order_customer_id":3485,"order_id":36034,"order_status":"PROCESSING"}
{"order_customer_id":5349,"order_id":36035,"order_status":"CLOSED"}
{"order_customer_id":3600,"order_id":36036,"order_status":"PROCESSING"}
{"order_customer_id":9475,"order_id":36037,"order_status":"PROCESSING"}
{"order_customer_id":4646,"order_id":36038,"order_status":"PENDING"}
{"order_customer_id":3602,"order_id":36039,"order_status":"CLOSED"}
{"order_customer_id":11443,"order_id":36040,"order_status":"PENDING_PAYMENT"}
{"order_customer_id":10307,"order_id":36041,"order_status":"PROCESSING"}
{"order_customer_id":4492,"order_id":36042,"order_status":"COMPLETE"}
{"order_customer_id":6019,"order_id":36043,"order_status":"PENDING"}
{"order_customer_id":2540,"order_id":36044,"order_status":"ON_HOLD"}
{"order_customer_id":9410,"order_id":36045,"order_status":"PROCESSING"}
{"order_customer_id":8132,"order_id":36046,"order_status":"CLOSED"}
{"order_customer_id":8020,"order_id":36047,"order_status":"COMPLETE"}
{"order_customer_id":11445,"order_id":36048,"order_status":"COMPLETE"}
{"order_customer_id":1438,"order_id":36049,"order_status":"COMPLETE"}
{"order_customer_id":6049,"order_id":36050,"order_status":"PENDING"}
{"order_customer_id":3665,"order_id":36051,"order_status":"CLOSED"}
{"order_customer_id":2674,"order_id":36052,"order_status":"PENDING_PAYMENT"}
{"order_customer_id":4697,"order_id":36053,"order_status":"COMPLETE"}
{"order_customer_id":2068,"order_id":36054,"order_status":"PENDING_PAYMENT"}
{"order_customer_id":2821,"order_id":36055,"order_status":"PENDING_PAYMENT"}
{"order_customer_id":6388,"order_id":36056,"order_status":"PENDING"}
{"order_customer_id":8726,"order_id":36057,"order_status":"COMPLETE"}
{"order_customer_id":5695,"order_id":36058,"order_status":"CLOSED"}
{"order_customer_id":2263,"order_id":36059,"order_status":"ON_HOLD"}
{"order_customer_id":56,"order_id":36060,"order_status":"PENDING_PAYMENT"}
{"order_customer_id":489,"order_id":36061,"order_status":"PENDING"}
{"order_customer_id":8901,"order_id":36062,"order_status":"COMPLETE"}
{"order_customer_id":2826,"order_id":36063,"order_status":"CLOSED"}
{"order_customer_id":4363,"order_id":36064,"order_status":"PENDING_PAYMENT"}
{"order_customer_id":7491,"order_id":36065,"order_status":"PROCESSING"}
{"order_customer_id":5730,"order_id":36066,"order_status":"PENDING"}
{"order_customer_id":3077,"order_id":36067,"order_status":"CLOSED"}
{"order_customer_id":11303,"order_id":36068,"order_status":"CLOSED"}
{"order_customer_id":5864,"order_id":36069,"order_status":"COMPLETE"}
{"order_customer_id":3957,"order_id":36070,"order_status":"COMPLETE"}
{"order_customer_id":1444,"order_id":36071,"order_status":"PENDING_PAYMENT"}
{"order_customer_id":6014,"order_id":36072,"order_status":"PROCESSING"}
{"order_customer_id":2918,"order_id":36073,"order_status":"COMPLETE"}
{"order_customer_id":9797,"order_id":36074,"order_status":"COMPLETE"}
{"order_customer_id":4244,"order_id":36075,"order_status":"PENDING_PAYMENT"}
{"order_customer_id":4043,"order_id":36076,"order_status":"COMPLETE"}
{"order_customer_id":703,"order_id":36077,"order_status":"COMPLETE"}
{"order_customer_id":3557,"order_id":36078,"order_status":"CLOSED"}
{"order_customer_id":2455,"order_id":36079,"order_status":"PENDING_PAYMENT"}
{"order_customer_id":447,"order_id":36080,"order_status":"ON_HOLD"}
{"order_customer_id":7446,"order_id":36081,"order_status":"CLOSED"}
{"order_customer_id":3216,"order_id":36082,"order_status":"PENDING_PAYMENT"}
{"order_customer_id":12335,"order_id":36083,"order_status":"PENDING"}
{"order_customer_id":9336,"order_id":36084,"order_status":"CLOSED"}
{"order_customer_id":6379,"order_id":36085,"order_status":"COMPLETE"}
{"order_customer_id":4248,"order_id":36086,"order_status":"COMPLETE"}
{"order_customer_id":9740,"order_id":36087,"order_status":"COMPLETE"}
{"order_customer_id":7112,"order_id":36088,"order_status":"CLOSED"}
{"order_customer_id":5098,"order_id":36089,"order_status":"PROCESSING"}
{"order_customer_id":1970,"order_id":36090,"order_status":"ON_HOLD"}
{"order_customer_id":7519,"order_id":36091,"order_status":"PENDING_PAYMENT"}
{"order_customer_id":6673,"order_id":36092,"order_status":"PENDING_PAYMENT"}
{"order_customer_id":3628,"order_id":36093,"order_status":"PROCESSING"}
{"order_customer_id":8709,"order_id":36094,"order_status":"PENDING_PAYMENT"}
{"order_customer_id":11890,"order_id":36095,"order_status":"CLOSED"}
{"order_customer_id":6700,"order_id":36096,"order_status":"PENDING_PAYMENT"}
{"order_customer_id":12050,"order_id":63572,"order_status":"COMPLETE"}
{"order_customer_id":4309,"order_id":63573,"order_status":"COMPLETE"}
{"order_customer_id":4454,"order_id":63574,"order_status":"PENDING_PAYMENT"}
{"order_customer_id":10046,"order_id":63575,"order_status":"COMPLETE"}
{"order_customer_id":581,"order_id":63576,"order_status":"COMPLETE"}
{"order_customer_id":2541,"order_id":63577,"order_status":"COMPLETE"}
{"order_customer_id":9685,"order_id":63578,"order_status":"COMPLETE"}
{"order_customer_id":6900,"order_id":63579,"order_status":"PROCESSING"}
{"order_customer_id":10990,"order_id":63580,"order_status":"COMPLETE"}
{"order_customer_id":11844,"order_id":63581,"order_status":"PENDING_PAYMENT"}
{"order_customer_id":9911,"order_id":63582,"order_status":"PENDING"}
{"order_customer_id":6395,"order_id":63583,"order_status":"COMPLETE"}
{"order_customer_id":5497,"order_id":63584,"order_status":"PENDING_PAYMENT"}
{"order_customer_id":2458,"order_id":63585,"order_status":"ON_HOLD"}
{"order_customer_id":4704,"order_id":63586,"order_status":"PENDING_PAYMENT"}
{"order_customer_id":2750,"order_id":63587,"order_status":"PROCESSING"}
{"order_customer_id":9218,"order_id":63588,"order_status":"PROCESSING"}
{"order_customer_id":7051,"order_id":63589,"order_status":"PROCESSING"}
{"order_customer_id":718,"order_id":63590,"order_status":"PENDING_PAYMENT"}
{"order_customer_id":11762,"order_id":63591,"order_status":"PROCESSING"}
{"order_customer_id":8700,"order_id":63592,"order_status":"COMPLETE"}
{"order_customer_id":1336,"order_id":63593,"order_status":"COMPLETE"}
{"order_customer_id":1992,"order_id":63594,"order_status":"PENDING_PAYMENT"}
{"order_customer_id":11576,"order_id":63595,"order_status":"COMPLETE"}
{"order_customer_id":6281,"order_id":63596,"order_status":"COMPLETE"}
{"order_customer_id":2281,"order_id":68199,"order_status":"PROCESSING"}
{"order_customer_id":2372,"order_id":68200,"order_status":"COMPLETE"}
{"order_customer_id":7695,"order_id":68201,"order_status":"COMPLETE"}
{"order_customer_id":2736,"order_id":68202,"order_status":"PENDING"}
{"order_customer_id":4521,"order_id":68203,"order_status":"PENDING_PAYMENT"}
{"order_customer_id":12349,"order_id":68204,"order_status":"PENDING_PAYMENT"}
{"order_customer_id":3509,"order_id":68807,"order_status":"PROCESSING"}
