{"order_customer_id":8053,"order_id":34437,"order_status":"COMPLETE"}
{"order_customer_id":8116,"order_id":34438,"order_status":"COMPLETE"}
{"order_customer_id":7857,"order_id":34439,"order_status":"PROCESSING"}
{"order_customer_id":5921,"order_id":34440,"order_status":"CLOSED"}
{"order_customer_id":5778,"order_id":34441,"order_status":"CLOSED"}
{"order_customer_id":11706,"order_id":34442,"order_status":"PROCESSING"}
{"order_customer_id":2742,"order_id":34443,"order_status":"CLOSED"}
{"order_customer_id":9487,"order_id":34444,"order_status":"COMPLETE"}
{"order_customer_id":2391,"order_id":34445,"order_status":"ON_HOLD"}
{"order_customer_id":9912,"order_id":34446,"order_status":"CLOSED"}
{"order_customer_id":2826,"order_id":34447,"order_status":"PROCESSING"}
{"order_customer_id":7155,"order_id":34448,"order_status":"CANCELED"}
{"order_customer_id":5724,"order_id":34449,"order_status":"PROCESSING"}
{"order_customer_id":7992,"order_id":34450,"order_status":"COMPLETE"}
{"order_customer_id":11255,"order_id":34451,"order_status":"COMPLETE"}
{"order_customer_id":8512,"order_id":34452,"order_status":"PENDING"}
{"order_customer_id":9582,"order_id":34453,"order_status":"COMPLETE"}
{"order_customer_id":2020,"order_id":34454,"order_status":"CANCELED"}
{"order_customer_id":4983,"order_id":34455,"order_status":"PENDING_PAYMENT"}
{"order_customer_id":8538,"order_id":34456,"order_status":"COMPLETE"}
{"order_customer_id":3164,"order_id":34457,"order_status":"PENDING_PAYMENT"}
{"order_customer_id":7964,"order_id":34458,"order_status":"ON_HOLD"}
{"order_customer_id":3995,"order_id":34459,"order_status":"COMPLETE"}
{"order_customer_id":2653,"order_id":34460,"order_status":"COMPLETE"}
{"order_customer_id":2220,"order_id":34461,"order_status":"SUSPECTED_FRAUD"}
{"order_customer_id":392,"order_id":34462,"order_status":"COMPLETE"}
{"order_customer_id":5981,"order_id":34463,"order_status":"PENDING_PAYMENT"}
{"order_customer_id":4580,"order_id":34464,"order_status":"PENDING_PAYMENT"}
{"order_customer_id":818,"order_id":34465,"order_status":"COMPLETE"}
{"order_customer_id":5225,"order_id":34466,"order_status":"ON_HOLD"}
{"order_customer_id":5565,"order_id":34467,"order_status":"COMPLETE"}
{"order_customer_id":10868,"order_id":34468,"order_status":"PENDING"}
{"order_customer_id":7241,"order_id":34469,"order_status":"CLOSED"}
{"order_customer_id":4567,"order_id":34470,"order_status":"CLOSED"}
{"order_customer_id":4501,"order_id":34471,"order_status":"COMPLETE"}
{"order_customer_id":10175,"order_id":34472,"order_status":"PENDING_PAYMENT"}
{"order_customer_id":1501,"order_id":34473,"order_status":"ON_HOLD"}
{"order_customer_id":11380,"order_id":34474,"order_status":"PROCESSING"}
{"order_customer_id":90,"order_id":34475,"order_status":"CLOSED"}
{"order_customer_id":3501,"order_id":34476,"order_status":"COMPLETE"}
{"order_customer_id":11928,"order_id":34477,"order_status":"PENDING"}
{"order_customer_id":1285,"order_id":34478,"order_status":"PENDING_PAYMENT"}
{"order_customer_id":394,"order_id":34479,"order_status":"COMPLETE"}
{"order_customer_id":6942,"order_id":34480,"order_status":"COMPLETE"}
{"order_customer_id":5593,"order_id":34481,"order_status":"COMPLETE"}
{"order_customer_id":9720,"order_id":34482,"order_status":"COMPLETE"}
{"order_customer_id":2604,"order_id":34483,"order_status":"CLOSED"}
{"order_customer_id":2360,"order_id":34484,"order_status":"COMPLETE"}
{"order_customer_id":6021,"order_id":34485,"order_status":"PENDING_PAYMENT"}
{"order_customer_id":2161,"order_id":34486,"order_status":"PENDING"}
{"order_customer_id":6390,"order_id":34487,"order_status":"PENDING_PAYMENT"}
{"order_customer_id":5627,"order_id":34488,"order_status":"COMPLETE"}
{"order_customer_id":6693,"order_id":34489,"order_status":"COMPLETE"}
{"order_customer_id":10656,"order_id":34490,"order_status":"PROCESSING"}
{"order_customer_id":3145,"order_id":34491,"order_status":"SUSPECTED_FRAUD"}
{"order_customer_id":10691,"order_id":34492,"order_status":"PENDING_PAYMENT"}
{"order_customer_id":11748,"order_id":34493,"order_status":"COMPLETE"}
{"order_customer_id":3476,"order_id":34494,"order_status":"PENDING_PAYMENT"}
{"order_customer_id":567,"order_id":34495,"order_status":"PENDING_PAYMENT"}
{"order_customer_id":11443,"order_id":34496,"order_status":"PENDING_PAYMENT"}
{"order_customer_id":4102,"order_id":34497,"order_status":"COMPLETE"}
{"order_customer_id":7098,"order_id":34498,"order_status":"PENDING_PAYMENT"}
{"order_customer_id":1116,"order_id":34499,"order_status":"ON_HOLD"}
{"order_customer_id":606,"order_id":34500,"order_status":"ON_HOLD"}
{"order_customer_id":3447,"order_id":34501,"order_status":"PROCESSING"}
{"order_customer_id":9574,"order_id":34502,"order_status":"ON_HOLD"}
{"order_customer_id":11609,"order_id":34503,"order_status":"PENDING_PAYMENT"}
{"order_customer_id":8981,"order_id":34504,"order_status":"COMPLETE"}
{"order_customer_id":2535,"order_id":34505,"order_status":"ON_HOLD"}
{"order_customer_id":9174,"order_id":34506,"order_status":"SUSPECTED_FRAUD"}
{"order_customer_id":3960,"order_id":34507,"order_status":"CLOSED"}
{"order_customer_id":1994,"order_id":34508,"order_status":"PENDING"}
{"order_customer_id":9944,"order_id":34509,"order_status":"COMPLETE"}
{"order_customer_id":5373,"order_id":34510,"order_status":"COMPLETE"}
{"order_customer_id":11772,"order_id":34511,"order_status":"COMPLETE"}
{"order_customer_id":6279,"order_id":34512,"order_status":"PROCESSING"}
{"order_customer_id":11542,"order_id":34513,"order_status":"PENDING_PAYMENT"}
{"order_customer_id":5684,"order_id":34514,"order_status":"PAYMENT_REVIEW"}
{"order_customer_id":6431,"order_id":34515,"order_status":"PENDING_PAYMENT"}
{"order_customer_id":297,"order_id":34516,"order_status":"PENDING"}
{"order_customer_id":4442,"order_id":34517,"order_status":"PENDING_PAYMENT"}
{"order_customer_id":8756,"order_id":34518,"order_status":"COMPLETE"}
{"order_customer_id":12034,"order_id":34519,"order_status":"PENDING"}
{"order_customer_id":1334,"order_id":34520,"order_status":"COMPLETE"}
{"order_customer_id":4454,"order_id":34521,"order_status":"PAYMENT_REVIEW"}
{"order_customer_id":3289,"order_id":34522,"order_status":"PENDING_PAYMENT"}
{"order_customer_id":7874,"order_id":34523,"order_status":"PENDING_PAYMENT"}
{"order_customer_id":8657,"order_id":34524,"order_status":"PENDING_PAYMENT"}
{"order_customer_id":9857,"order_id":34525,"order_status":"COMPLETE"}
{"order_customer_id":10902,"order_id":34526,"order_status":"PROCESSING"}
{"order_customer_id":8766,"order_id":34527,"order_status":"PENDING_PAYMENT"}
{"order_customer_id":3437,"order_id":34528,"order_status":"PENDING_PAYMENT"}
{"order_customer_id":6583,"order_id":34529,"order_status":"COMPLETE"}
{"order_customer_id":4462,"order_id":34530,"order_status":"PENDING"}
{"order_customer_id":7112,"order_id":34531,"order_status":"PENDING_PAYMENT"}
{"order_customer_id":6872,"order_id":34532,"order_status":"CLOSED"}
{"order_customer_id":7790,"order_id":34533,"order_status":"CLOSED"}
{"order_customer_id":3167,"order_id":34534,"order_status":"PENDING_PAYMENT"}
{"order_customer_id":11742,"order_id":34535,"order_status":"PENDING_PAYMENT"}
{"order_customer_id":2852,"order_id":34536,"order_status":"PROCESSING"}
{"order_customer_id":10543,"order_id":34537,"order_status":"COMPLETE"}
{"order_customer_id":7645,"order_id":34538,"order_status":"PROCESSING"}
{"order_customer_id":907,"order_id":63347,"order_status":"COMPLETE"}
{"order_customer_id":2666,"order_id":63348,"order_status":"PROCESSING"}
{"order_customer_id":7783,"order_id":63349,"order_status":"COMPLETE"}
{"order_customer_id":8437,"order_id":63350,"order_status":"CLOSED"}
{"order_customer_id":2874,"order_id":63351,"order_status":"PENDING_PAYMENT"}
{"order_customer_id":12350,"order_id":63352,"order_status":"COMPLETE"}
{"order_customer_id":11213,"order_id":63353,"order_status":"COMPLETE"}
{"order_customer_id":12238,"order_id":63354,"order_status":"PENDING"}
{"order_customer_id":10975,"order_id":63355,"order_status":"COMPLETE"}
{"order_customer_id":7024,"order_id":63356,"order_status":"PENDING_PAYMENT"}
{"order_customer_id":4196,"order_id":63357,"order_status":"PENDING_PAYMENT"}
{"order_customer_id":1036,"order_id":63358,"order_status":"PENDING_PAYMENT"}
{"order_customer_id":5795,"order_id":63359,"order_status":"COMPLETE"}
{"order_customer_id":177,"order_id":63360,"order_status":"PENDING"}
{"order_customer_id":1501,"order_id":63361,"order_status":"COMPLETE"}
{"order_customer_id":1242,"order_id":63362,"order_status":"PENDING"}
{"order_customer_id":588,"order_id":63363,"order_status":"CANCELED"}
{"order_customer_id":9753,"order_id":63364,"order_status":"COMPLETE"}
{"order_customer_id":2000,"order_id":63365,"order_status":"COMPLETE"}
{"order_customer_id":5542,"order_id":63366,"order_status":"CLOSED"}
{"order_customer_id":1547,"order_id":68165,"order_status":"CLOSED"}
{"order_customer_id":12418,"order_id":68166,"order_status":"PENDING_PAYMENT"}
{"order_customer_id":8507,"order_id":68167,"order_status":"CLOSED"}
{"order_customer_id":7347,"order_id":68168,"order_status":"PENDING_PAYMENT"}
{"order_customer_id":10533,"order_id":68169,"order_status":"COMPLETE"}
{"order_customer_id":3565,"order_id":68170,"order_status":"PENDING_PAYMENT"}
