{"order_customer_id":10556,"order_id":44748,"order_status":"COMPLETE"}
{"order_customer_id":1614,"order_id":44749,"order_status":"PROCESSING"}
{"order_customer_id":5319,"order_id":44750,"order_status":"CLOSED"}
{"order_customer_id":10573,"order_id":44751,"order_status":"COMPLETE"}
{"order_customer_id":2245,"order_id":44752,"order_status":"COMPLETE"}
{"order_customer_id":3752,"order_id":44753,"order_status":"COMPLETE"}
{"order_customer_id":3376,"order_id":44754,"order_status":"CLOSED"}
{"order_customer_id":1489,"order_id":44755,"order_status":"COMPLETE"}
{"order_customer_id":3390,"order_id":44756,"order_status":"PENDING"}
{"order_customer_id":6542,"order_id":44757,"order_status":"CLOSED"}
{"order_customer_id":4896,"order_id":44758,"order_status":"COMPLETE"}
{"order_customer_id":10348,"order_id":44759,"order_status":"PENDING_PAYMENT"}
{"order_customer_id":1100,"order_id":44760,"order_status":"ON_HOLD"}
{"order_customer_id":1188,"order_id":44761,"order_status":"COMPLETE"}
{"order_customer_id":12385,"order_id":44762,"order_status":"COMPLETE"}
{"order_customer_id":10218,"order_id":44763,"order_status":"PENDING"}
{"order_customer_id":3468,"order_id":44764,"order_status":"PENDING_PAYMENT"}
{"order_customer_id":9069,"order_id":44765,"order_status":"PENDING_PAYMENT"}
{"order_customer_id":11341,"order_id":44766,"order_status":"COMPLETE"}
{"order_customer_id":2673,"order_id":44767,"order_status":"PENDING"}
{"order_customer_id":5624,"order_id":44768,"order_status":"COMPLETE"}
{"order_customer_id":327,"order_id":44769,"order_status":"PROCESSING"}
{"order_customer_id":3298,"order_id":44770,"order_status":"PENDING"}
{"order_customer_id":1429,"order_id":44771,"order_status":"PENDING_PAYMENT"}
{"order_customer_id":6910,"order_id":44772,"order_status":"COMPLETE"}
{"order_customer_id":7115,"order_id":44773,"order_status":"PENDING_PAYMENT"}
{"order_customer_id":12103,"order_id":44774,"order_status":"COMPLETE"}
{"order_customer_id":7551,"order_id":44775,"order_status":"PROCESSING"}
{"order_customer_id":5353,"order_id":44776,"order_status":"PROCESSING"}
{"order_customer_id":8507,"order_id":44777,"order_status":"ON_HOLD"}
{"order_customer_id":2370,"order_id":44778,"order_status":"COMPLETE"}
{"order_customer_id":2647,"order_id":44779,"order_status":"PROCESSING"}
{"order_customer_id":3655,"order_id":44780,"order_status":"COMPLETE"}
{"order_customer_id":2532,"order_id":44781,"order_status":"CANCELED"}
{"order_customer_id":8847,"order_id":44782,"order_status":"PENDING_PAYMENT"}
{"order_customer_id":10469,"order_id":44783,"order_status":"CLOSED"}
{"order_customer_id":4156,"order_id":44784,"order_status":"PENDING"}
{"order_customer_id":12191,"order_id":44785,"order_status":"COMPLETE"}
{"order_customer_id":10572,"order_id":44786,"order_status":"PENDING_PAYMENT"}
{"order_customer_id":2761,"order_id":44787,"order_status":"COMPLETE"}
{"order_customer_id":2937,"order_id":44788,"order_status":"COMPLETE"}
{"order_customer_id":1810,"order_id":44789,"order_status":"PENDING_PAYMENT"}
{"order_customer_id":4289,"order_id":44790,"order_status":"PROCESSING"}
{"order_customer_id":2897,"order_id":44791,"order_status":"PENDING"}
{"order_customer_id":10277,"order_id":44792,"order_status":"CLOSED"}
{"order_customer_id":6411,"order_id":44793,"order_status":"CLOSED"}
{"order_customer_id":1049,"order_id":44794,"order_status":"PENDING_PAYMENT"}
{"order_customer_id":2824,"order_id":44795,"order_status":"ON_HOLD"}
{"order_customer_id":262,"order_id":44796,"order_status":"COMPLETE"}
{"order_customer_id":10928,"order_id":44797,"order_status":"COMPLETE"}
{"order_customer_id":4472,"order_id":44798,"order_status":"PENDING_PAYMENT"}
{"order_customer_id":8254,"order_id":44799,"order_status":"PENDING_PAYMENT"}
{"order_customer_id":641,"order_id":44800,"order_status":"PENDING"}
{"order_customer_id":4993,"order_id":44801,"order_status":"PROCESSING"}
{"order_customer_id":8051,"order_id":44802,"order_status":"PENDING"}
{"order_customer_id":4816,"order_id":44803,"order_status":"CLOSED"}
{"order_customer_id":4879,"order_id":44804,"order_status":"COMPLETE"}
{"order_customer_id":9437,"order_id":44805,"order_status":"PENDING_PAYMENT"}
{"order_customer_id":1616,"order_id":44806,"order_status":"PROCESSING"}
{"order_customer_id":2691,"order_id":44807,"order_status":"PENDING_PAYMENT"}
{"order_customer_id":11638,"order_id":44808,"order_status":"PENDING"}
{"order_customer_id":8526,"order_id":44809,"order_status":"PENDING_PAYMENT"}
{"order_customer_id":3755,"order_id":44810,"order_status":"PENDING"}
{"order_customer_id":1817,"order_id":44811,"order_status":"PENDING"}
{"order_customer_id":10865,"order_id":44812,"order_status":"ON_HOLD"}
{"order_customer_id":1659,"order_id":44813,"order_status":"COMPLETE"}
{"order_customer_id":3766,"order_id":44814,"order_status":"PROCESSING"}
{"order_customer_id":6050,"order_id":44815,"order_status":"PENDING_PAYMENT"}
{"order_customer_id":3141,"order_id":44816,"order_status":"COMPLETE"}
{"order_customer_id":9758,"order_id":44817,"order_status":"COMPLETE"}
{"order_customer_id":8423,"order_id":44818,"order_status":"PENDING_PAYMENT"}
{"order_customer_id":4496,"order_id":44819,"order_status":"PROCESSING"}
{"order_customer_id":2291,"order_id":44820,"order_status":"PROCESSING"}
{"order_customer_id":6265,"order_id":44821,"order_status":"SUSPECTED_FRAUD"}
{"order_customer_id":2321,"order_id":44822,"order_status":"COMPLETE"}
{"order_customer_id":10918,"order_id":44823,"order_status":"COMPLETE"}
{"order_customer_id":1751,"order_id":44824,"order_status":"COMPLETE"}
{"order_customer_id":4559,"order_id":44825,"order_status":"PROCESSING"}
{"order_customer_id":9169,"order_id":44826,"order_status":"COMPLETE"}
{"order_customer_id":6920,"order_id":44827,"order_status":"ON_HOLD"}
{"order_customer_id":2044,"order_id":44828,"order_status":"PENDING"}
{"order_customer_id":300,"order_id":44829,"order_status":"PENDING_PAYMENT"}
{"order_customer_id":9626,"order_id":44830,"order_status":"CANCELED"}
{"order_customer_id":5123,"order_id":44831,"order_status":"PENDING_PAYMENT"}
{"order_customer_id":7245,"order_id":44832,"order_status":"COMPLETE"}
{"order_customer_id":7463,"order_id":44833,"order_status":"PENDING_PAYMENT"}
{"order_customer_id":7761,"order_id":44834,"order_status":"CLOSED"}
{"order_customer_id":6652,"order_id":44835,"order_status":"CLOSED"}
{"order_customer_id":11912,"order_id":44836,"order_status":"COMPLETE"}
{"order_customer_id":2825,"order_id":44837,"order_status":"PENDING_PAYMENT"}
{"order_customer_id":4003,"order_id":44838,"order_status":"COMPLETE"}
{"order_customer_id":4515,"order_id":44839,"order_status":"COMPLETE"}
{"order_customer_id":5229,"order_id":44840,"order_status":"PENDING"}
{"order_customer_id":5037,"order_id":44841,"order_status":"COMPLETE"}
{"order_customer_id":5434,"order_id":44842,"order_status":"PENDING_PAYMENT"}
{"order_customer_id":5254,"order_id":44843,"order_status":"COMPLETE"}
{"order_customer_id":2568,"order_id":44844,"order_status":"PENDING"}
{"order_customer_id":2511,"order_id":44845,"order_status":"CLOSED"}
{"order_customer_id":11435,"order_id":44846,"order_status":"PENDING_PAYMENT"}
{"order_customer_id":7914,"order_id":44847,"order_status":"PENDING_PAYMENT"}
{"order_customer_id":6606,"order_id":44848,"order_status":"PENDING_PAYMENT"}
{"order_customer_id":5850,"order_id":44849,"order_status":"PROCESSING"}
{"order_customer_id":7441,"order_id":44850,"order_status":"PENDING"}
{"order_customer_id":57,"order_id":44851,"order_status":"COMPLETE"}
{"order_customer_id":766,"order_id":44852,"order_status":"COMPLETE"}
{"order_customer_id":6904,"order_id":65041,"order_status":"PROCESSING"}
{"order_customer_id":11313,"order_id":65042,"order_status":"CLOSED"}
{"order_customer_id":7400,"order_id":65043,"order_status":"PROCESSING"}
{"order_customer_id":7167,"order_id":65044,"order_status":"PENDING_PAYMENT"}
{"order_customer_id":5658,"order_id":65045,"order_status":"COMPLETE"}
{"order_customer_id":1120,"order_id":65046,"order_status":"PENDING_PAYMENT"}
{"order_customer_id":9307,"order_id":65047,"order_status":"ON_HOLD"}
{"order_customer_id":960,"order_id":65048,"order_status":"PENDING"}
{"order_customer_id":907,"order_id":65049,"order_status":"CLOSED"}
{"order_customer_id":9324,"order_id":65050,"order_status":"PROCESSING"}
{"order_customer_id":11486,"order_id":65051,"order_status":"COMPLETE"}
{"order_customer_id":11164,"order_id":65052,"order_status":"PROCESSING"}
{"order_customer_id":2379,"order_id":65053,"order_status":"COMPLETE"}
{"order_customer_id":9849,"order_id":65054,"order_status":"COMPLETE"}
{"order_customer_id":9263,"order_id":68395,"order_status":"COMPLETE"}
{"order_customer_id":11163,"order_id":68396,"order_status":"COMPLETE"}
{"order_customer_id":10438,"order_id":68397,"order_status":"PENDING"}
{"order_customer_id":2789,"order_id":68398,"order_status":"COMPLETE"}
{"order_customer_id":1034,"order_id":68399,"order_status":"CLOSED"}
{"order_customer_id":8311,"order_id":68400,"order_status":"SUSPECTED_FRAUD"}
