{"order_customer_id":9470,"order_id":55591,"order_status":"PENDING_PAYMENT"}
{"order_customer_id":2092,"order_id":55592,"order_status":"COMPLETE"}
{"order_customer_id":12135,"order_id":55593,"order_status":"COMPLETE"}
{"order_customer_id":10497,"order_id":55594,"order_status":"PENDING"}
{"order_customer_id":10841,"order_id":55595,"order_status":"CLOSED"}
{"order_customer_id":6719,"order_id":55596,"order_status":"PENDING_PAYMENT"}
{"order_customer_id":3353,"order_id":55597,"order_status":"PROCESSING"}
{"order_customer_id":7791,"order_id":55598,"order_status":"PENDING_PAYMENT"}
{"order_customer_id":10483,"order_id":55599,"order_status":"CLOSED"}
{"order_customer_id":5756,"order_id":55600,"order_status":"COMPLETE"}
{"order_customer_id":7642,"order_id":55601,"order_status":"CLOSED"}
{"order_customer_id":9233,"order_id":55602,"order_status":"COMPLETE"}
{"order_customer_id":4707,"order_id":55603,"order_status":"PAYMENT_REVIEW"}
{"order_customer_id":5428,"order_id":55604,"order_status":"PENDING_PAYMENT"}
{"order_customer_id":1055,"order_id":55605,"order_status":"CLOSED"}
{"order_customer_id":10053,"order_id":55606,"order_status":"COMPLETE"}
{"order_customer_id":9974,"order_id":55607,"order_status":"COMPLETE"}
{"order_customer_id":342,"order_id":55608,"order_status":"PENDING_PAYMENT"}
{"order_customer_id":1067,"order_id":55609,"order_status":"ON_HOLD"}
{"order_customer_id":1179,"order_id":55610,"order_status":"COMPLETE"}
{"order_customer_id":2299,"order_id":55611,"order_status":"COMPLETE"}
{"order_customer_id":5158,"order_id":55612,"order_status":"CLOSED"}
{"order_customer_id":6706,"order_id":55613,"order_status":"COMPLETE"}
{"order_customer_id":10320,"order_id":55614,"order_status":"PENDING"}
{"order_customer_id":946,"order_id":55615,"order_status":"COMPLETE"}
{"order_customer_id":1624,"order_id":55616,"order_status":"PENDING_PAYMENT"}
{"order_customer_id":2593,"order_id":55617,"order_status":"COMPLETE"}
{"order_customer_id":72,"order_id":55618,"order_status":"PROCESSING"}
{"order_customer_id":10456,"order_id":55619,"order_status":"PROCESSING"}
{"order_customer_id":47,"order_id":55620,"order_status":"COMPLETE"}
{"order_customer_id":7670,"order_id":55621,"order_status":"CLOSED"}
{"order_customer_id":2437,"order_id":55622,"order_status":"PENDING"}
{"order_customer_id":5654,"order_id":55623,"order_status":"PENDING"}
{"order_customer_id":9580,"order_id":55624,"order_status":"PROCESSING"}
{"order_customer_id":6836,"order_id":55625,"order_status":"COMPLETE"}
{"order_customer_id":3257,"order_id":55626,"order_status":"PENDING_PAYMENT"}
{"order_customer_id":8047,"order_id":55627,"order_status":"ON_HOLD"}
{"order_customer_id":8533,"order_id":55628,"order_status":"PENDING_PAYMENT"}
{"order_customer_id":11437,"order_id":55629,"order_status":"PROCESSING"}
{"order_customer_id":7250,"order_id":55630,"order_status":"PENDING_PAYMENT"}
{"order_customer_id":5211,"order_id":55631,"order_status":"PAYMENT_REVIEW"}
{"order_customer_id":4916,"order_id":55632,"order_status":"PENDING_PAYMENT"}
{"order_customer_id":9953,"order_id":55633,"order_status":"PENDING_PAYMENT"}
{"order_customer_id":9013,"order_id":55634,"order_status":"COMPLETE"}
{"order_customer_id":9093,"order_id":55635,"order_status":"PENDING_PAYMENT"}
{"order_customer_id":5011,"order_id":55636,"order_status":"PROCESSING"}
{"order_customer_id":4678,"order_id":55637,"order_status":"COMPLETE"}
{"order_customer_id":7650,"order_id":55638,"order_status":"SUSPECTED_FRAUD"}
{"order_customer_id":7956,"order_id":55639,"order_status":"PROCESSING"}
{"order_customer_id":4468,"order_id":55640,"order_status":"COMPLETE"}
{"order_customer_id":8548,"order_id":55641,"order_status":"COMPLETE"}
{"order_customer_id":2758,"order_id":55642,"order_status":"ON_HOLD"}
{"order_customer_id":11089,"order_id":55643,"order_status":"CLOSED"}
{"order_customer_id":1548,"order_id":55644,"order_status":"COMPLETE"}
{"order_customer_id":11663,"order_id":55645,"order_status":"CLOSED"}
{"order_customer_id":7478,"order_id":55646,"order_status":"CLOSED"}
{"order_customer_id":5372,"order_id":55647,"order_status":"COMPLETE"}
{"order_customer_id":10378,"order_id":55648,"order_status":"COMPLETE"}
{"order_customer_id":1471,"order_id":55649,"order_status":"PROCESSING"}
{"order_customer_id":4952,"order_id":55650,"order_status":"COMPLETE"}
{"order_customer_id":2785,"order_id":55651,"order_status":"PENDING_PAYMENT"}
{"order_customer_id":8895,"order_id":55652,"order_status":"COMPLETE"}
{"order_customer_id":10134,"order_id":55653,"order_status":"ON_HOLD"}
{"order_customer_id":5985,"order_id":55654,"order_status":"PENDING"}
{"order_customer_id":4773,"order_id":55655,"order_status":"COMPLETE"}
{"order_customer_id":2815,"order_id":55656,"order_status":"CANCELED"}
{"order_customer_id":11504,"order_id":55657,"order_status":"COMPLETE"}
{"order_customer_id":10017,"order_id":55658,"order_status":"ON_HOLD"}
{"order_customer_id":3777,"order_id":55659,"order_status":"PENDING_PAYMENT"}
{"order_customer_id":5407,"order_id":55660,"order_status":"ON_HOLD"}
{"order_customer_id":5498,"order_id":55661,"order_status":"PENDING_PAYMENT"}
{"order_customer_id":2407,"order_id":55662,"order_status":"CLOSED"}
{"order_customer_id":2195,"order_id":55663,"order_status":"PROCESSING"}
{"order_customer_id":12198,"order_id":55664,"order_status":"COMPLETE"}
{"order_customer_id":7161,"order_id":55665,"order_status":"CLOSED"}
{"order_customer_id":10403,"order_id":55666,"order_status":"COMPLETE"}
{"order_customer_id":10050,"order_id":55667,"order_status":"PENDING_PAYMENT"}
{"order_customer_id":205,"order_id":55668,"order_status":"CLOSED"}
{"order_customer_id":6229,"order_id":55669,"order_status":"CLOSED"}
{"order_customer_id":2291,"order_id":55670,"order_status":"COMPLETE"}
{"order_customer_id":6699,"order_id":55671,"order_status":"COMPLETE"}
{"order_customer_id":6494,"order_id":55672,"order_status":"COMPLETE"}
{"order_customer_id":986,"order_id":55673,"order_status":"COMPLETE"}
{"order_customer_id":11330,"order_id":55674,"order_status":"COMPLETE"}
{"order_customer_id":4814,"order_id":55675,"order_status":"CANCELED"}
{"order_customer_id":9995,"order_id":55676,"order_status":"PENDING_PAYMENT"}
{"order_customer_id":7327,"order_id":55677,"order_status":"PROCESSING"}
{"order_customer_id":4467,"order_id":55678,"order_status":"PENDING"}
{"order_customer_id":8929,"order_id":55679,"order_status":"PENDING_PAYMENT"}
{"order_customer_id":4604,"order_id":55680,"order_status":"CLOSED"}
{"order_customer_id":8746,"order_id":55681,"order_status":"ON_HOLD"}
{"order_customer_id":2172,"order_id":55682,"order_status":"PENDING_PAYMENT"}
{"order_customer_id":6494,"order_id":55683,"order_status":"ON_HOLD"}
{"order_customer_id":3595,"order_id":55684,"order_status":"COMPLETE"}
{"order_customer_id":3219,"order_id":55685,"order_status":"COMPLETE"}
{"order_customer_id":11328,"order_id":55686,"order_status":"PENDING_PAYMENT"}
{"order_customer_id":7643,"order_id":55687,"order_status":"ON_HOLD"}
{"order_customer_id":12041,"order_id":55688,"order_status":"PENDING"}
{"order_customer_id":6140,"order_id":55689,"order_status":"PENDING_PAYMENT"}
{"order_customer_id":5146,"order_id":55690,"order_status":"PENDING_PAYMENT"}
{"order_customer_id":2721,"order_id":55691,"order_status":"COMPLETE"}
{"order_customer_id":1067,"order_id":55692,"order_status":"PAYMENT_REVIEW"}
{"order_customer_id":6671,"order_id":55693,"order_status":"PENDING_PAYMENT"}
{"order_customer_id":11648,"order_id":55694,"order_status":"ON_HOLD"}
{"order_customer_id":4964,"order_id":55695,"order_status":"PENDING_PAYMENT"}
{"order_customer_id":4672,"order_id":55696,"order_status":"ON_HOLD"}
{"order_customer_id":3956,"order_id":55697,"order_status":"COMPLETE"}
{"order_customer_id":6299,"order_id":55698,"order_status":"COMPLETE"}
{"order_customer_id":1873,"order_id":55699,"order_status":"PENDING_PAYMENT"}
{"order_customer_id":3053,"order_id":55700,"order_status":"PAYMENT_REVIEW"}
{"order_customer_id":11915,"order_id":55701,"order_status":"COMPLETE"}
{"order_customer_id":4501,"order_id":55702,"order_status":"PROCESSING"}
{"order_customer_id":11720,"order_id":55703,"order_status":"PENDING_PAYMENT"}
{"order_customer_id":9711,"order_id":55704,"order_status":"PENDING_PAYMENT"}
{"order_customer_id":4304,"order_id":55705,"order_status":"COMPLETE"}
{"order_customer_id":3343,"order_id":55706,"order_status":"CLOSED"}
{"order_customer_id":6265,"order_id":55707,"order_status":"CLOSED"}
{"order_customer_id":1436,"order_id":55708,"order_status":"PROCESSING"}
{"order_customer_id":9791,"order_id":55709,"order_status":"COMPLETE"}
{"order_customer_id":7587,"order_id":55710,"order_status":"COMPLETE"}
{"order_customer_id":10430,"order_id":55711,"order_status":"COMPLETE"}
{"order_customer_id":1980,"order_id":55712,"order_status":"COMPLETE"}
{"order_customer_id":11797,"order_id":55713,"order_status":"COMPLETE"}
{"order_customer_id":12064,"order_id":55714,"order_status":"COMPLETE"}
{"order_customer_id":7303,"order_id":55715,"order_status":"COMPLETE"}
{"order_customer_id":11248,"order_id":55716,"order_status":"SUSPECTED_FRAUD"}
{"order_customer_id":5413,"order_id":55717,"order_status":"COMPLETE"}
{"order_customer_id":4160,"order_id":55718,"order_status":"CLOSED"}
{"order_customer_id":5421,"order_id":55719,"order_status":"COMPLETE"}
{"order_customer_id":5186,"order_id":55720,"order_status":"COMPLETE"}
{"order_customer_id":11964,"order_id":55721,"order_status":"PROCESSING"}
{"order_customer_id":3735,"order_id":55722,"order_status":"PENDING_PAYMENT"}
{"order_customer_id":7809,"order_id":55723,"order_status":"PENDING_PAYMENT"}
{"order_customer_id":995,"order_id":55724,"order_status":"PROCESSING"}
{"order_customer_id":793,"order_id":55725,"order_status":"PENDING_PAYMENT"}
{"order_customer_id":1292,"order_id":55726,"order_status":"COMPLETE"}
{"order_customer_id":10849,"order_id":55727,"order_status":"PROCESSING"}
{"order_customer_id":1236,"order_id":55728,"order_status":"PROCESSING"}
{"order_customer_id":9023,"order_id":55729,"order_status":"COMPLETE"}
{"order_customer_id":4504,"order_id":55730,"order_status":"COMPLETE"}
{"order_customer_id":2595,"order_id":55731,"order_status":"COMPLETE"}
{"order_customer_id":6636,"order_id":55732,"order_status":"PENDING"}
{"order_customer_id":4085,"order_id":55733,"order_status":"PENDING_PAYMENT"}
{"order_customer_id":5582,"order_id":55734,"order_status":"CLOSED"}
{"order_customer_id":12107,"order_id":55735,"order_status":"CANCELED"}
{"order_customer_id":8893,"order_id":55736,"order_status":"COMPLETE"}
{"order_customer_id":1416,"order_id":55737,"order_status":"COMPLETE"}
{"order_customer_id":6723,"order_id":55738,"order_status":"PROCESSING"}
{"order_customer_id":10253,"order_id":67039,"order_status":"COMPLETE"}
{"order_customer_id":11755,"order_id":67040,"order_status":"PENDING"}
{"order_customer_id":6615,"order_id":67041,"order_status":"COMPLETE"}
{"order_customer_id":284,"order_id":67042,"order_status":"PENDING_PAYMENT"}
{"order_customer_id":8606,"order_id":67043,"order_status":"COMPLETE"}
{"order_customer_id":4745,"order_id":67044,"order_status":"SUSPECTED_FRAUD"}
{"order_customer_id":543,"order_id":67045,"order_status":"COMPLETE"}
{"order_customer_id":4460,"order_id":67046,"order_status":"PENDING"}
{"order_customer_id":4670,"order_id":67047,"order_status":"PENDING"}
{"order_customer_id":6927,"order_id":67048,"order_status":"COMPLETE"}
{"order_customer_id":8094,"order_id":67049,"order_status":"COMPLETE"}
{"order_customer_id":9387,"order_id":67050,"order_status":"ON_HOLD"}
{"order_customer_id":10839,"order_id":67051,"order_status":"COMPLETE"}
{"order_customer_id":2139,"order_id":67052,"order_status":"ON_HOLD"}
{"order_customer_id":1190,"order_id":67053,"order_status":"PROCESSING"}
{"order_customer_id":7508,"order_id":67054,"order_status":"COMPLETE"}
{"order_customer_id":1132,"order_id":67055,"order_status":"COMPLETE"}
{"order_customer_id":9486,"order_id":68654,"order_status":"PENDING_PAYMENT"}
