{"order_customer_id":3369,"order_id":43311,"order_status":"COMPLETE"}
{"order_customer_id":7273,"order_id":43312,"order_status":"PENDING_PAYMENT"}
{"order_customer_id":4579,"order_id":43313,"order_status":"COMPLETE"}
{"order_customer_id":5952,"order_id":43314,"order_status":"PROCESSING"}
{"order_customer_id":4439,"order_id":43315,"order_status":"ON_HOLD"}
{"order_customer_id":5758,"order_id":43316,"order_status":"PENDING"}
{"order_customer_id":10550,"order_id":43317,"order_status":"PENDING"}
{"order_customer_id":7905,"order_id":43318,"order_status":"PENDING_PAYMENT"}
{"order_customer_id":2838,"order_id":43319,"order_status":"COMPLETE"}
{"order_customer_id":1624,"order_id":43320,"order_status":"PROCESSING"}
{"order_customer_id":1603,"order_id":43321,"order_status":"PENDING"}
{"order_customer_id":6312,"order_id":43322,"order_status":"COMPLETE"}
{"order_customer_id":7238,"order_id":43323,"order_status":"PENDING_PAYMENT"}
{"order_customer_id":6817,"order_id":43324,"order_status":"PROCESSING"}
{"order_customer_id":10555,"order_id":43325,"order_status":"PENDING_PAYMENT"}
{"order_customer_id":11345,"order_id":43326,"order_status":"COMPLETE"}
{"order_customer_id":11397,"order_id":43327,"order_status":"ON_HOLD"}
{"order_customer_id":4629,"order_id":43328,"order_status":"PROCESSING"}
{"order_customer_id":11514,"order_id":43329,"order_status":"COMPLETE"}
{"order_customer_id":4386,"order_id":43330,"order_status":"COMPLETE"}
{"order_customer_id":9133,"order_id":43331,"order_status":"COMPLETE"}
{"order_customer_id":10498,"order_id":43332,"order_status":"PENDING_PAYMENT"}
{"order_customer_id":11220,"order_id":43333,"order_status":"COMPLETE"}
{"order_customer_id":12174,"order_id":43334,"order_status":"PENDING_PAYMENT"}
{"order_customer_id":878,"order_id":43335,"order_status":"PENDING_PAYMENT"}
{"order_customer_id":1264,"order_id":43336,"order_status":"ON_HOLD"}
{"order_customer_id":2322,"order_id":43337,"order_status":"PENDING"}
{"order_customer_id":7751,"order_id":43338,"order_status":"ON_HOLD"}
{"order_customer_id":8534,"order_id":43339,"order_status":"COMPLETE"}
{"order_customer_id":8610,"order_id":43340,"order_status":"PROCESSING"}
{"order_customer_id":7501,"order_id":43341,"order_status":"PROCESSING"}
{"order_customer_id":7382,"order_id":43342,"order_status":"COMPLETE"}
{"order_customer_id":841,"order_id":43343,"order_status":"COMPLETE"}
{"order_customer_id":3218,"order_id":43344,"order_status":"PENDING_PAYMENT"}
{"order_customer_id":4315,"order_id":43345,"order_status":"SUSPECTED_FRAUD"}
{"order_customer_id":6961,"order_id":43346,"order_status":"COMPLETE"}
{"order_customer_id":7993,"order_id":43347,"order_status":"ON_HOLD"}
{"order_customer_id":10732,"order_id":43348,"order_status":"CLOSED"}
{"order_customer_id":5497,"order_id":43349,"order_status":"PROCESSING"}
{"order_customer_id":10371,"order_id":43350,"order_status":"COMPLETE"}
{"order_customer_id":4523,"order_id":43351,"order_status":"COMPLETE"}
{"order_customer_id":9679,"order_id":43352,"order_status":"COMPLETE"}
{"order_customer_id":5149,"order_id":43353,"order_status":"PENDING_PAYMENT"}
{"order_customer_id":6780,"order_id":43354,"order_status":"ON_HOLD"}
{"order_customer_id":1529,"order_id":43355,"order_status":"PENDING_PAYMENT"}
{"order_customer_id":12379,"order_id":43356,"order_status":"CLOSED"}
{"order_customer_id":5084,"order_id":43357,"order_status":"PENDING_PAYMENT"}
{"order_customer_id":11769,"order_id":43358,"order_status":"PENDING_PAYMENT"}
{"order_customer_id":6827,"order_id":43359,"order_status":"COMPLETE"}
{"order_customer_id":9709,"order_id":43360,"order_status":"COMPLETE"}
{"order_customer_id":2383,"order_id":43361,"order_status":"COMPLETE"}
{"order_customer_id":11881,"order_id":43362,"order_status":"COMPLETE"}
{"order_customer_id":5298,"order_id":43363,"order_status":"PENDING_PAYMENT"}
{"order_customer_id":5002,"order_id":43364,"order_status":"PENDING"}
{"order_customer_id":4946,"order_id":43365,"order_status":"PENDING_PAYMENT"}
{"order_customer_id":12131,"order_id":43366,"order_status":"ON_HOLD"}
{"order_customer_id":4916,"order_id":43367,"order_status":"COMPLETE"}
{"order_customer_id":7655,"order_id":43368,"order_status":"PROCESSING"}
{"order_customer_id":3034,"order_id":43369,"order_status":"PENDING"}
{"order_customer_id":9291,"order_id":43370,"order_status":"COMPLETE"}
{"order_customer_id":11254,"order_id":43371,"order_status":"ON_HOLD"}
{"order_customer_id":8178,"order_id":43372,"order_status":"COMPLETE"}
{"order_customer_id":7356,"order_id":43373,"order_status":"CLOSED"}
{"order_customer_id":1385,"order_id":43374,"order_status":"PENDING_PAYMENT"}
{"order_customer_id":3250,"order_id":43375,"order_status":"ON_HOLD"}
{"order_customer_id":11266,"order_id":43376,"order_status":"ON_HOLD"}
{"order_customer_id":3348,"order_id":43377,"order_status":"COMPLETE"}
{"order_customer_id":4961,"order_id":43378,"order_status":"COMPLETE"}
{"order_customer_id":10730,"order_id":43379,"order_status":"PROCESSING"}
{"order_customer_id":7042,"order_id":43380,"order_status":"PENDING_PAYMENT"}
{"order_customer_id":2320,"order_id":43381,"order_status":"PENDING_PAYMENT"}
{"order_customer_id":3157,"order_id":43382,"order_status":"PENDING_PAYMENT"}
{"order_customer_id":10284,"order_id":43383,"order_status":"ON_HOLD"}
{"order_customer_id":3360,"order_id":43384,"order_status":"PENDING_PAYMENT"}
{"order_customer_id":4958,"order_id":43385,"order_status":"PROCESSING"}
{"order_customer_id":8258,"order_id":43386,"order_status":"PENDING"}
{"order_customer_id":6435,"order_id":43387,"order_status":"PENDING_PAYMENT"}
{"order_customer_id":7502,"order_id":43388,"order_status":"CLOSED"}
{"order_customer_id":4930,"order_id":43389,"order_status":"PENDING_PAYMENT"}
{"order_customer_id":796,"order_id":43390,"order_status":"PENDING_PAYMENT"}
{"order_customer_id":10601,"order_id":43391,"order_status":"COMPLETE"}
{"order_customer_id":8603,"order_id":43392,"order_status":"PROCESSING"}
{"order_customer_id":12337,"order_id":43393,"order_status":"COMPLETE"}
{"order_customer_id":4737,"order_id":43394,"order_status":"CLOSED"}
{"order_customer_id":5692,"order_id":43395,"order_status":"CANCELED"}
{"order_customer_id":1170,"order_id":43396,"order_status":"PENDING"}
{"order_customer_id":11069,"order_id":43397,"order_status":"COMPLETE"}
{"order_customer_id":7819,"order_id":43398,"order_status":"CLOSED"}
{"order_customer_id":16,"order_id":43399,"order_status":"COMPLETE"}
{"order_customer_id":10178,"order_id":43400,"order_status":"PENDING_PAYMENT"}
{"order_customer_id":7419,"order_id":43401,"order_status":"COMPLETE"}
{"order_customer_id":8595,"order_id":43402,"order_status":"PENDING_PAYMENT"}
{"order_customer_id":11708,"order_id":43403,"order_status":"PROCESSING"}
{"order_customer_id":2057,"order_id":43404,"order_status":"COMPLETE"}
{"order_customer_id":8364,"order_id":43405,"order_status":"PENDING_PAYMENT"}
{"order_customer_id":4760,"order_id":43406,"order_status":"COMPLETE"}
{"order_customer_id":750,"order_id":43407,"order_status":"COMPLETE"}
{"order_customer_id":12062,"order_id":43408,"order_status":"PENDING"}
{"order_customer_id":4115,"order_id":43409,"order_status":"CLOSED"}
{"order_customer_id":6801,"order_id":43410,"order_status":"CLOSED"}
{"order_customer_id":3161,"order_id":43411,"order_status":"PENDING_PAYMENT"}
{"order_customer_id":5652,"order_id":43412,"order_status":"COMPLETE"}
{"order_customer_id":9652,"order_id":43413,"order_status":"PENDING_PAYMENT"}
{"order_customer_id":3111,"order_id":43414,"order_status":"PENDING_PAYMENT"}
{"order_customer_id":9544,"order_id":43415,"order_status":"CLOSED"}
{"order_customer_id":11032,"order_id":43416,"order_status":"COMPLETE"}
{"order_customer_id":985,"order_id":43417,"order_status":"PENDING_PAYMENT"}
{"order_customer_id":8554,"order_id":43418,"order_status":"PENDING"}
{"order_customer_id":917,"order_id":43419,"order_status":"PENDING_PAYMENT"}
{"order_customer_id":11348,"order_id":43420,"order_status":"PENDING_PAYMENT"}
{"order_customer_id":5989,"order_id":43421,"order_status":"COMPLETE"}
{"order_customer_id":10803,"order_id":43422,"order_status":"PENDING_PAYMENT"}
{"order_customer_id":10799,"order_id":43423,"order_status":"PENDING_PAYMENT"}
{"order_customer_id":5118,"order_id":43424,"order_status":"COMPLETE"}
{"order_customer_id":8211,"order_id":43425,"order_status":"PENDING_PAYMENT"}
{"order_customer_id":3508,"order_id":43426,"order_status":"COMPLETE"}
{"order_customer_id":7990,"order_id":43427,"order_status":"COMPLETE"}
{"order_customer_id":986,"order_id":43428,"order_status":"PENDING"}
{"order_customer_id":10020,"order_id":43429,"order_status":"PENDING_PAYMENT"}
{"order_customer_id":468,"order_id":43430,"order_status":"PENDING"}
{"order_customer_id":9808,"order_id":43431,"order_status":"COMPLETE"}
{"order_customer_id":12170,"order_id":43432,"order_status":"CANCELED"}
{"order_customer_id":8034,"order_id":43433,"order_status":"PENDING_PAYMENT"}
{"order_customer_id":3704,"order_id":43434,"order_status":"PENDING_PAYMENT"}
{"order_customer_id":4744,"order_id":43435,"order_status":"CLOSED"}
{"order_customer_id":4513,"order_id":43436,"order_status":"COMPLETE"}
{"order_customer_id":11643,"order_id":43437,"order_status":"ON_HOLD"}
{"order_customer_id":9028,"order_id":43438,"order_status":"PENDING_PAYMENT"}
{"order_customer_id":2193,"order_id":43439,"order_status":"COMPLETE"}
{"order_customer_id":3810,"order_id":43440,"order_status":"COMPLETE"}
{"order_customer_id":1508,"order_id":43441,"order_status":"COMPLETE"}
{"order_customer_id":9987,"order_id":43442,"order_status":"COMPLETE"}
{"order_customer_id":6086,"order_id":43443,"order_status":"COMPLETE"}
{"order_customer_id":4515,"order_id":43444,"order_status":"PENDING_PAYMENT"}
{"order_customer_id":989,"order_id":43445,"order_status":"COMPLETE"}
{"order_customer_id":6443,"order_id":43446,"order_status":"ON_HOLD"}
{"order_customer_id":4967,"order_id":43447,"order_status":"CLOSED"}
{"order_customer_id":1806,"order_id":43448,"order_status":"PENDING_PAYMENT"}
{"order_customer_id":6837,"order_id":43449,"order_status":"COMPLETE"}
{"order_customer_id":11671,"order_id":43450,"order_status":"CANCELED"}
{"order_customer_id":971,"order_id":43451,"order_status":"PENDING"}
{"order_customer_id":5897,"order_id":43452,"order_status":"PENDING_PAYMENT"}
{"order_customer_id":9330,"order_id":43453,"order_status":"CLOSED"}
{"order_customer_id":8829,"order_id":43454,"order_status":"COMPLETE"}
{"order_customer_id":5317,"order_id":43455,"order_status":"CLOSED"}
{"order_customer_id":3535,"order_id":43456,"order_status":"CLOSED"}
{"order_customer_id":9326,"order_id":43457,"order_status":"PENDING_PAYMENT"}
{"order_customer_id":9002,"order_id":43458,"order_status":"CLOSED"}
{"order_customer_id":391,"order_id":43459,"order_status":"PROCESSING"}
{"order_customer_id":4819,"order_id":43460,"order_status":"COMPLETE"}
{"order_customer_id":1209,"order_id":43461,"order_status":"PENDING"}
{"order_customer_id":8468,"order_id":43462,"order_status":"PENDING_PAYMENT"}
{"order_customer_id":6472,"order_id":43463,"order_status":"ON_HOLD"}
{"order_customer_id":10383,"order_id":43464,"order_status":"COMPLETE"}
{"order_customer_id":3697,"order_id":43465,"order_status":"PROCESSING"}
{"order_customer_id":1496,"order_id":43466,"order_status":"CANCELED"}
{"order_customer_id":5283,"order_id":43467,"order_status":"COMPLETE"}
{"order_customer_id":10219,"order_id":43468,"order_status":"PROCESSING"}
{"order_customer_id":3646,"order_id":43469,"order_status":"COMPLETE"}
{"order_customer_id":7243,"order_id":43470,"order_status":"COMPLETE"}
{"order_customer_id":105,"order_id":43471,"order_status":"COMPLETE"}
{"order_customer_id":2452,"order_id":43472,"order_status":"PENDING"}
{"order_customer_id":345,"order_id":43473,"order_status":"PROCESSING"}
{"order_customer_id":9778,"order_id":43474,"order_status":"COMPLETE"}
{"order_customer_id":11814,"order_id":43475,"order_status":"COMPLETE"}
{"order_customer_id":997,"order_id":43476,"order_status":"PROCESSING"}
{"order_customer_id":458,"order_id":43477,"order_status":"PENDING_PAYMENT"}
{"order_customer_id":6237,"order_id":43478,"order_status":"COMPLETE"}
{"order_customer_id":2773,"order_id":64806,"order_status":"PROCESSING"}
{"order_customer_id":221,"order_id":64807,"order_status":"COMPLETE"}
{"order_customer_id":7680,"order_id":64808,"order_status":"COMPLETE"}
{"order_customer_id":4791,"order_id":64809,"order_status":"PENDING_PAYMENT"}
{"order_customer_id":3710,"order_id":64810,"order_status":"PENDING_PAYMENT"}
{"order_customer_id":983,"order_id":64811,"order_status":"COMPLETE"}
{"order_customer_id":5028,"order_id":64812,"order_status":"PROCESSING"}
{"order_customer_id":10018,"order_id":64813,"order_status":"PENDING_PAYMENT"}
{"order_customer_id":10564,"order_id":64814,"order_status":"PENDING_PAYMENT"}
{"order_customer_id":1589,"order_id":64815,"order_status":"COMPLETE"}
{"order_customer_id":11886,"order_id":64816,"order_status":"CLOSED"}
{"order_customer_id":10695,"order_id":64817,"order_status":"PENDING"}
{"order_customer_id":463,"order_id":64818,"order_status":"ON_HOLD"}
{"order_customer_id":6720,"order_id":64819,"order_status":"PENDING_PAYMENT"}
{"order_customer_id":3025,"order_id":64820,"order_status":"PENDING_PAYMENT"}
{"order_customer_id":1532,"order_id":64821,"order_status":"COMPLETE"}
{"order_customer_id":6750,"order_id":64822,"order_status":"PENDING_PAYMENT"}
{"order_customer_id":5074,"order_id":64823,"order_status":"PROCESSING"}
{"order_customer_id":12135,"order_id":64824,"order_status":"COMPLETE"}
{"order_customer_id":10248,"order_id":64825,"order_status":"PROCESSING"}
{"order_customer_id":12162,"order_id":64826,"order_status":"COMPLETE"}
{"order_customer_id":5491,"order_id":64827,"order_status":"COMPLETE"}
{"order_customer_id":2928,"order_id":64828,"order_status":"COMPLETE"}
{"order_customer_id":1282,"order_id":64829,"order_status":"COMPLETE"}
{"order_customer_id":6783,"order_id":64830,"order_status":"PENDING_PAYMENT"}
{"order_customer_id":3324,"order_id":68365,"order_status":"PENDING"}
{"order_customer_id":5263,"order_id":68828,"order_status":"CLOSED"}
