{"order_customer_id":9241,"order_id":22214,"order_status":"COMPLETE"}
{"order_customer_id":9078,"order_id":22215,"order_status":"PENDING_PAYMENT"}
{"order_customer_id":6672,"order_id":22216,"order_status":"ON_HOLD"}
{"order_customer_id":6646,"order_id":22217,"order_status":"COMPLETE"}
{"order_customer_id":1658,"order_id":22218,"order_status":"PENDING"}
{"order_customer_id":4900,"order_id":22219,"order_status":"PENDING_PAYMENT"}
{"order_customer_id":7186,"order_id":22220,"order_status":"PENDING_PAYMENT"}
{"order_customer_id":6739,"order_id":22221,"order_status":"COMPLETE"}
{"order_customer_id":726,"order_id":22222,"order_status":"PENDING"}
{"order_customer_id":7432,"order_id":22223,"order_status":"CLOSED"}
{"order_customer_id":1098,"order_id":22224,"order_status":"COMPLETE"}
{"order_customer_id":7820,"order_id":22225,"order_status":"PROCESSING"}
{"order_customer_id":3644,"order_id":22226,"order_status":"COMPLETE"}
{"order_customer_id":11648,"order_id":22227,"order_status":"CLOSED"}
{"order_customer_id":7810,"order_id":22228,"order_status":"CLOSED"}
{"order_customer_id":4394,"order_id":22229,"order_status":"ON_HOLD"}
{"order_customer_id":11350,"order_id":22230,"order_status":"CLOSED"}
{"order_customer_id":2384,"order_id":22231,"order_status":"COMPLETE"}
{"order_customer_id":11487,"order_id":22232,"order_status":"COMPLETE"}
{"order_customer_id":5751,"order_id":22233,"order_status":"PROCESSING"}
{"order_customer_id":9006,"order_id":22234,"order_status":"ON_HOLD"}
{"order_customer_id":4088,"order_id":22235,"order_status":"PENDING"}
{"order_customer_id":10380,"order_id":22236,"order_status":"PENDING_PAYMENT"}
{"order_customer_id":10102,"order_id":22237,"order_status":"PENDING_PAYMENT"}
{"order_customer_id":7180,"order_id":22238,"order_status":"COMPLETE"}
{"order_customer_id":5776,"order_id":22239,"order_status":"PENDING_PAYMENT"}
{"order_customer_id":2042,"order_id":22240,"order_status":"COMPLETE"}
{"order_customer_id":6440,"order_id":22241,"order_status":"PENDING_PAYMENT"}
{"order_customer_id":11931,"order_id":22242,"order_status":"COMPLETE"}
{"order_customer_id":9506,"order_id":22243,"order_status":"CLOSED"}
{"order_customer_id":7852,"order_id":22244,"order_status":"PENDING_PAYMENT"}
{"order_customer_id":8272,"order_id":22245,"order_status":"COMPLETE"}
{"order_customer_id":972,"order_id":22246,"order_status":"CLOSED"}
{"order_customer_id":11700,"order_id":22247,"order_status":"ON_HOLD"}
{"order_customer_id":11310,"order_id":22248,"order_status":"CLOSED"}
{"order_customer_id":10594,"order_id":22249,"order_status":"PENDING"}
{"order_customer_id":6074,"order_id":22250,"order_status":"PROCESSING"}
{"order_customer_id":8560,"order_id":22251,"order_status":"PENDING"}
{"order_customer_id":475,"order_id":22252,"order_status":"PENDING"}
{"order_customer_id":2121,"order_id":22253,"order_status":"COMPLETE"}
{"order_customer_id":11188,"order_id":22254,"order_status":"COMPLETE"}
{"order_customer_id":8631,"order_id":22255,"order_status":"COMPLETE"}
{"order_customer_id":5923,"order_id":22256,"order_status":"PENDING"}
{"order_customer_id":10893,"order_id":22257,"order_status":"COMPLETE"}
{"order_customer_id":9932,"order_id":22258,"order_status":"PROCESSING"}
{"order_customer_id":4849,"order_id":22259,"order_status":"PROCESSING"}
{"order_customer_id":321,"order_id":22260,"order_status":"PENDING"}
{"order_customer_id":6707,"order_id":22261,"order_status":"PENDING"}
{"order_customer_id":3798,"order_id":22262,"order_status":"PROCESSING"}
{"order_customer_id":1594,"order_id":22263,"order_status":"COMPLETE"}
{"order_customer_id":4437,"order_id":22264,"order_status":"PROCESSING"}
{"order_customer_id":8251,"order_id":22265,"order_status":"CLOSED"}
{"order_customer_id":5755,"order_id":22266,"order_status":"SUSPECTED_FRAUD"}
{"order_customer_id":6022,"order_id":22267,"order_status":"CLOSED"}
{"order_customer_id":1261,"order_id":22268,"order_status":"PENDING"}
{"order_customer_id":11806,"order_id":22269,"order_status":"COMPLETE"}
{"order_customer_id":3471,"order_id":22270,"order_status":"COMPLETE"}
{"order_customer_id":11765,"order_id":22271,"order_status":"PROCESSING"}
{"order_customer_id":11530,"order_id":22272,"order_status":"COMPLETE"}
{"order_customer_id":10365,"order_id":22273,"order_status":"PENDING_PAYMENT"}
{"order_customer_id":10128,"order_id":22274,"order_status":"PENDING"}
{"order_customer_id":2967,"order_id":22275,"order_status":"COMPLETE"}
{"order_customer_id":1767,"order_id":22276,"order_status":"PENDING_PAYMENT"}
{"order_customer_id":7235,"order_id":22277,"order_status":"CLOSED"}
{"order_customer_id":7734,"order_id":22278,"order_status":"COMPLETE"}
{"order_customer_id":3879,"order_id":22279,"order_status":"PENDING_PAYMENT"}
{"order_customer_id":7678,"order_id":22280,"order_status":"PENDING"}
{"order_customer_id":2795,"order_id":22281,"order_status":"ON_HOLD"}
{"order_customer_id":10897,"order_id":22282,"order_status":"COMPLETE"}
{"order_customer_id":9037,"order_id":22283,"order_status":"CLOSED"}
{"order_customer_id":2774,"order_id":22284,"order_status":"CLOSED"}
{"order_customer_id":594,"order_id":22285,"order_status":"PENDING_PAYMENT"}
{"order_customer_id":11975,"order_id":22286,"order_status":"CLOSED"}
{"order_customer_id":941,"order_id":22287,"order_status":"CLOSED"}
{"order_customer_id":6016,"order_id":22288,"order_status":"CANCELED"}
{"order_customer_id":7711,"order_id":22289,"order_status":"PENDING_PAYMENT"}
{"order_customer_id":4349,"order_id":22290,"order_status":"COMPLETE"}
{"order_customer_id":10822,"order_id":22291,"order_status":"COMPLETE"}
{"order_customer_id":10009,"order_id":22292,"order_status":"CLOSED"}
{"order_customer_id":5886,"order_id":22293,"order_status":"COMPLETE"}
{"order_customer_id":12235,"order_id":22294,"order_status":"PENDING_PAYMENT"}
{"order_customer_id":3893,"order_id":22295,"order_status":"CLOSED"}
{"order_customer_id":8609,"order_id":22296,"order_status":"COMPLETE"}
{"order_customer_id":8,"order_id":22297,"order_status":"COMPLETE"}
{"order_customer_id":9072,"order_id":22298,"order_status":"PENDING"}
{"order_customer_id":11683,"order_id":22299,"order_status":"PENDING_PAYMENT"}
{"order_customer_id":3132,"order_id":22300,"order_status":"ON_HOLD"}
{"order_customer_id":10982,"order_id":22301,"order_status":"PENDING_PAYMENT"}
{"order_customer_id":11384,"order_id":22302,"order_status":"COMPLETE"}
{"order_customer_id":6204,"order_id":22303,"order_status":"CLOSED"}
{"order_customer_id":8173,"order_id":22304,"order_status":"CLOSED"}
{"order_customer_id":8722,"order_id":22305,"order_status":"PENDING"}
{"order_customer_id":10746,"order_id":22306,"order_status":"CLOSED"}
{"order_customer_id":10195,"order_id":22307,"order_status":"COMPLETE"}
{"order_customer_id":5852,"order_id":22308,"order_status":"PENDING_PAYMENT"}
{"order_customer_id":9662,"order_id":22309,"order_status":"COMPLETE"}
{"order_customer_id":2876,"order_id":22310,"order_status":"PENDING_PAYMENT"}
{"order_customer_id":2349,"order_id":22311,"order_status":"CLOSED"}
{"order_customer_id":5271,"order_id":22312,"order_status":"PENDING"}
{"order_customer_id":7434,"order_id":22313,"order_status":"PENDING_PAYMENT"}
{"order_customer_id":9264,"order_id":22314,"order_status":"PENDING_PAYMENT"}
{"order_customer_id":7676,"order_id":22315,"order_status":"PENDING_PAYMENT"}
{"order_customer_id":272,"order_id":22316,"order_status":"PENDING_PAYMENT"}
{"order_customer_id":4876,"order_id":22317,"order_status":"COMPLETE"}
{"order_customer_id":7105,"order_id":22318,"order_status":"PROCESSING"}
{"order_customer_id":8548,"order_id":22319,"order_status":"PENDING_PAYMENT"}
{"order_customer_id":3752,"order_id":22320,"order_status":"COMPLETE"}
{"order_customer_id":1807,"order_id":22321,"order_status":"SUSPECTED_FRAUD"}
{"order_customer_id":5522,"order_id":22322,"order_status":"CLOSED"}
{"order_customer_id":4510,"order_id":22323,"order_status":"CLOSED"}
{"order_customer_id":11432,"order_id":61255,"order_status":"CLOSED"}
{"order_customer_id":1399,"order_id":61256,"order_status":"PENDING_PAYMENT"}
{"order_customer_id":9489,"order_id":61257,"order_status":"PENDING_PAYMENT"}
{"order_customer_id":3556,"order_id":61258,"order_status":"PENDING_PAYMENT"}
{"order_customer_id":3046,"order_id":61259,"order_status":"PENDING"}
{"order_customer_id":5815,"order_id":61260,"order_status":"PENDING"}
{"order_customer_id":496,"order_id":61261,"order_status":"PENDING_PAYMENT"}
{"order_customer_id":5012,"order_id":61262,"order_status":"PROCESSING"}
{"order_customer_id":11362,"order_id":61263,"order_status":"PROCESSING"}
{"order_customer_id":4893,"order_id":61264,"order_status":"CLOSED"}
{"order_customer_id":1784,"order_id":61265,"order_status":"CLOSED"}
{"order_customer_id":6367,"order_id":61266,"order_status":"PENDING"}
{"order_customer_id":4414,"order_id":61267,"order_status":"PENDING_PAYMENT"}
{"order_customer_id":12364,"order_id":61268,"order_status":"CLOSED"}
{"order_customer_id":7757,"order_id":61269,"order_status":"PENDING_PAYMENT"}
{"order_customer_id":9618,"order_id":61270,"order_status":"ON_HOLD"}
{"order_customer_id":8663,"order_id":61271,"order_status":"PENDING_PAYMENT"}
{"order_customer_id":4729,"order_id":61272,"order_status":"COMPLETE"}
{"order_customer_id":1455,"order_id":61273,"order_status":"PROCESSING"}
{"order_customer_id":8779,"order_id":61274,"order_status":"COMPLETE"}
{"order_customer_id":2609,"order_id":61275,"order_status":"CLOSED"}
{"order_customer_id":6754,"order_id":61276,"order_status":"COMPLETE"}
{"order_customer_id":11032,"order_id":61277,"order_status":"PROCESSING"}
{"order_customer_id":11874,"order_id":61278,"order_status":"COMPLETE"}
{"order_customer_id":1875,"order_id":61279,"order_status":"PENDING"}
{"order_customer_id":6730,"order_id":61280,"order_status":"PENDING_PAYMENT"}
{"order_customer_id":569,"order_id":67886,"order_status":"PENDING_PAYMENT"}
{"order_customer_id":12108,"order_id":67887,"order_status":"PENDING_PAYMENT"}
{"order_customer_id":5430,"order_id":67888,"order_status":"PENDING"}
{"order_customer_id":5493,"order_id":67889,"order_status":"PENDING_PAYMENT"}
{"order_customer_id":1735,"order_id":68764,"order_status":"COMPLETE"}
