{"order_customer_id":11073,"order_id":13553,"order_status":"COMPLETE"}
{"order_customer_id":1010,"order_id":13554,"order_status":"COMPLETE"}
{"order_customer_id":1004,"order_id":13555,"order_status":"PENDING"}
{"order_customer_id":7258,"order_id":13556,"order_status":"COMPLETE"}
{"order_customer_id":6561,"order_id":13557,"order_status":"COMPLETE"}
{"order_customer_id":4564,"order_id":13558,"order_status":"PENDING_PAYMENT"}
{"order_customer_id":8224,"order_id":13559,"order_status":"COMPLETE"}
{"order_customer_id":5482,"order_id":13560,"order_status":"CLOSED"}
{"order_customer_id":9042,"order_id":13561,"order_status":"PENDING_PAYMENT"}
{"order_customer_id":10163,"order_id":13562,"order_status":"PENDING_PAYMENT"}
{"order_customer_id":3892,"order_id":13563,"order_status":"PENDING_PAYMENT"}
{"order_customer_id":9073,"order_id":13564,"order_status":"PROCESSING"}
{"order_customer_id":8680,"order_id":13565,"order_status":"PENDING_PAYMENT"}
{"order_customer_id":11765,"order_id":13566,"order_status":"COMPLETE"}
{"order_customer_id":996,"order_id":13567,"order_status":"PENDING_PAYMENT"}
{"order_customer_id":10789,"order_id":13568,"order_status":"PENDING_PAYMENT"}
{"order_customer_id":9222,"order_id":13569,"order_status":"ON_HOLD"}
{"order_customer_id":4062,"order_id":13570,"order_status":"COMPLETE"}
{"order_customer_id":3400,"order_id":13571,"order_status":"COMPLETE"}
{"order_customer_id":4330,"order_id":13572,"order_status":"COMPLETE"}
{"order_customer_id":706,"order_id":13573,"order_status":"PENDING_PAYMENT"}
{"order_customer_id":10252,"order_id":13574,"order_status":"CLOSED"}
{"order_customer_id":970,"order_id":13575,"order_status":"COMPLETE"}
{"order_customer_id":4575,"order_id":13576,"order_status":"CLOSED"}
{"order_customer_id":5641,"order_id":13577,"order_status":"PROCESSING"}
{"order_customer_id":2813,"order_id":13578,"order_status":"PROCESSING"}
{"order_customer_id":9321,"order_id":13579,"order_status":"COMPLETE"}
{"order_customer_id":7309,"order_id":13580,"order_status":"COMPLETE"}
{"order_customer_id":6778,"order_id":13581,"order_status":"SUSPECTED_FRAUD"}
{"order_customer_id":10094,"order_id":13582,"order_status":"COMPLETE"}
{"order_customer_id":5907,"order_id":13583,"order_status":"CLOSED"}
{"order_customer_id":1412,"order_id":13584,"order_status":"COMPLETE"}
{"order_customer_id":7248,"order_id":13585,"order_status":"COMPLETE"}
{"order_customer_id":9897,"order_id":13586,"order_status":"COMPLETE"}
{"order_customer_id":6275,"order_id":13587,"order_status":"CLOSED"}
{"order_customer_id":1979,"order_id":13588,"order_status":"COMPLETE"}
{"order_customer_id":8454,"order_id":13589,"order_status":"COMPLETE"}
{"order_customer_id":8724,"order_id":13590,"order_status":"ON_HOLD"}
{"order_customer_id":1542,"order_id":13591,"order_status":"PENDING_PAYMENT"}
{"order_customer_id":10067,"order_id":13592,"order_status":"PENDING_PAYMENT"}
{"order_customer_id":2228,"order_id":13593,"order_status":"CLOSED"}
{"order_customer_id":10780,"order_id":13594,"order_status":"PROCESSING"}
{"order_customer_id":5585,"order_id":13595,"order_status":"ON_HOLD"}
{"order_customer_id":3723,"order_id":13596,"order_status":"COMPLETE"}
{"order_customer_id":2238,"order_id":13597,"order_status":"CLOSED"}
{"order_customer_id":12121,"order_id":13598,"order_status":"PROCESSING"}
{"order_customer_id":6123,"order_id":13599,"order_status":"PENDING"}
{"order_customer_id":10174,"order_id":13600,"order_status":"PENDING"}
{"order_customer_id":6612,"order_id":13601,"order_status":"PENDING_PAYMENT"}
{"order_customer_id":7322,"order_id":13602,"order_status":"COMPLETE"}
{"order_customer_id":10241,"order_id":13603,"order_status":"ON_HOLD"}
{"order_customer_id":9578,"order_id":13604,"order_status":"PROCESSING"}
{"order_customer_id":7659,"order_id":13605,"order_status":"COMPLETE"}
{"order_customer_id":5713,"order_id":13606,"order_status":"ON_HOLD"}
{"order_customer_id":11454,"order_id":13607,"order_status":"ON_HOLD"}
{"order_customer_id":2744,"order_id":13608,"order_status":"COMPLETE"}
{"order_customer_id":3322,"order_id":13609,"order_status":"COMPLETE"}
{"order_customer_id":12377,"order_id":13610,"order_status":"PENDING_PAYMENT"}
{"order_customer_id":181,"order_id":13611,"order_status":"CLOSED"}
{"order_customer_id":11846,"order_id":13612,"order_status":"PENDING_PAYMENT"}
{"order_customer_id":9713,"order_id":13613,"order_status":"PENDING"}
{"order_customer_id":2686,"order_id":13614,"order_status":"COMPLETE"}
{"order_customer_id":8186,"order_id":13615,"order_status":"PENDING"}
{"order_customer_id":9790,"order_id":13616,"order_status":"COMPLETE"}
{"order_customer_id":3291,"order_id":13617,"order_status":"PENDING_PAYMENT"}
{"order_customer_id":3459,"order_id":13618,"order_status":"COMPLETE"}
{"order_customer_id":11784,"order_id":13619,"order_status":"PENDING"}
{"order_customer_id":9565,"order_id":13620,"order_status":"PENDING"}
{"order_customer_id":1589,"order_id":13621,"order_status":"COMPLETE"}
{"order_customer_id":12192,"order_id":13622,"order_status":"PENDING_PAYMENT"}
{"order_customer_id":5311,"order_id":13623,"order_status":"COMPLETE"}
{"order_customer_id":3543,"order_id":13624,"order_status":"COMPLETE"}
{"order_customer_id":11009,"order_id":13625,"order_status":"COMPLETE"}
{"order_customer_id":1653,"order_id":13626,"order_status":"COMPLETE"}
{"order_customer_id":10010,"order_id":13627,"order_status":"PENDING_PAYMENT"}
{"order_customer_id":5904,"order_id":13628,"order_status":"COMPLETE"}
{"order_customer_id":11257,"order_id":13629,"order_status":"PROCESSING"}
{"order_customer_id":6850,"order_id":13630,"order_status":"PENDING_PAYMENT"}
{"order_customer_id":7962,"order_id":13631,"order_status":"PENDING"}
{"order_customer_id":11914,"order_id":13632,"order_status":"COMPLETE"}
{"order_customer_id":7649,"order_id":13633,"order_status":"COMPLETE"}
{"order_customer_id":8551,"order_id":13634,"order_status":"PENDING_PAYMENT"}
{"order_customer_id":2404,"order_id":13635,"order_status":"PENDING"}
{"order_customer_id":1527,"order_id":13636,"order_status":"PENDING"}
{"order_customer_id":2154,"order_id":13637,"order_status":"PENDING_PAYMENT"}
{"order_customer_id":1708,"order_id":13638,"order_status":"PENDING_PAYMENT"}
{"order_customer_id":3389,"order_id":13639,"order_status":"COMPLETE"}
{"order_customer_id":3382,"order_id":13640,"order_status":"COMPLETE"}
{"order_customer_id":9729,"order_id":13641,"order_status":"PENDING_PAYMENT"}
{"order_customer_id":6280,"order_id":13642,"order_status":"PROCESSING"}
{"order_customer_id":11177,"order_id":13643,"order_status":"PROCESSING"}
{"order_customer_id":1583,"order_id":13644,"order_status":"ON_HOLD"}
{"order_customer_id":9339,"order_id":13645,"order_status":"PENDING_PAYMENT"}
{"order_customer_id":5243,"order_id":13646,"order_status":"PROCESSING"}
{"order_customer_id":3832,"order_id":13647,"order_status":"SUSPECTED_FRAUD"}
{"order_customer_id":10141,"order_id":13648,"order_status":"COMPLETE"}
{"order_customer_id":11504,"order_id":13649,"order_status":"CLOSED"}
{"order_customer_id":11117,"order_id":13650,"order_status":"SUSPECTED_FRAUD"}
{"order_customer_id":8643,"order_id":13651,"order_status":"PENDING_PAYMENT"}
{"order_customer_id":8919,"order_id":13652,"order_status":"COMPLETE"}
{"order_customer_id":1619,"order_id":13653,"order_status":"COMPLETE"}
{"order_customer_id":12403,"order_id":13654,"order_status":"PENDING_PAYMENT"}
{"order_customer_id":475,"order_id":13655,"order_status":"PENDING_PAYMENT"}
{"order_customer_id":1986,"order_id":13656,"order_status":"COMPLETE"}
{"order_customer_id":10331,"order_id":13657,"order_status":"COMPLETE"}
{"order_customer_id":8675,"order_id":13658,"order_status":"PROCESSING"}
{"order_customer_id":10139,"order_id":13659,"order_status":"CLOSED"}
{"order_customer_id":4321,"order_id":13660,"order_status":"COMPLETE"}
{"order_customer_id":1854,"order_id":13661,"order_status":"PROCESSING"}
{"order_customer_id":9720,"order_id":13662,"order_status":"COMPLETE"}
{"order_customer_id":12302,"order_id":13663,"order_status":"PENDING"}
{"order_customer_id":3265,"order_id":13664,"order_status":"PENDING_PAYMENT"}
{"order_customer_id":8078,"order_id":13665,"order_status":"COMPLETE"}
{"order_customer_id":6376,"order_id":13666,"order_status":"COMPLETE"}
{"order_customer_id":11884,"order_id":13667,"order_status":"COMPLETE"}
{"order_customer_id":11550,"order_id":13668,"order_status":"COMPLETE"}
{"order_customer_id":4700,"order_id":13669,"order_status":"PENDING"}
{"order_customer_id":3760,"order_id":13670,"order_status":"PENDING"}
{"order_customer_id":10225,"order_id":13671,"order_status":"COMPLETE"}
{"order_customer_id":2936,"order_id":13672,"order_status":"CLOSED"}
{"order_customer_id":9599,"order_id":13673,"order_status":"CLOSED"}
{"order_customer_id":5685,"order_id":59899,"order_status":"COMPLETE"}
{"order_customer_id":11449,"order_id":59900,"order_status":"PENDING_PAYMENT"}
{"order_customer_id":3324,"order_id":59901,"order_status":"PROCESSING"}
{"order_customer_id":11882,"order_id":59902,"order_status":"ON_HOLD"}
{"order_customer_id":4394,"order_id":59903,"order_status":"PENDING_PAYMENT"}
{"order_customer_id":8784,"order_id":59904,"order_status":"PENDING"}
{"order_customer_id":11159,"order_id":59905,"order_status":"CLOSED"}
{"order_customer_id":2625,"order_id":59906,"order_status":"COMPLETE"}
{"order_customer_id":2985,"order_id":59907,"order_status":"COMPLETE"}
{"order_customer_id":9902,"order_id":59908,"order_status":"CLOSED"}
{"order_customer_id":2442,"order_id":59909,"order_status":"COMPLETE"}
{"order_customer_id":6757,"order_id":59910,"order_status":"COMPLETE"}
{"order_customer_id":11599,"order_id":59911,"order_status":"PROCESSING"}
{"order_customer_id":9673,"order_id":59912,"order_status":"COMPLETE"}
{"order_customer_id":6003,"order_id":59913,"order_status":"CANCELED"}
{"order_customer_id":8715,"order_id":59914,"order_status":"CANCELED"}
{"order_customer_id":9718,"order_id":59915,"order_status":"PENDING_PAYMENT"}
{"order_customer_id":9685,"order_id":59916,"order_status":"COMPLETE"}
{"order_customer_id":2706,"order_id":59917,"order_status":"PENDING_PAYMENT"}
{"order_customer_id":10932,"order_id":59918,"order_status":"COMPLETE"}
{"order_customer_id":2829,"order_id":59919,"order_status":"PROCESSING"}
{"order_customer_id":8889,"order_id":59920,"order_status":"COMPLETE"}
{"order_customer_id":6682,"order_id":59921,"order_status":"PENDING_PAYMENT"}
{"order_customer_id":9353,"order_id":59922,"order_status":"COMPLETE"}
{"order_customer_id":3561,"order_id":59923,"order_status":"PENDING_PAYMENT"}
{"order_customer_id":2783,"order_id":59924,"order_status":"PENDING_PAYMENT"}
{"order_customer_id":8337,"order_id":59925,"order_status":"PENDING_PAYMENT"}
{"order_customer_id":6740,"order_id":59926,"order_status":"PROCESSING"}
{"order_customer_id":3648,"order_id":59927,"order_status":"ON_HOLD"}
{"order_customer_id":12023,"order_id":59928,"order_status":"COMPLETE"}
{"order_customer_id":5072,"order_id":59929,"order_status":"CLOSED"}
{"order_customer_id":5461,"order_id":59930,"order_status":"CLOSED"}
{"order_customer_id":11617,"order_id":59931,"order_status":"COMPLETE"}
{"order_customer_id":4248,"order_id":59932,"order_status":"COMPLETE"}
{"order_customer_id":3494,"order_id":59933,"order_status":"CLOSED"}
{"order_customer_id":4847,"order_id":59934,"order_status":"PENDING_PAYMENT"}
{"order_customer_id":5132,"order_id":67716,"order_status":"PROCESSING"}
{"order_customer_id":9876,"order_id":67717,"order_status":"PROCESSING"}
{"order_customer_id":1673,"order_id":67718,"order_status":"PENDING_PAYMENT"}
{"order_customer_id":10567,"order_id":67719,"order_status":"ON_HOLD"}
{"order_customer_id":5378,"order_id":67720,"order_status":"PENDING_PAYMENT"}
{"order_customer_id":6109,"order_id":67721,"order_status":"PENDING"}
