{"order_customer_id":11208,"order_id":2693,"order_status":"COMPLETE"}
{"order_customer_id":8419,"order_id":2694,"order_status":"COMPLETE"}
{"order_customer_id":12157,"order_id":2695,"order_status":"CLOSED"}
{"order_customer_id":7278,"order_id":2696,"order_status":"PROCESSING"}
{"order_customer_id":7109,"order_id":2697,"order_status":"PROCESSING"}
{"order_customer_id":3683,"order_id":2698,"order_status":"COMPLETE"}
{"order_customer_id":341,"order_id":2699,"order_status":"PENDING_PAYMENT"}
{"order_customer_id":2701,"order_id":2700,"order_status":"COMPLETE"}
{"order_customer_id":5636,"order_id":2701,"order_status":"PENDING_PAYMENT"}
{"order_customer_id":5643,"order_id":2702,"order_status":"COMPLETE"}
{"order_customer_id":521,"order_id":2703,"order_status":"CLOSED"}
{"order_customer_id":4064,"order_id":2704,"order_status":"PENDING"}
{"order_customer_id":866,"order_id":2705,"order_status":"CLOSED"}
{"order_customer_id":8902,"order_id":2706,"order_status":"PENDING"}
{"order_customer_id":8952,"order_id":2707,"order_status":"PENDING"}
{"order_customer_id":2580,"order_id":2708,"order_status":"ON_HOLD"}
{"order_customer_id":11995,"order_id":2709,"order_status":"PROCESSING"}
{"order_customer_id":2307,"order_id":2710,"order_status":"COMPLETE"}
{"order_customer_id":4590,"order_id":2711,"order_status":"PENDING_PAYMENT"}
{"order_customer_id":7562,"order_id":2712,"order_status":"COMPLETE"}
{"order_customer_id":6149,"order_id":2713,"order_status":"CLOSED"}
{"order_customer_id":2325,"order_id":2714,"order_status":"CLOSED"}
{"order_customer_id":3301,"order_id":2715,"order_status":"COMPLETE"}
{"order_customer_id":4047,"order_id":2716,"order_status":"COMPLETE"}
{"order_customer_id":7083,"order_id":2717,"order_status":"CLOSED"}
{"order_customer_id":11175,"order_id":2718,"order_status":"CLOSED"}
{"order_customer_id":6313,"order_id":2719,"order_status":"PROCESSING"}
{"order_customer_id":9463,"order_id":2720,"order_status":"COMPLETE"}
{"order_customer_id":5655,"order_id":2721,"order_status":"SUSPECTED_FRAUD"}
{"order_customer_id":6307,"order_id":2722,"order_status":"COMPLETE"}
{"order_customer_id":3985,"order_id":2723,"order_status":"COMPLETE"}
{"order_customer_id":10704,"order_id":2724,"order_status":"CLOSED"}
{"order_customer_id":5741,"order_id":2725,"order_status":"PENDING"}
{"order_customer_id":10963,"order_id":2726,"order_status":"PROCESSING"}
{"order_customer_id":8910,"order_id":2727,"order_status":"COMPLETE"}
{"order_customer_id":2080,"order_id":2728,"order_status":"PENDING_PAYMENT"}
{"order_customer_id":6278,"order_id":2729,"order_status":"COMPLETE"}
{"order_customer_id":8290,"order_id":2730,"order_status":"CLOSED"}
{"order_customer_id":10814,"order_id":2731,"order_status":"PROCESSING"}
{"order_customer_id":6875,"order_id":2732,"order_status":"COMPLETE"}
{"order_customer_id":11555,"order_id":2733,"order_status":"ON_HOLD"}
{"order_customer_id":5307,"order_id":2734,"order_status":"PROCESSING"}
{"order_customer_id":8584,"order_id":2735,"order_status":"CLOSED"}
{"order_customer_id":1261,"order_id":2736,"order_status":"COMPLETE"}
{"order_customer_id":5992,"order_id":2737,"order_status":"PENDING_PAYMENT"}
{"order_customer_id":2310,"order_id":2738,"order_status":"PENDING_PAYMENT"}
{"order_customer_id":8951,"order_id":2739,"order_status":"PENDING"}
{"order_customer_id":7200,"order_id":2740,"order_status":"SUSPECTED_FRAUD"}
{"order_customer_id":3982,"order_id":2741,"order_status":"PROCESSING"}
{"order_customer_id":4892,"order_id":2742,"order_status":"PROCESSING"}
{"order_customer_id":2330,"order_id":2743,"order_status":"ON_HOLD"}
{"order_customer_id":8710,"order_id":2744,"order_status":"PROCESSING"}
{"order_customer_id":5074,"order_id":2745,"order_status":"CLOSED"}
{"order_customer_id":5960,"order_id":2746,"order_status":"COMPLETE"}
{"order_customer_id":6402,"order_id":2747,"order_status":"CLOSED"}
{"order_customer_id":5826,"order_id":2748,"order_status":"PENDING_PAYMENT"}
{"order_customer_id":4023,"order_id":2749,"order_status":"PENDING_PAYMENT"}
{"order_customer_id":11838,"order_id":2750,"order_status":"COMPLETE"}
{"order_customer_id":6745,"order_id":2751,"order_status":"COMPLETE"}
{"order_customer_id":9348,"order_id":2752,"order_status":"PENDING_PAYMENT"}
{"order_customer_id":1533,"order_id":2753,"order_status":"PENDING"}
{"order_customer_id":8946,"order_id":2754,"order_status":"CANCELED"}
{"order_customer_id":1679,"order_id":2755,"order_status":"COMPLETE"}
{"order_customer_id":7391,"order_id":2756,"order_status":"CLOSED"}
{"order_customer_id":245,"order_id":2757,"order_status":"ON_HOLD"}
{"order_customer_id":1023,"order_id":2758,"order_status":"PENDING_PAYMENT"}
{"order_customer_id":10885,"order_id":2759,"order_status":"PENDING"}
{"order_customer_id":11662,"order_id":2760,"order_status":"COMPLETE"}
{"order_customer_id":11097,"order_id":2761,"order_status":"CLOSED"}
{"order_customer_id":6446,"order_id":2762,"order_status":"CLOSED"}
{"order_customer_id":2903,"order_id":2763,"order_status":"PENDING"}
{"order_customer_id":8738,"order_id":2764,"order_status":"COMPLETE"}
{"order_customer_id":10657,"order_id":2765,"order_status":"PENDING_PAYMENT"}
{"order_customer_id":3520,"order_id":2766,"order_status":"COMPLETE"}
{"order_customer_id":6356,"order_id":2767,"order_status":"PROCESSING"}
{"order_customer_id":4204,"order_id":2768,"order_status":"ON_HOLD"}
{"order_customer_id":9542,"order_id":2769,"order_status":"COMPLETE"}
{"order_customer_id":10056,"order_id":2770,"order_status":"COMPLETE"}
{"order_customer_id":2658,"order_id":2771,"order_status":"PENDING_PAYMENT"}
{"order_customer_id":2747,"order_id":2772,"order_status":"PENDING"}
{"order_customer_id":2050,"order_id":2773,"order_status":"PENDING_PAYMENT"}
{"order_customer_id":6672,"order_id":2774,"order_status":"PENDING"}
{"order_customer_id":10402,"order_id":2775,"order_status":"COMPLETE"}
{"order_customer_id":4641,"order_id":2776,"order_status":"PENDING_PAYMENT"}
{"order_customer_id":1535,"order_id":2777,"order_status":"COMPLETE"}
{"order_customer_id":3922,"order_id":2778,"order_status":"PENDING_PAYMENT"}
{"order_customer_id":3277,"order_id":2779,"order_status":"PENDING"}
{"order_customer_id":10327,"order_id":2780,"order_status":"PENDING"}
{"order_customer_id":12284,"order_id":2781,"order_status":"ON_HOLD"}
{"order_customer_id":12123,"order_id":2782,"order_status":"PENDING_PAYMENT"}
{"order_customer_id":2615,"order_id":2783,"order_status":"COMPLETE"}
{"order_customer_id":8880,"order_id":2784,"order_status":"CANCELED"}
{"order_customer_id":1775,"order_id":2785,"order_status":"COMPLETE"}
{"order_customer_id":6144,"order_id":58133,"order_status":"CANCELED"}
{"order_customer_id":4257,"order_id":58134,"order_status":"ON_HOLD"}
{"order_customer_id":6135,"order_id":58135,"order_status":"PENDING_PAYMENT"}
{"order_customer_id":9300,"order_id":58136,"order_status":"PROCESSING"}
{"order_customer_id":174,"order_id":58137,"order_status":"PROCESSING"}
{"order_customer_id":5103,"order_id":58138,"order_status":"CANCELED"}
{"order_customer_id":720,"order_id":58139,"order_status":"ON_HOLD"}
{"order_customer_id":3959,"order_id":58140,"order_status":"COMPLETE"}
{"order_customer_id":11263,"order_id":58141,"order_status":"COMPLETE"}
{"order_customer_id":2721,"order_id":58142,"order_status":"PENDING"}
{"order_customer_id":6337,"order_id":58143,"order_status":"COMPLETE"}
{"order_customer_id":11938,"order_id":58144,"order_status":"ON_HOLD"}
{"order_customer_id":8649,"order_id":58145,"order_status":"CANCELED"}
{"order_customer_id":1739,"order_id":58146,"order_status":"PENDING"}
{"order_customer_id":8457,"order_id":58147,"order_status":"PENDING_PAYMENT"}
{"order_customer_id":3258,"order_id":58148,"order_status":"PENDING_PAYMENT"}
{"order_customer_id":6229,"order_id":58149,"order_status":"CLOSED"}
{"order_customer_id":4360,"order_id":58150,"order_status":"PENDING_PAYMENT"}
{"order_customer_id":9890,"order_id":58151,"order_status":"PENDING_PAYMENT"}
{"order_customer_id":10095,"order_id":58152,"order_status":"ON_HOLD"}
{"order_customer_id":5041,"order_id":58153,"order_status":"PENDING"}
{"order_customer_id":10580,"order_id":58154,"order_status":"COMPLETE"}
{"order_customer_id":8346,"order_id":58155,"order_status":"COMPLETE"}
{"order_customer_id":11464,"order_id":58156,"order_status":"COMPLETE"}
{"order_customer_id":5327,"order_id":58157,"order_status":"PROCESSING"}
{"order_customer_id":5653,"order_id":58158,"order_status":"PENDING_PAYMENT"}
{"order_customer_id":6625,"order_id":58159,"order_status":"ON_HOLD"}
{"order_customer_id":5515,"order_id":58160,"order_status":"PENDING_PAYMENT"}
{"order_customer_id":10825,"order_id":67476,"order_status":"COMPLETE"}
{"order_customer_id":1832,"order_id":67477,"order_status":"SUSPECTED_FRAUD"}
{"order_customer_id":9948,"order_id":67478,"order_status":"COMPLETE"}
{"order_customer_id":5728,"order_id":67479,"order_status":"CLOSED"}
