{"order_customer_id":873,"order_id":29300,"order_status":"PENDING_PAYMENT"}
{"order_customer_id":4582,"order_id":29301,"order_status":"PENDING_PAYMENT"}
{"order_customer_id":7675,"order_id":29302,"order_status":"ON_HOLD"}
{"order_customer_id":7583,"order_id":29303,"order_status":"COMPLETE"}
{"order_customer_id":2989,"order_id":29304,"order_status":"PENDING"}
{"order_customer_id":7267,"order_id":29305,"order_status":"COMPLETE"}
{"order_customer_id":10505,"order_id":29306,"order_status":"COMPLETE"}
{"order_customer_id":2966,"order_id":29307,"order_status":"PENDING_PAYMENT"}
{"order_customer_id":9411,"order_id":29308,"order_status":"ON_HOLD"}
{"order_customer_id":6518,"order_id":29309,"order_status":"CLOSED"}
{"order_customer_id":6617,"order_id":29310,"order_status":"COMPLETE"}
{"order_customer_id":9612,"order_id":29311,"order_status":"COMPLETE"}
{"order_customer_id":7540,"order_id":29312,"order_status":"COMPLETE"}
{"order_customer_id":1528,"order_id":29313,"order_status":"PROCESSING"}
{"order_customer_id":9518,"order_id":29314,"order_status":"PENDING_PAYMENT"}
{"order_customer_id":11582,"order_id":29315,"order_status":"CLOSED"}
{"order_customer_id":8016,"order_id":29316,"order_status":"COMPLETE"}
{"order_customer_id":620,"order_id":29317,"order_status":"CANCELED"}
{"order_customer_id":12324,"order_id":29318,"order_status":"COMPLETE"}
{"order_customer_id":10724,"order_id":29319,"order_status":"PENDING"}
{"order_customer_id":11343,"order_id":29320,"order_status":"PROCESSING"}
{"order_customer_id":11754,"order_id":29321,"order_status":"COMPLETE"}
{"order_customer_id":8128,"order_id":29322,"order_status":"COMPLETE"}
{"order_customer_id":6940,"order_id":29323,"order_status":"COMPLETE"}
{"order_customer_id":6759,"order_id":29324,"order_status":"PENDING"}
{"order_customer_id":1721,"order_id":29325,"order_status":"ON_HOLD"}
{"order_customer_id":8161,"order_id":29326,"order_status":"PENDING"}
{"order_customer_id":10936,"order_id":29327,"order_status":"PROCESSING"}
{"order_customer_id":2776,"order_id":29328,"order_status":"PENDING_PAYMENT"}
{"order_customer_id":2176,"order_id":29329,"order_status":"PROCESSING"}
{"order_customer_id":7161,"order_id":29330,"order_status":"COMPLETE"}
{"order_customer_id":2255,"order_id":29331,"order_status":"COMPLETE"}
{"order_customer_id":864,"order_id":29332,"order_status":"CLOSED"}
{"order_customer_id":11225,"order_id":29333,"order_status":"COMPLETE"}
{"order_customer_id":1300,"order_id":29334,"order_status":"ON_HOLD"}
{"order_customer_id":5078,"order_id":29335,"order_status":"COMPLETE"}
{"order_customer_id":7730,"order_id":29336,"order_status":"PENDING_PAYMENT"}
{"order_customer_id":4754,"order_id":29337,"order_status":"CLOSED"}
{"order_customer_id":4579,"order_id":29338,"order_status":"PENDING"}
{"order_customer_id":346,"order_id":29339,"order_status":"COMPLETE"}
{"order_customer_id":1375,"order_id":29340,"order_status":"ON_HOLD"}
{"order_customer_id":11180,"order_id":29341,"order_status":"CLOSED"}
{"order_customer_id":655,"order_id":29342,"order_status":"PENDING_PAYMENT"}
{"order_customer_id":11618,"order_id":29343,"order_status":"PENDING_PAYMENT"}
{"order_customer_id":2822,"order_id":29344,"order_status":"PENDING_PAYMENT"}
{"order_customer_id":11876,"order_id":29345,"order_status":"COMPLETE"}
{"order_customer_id":10127,"order_id":29346,"order_status":"COMPLETE"}
{"order_customer_id":8864,"order_id":29347,"order_status":"PENDING"}
{"order_customer_id":3567,"order_id":29348,"order_status":"PROCESSING"}
{"order_customer_id":10129,"order_id":29349,"order_status":"COMPLETE"}
{"order_customer_id":10454,"order_id":29350,"order_status":"COMPLETE"}
{"order_customer_id":5486,"order_id":29351,"order_status":"PENDING_PAYMENT"}
{"order_customer_id":10921,"order_id":29352,"order_status":"PENDING_PAYMENT"}
{"order_customer_id":646,"order_id":29353,"order_status":"COMPLETE"}
{"order_customer_id":9018,"order_id":29354,"order_status":"COMPLETE"}
{"order_customer_id":4796,"order_id":29355,"order_status":"CLOSED"}
{"order_customer_id":3453,"order_id":29356,"order_status":"COMPLETE"}
{"order_customer_id":2175,"order_id":29357,"order_status":"CLOSED"}
{"order_customer_id":2063,"order_id":29358,"order_status":"PENDING"}
{"order_customer_id":7916,"order_id":29359,"order_status":"PENDING_PAYMENT"}
{"order_customer_id":3297,"order_id":29360,"order_status":"CANCELED"}
{"order_customer_id":141,"order_id":29361,"order_status":"COMPLETE"}
{"order_customer_id":9201,"order_id":29362,"order_status":"COMPLETE"}
{"order_customer_id":11224,"order_id":29363,"order_status":"PROCESSING"}
{"order_customer_id":4914,"order_id":29364,"order_status":"CLOSED"}
{"order_customer_id":9348,"order_id":29365,"order_status":"SUSPECTED_FRAUD"}
{"order_customer_id":11378,"order_id":29366,"order_status":"COMPLETE"}
{"order_customer_id":8421,"order_id":29367,"order_status":"CLOSED"}
{"order_customer_id":2818,"order_id":29368,"order_status":"PENDING_PAYMENT"}
{"order_customer_id":8790,"order_id":29369,"order_status":"PROCESSING"}
{"order_customer_id":6583,"order_id":29370,"order_status":"CANCELED"}
{"order_customer_id":7016,"order_id":29371,"order_status":"PROCESSING"}
{"order_customer_id":11698,"order_id":29372,"order_status":"PENDING"}
{"order_customer_id":2993,"order_id":29373,"order_status":"ON_HOLD"}
{"order_customer_id":1704,"order_id":29374,"order_status":"COMPLETE"}
{"order_customer_id":10211,"order_id":29375,"order_status":"PENDING_PAYMENT"}
{"order_customer_id":1485,"order_id":29376,"order_status":"COMPLETE"}
{"order_customer_id":44,"order_id":29377,"order_status":"PENDING_PAYMENT"}
{"order_customer_id":6102,"order_id":29378,"order_status":"CLOSED"}
{"order_customer_id":12293,"order_id":29379,"order_status":"PENDING"}
{"order_customer_id":10337,"order_id":29380,"order_status":"PENDING_PAYMENT"}
{"order_customer_id":2316,"order_id":29381,"order_status":"COMPLETE"}
{"order_customer_id":5270,"order_id":29382,"order_status":"CLOSED"}
{"order_customer_id":8,"order_id":29383,"order_status":"COMPLETE"}
{"order_customer_id":8229,"order_id":29384,"order_status":"PENDING_PAYMENT"}
{"order_customer_id":10673,"order_id":29385,"order_status":"PENDING_PAYMENT"}
{"order_customer_id":1534,"order_id":29386,"order_status":"COMPLETE"}
{"order_customer_id":7132,"order_id":29387,"order_status":"CLOSED"}
{"order_customer_id":9986,"order_id":29388,"order_status":"COMPLETE"}
{"order_customer_id":4831,"order_id":29389,"order_status":"PENDING"}
{"order_customer_id":6876,"order_id":29390,"order_status":"COMPLETE"}
{"order_customer_id":9435,"order_id":29391,"order_status":"PROCESSING"}
{"order_customer_id":1489,"order_id":29392,"order_status":"PENDING_PAYMENT"}
{"order_customer_id":5030,"order_id":29393,"order_status":"PROCESSING"}
{"order_customer_id":7836,"order_id":29394,"order_status":"PENDING_PAYMENT"}
{"order_customer_id":8179,"order_id":29395,"order_status":"PENDING_PAYMENT"}
{"order_customer_id":373,"order_id":29396,"order_status":"PENDING_PAYMENT"}
{"order_customer_id":5522,"order_id":29397,"order_status":"PENDING"}
{"order_customer_id":3685,"order_id":29398,"order_status":"PROCESSING"}
{"order_customer_id":11527,"order_id":29399,"order_status":"PAYMENT_REVIEW"}
{"order_customer_id":3652,"order_id":29400,"order_status":"PAYMENT_REVIEW"}
{"order_customer_id":2970,"order_id":29401,"order_status":"PENDING_PAYMENT"}
{"order_customer_id":1415,"order_id":29402,"order_status":"COMPLETE"}
{"order_customer_id":520,"order_id":29403,"order_status":"PENDING_PAYMENT"}
{"order_customer_id":7073,"order_id":29404,"order_status":"PENDING_PAYMENT"}
{"order_customer_id":2556,"order_id":29405,"order_status":"COMPLETE"}
{"order_customer_id":8320,"order_id":29406,"order_status":"CLOSED"}
{"order_customer_id":547,"order_id":29407,"order_status":"PENDING"}
{"order_customer_id":9684,"order_id":29408,"order_status":"PENDING_PAYMENT"}
{"order_customer_id":8740,"order_id":29409,"order_status":"CLOSED"}
{"order_customer_id":1971,"order_id":29410,"order_status":"COMPLETE"}
{"order_customer_id":2806,"order_id":29411,"order_status":"PENDING"}
{"order_customer_id":7849,"order_id":29412,"order_status":"PROCESSING"}
{"order_customer_id":5714,"order_id":29413,"order_status":"ON_HOLD"}
{"order_customer_id":1035,"order_id":29414,"order_status":"COMPLETE"}
{"order_customer_id":10214,"order_id":29415,"order_status":"PROCESSING"}
{"order_customer_id":5298,"order_id":29416,"order_status":"PENDING"}
{"order_customer_id":3187,"order_id":29417,"order_status":"CLOSED"}
{"order_customer_id":3643,"order_id":29418,"order_status":"PENDING_PAYMENT"}
{"order_customer_id":10638,"order_id":29419,"order_status":"PAYMENT_REVIEW"}
{"order_customer_id":1540,"order_id":29420,"order_status":"PENDING_PAYMENT"}
{"order_customer_id":8523,"order_id":29421,"order_status":"COMPLETE"}
{"order_customer_id":10651,"order_id":29422,"order_status":"PENDING"}
{"order_customer_id":5833,"order_id":29423,"order_status":"CLOSED"}
{"order_customer_id":6341,"order_id":29424,"order_status":"PROCESSING"}
{"order_customer_id":11310,"order_id":29425,"order_status":"CLOSED"}
{"order_customer_id":10278,"order_id":29426,"order_status":"PENDING"}
{"order_customer_id":2540,"order_id":29427,"order_status":"COMPLETE"}
{"order_customer_id":3208,"order_id":29428,"order_status":"PROCESSING"}
{"order_customer_id":6181,"order_id":29429,"order_status":"PROCESSING"}
{"order_customer_id":3930,"order_id":29430,"order_status":"COMPLETE"}
{"order_customer_id":4806,"order_id":29431,"order_status":"SUSPECTED_FRAUD"}
{"order_customer_id":4625,"order_id":29432,"order_status":"CLOSED"}
{"order_customer_id":9894,"order_id":29433,"order_status":"COMPLETE"}
{"order_customer_id":3941,"order_id":29434,"order_status":"COMPLETE"}
{"order_customer_id":3635,"order_id":29435,"order_status":"PENDING"}
{"order_customer_id":5724,"order_id":29436,"order_status":"CLOSED"}
{"order_customer_id":6309,"order_id":29437,"order_status":"PENDING"}
{"order_customer_id":5583,"order_id":29438,"order_status":"SUSPECTED_FRAUD"}
{"order_customer_id":8949,"order_id":29439,"order_status":"PENDING"}
{"order_customer_id":1909,"order_id":29440,"order_status":"PROCESSING"}
{"order_customer_id":2635,"order_id":29441,"order_status":"PENDING"}
{"order_customer_id":3699,"order_id":29442,"order_status":"PROCESSING"}
{"order_customer_id":9415,"order_id":29443,"order_status":"PROCESSING"}
{"order_customer_id":9262,"order_id":29444,"order_status":"PENDING_PAYMENT"}
{"order_customer_id":7328,"order_id":29445,"order_status":"PENDING_PAYMENT"}
{"order_customer_id":2267,"order_id":29446,"order_status":"COMPLETE"}
{"order_customer_id":3479,"order_id":29447,"order_status":"PENDING"}
{"order_customer_id":4937,"order_id":29448,"order_status":"COMPLETE"}
{"order_customer_id":5914,"order_id":29449,"order_status":"PENDING_PAYMENT"}
{"order_customer_id":5570,"order_id":29450,"order_status":"CLOSED"}
{"order_customer_id":8108,"order_id":29451,"order_status":"COMPLETE"}
{"order_customer_id":5368,"order_id":29452,"order_status":"CANCELED"}
{"order_customer_id":9106,"order_id":29453,"order_status":"COMPLETE"}
{"order_customer_id":4227,"order_id":29454,"order_status":"CLOSED"}
{"order_customer_id":4009,"order_id":29455,"order_status":"PENDING"}
{"order_customer_id":9676,"order_id":29456,"order_status":"COMPLETE"}
{"order_customer_id":12134,"order_id":29457,"order_status":"CLOSED"}
{"order_customer_id":9127,"order_id":29458,"order_status":"COMPLETE"}
{"order_customer_id":2634,"order_id":29459,"order_status":"COMPLETE"}
{"order_customer_id":9905,"order_id":29460,"order_status":"COMPLETE"}
{"order_customer_id":11637,"order_id":29461,"order_status":"PENDING"}
{"order_customer_id":10201,"order_id":29462,"order_status":"PENDING"}
{"order_customer_id":11647,"order_id":29463,"order_status":"CLOSED"}
{"order_customer_id":5655,"order_id":29464,"order_status":"CLOSED"}
{"order_customer_id":5705,"order_id":29465,"order_status":"COMPLETE"}
{"order_customer_id":3106,"order_id":29466,"order_status":"COMPLETE"}
{"order_customer_id":8748,"order_id":29467,"order_status":"PENDING"}
{"order_customer_id":4448,"order_id":29468,"order_status":"COMPLETE"}
{"order_customer_id":1343,"order_id":29469,"order_status":"CLOSED"}
{"order_customer_id":6046,"order_id":62459,"order_status":"PROCESSING"}
{"order_customer_id":9761,"order_id":62460,"order_status":"PENDING_PAYMENT"}
{"order_customer_id":8713,"order_id":62461,"order_status":"PENDING_PAYMENT"}
{"order_customer_id":3309,"order_id":62462,"order_status":"COMPLETE"}
{"order_customer_id":5268,"order_id":62463,"order_status":"COMPLETE"}
{"order_customer_id":3750,"order_id":62464,"order_status":"CLOSED"}
{"order_customer_id":909,"order_id":62465,"order_status":"COMPLETE"}
{"order_customer_id":1773,"order_id":62466,"order_status":"CLOSED"}
{"order_customer_id":7356,"order_id":62467,"order_status":"COMPLETE"}
{"order_customer_id":10706,"order_id":62468,"order_status":"ON_HOLD"}
{"order_customer_id":11798,"order_id":62469,"order_status":"PENDING"}
{"order_customer_id":895,"order_id":62470,"order_status":"PROCESSING"}
{"order_customer_id":9982,"order_id":62471,"order_status":"COMPLETE"}
{"order_customer_id":8822,"order_id":62472,"order_status":"CLOSED"}
{"order_customer_id":1689,"order_id":62473,"order_status":"PENDING"}
{"order_customer_id":8892,"order_id":62474,"order_status":"COMPLETE"}
{"order_customer_id":6786,"order_id":62475,"order_status":"COMPLETE"}
{"order_customer_id":179,"order_id":62476,"order_status":"COMPLETE"}
{"order_customer_id":3310,"order_id":62477,"order_status":"CLOSED"}
{"order_customer_id":8480,"order_id":62478,"order_status":"COMPLETE"}
{"order_customer_id":2796,"order_id":62479,"order_status":"PENDING"}
{"order_customer_id":10328,"order_id":62480,"order_status":"CLOSED"}
{"order_customer_id":1606,"order_id":62481,"order_status":"COMPLETE"}
{"order_customer_id":475,"order_id":62482,"order_status":"COMPLETE"}
{"order_customer_id":6950,"order_id":62483,"order_status":"PENDING_PAYMENT"}
{"order_customer_id":7393,"order_id":62484,"order_status":"COMPLETE"}
{"order_customer_id":10376,"order_id":62485,"order_status":"PENDING_PAYMENT"}
{"order_customer_id":12276,"order_id":62486,"order_status":"PENDING"}
{"order_customer_id":12280,"order_id":62487,"order_status":"PENDING_PAYMENT"}
{"order_customer_id":880,"order_id":62488,"order_status":"COMPLETE"}
{"order_customer_id":1515,"order_id":62489,"order_status":"COMPLETE"}
{"order_customer_id":8942,"order_id":62490,"order_status":"ON_HOLD"}
{"order_customer_id":7734,"order_id":62491,"order_status":"CLOSED"}
{"order_customer_id":10598,"order_id":62492,"order_status":"PENDING_PAYMENT"}
{"order_customer_id":8148,"order_id":62493,"order_status":"PENDING"}
{"order_customer_id":1568,"order_id":62494,"order_status":"CLOSED"}
{"order_customer_id":2794,"order_id":68043,"order_status":"COMPLETE"}
{"order_customer_id":3446,"order_id":68044,"order_status":"PENDING"}
{"order_customer_id":4584,"order_id":68045,"order_status":"PENDING_PAYMENT"}
