{"order_customer_id":9787,"order_id":26977,"order_status":"COMPLETE"}
{"order_customer_id":3838,"order_id":26978,"order_status":"PENDING_PAYMENT"}
{"order_customer_id":7840,"order_id":26979,"order_status":"PENDING"}
{"order_customer_id":4278,"order_id":26980,"order_status":"PENDING_PAYMENT"}
{"order_customer_id":5037,"order_id":26981,"order_status":"PAYMENT_REVIEW"}
{"order_customer_id":11086,"order_id":26982,"order_status":"PENDING_PAYMENT"}
{"order_customer_id":7244,"order_id":26983,"order_status":"COMPLETE"}
{"order_customer_id":5325,"order_id":26984,"order_status":"COMPLETE"}
{"order_customer_id":3330,"order_id":26985,"order_status":"PENDING_PAYMENT"}
{"order_customer_id":9071,"order_id":26986,"order_status":"PENDING_PAYMENT"}
{"order_customer_id":410,"order_id":26987,"order_status":"PROCESSING"}
{"order_customer_id":939,"order_id":26988,"order_status":"ON_HOLD"}
{"order_customer_id":10233,"order_id":26989,"order_status":"CANCELED"}
{"order_customer_id":4388,"order_id":26990,"order_status":"PENDING"}
{"order_customer_id":9414,"order_id":26991,"order_status":"CLOSED"}
{"order_customer_id":11367,"order_id":26992,"order_status":"COMPLETE"}
{"order_customer_id":303,"order_id":26993,"order_status":"PENDING"}
{"order_customer_id":5803,"order_id":26994,"order_status":"ON_HOLD"}
{"order_customer_id":7456,"order_id":26995,"order_status":"COMPLETE"}
{"order_customer_id":957,"order_id":26996,"order_status":"PROCESSING"}
{"order_customer_id":1125,"order_id":26997,"order_status":"PENDING_PAYMENT"}
{"order_customer_id":9450,"order_id":26998,"order_status":"COMPLETE"}
{"order_customer_id":7231,"order_id":26999,"order_status":"COMPLETE"}
{"order_customer_id":7920,"order_id":27000,"order_status":"PROCESSING"}
{"order_customer_id":9907,"order_id":27001,"order_status":"PROCESSING"}
{"order_customer_id":10976,"order_id":27002,"order_status":"PROCESSING"}
{"order_customer_id":1307,"order_id":27003,"order_status":"PENDING"}
{"order_customer_id":8773,"order_id":27004,"order_status":"COMPLETE"}
{"order_customer_id":11357,"order_id":27005,"order_status":"PROCESSING"}
{"order_customer_id":7872,"order_id":27006,"order_status":"PENDING_PAYMENT"}
{"order_customer_id":3815,"order_id":27007,"order_status":"PENDING"}
{"order_customer_id":9070,"order_id":27008,"order_status":"PROCESSING"}
{"order_customer_id":4663,"order_id":27009,"order_status":"PENDING_PAYMENT"}
{"order_customer_id":5775,"order_id":27010,"order_status":"PROCESSING"}
{"order_customer_id":9727,"order_id":27011,"order_status":"PENDING_PAYMENT"}
{"order_customer_id":5413,"order_id":27012,"order_status":"COMPLETE"}
{"order_customer_id":6364,"order_id":27013,"order_status":"CLOSED"}
{"order_customer_id":217,"order_id":27014,"order_status":"PENDING_PAYMENT"}
{"order_customer_id":9639,"order_id":27015,"order_status":"CLOSED"}
{"order_customer_id":11956,"order_id":27016,"order_status":"PENDING_PAYMENT"}
{"order_customer_id":11615,"order_id":27017,"order_status":"PENDING_PAYMENT"}
{"order_customer_id":1202,"order_id":27018,"order_status":"COMPLETE"}
{"order_customer_id":1195,"order_id":27019,"order_status":"COMPLETE"}
{"order_customer_id":7542,"order_id":27020,"order_status":"PENDING_PAYMENT"}
{"order_customer_id":4142,"order_id":27021,"order_status":"COMPLETE"}
{"order_customer_id":9039,"order_id":27022,"order_status":"COMPLETE"}
{"order_customer_id":1894,"order_id":27023,"order_status":"ON_HOLD"}
{"order_customer_id":11442,"order_id":27024,"order_status":"PENDING_PAYMENT"}
{"order_customer_id":3154,"order_id":27025,"order_status":"PENDING_PAYMENT"}
{"order_customer_id":11659,"order_id":27026,"order_status":"SUSPECTED_FRAUD"}
{"order_customer_id":7954,"order_id":27027,"order_status":"CLOSED"}
{"order_customer_id":9366,"order_id":27028,"order_status":"PENDING"}
{"order_customer_id":8979,"order_id":27029,"order_status":"COMPLETE"}
{"order_customer_id":6554,"order_id":27030,"order_status":"ON_HOLD"}
{"order_customer_id":6781,"order_id":27031,"order_status":"PENDING_PAYMENT"}
{"order_customer_id":4688,"order_id":27032,"order_status":"COMPLETE"}
{"order_customer_id":10821,"order_id":27033,"order_status":"COMPLETE"}
{"order_customer_id":12283,"order_id":27034,"order_status":"PENDING"}
{"order_customer_id":9039,"order_id":27035,"order_status":"PENDING_PAYMENT"}
{"order_customer_id":8193,"order_id":27036,"order_status":"PENDING"}
{"order_customer_id":6488,"order_id":27037,"order_status":"PENDING_PAYMENT"}
{"order_customer_id":7952,"order_id":27038,"order_status":"COMPLETE"}
{"order_customer_id":2134,"order_id":27039,"order_status":"PENDING_PAYMENT"}
{"order_customer_id":11400,"order_id":27040,"order_status":"CANCELED"}
{"order_customer_id":7582,"order_id":27041,"order_status":"PENDING"}
{"order_customer_id":10115,"order_id":27042,"order_status":"PENDING_PAYMENT"}
{"order_customer_id":1078,"order_id":27043,"order_status":"PROCESSING"}
{"order_customer_id":5891,"order_id":27044,"order_status":"PENDING"}
{"order_customer_id":4189,"order_id":27045,"order_status":"COMPLETE"}
{"order_customer_id":9697,"order_id":27046,"order_status":"COMPLETE"}
{"order_customer_id":9314,"order_id":27047,"order_status":"CLOSED"}
{"order_customer_id":2464,"order_id":27048,"order_status":"CLOSED"}
{"order_customer_id":1524,"order_id":27049,"order_status":"COMPLETE"}
{"order_customer_id":7989,"order_id":27050,"order_status":"PROCESSING"}
{"order_customer_id":700,"order_id":27051,"order_status":"CANCELED"}
{"order_customer_id":10390,"order_id":27052,"order_status":"PROCESSING"}
{"order_customer_id":1610,"order_id":27053,"order_status":"ON_HOLD"}
{"order_customer_id":2683,"order_id":27054,"order_status":"CLOSED"}
{"order_customer_id":4438,"order_id":27055,"order_status":"PENDING_PAYMENT"}
{"order_customer_id":1083,"order_id":27056,"order_status":"COMPLETE"}
{"order_customer_id":5318,"order_id":27057,"order_status":"PENDING_PAYMENT"}
{"order_customer_id":7442,"order_id":27058,"order_status":"PENDING_PAYMENT"}
{"order_customer_id":12177,"order_id":27059,"order_status":"COMPLETE"}
{"order_customer_id":10233,"order_id":27060,"order_status":"PENDING_PAYMENT"}
{"order_customer_id":10371,"order_id":27061,"order_status":"COMPLETE"}
{"order_customer_id":4685,"order_id":27062,"order_status":"PENDING"}
{"order_customer_id":8639,"order_id":27063,"order_status":"PENDING_PAYMENT"}
{"order_customer_id":8014,"order_id":27064,"order_status":"PROCESSING"}
{"order_customer_id":4885,"order_id":27065,"order_status":"COMPLETE"}
{"order_customer_id":2994,"order_id":27066,"order_status":"CLOSED"}
{"order_customer_id":6561,"order_id":27067,"order_status":"PENDING_PAYMENT"}
{"order_customer_id":9010,"order_id":27068,"order_status":"SUSPECTED_FRAUD"}
{"order_customer_id":9820,"order_id":27069,"order_status":"PENDING"}
{"order_customer_id":3635,"order_id":27070,"order_status":"PENDING_PAYMENT"}
{"order_customer_id":3855,"order_id":27071,"order_status":"PENDING"}
{"order_customer_id":6345,"order_id":27072,"order_status":"COMPLETE"}
{"order_customer_id":687,"order_id":27073,"order_status":"PROCESSING"}
{"order_customer_id":182,"order_id":27074,"order_status":"PENDING"}
{"order_customer_id":12349,"order_id":27075,"order_status":"ON_HOLD"}
{"order_customer_id":12096,"order_id":27076,"order_status":"SUSPECTED_FRAUD"}
{"order_customer_id":6708,"order_id":27077,"order_status":"PENDING_PAYMENT"}
{"order_customer_id":6961,"order_id":27078,"order_status":"PENDING_PAYMENT"}
{"order_customer_id":11513,"order_id":27079,"order_status":"COMPLETE"}
{"order_customer_id":3315,"order_id":27080,"order_status":"CLOSED"}
{"order_customer_id":8725,"order_id":27081,"order_status":"PENDING"}
{"order_customer_id":10340,"order_id":27082,"order_status":"COMPLETE"}
{"order_customer_id":10253,"order_id":27083,"order_status":"PENDING"}
{"order_customer_id":2938,"order_id":27084,"order_status":"PENDING"}
{"order_customer_id":9847,"order_id":27085,"order_status":"PROCESSING"}
{"order_customer_id":5105,"order_id":27086,"order_status":"PROCESSING"}
{"order_customer_id":7287,"order_id":27087,"order_status":"PROCESSING"}
{"order_customer_id":1438,"order_id":27088,"order_status":"PENDING"}
{"order_customer_id":11478,"order_id":27089,"order_status":"COMPLETE"}
{"order_customer_id":434,"order_id":27090,"order_status":"COMPLETE"}
{"order_customer_id":11467,"order_id":27091,"order_status":"PENDING_PAYMENT"}
{"order_customer_id":15,"order_id":27092,"order_status":"COMPLETE"}
{"order_customer_id":3973,"order_id":27093,"order_status":"PENDING_PAYMENT"}
{"order_customer_id":1742,"order_id":27094,"order_status":"CLOSED"}
{"order_customer_id":3010,"order_id":27095,"order_status":"CLOSED"}
{"order_customer_id":929,"order_id":27096,"order_status":"PROCESSING"}
{"order_customer_id":4589,"order_id":27097,"order_status":"PENDING"}
{"order_customer_id":4356,"order_id":27098,"order_status":"PENDING_PAYMENT"}
{"order_customer_id":6489,"order_id":27099,"order_status":"PENDING_PAYMENT"}
{"order_customer_id":5121,"order_id":27100,"order_status":"COMPLETE"}
{"order_customer_id":11563,"order_id":27101,"order_status":"ON_HOLD"}
{"order_customer_id":4741,"order_id":27102,"order_status":"ON_HOLD"}
{"order_customer_id":12393,"order_id":27103,"order_status":"PROCESSING"}
{"order_customer_id":2873,"order_id":27104,"order_status":"PENDING_PAYMENT"}
{"order_customer_id":7974,"order_id":27105,"order_status":"PENDING"}
{"order_customer_id":8383,"order_id":27106,"order_status":"PENDING"}
{"order_customer_id":5366,"order_id":27107,"order_status":"ON_HOLD"}
{"order_customer_id":6935,"order_id":27108,"order_status":"PENDING_PAYMENT"}
{"order_customer_id":8312,"order_id":27109,"order_status":"COMPLETE"}
{"order_customer_id":11030,"order_id":27110,"order_status":"COMPLETE"}
{"order_customer_id":12424,"order_id":27111,"order_status":"PENDING"}
{"order_customer_id":9168,"order_id":27112,"order_status":"PROCESSING"}
{"order_customer_id":8043,"order_id":27113,"order_status":"CLOSED"}
{"order_customer_id":11530,"order_id":27114,"order_status":"PENDING_PAYMENT"}
{"order_customer_id":1818,"order_id":27115,"order_status":"COMPLETE"}
{"order_customer_id":3109,"order_id":27116,"order_status":"PROCESSING"}
{"order_customer_id":2479,"order_id":27117,"order_status":"PENDING_PAYMENT"}
{"order_customer_id":4528,"order_id":27118,"order_status":"ON_HOLD"}
{"order_customer_id":4794,"order_id":27119,"order_status":"COMPLETE"}
{"order_customer_id":6675,"order_id":27120,"order_status":"PENDING"}
{"order_customer_id":11983,"order_id":27121,"order_status":"PENDING"}
{"order_customer_id":2543,"order_id":27122,"order_status":"CLOSED"}
{"order_customer_id":10038,"order_id":27123,"order_status":"PENDING_PAYMENT"}
{"order_customer_id":881,"order_id":27124,"order_status":"PENDING_PAYMENT"}
{"order_customer_id":5189,"order_id":27125,"order_status":"COMPLETE"}
{"order_customer_id":2291,"order_id":27126,"order_status":"COMPLETE"}
{"order_customer_id":7982,"order_id":27127,"order_status":"COMPLETE"}
{"order_customer_id":1250,"order_id":27128,"order_status":"PENDING_PAYMENT"}
{"order_customer_id":887,"order_id":27129,"order_status":"PENDING"}
{"order_customer_id":9717,"order_id":27130,"order_status":"PENDING_PAYMENT"}
{"order_customer_id":89,"order_id":27131,"order_status":"PENDING_PAYMENT"}
{"order_customer_id":2365,"order_id":27132,"order_status":"ON_HOLD"}
{"order_customer_id":10361,"order_id":27133,"order_status":"COMPLETE"}
{"order_customer_id":9506,"order_id":27134,"order_status":"PROCESSING"}
{"order_customer_id":7417,"order_id":27135,"order_status":"PROCESSING"}
{"order_customer_id":11326,"order_id":27136,"order_status":"COMPLETE"}
{"order_customer_id":5341,"order_id":27137,"order_status":"PROCESSING"}
{"order_customer_id":6111,"order_id":27138,"order_status":"PROCESSING"}
{"order_customer_id":2362,"order_id":27139,"order_status":"PROCESSING"}
{"order_customer_id":4798,"order_id":27140,"order_status":"CLOSED"}
{"order_customer_id":7164,"order_id":27141,"order_status":"PENDING"}
{"order_customer_id":11660,"order_id":27142,"order_status":"COMPLETE"}
{"order_customer_id":10032,"order_id":27143,"order_status":"PENDING"}
{"order_customer_id":125,"order_id":27144,"order_status":"PENDING_PAYMENT"}
{"order_customer_id":6176,"order_id":62102,"order_status":"COMPLETE"}
{"order_customer_id":6253,"order_id":62103,"order_status":"COMPLETE"}
{"order_customer_id":11680,"order_id":62104,"order_status":"PENDING_PAYMENT"}
{"order_customer_id":5235,"order_id":62105,"order_status":"COMPLETE"}
{"order_customer_id":1898,"order_id":62106,"order_status":"PENDING"}
{"order_customer_id":10493,"order_id":62107,"order_status":"PENDING_PAYMENT"}
{"order_customer_id":9304,"order_id":62108,"order_status":"PENDING"}
{"order_customer_id":1346,"order_id":62109,"order_status":"PENDING_PAYMENT"}
{"order_customer_id":9901,"order_id":62110,"order_status":"COMPLETE"}
{"order_customer_id":8628,"order_id":62111,"order_status":"PAYMENT_REVIEW"}
{"order_customer_id":11915,"order_id":62112,"order_status":"CLOSED"}
{"order_customer_id":5762,"order_id":62113,"order_status":"COMPLETE"}
{"order_customer_id":9514,"order_id":62114,"order_status":"COMPLETE"}
{"order_customer_id":2676,"order_id":62115,"order_status":"PENDING"}
{"order_customer_id":1875,"order_id":62116,"order_status":"PENDING_PAYMENT"}
{"order_customer_id":5113,"order_id":62117,"order_status":"COMPLETE"}
{"order_customer_id":8565,"order_id":62118,"order_status":"COMPLETE"}
{"order_customer_id":2472,"order_id":62119,"order_status":"COMPLETE"}
{"order_customer_id":1160,"order_id":62120,"order_status":"PENDING_PAYMENT"}
{"order_customer_id":3163,"order_id":62121,"order_status":"ON_HOLD"}
{"order_customer_id":10583,"order_id":62122,"order_status":"COMPLETE"}
{"order_customer_id":221,"order_id":62123,"order_status":"PROCESSING"}
{"order_customer_id":7912,"order_id":62124,"order_status":"COMPLETE"}
{"order_customer_id":5859,"order_id":62125,"order_status":"COMPLETE"}
{"order_customer_id":11512,"order_id":62126,"order_status":"PROCESSING"}
{"order_customer_id":335,"order_id":62127,"order_status":"COMPLETE"}
{"order_customer_id":5481,"order_id":62128,"order_status":"COMPLETE"}
{"order_customer_id":1687,"order_id":62129,"order_status":"CLOSED"}
{"order_customer_id":3971,"order_id":62130,"order_status":"PROCESSING"}
{"order_customer_id":6995,"order_id":62131,"order_status":"COMPLETE"}
{"order_customer_id":7,"order_id":62132,"order_status":"ON_HOLD"}
{"order_customer_id":9332,"order_id":62133,"order_status":"PENDING_PAYMENT"}
{"order_customer_id":7089,"order_id":62134,"order_status":"PENDING"}
{"order_customer_id":7945,"order_id":62135,"order_status":"COMPLETE"}
{"order_customer_id":11703,"order_id":67993,"order_status":"PROCESSING"}
{"order_customer_id":12324,"order_id":67994,"order_status":"ON_HOLD"}
{"order_customer_id":5270,"order_id":67995,"order_status":"CLOSED"}
{"order_customer_id":10842,"order_id":67996,"order_status":"PENDING"}
{"order_customer_id":1512,"order_id":67997,"order_status":"COMPLETE"}
